numeroTelefono;creditoResiduo
+39320000002;31,05
+39320000004;39,74
+39320000006;9,44
+39320000008;151,76
+39320000010;164,60
+39320000012;95,27
+39320000014;5,33
+39320000016;205,63
+39320000018;227,56
+39320000020;212,42
+39320000022;88,16
+39320000024;244,62
+39320000026;110,04
+39320000028;148,29
+39320000030;68,79
+39320000032;201,08
+39320000034;115,73
+39320000036;6,44
+39320000038;216,60
+39320000040;152,31
+39320000042;23,35
+39320000044;1,09
+39320000046;32,01
+39320000048;166,08
+39320000050;35,01
+39320000052;189,52
+39320000054;213,58
+39320000056;31,58
+39320000058;75,24
+39320000060;195,44
+39320000062;141,65
+39320000064;227,39
+39320000066;74,33
+39320000068;177,20
+39320000070;228,81
+39320000072;110,87
+39320000074;150,00
+39320000076;146,73
+39320000078;235,29
+39320000080;67,72
+39320000082;82,38
+39320000084;81,85
+39320000086;207,47
+39320000088;214,51
+39320000090;39,20
+39320000092;214,89
+39320000094;191,17
+39320000096;109,15
+39320000098;212,99
+39320000100;88,76
+39320000102;126,11
+39320000104;217,71
+39320000106;161,63
+39320000108;104,70
+39320000110;195,86
+39320000112;180,95
+39320000114;226,32
+39320000116;10,25
+39320000118;234,22
+39320000120;143,80
+39320000122;181,68
+39320000124;82,09
+39320000126;65,45
+39320000128;113,37
+39320000130;168,80
+39320000132;3,72
+39320000134;190,55
+39320000136;138,60
+39320000138;184,86
+39320000140;211,33
+39320000142;127,61
+39320000144;163,60
+39320000146;101,81
+39320000148;10,27
+39320000150;6,69
+39320000152;148,91
+39320000154;86,67
+39320000156;150,33
+39320000158;92,07
+39320000160;127,08
+39320000162;214,70
+39320000164;189,16
+39320000166;166,01
+39320000168;109,66
+39320000170;75,01
+39320000172;156,90
+39320000174;67,88
+39320000176;218,47
+39320000178;70,97
+39320000180;29,37
+39320000182;128,58
+39320000184;212,88
+39320000186;203,06
+39320000188;120,63
+39320000190;153,92
+39320000192;123,36
+39320000194;71,26
+39320000196;223,18
+39320000198;245,82
+39320000200;208,03
+39320000202;172,00
+39320000204;115,46
+39320000206;230,51
+39320000208;109,09
+39320000210;49,37
+39320000212;85,23
+39320000214;164,75
+39320000216;29,35
+39320000218;91,00
+39320000220;85,88
+39320000222;232,53
+39320000224;107,73
+39320000226;156,02
+39320000228;93,90
+39320000230;195,56
+39320000232;122,70
+39320000234;120,67
+39320000236;49,34
+39320000238;235,48
+39320000240;237,11
+39320000242;156,90
+39320000244;25,80
+39320000246;204,78
+39320000248;84,75
+39320000250;84,10
+39320000252;197,58
+39320000254;88,91
+39320000256;221,93
+39320000258;230,91
+39320000260;239,55
+39320000262;248,03
+39320000264;53,67
+39320000266;198,58
+39320000268;120,91
+39320000270;103,69
+39320000272;140,12
+39320000274;89,03
+39320000276;75,38
+39320000278;22,91
+39320000280;104,34
+39320000282;12,70
+39320000284;19,86
+39320000286;92,64
+39320000288;170,12
+39320000290;80,27
+39320000292;23,37
+39320000294;144,77
+39320000296;57,88
+39320000298;139,00
+39320000300;194,61
+39320000302;170,41
+39320000304;217,59
+39320000306;169,99
+39320000308;130,88
+39320000310;245,83
+39320000312;87,57
+39320000314;6,11
+39320000316;8,35
+39320000318;197,51
+39320000320;49,23
+39320000322;23,21
+39320000324;210,30
+39320000326;10,93
+39320000328;71,26
+39320000330;152,77
+39320000332;171,49
+39320000334;176,90
+39320000336;108,36
+39320000338;146,86
+39320000340;227,41
+39320000342;167,28
+39320000344;135,84
+39320000346;111,89
+39320000348;235,91
+39320000350;139,90
+39320000352;52,81
+39320000354;70,83
+39320000356;129,93
+39320000358;193,23
+39320000360;101,05
+39320000362;220,17
+39320000364;184,79
+39320000366;58,15
+39320000368;174,84
+39320000370;73,49
+39320000372;108,74
+39320000374;69,52
+39320000376;204,04
+39320000378;68,70
+39320000380;64,41
+39320000382;139,70
+39320000384;191,25
+39320000386;149,82
+39320000388;101,62
+39320000390;148,47
+39320000392;81,82
+39320000394;170,77
+39320000396;118,59
+39320000398;68,16
+39320000400;42,19
+39320000402;131,62
+39320000404;22,08
+39320000406;96,01
+39320000408;54,31
+39320000410;154,15
+39320000412;62,33
+39320000414;82,57
+39320000416;100,84
+39320000418;36,04
+39320000420;69,79
+39320000422;156,65
+39320000424;189,75
+39320000426;234,69
+39320000428;67,07
+39320000430;97,15
+39320000432;166,92
+39320000434;15,97
+39320000436;165,32
+39320000438;45,52
+39320000440;144,13
+39320000442;60,75
+39320000444;157,54
+39320000446;34,10
+39320000448;140,05
+39320000450;46,43
+39320000452;56,64
+39320000454;57,60
+39320000456;139,50
+39320000458;13,31
+39320000460;168,87
+39320000462;50,94
+39320000464;122,98
+39320000466;176,71
+39320000468;240,92
+39320000470;125,36
+39320000472;232,06
+39320000474;81,96
+39320000476;171,62
+39320000478;168,94
+39320000480;165,65
+39320000482;204,86
+39320000484;206,42
+39320000486;125,60
+39320000488;169,25
+39320000490;221,67
+39320000492;16,78
+39320000494;229,14
+39320000496;187,15
+39320000498;106,09
+39320000500;63,86
+39320000502;65,99
+39320000504;228,87
+39320000506;116,72
+39320000508;102,77
+39320000510;240,53
+39320000512;48,22
+39320000514;199,91
+39320000516;10,58
+39320000518;37,73
+39320000520;127,53
+39320000522;62,52
+39320000524;24,94
+39320000526;34,32
+39320000528;81,45
+39320000530;143,61
+39320000532;242,75
+39320000534;167,67
+39320000536;5,43
+39320000538;102,21
+39320000540;25,32
+39320000542;79,15
+39320000544;79,88
+39320000546;21,90
+39320000548;247,22
+39320000550;208,24
+39320000552;140,66
+39320000554;224,76
+39320000556;177,55
+39320000558;46,54
+39320000560;167,90
+39320000562;179,17
+39320000564;32,21
+39320000566;136,99
+39320000568;100,55
+39320000570;153,90
+39320000572;184,17
+39320000574;10,80
+39320000576;37,78
+39320000578;20,38
+39320000580;87,39
+39320000582;194,63
+39320000584;145,09
+39320000586;90,46
+39320000588;5,23
+39320000590;118,27
+39320000592;45,05
+39320000594;155,11
+39320000596;239,37
+39320000598;53,89
+39320000600;205,41
+39320000602;78,03
+39320000604;156,88
+39320000606;182,89
+39320000608;91,57
+39320000610;10,04
+39320000612;2,71
+39320000614;224,28
+39320000616;27,18
+39320000618;146,92
+39320000620;84,79
+39320000622;205,78
+39320000624;70,63
+39320000626;59,80
+39320000628;10,93
+39320000630;20,67
+39320000632;110,87
+39320000634;199,96
+39320000636;103,44
+39320000638;87,85
+39320000640;43,88
+39320000642;100,43
+39320000644;242,01
+39320000646;127,55
+39320000648;190,71
+39320000650;113,42
+39320000652;84,59
+39320000654;114,23
+39320000656;223,56
+39320000658;60,49
+39320000660;222,91
+39320000662;35,99
+39320000664;78,52
+39320000666;1,93
+39320000668;225,86
+39320000670;230,83
+39320000672;121,86
+39320000674;144,76
+39320000676;115,59
+39320000678;193,15
+39320000680;20,81
+39320000682;22,83
+39320000684;113,41
+39320000686;149,71
+39320000688;242,96
+39320000690;199,86
+39320000692;143,59
+39320000694;190,06
+39320000696;4,17
+39320000698;68,16
+39320000700;183,52
+39320000702;79,92
+39320000704;217,72
+39320000706;82,71
+39320000708;224,10
+39320000710;74,20
+39320000712;215,17
+39320000714;132,00
+39320000716;36,98
+39320000718;98,99
+39320000720;103,07
+39320000722;196,03
+39320000724;232,21
+39320000726;184,80
+39320000728;6,14
+39320000730;8,63
+39320000732;214,05
+39320000734;226,48
+39320000736;177,52
+39320000738;126,11
+39320000740;24,63
+39320000742;55,34
+39320000744;97,84
+39320000746;180,85
+39320000748;245,13
+39320000750;190,99
+39320000752;78,93
+39320000754;193,06
+39320000756;75,66
+39320000758;175,14
+39320000760;0,72
+39320000762;224,93
+39320000764;101,41
+39320000766;58,32
+39320000768;8,25
+39320000770;36,68
+39320000772;2,68
+39320000774;110,21
+39320000776;204,73
+39320000778;175,94
+39320000780;42,40
+39320000782;208,67
+39320000784;215,65
+39320000786;204,94
+39320000788;23,13
+39320000790;210,14
+39320000792;93,53
+39320000794;27,11
+39320000796;151,28
+39320000798;9,20
+39320000800;23,60
+39320000802;241,97
+39320000804;59,74
+39320000806;17,30
+39320000808;171,41
+39320000810;90,77
+39320000812;20,99
+39320000814;151,64
+39320000816;47,30
+39320000818;162,62
+39320000820;147,21
+39320000822;71,88
+39320000824;6,98
+39320000826;178,35
+39320000828;180,67
+39320000830;96,43
+39320000832;179,34
+39320000834;74,00
+39320000836;207,01
+39320000838;142,73
+39320000840;116,77
+39320000842;124,37
+39320000844;216,25
+39320000846;144,14
+39320000848;44,98
+39320000850;117,24
+39320000852;80,08
+39320000854;163,14
+39320000856;45,57
+39320000858;145,24
+39320000860;102,67
+39320000862;244,55
+39320000864;164,41
+39320000866;30,32
+39320000868;128,13
+39320000870;184,88
+39320000872;247,46
+39320000874;109,00
+39320000876;146,91
+39320000878;147,39
+39320000880;0,87
+39320000882;16,81
+39320000884;12,24
+39320000886;248,67
+39320000888;172,57
+39320000890;42,02
+39320000892;86,18
+39320000894;166,74
+39320000896;115,46
+39320000898;212,78
+39320000900;21,16
+39320000902;147,17
+39320000904;174,42
+39320000906;32,36
+39320000908;26,30
+39320000910;106,70
+39320000912;193,23
+39320000914;227,19
+39320000916;108,50
+39320000918;112,40
+39320000920;79,48
+39320000922;90,50
+39320000924;199,54
+39320000926;28,02
+39320000928;204,36
+39320000930;9,23
+39320000932;242,73
+39320000934;100,32
+39320000936;208,48
+39320000938;114,89
+39320000940;182,65
+39320000942;152,45
+39320000944;11,22
+39320000946;89,23
+39320000948;116,74
+39320000950;219,82
+39320000952;131,24
+39320000954;118,22
+39320000956;135,33
+39320000958;32,68
+39320000960;122,52
+39320000962;65,54
+39320000964;235,97
+39320000966;124,78
+39320000968;59,69
+39320000970;232,13
+39320000972;169,52
+39320000974;163,65
+39320000976;54,04
+39320000978;93,21
+39320000980;144,67
+39320000982;187,93
+39320000984;87,67
+39320000986;210,59
+39320000988;50,04
+39320000990;94,99
+39320000992;106,45
+39320000994;30,77
+39320000996;202,46
+39320000998;144,33
+39320001000;105,06
+39320001002;143,80
+39320001004;92,39
+39320001006;9,39
+39320001008;19,08
+39320001010;119,60
+39320001012;9,90
+39320001014;98,33
+39320001016;128,90
+39320001018;195,73
+39320001020;58,04
+39320001022;210,78
+39320001024;105,88
+39320001026;13,32
+39320001028;168,88
+39320001030;239,03
+39320001032;120,01
+39320001034;28,43
+39320001036;39,41
+39320001038;213,62
+39320001040;49,24
+39320001042;30,56
+39320001044;142,65
+39320001046;200,16
+39320001048;144,75
+39320001050;110,12
+39320001052;127,67
+39320001054;226,42
+39320001056;198,30
+39320001058;162,76
+39320001060;180,31
+39320001062;93,38
+39320001064;162,09
+39320001066;81,41
+39320001068;173,18
+39320001070;181,19
+39320001072;19,72
+39320001074;50,96
+39320001076;167,33
+39320001078;75,45
+39320001080;51,60
+39320001082;125,73
+39320001084;19,12
+39320001086;82,61
+39320001088;7,91
+39320001090;35,18
+39320001092;39,48
+39320001094;67,92
+39320001096;183,27
+39320001098;95,13
+39320001100;213,66
+39320001102;160,91
+39320001104;46,61
+39320001106;64,15
+39320001108;144,15
+39320001110;133,96
+39320001112;244,12
+39320001114;134,28
+39320001116;4,14
+39320001118;189,75
+39320001120;193,50
+39320001122;160,80
+39320001124;66,51
+39320001126;15,11
+39320001128;16,86
+39320001130;36,48
+39320001132;194,88
+39320001134;118,49
+39320001136;48,24
+39320001138;210,37
+39320001140;28,68
+39320001142;26,70
+39320001144;199,92
+39320001146;136,42
+39320001148;153,74
+39320001150;223,41
+39320001152;160,38
+39320001154;239,85
+39320001156;146,56
+39320001158;112,07
+39320001160;52,53
+39320001162;199,14
+39320001164;19,39
+39320001166;81,24
+39320001168;9,40
+39320001170;74,89
+39320001172;98,91
+39320001174;23,13
+39320001176;71,57
+39320001178;40,34
+39320001180;75,47
+39320001182;227,15
+39320001184;104,06
+39320001186;0,81
+39320001188;240,38
+39320001190;85,42
+39320001192;198,26
+39320001194;177,30
+39320001196;36,02
+39320001198;142,40
+39320001200;122,55
+39320001202;187,69
+39320001204;166,60
+39320001206;69,05
+39320001208;228,27
+39320001210;231,48
+39320001212;118,07
+39320001214;180,19
+39320001216;104,28
+39320001218;231,58
+39320001220;213,31
+39320001222;12,87
+39320001224;248,80
+39320001226;27,09
+39320001228;84,32
+39320001230;64,94
+39320001232;185,05
+39320001234;228,16
+39320001236;72,77
+39320001238;121,90
+39320001240;16,84
+39320001242;10,40
+39320001244;84,36
+39320001246;166,11
+39320001248;132,20
+39320001250;67,45
+39320001252;54,58
+39320001254;108,69
+39320001256;182,70
+39320001258;35,12
+39320001260;245,13
+39320001262;200,03
+39320001264;82,18
+39320001266;174,16
+39320001268;137,98
+39320001270;161,70
+39320001272;166,75
+39320001274;118,36
+39320001276;141,45
+39320001278;82,30
+39320001280;148,16
+39320001282;21,41
+39320001284;215,70
+39320001286;171,39
+39320001288;70,79
+39320001290;145,72
+39320001292;67,58
+39320001294;72,55
+39320001296;1,71
+39320001298;54,10
+39320001300;240,37
+39320001302;175,82
+39320001304;145,27
+39320001306;30,25
+39320001308;103,05
+39320001310;1,43
+39320001312;207,21
+39320001314;7,63
+39320001316;75,49
+39320001318;38,04
+39320001320;225,54
+39320001322;75,68
+39320001324;108,96
+39320001326;128,37
+39320001328;97,75
+39320001330;156,06
+39320001332;18,53
+39320001334;36,72
+39320001336;234,87
+39320001338;31,16
+39320001340;96,40
+39320001342;81,74
+39320001344;237,91
+39320001346;78,04
+39320001348;173,46
+39320001350;30,94
+39320001352;47,85
+39320001354;179,83
+39320001356;163,66
+39320001358;24,59
+39320001360;129,35
+39320001362;54,43
+39320001364;100,66
+39320001366;191,88
+39320001368;72,45
+39320001370;62,68
+39320001372;243,21
+39320001374;31,35
+39320001376;219,18
+39320001378;98,63
+39320001380;119,15
+39320001382;157,43
+39320001384;2,51
+39320001386;78,28
+39320001388;39,73
+39320001390;105,98
+39320001392;203,39
+39320001394;96,22
+39320001396;193,19
+39320001398;229,68
+39320001400;162,95
+39320001402;233,41
+39320001404;147,51
+39320001406;123,37
+39320001408;227,48
+39320001410;177,08
+39320001412;75,60
+39320001414;175,20
+39320001416;121,70
+39320001418;18,76
+39320001420;162,57
+39320001422;198,37
+39320001424;12,94
+39320001426;208,14
+39320001428;8,95
+39320001430;213,62
+39320001432;171,98
+39320001434;178,67
+39320001436;241,63
+39320001438;70,91
+39320001440;201,08
+39320001442;86,17
+39320001444;108,07
+39320001446;221,34
+39320001448;186,24
+39320001450;247,20
+39320001452;167,73
+39320001454;44,47
+39320001456;188,11
+39320001458;178,33
+39320001460;137,73
+39320001462;46,32
+39320001464;164,39
+39320001466;42,31
+39320001468;144,14
+39320001470;162,03
+39320001472;156,64
+39320001474;137,32
+39320001476;128,99
+39320001478;221,16
+39320001480;68,55
+39320001482;219,10
+39320001484;225,95
+39320001486;193,32
+39320001488;19,77
+39320001490;150,52
+39320001492;58,82
+39320001494;181,37
+39320001496;144,65
+39320001498;168,62
+39320001500;47,79
+39320001502;78,12
+39320001504;179,98
+39320001506;1,71
+39320001508;245,85
+39320001510;0,82
+39320001512;93,74
+39320001514;139,65
+39320001516;141,59
+39320001518;144,47
+39320001520;198,09
+39320001522;49,45
+39320001524;114,02
+39320001526;104,04
+39320001528;31,31
+39320001530;59,42
+39320001532;202,97
+39320001534;89,60
+39320001536;195,29
+39320001538;138,11
+39320001540;69,48
+39320001542;40,72
+39320001544;145,67
+39320001546;25,21
+39320001548;177,00
+39320001550;153,08
+39320001552;73,54
+39320001554;103,37
+39320001556;172,19
+39320001558;230,18
+39320001560;230,96
+39320001562;6,48
+39320001564;124,47
+39320001566;26,81
+39320001568;244,33
+39320001570;57,34
+39320001572;183,53
+39320001574;235,70
+39320001576;183,49
+39320001578;16,22
+39320001580;124,16
+39320001582;35,17
+39320001584;33,58
+39320001586;121,72
+39320001588;196,71
+39320001590;217,09
+39320001592;248,26
+39320001594;220,88
+39320001596;43,12
+39320001598;206,38
+39320001600;34,98
+39320001602;110,34
+39320001604;204,00
+39320001606;181,37
+39320001608;88,33
+39320001610;168,69
+39320001612;212,90
+39320001614;219,33
+39320001616;17,65
+39320001618;110,31
+39320001620;237,00
+39320001622;61,04
+39320001624;222,79
+39320001626;17,58
+39320001628;151,58
+39320001630;59,65
+39320001632;224,42
+39320001634;125,97
+39320001636;243,50
+39320001638;204,10
+39320001640;191,71
+39320001642;222,16
+39320001644;207,63
+39320001646;58,72
+39320001648;23,88
+39320001650;60,86
+39320001652;74,46
+39320001654;178,82
+39320001656;9,36
+39320001658;32,25
+39320001660;38,27
+39320001662;176,61
+39320001664;135,99
+39320001666;11,39
+39320001668;65,45
+39320001670;15,67
+39320001672;137,54
+39320001674;111,40
+39320001676;47,89
+39320001678;70,39
+39320001680;143,49
+39320001682;52,41
+39320001684;240,66
+39320001686;46,93
+39320001688;166,07
+39320001690;53,26
+39320001692;76,70
+39320001694;26,12
+39320001696;90,31
+39320001698;201,20
+39320001700;210,86
+39320001702;16,41
+39320001704;73,07
+39320001706;30,49
+39320001708;91,60
+39320001710;142,81
+39320001712;11,83
+39320001714;189,96
+39320001716;171,16
+39320001718;169,75
+39320001720;240,02
+39320001722;188,76
+39320001724;116,06
+39320001726;21,27
+39320001728;198,73
+39320001730;177,69
+39320001732;222,81
+39320001734;235,24
+39320001736;124,20
+39320001738;226,56
+39320001740;122,78
+39320001742;183,89
+39320001744;216,19
+39320001746;125,03
+39320001748;164,07
+39320001750;197,46
+39320001752;134,26
+39320001754;242,74
+39320001756;153,68
+39320001758;158,97
+39320001760;10,43
+39320001762;119,14
+39320001764;68,73
+39320001766;146,73
+39320001768;85,40
+39320001770;102,47
+39320001772;202,12
+39320001774;161,30
+39320001776;207,07
+39320001778;70,14
+39320001780;138,88
+39320001782;7,66
+39320001784;164,33
+39320001786;181,98
+39320001788;61,99
+39320001790;198,84
+39320001792;219,09
+39320001794;127,50
+39320001796;48,18
+39320001798;26,51
+39320001800;159,39
+39320001802;165,42
+39320001804;35,05
+39320001806;225,13
+39320001808;150,24
+39320001810;145,88
+39320001812;20,29
+39320001814;79,05
+39320001816;235,79
+39320001818;129,14
+39320001820;224,10
+39320001822;35,07
+39320001824;184,72
+39320001826;18,68
+39320001828;49,30
+39320001830;164,18
+39320001832;13,79
+39320001834;89,76
+39320001836;87,06
+39320001838;188,94
+39320001840;79,90
+39320001842;234,24
+39320001844;112,54
+39320001846;177,05
+39320001848;103,29
+39320001850;174,64
+39320001852;218,63
+39320001854;243,01
+39320001856;231,78
+39320001858;161,09
+39320001860;33,86
+39320001862;190,57
+39320001864;185,07
+39320001866;194,91
+39320001868;166,52
+39320001870;5,42
+39320001872;77,59
+39320001874;246,79
+39320001876;73,76
+39320001878;172,02
+39320001880;167,17
+39320001882;173,21
+39320001884;23,69
+39320001886;238,14
+39320001888;137,99
+39320001890;120,87
+39320001892;104,61
+39320001894;37,23
+39320001896;31,52
+39320001898;75,15
+39320001900;14,82
+39320001902;140,74
+39320001904;117,50
+39320001906;201,30
+39320001908;125,52
+39320001910;194,65
+39320001912;60,55
+39320001914;115,81
+39320001916;173,23
+39320001918;73,44
+39320001920;115,90
+39320001922;76,99
+39320001924;164,85
+39320001926;141,57
+39320001928;218,72
+39320001930;223,04
+39320001932;202,82
+39320001934;14,96
+39320001936;159,77
+39320001938;65,20
+39320001940;128,36
+39320001942;200,70
+39320001944;156,08
+39320001946;233,37
+39320001948;35,68
+39320001950;210,37
+39320001952;70,91
+39320001954;70,63
+39320001956;30,30
+39320001958;47,91
+39320001960;127,91
+39320001962;61,27
+39320001964;20,93
+39320001966;230,58
+39320001968;94,74
+39320001970;24,22
+39320001972;41,51
+39320001974;148,67
+39320001976;14,22
+39320001978;67,81
+39320001980;67,70
+39320001982;210,72
+39320001984;222,07
+39320001986;117,25
+39320001988;243,13
+39320001990;82,65
+39320001992;34,52
+39320001994;218,83
+39320001996;38,71
+39320001998;18,26
+39320002000;64,46
+39320002002;16,62
+39320002004;208,99
+39320002006;160,02
+39320002008;94,80
+39320002010;25,62
+39320002012;162,40
+39320002014;13,19
+39320002016;90,12
+39320002018;44,13
+39320002020;77,32
+39320002022;161,68
+39320002024;196,04
+39320002026;163,50
+39320002028;187,07
+39320002030;204,08
+39320002032;66,38
+39320002034;78,99
+39320002036;29,98
+39320002038;27,17
+39320002040;78,17
+39320002042;142,72
+39320002044;77,77
+39320002046;103,27
+39320002048;21,32
+39320002050;212,75
+39320002052;78,65
+39320002054;190,80
+39320002056;133,83
+39320002058;100,37
+39320002060;179,96
+39320002062;92,19
+39320002064;26,62
+39320002066;145,13
+39320002068;77,74
+39320002070;45,74
+39320002072;33,39
+39320002074;138,79
+39320002076;57,50
+39320002078;127,79
+39320002080;51,56
+39320002082;184,20
+39320002084;83,31
+39320002086;42,85
+39320002088;7,56
+39320002090;231,51
+39320002092;79,04
+39320002094;179,02
+39320002096;22,01
+39320002098;220,63
+39320002100;205,32
+39320002102;90,18
+39320002104;228,02
+39320002106;45,21
+39320002108;175,31
+39320002110;122,16
+39320002112;71,32
+39320002114;141,37
+39320002116;198,58
+39320002118;8,48
+39320002120;70,58
+39320002122;12,20
+39320002124;96,63
+39320002126;218,45
+39320002128;97,54
+39320002130;108,60
+39320002132;114,37
+39320002134;200,58
+39320002136;115,66
+39320002138;196,29
+39320002140;87,91
+39320002142;216,34
+39320002144;201,12
+39320002146;145,70
+39320002148;30,32
+39320002150;6,09
+39320002152;214,93
+39320002154;202,46
+39320002156;182,78
+39320002158;108,77
+39320002160;188,92
+39320002162;143,38
+39320002164;213,61
+39320002166;35,33
+39320002168;185,79
+39320002170;7,77
+39320002172;35,83
+39320002174;90,14
+39320002176;176,67
+39320002178;50,32
+39320002180;98,56
+39320002182;54,40
+39320002184;14,68
+39320002186;187,38
+39320002188;194,25
+39320002190;61,63
+39320002192;149,37
+39320002194;64,66
+39320002196;234,46
+39320002198;139,20
+39320002200;38,82
+39320002202;106,84
+39320002204;147,88
+39320002206;142,48
+39320002208;65,64
+39320002210;151,12
+39320002212;177,81
+39320002214;210,68
+39320002216;218,96
+39320002218;112,16
+39320002220;181,41
+39320002222;177,41
+39320002224;170,26
+39320002226;200,26
+39320002228;182,34
+39320002230;57,15
+39320002232;232,94
+39320002234;225,56
+39320002236;53,32
+39320002238;98,53
+39320002240;228,56
+39320002242;96,87
+39320002244;102,16
+39320002246;177,62
+39320002248;69,19
+39320002250;69,54
+39320002252;84,09
+39320002254;24,82
+39320002256;138,11
+39320002258;126,16
+39320002260;241,21
+39320002262;1,64
+39320002264;176,84
+39320002266;132,97
+39320002268;40,48
+39320002270;193,74
+39320002272;169,79
+39320002274;146,92
+39320002276;198,29
+39320002278;244,33
+39320002280;110,59
+39320002282;122,59
+39320002284;45,64
+39320002286;52,55
+39320002288;66,25
+39320002290;204,98
+39320002292;48,38
+39320002294;178,86
+39320002296;240,85
+39320002298;104,56
+39320002300;46,78
+39320002302;29,92
+39320002304;34,49
+39320002306;122,43
+39320002308;16,93
+39320002310;223,51
+39320002312;62,85
+39320002314;130,48
+39320002316;166,62
+39320002318;242,81
+39320002320;54,14
+39320002322;17,07
+39320002324;119,10
+39320002326;242,40
+39320002328;45,38
+39320002330;141,95
+39320002332;16,37
+39320002334;55,50
+39320002336;202,47
+39320002338;12,93
+39320002340;52,40
+39320002342;116,77
+39320002344;26,36
+39320002346;153,08
+39320002348;222,27
+39320002350;235,34
+39320002352;129,30
+39320002354;223,43
+39320002356;171,09
+39320002358;167,46
+39320002360;151,63
+39320002362;6,70
+39320002364;102,99
+39320002366;4,63
+39320002368;14,70
+39320002370;43,21
+39320002372;163,80
+39320002374;21,35
+39320002376;235,94
+39320002378;130,61
+39320002380;86,79
+39320002382;149,05
+39320002384;174,92
+39320002386;103,38
+39320002388;32,85
+39320002390;18,85
+39320002392;202,67
+39320002394;129,02
+39320002396;236,52
+39320002398;115,06
+39320002400;197,39
+39320002402;49,43
+39320002404;3,44
+39320002406;131,44
+39320002408;198,59
+39320002410;221,50
+39320002412;234,74
+39320002414;84,06
+39320002416;238,69
+39320002418;30,44
+39320002420;233,19
+39320002422;110,93
+39320002424;136,56
+39320002426;162,41
+39320002428;175,17
+39320002430;81,14
+39320002432;135,30
+39320002434;146,93
+39320002436;188,26
+39320002438;83,81
+39320002440;154,65
+39320002442;43,99
+39320002444;97,71
+39320002446;72,82
+39320002448;31,98
+39320002450;125,43
+39320002452;26,10
+39320002454;72,01
+39320002456;33,58
+39320002458;198,31
+39320002460;162,83
+39320002462;191,36
+39320002464;228,33
+39320002466;238,61
+39320002468;226,67
+39320002470;26,51
+39320002472;65,20
+39320002474;232,27
+39320002476;217,45
+39320002478;226,06
+39320002480;106,44
+39320002482;188,04
+39320002484;112,28
+39320002486;110,40
+39320002488;139,94
+39320002490;104,87
+39320002492;183,94
+39320002494;224,59
+39320002496;133,22
+39320002498;67,68
+39320002500;239,43
+39320002502;13,65
+39320002504;202,76
+39320002506;114,43
+39320002508;244,58
+39320002510;237,40
+39320002512;111,90
+39320002514;163,28
+39320002516;134,49
+39320002518;54,16
+39320002520;13,10
+39320002522;69,68
+39320002524;219,70
+39320002526;107,79
+39320002528;89,09
+39320002530;149,41
+39320002532;231,58
+39320002534;245,54
+39320002536;136,65
+39320002538;110,10
+39320002540;9,82
+39320002542;147,30
+39320002544;86,14
+39320002546;209,50
+39320002548;98,48
+39320002550;44,61
+39320002552;224,98
+39320002554;34,89
+39320002556;208,42
+39320002558;167,06
+39320002560;39,76
+39320002562;240,97
+39320002564;29,45
+39320002566;97,35
+39320002568;247,56
+39320002570;38,57
+39320002572;1,21
+39320002574;195,11
+39320002576;164,93
+39320002578;87,23
+39320002580;28,78
+39320002582;35,47
+39320002584;45,41
+39320002586;95,16
+39320002588;145,08
+39320002590;213,52
+39320002592;229,22
+39320002594;53,21
+39320002596;151,44
+39320002598;238,43
+39320002600;50,55
+39320002602;18,29
+39320002604;205,45
+39320002606;84,59
+39320002608;31,25
+39320002610;80,79
+39320002612;234,05
+39320002614;154,13
+39320002616;150,52
+39320002618;216,44
+39320002620;204,09
+39320002622;184,09
+39320002624;106,55
+39320002626;124,68
+39320002628;24,83
+39320002630;196,79
+39320002632;217,97
+39320002634;248,22
+39320002636;183,31
+39320002638;182,39
+39320002640;122,05
+39320002642;222,93
+39320002644;49,24
+39320002646;109,42
+39320002648;182,05
+39320002650;59,59
+39320002652;114,61
+39320002654;218,75
+39320002656;223,01
+39320002658;122,45
+39320002660;208,11
+39320002662;63,74
+39320002664;208,34
+39320002666;107,27
+39320002668;37,31
+39320002670;181,11
+39320002672;16,77
+39320002674;122,26
+39320002676;220,59
+39320002678;15,88
+39320002680;181,45
+39320002682;125,78
+39320002684;43,28
+39320002686;177,20
+39320002688;142,99
+39320002690;158,25
+39320002692;51,24
+39320002694;144,06
+39320002696;208,62
+39320002698;224,26
+39320002700;30,67
+39320002702;196,37
+39320002704;115,26
+39320002706;52,91
+39320002708;165,45
+39320002710;72,37
+39320002712;237,02
+39320002714;230,75
+39320002716;104,98
+39320002718;17,77
+39320002720;66,48
+39320002722;162,48
+39320002724;97,65
+39320002726;78,91
+39320002728;147,27
+39320002730;144,18
+39320002732;100,47
+39320002734;92,65
+39320002736;100,17
+39320002738;236,53
+39320002740;233,05
+39320002742;179,89
+39320002744;100,22
+39320002746;120,16
+39320002748;11,72
+39320002750;31,43
+39320002752;167,80
+39320002754;212,47
+39320002756;146,53
+39320002758;82,38
+39320002760;231,64
+39320002762;122,75
+39320002764;71,88
+39320002766;134,32
+39320002768;132,30
+39320002770;139,58
+39320002772;249,02
+39320002774;90,15
+39320002776;35,44
+39320002778;107,78
+39320002780;174,96
+39320002782;173,09
+39320002784;222,60
+39320002786;148,73
+39320002788;116,85
+39320002790;58,04
+39320002792;107,95
+39320002794;68,91
+39320002796;94,98
+39320002798;34,92
+39320002800;215,21
+39320002802;50,54
+39320002804;61,44
+39320002806;64,24
+39320002808;48,50
+39320002810;174,07
+39320002812;205,19
+39320002814;60,45
+39320002816;224,21
+39320002818;230,45
+39320002820;65,71
+39320002822;100,12
+39320002824;125,44
+39320002826;85,78
+39320002828;79,95
+39320002830;174,13
+39320002832;38,37
+39320002834;26,09
+39320002836;69,12
+39320002838;152,15
+39320002840;86,61
+39320002842;238,42
+39320002844;79,35
+39320002846;239,41
+39320002848;49,93
+39320002850;114,07
+39320002852;164,18
+39320002854;87,27
+39320002856;238,81
+39320002858;108,01
+39320002860;164,26
+39320002862;201,97
+39320002864;178,01
+39320002866;88,85
+39320002868;109,34
+39320002870;17,07
+39320002872;133,47
+39320002874;81,76
+39320002876;96,77
+39320002878;173,13
+39320002880;153,68
+39320002882;248,30
+39320002884;32,23
+39320002886;233,57
+39320002888;158,46
+39320002890;175,92
+39320002892;147,98
+39320002894;200,43
+39320002896;233,96
+39320002898;34,35
+39320002900;215,00
+39320002902;121,31
+39320002904;114,39
+39320002906;120,35
+39320002908;209,61
+39320002910;22,61
+39320002912;32,78
+39320002914;203,30
+39320002916;189,75
+39320002918;196,66
+39320002920;78,20
+39320002922;185,30
+39320002924;209,17
+39320002926;135,01
+39320002928;113,55
+39320002930;228,78
+39320002932;193,96
+39320002934;159,24
+39320002936;10,37
+39320002938;224,76
+39320002940;199,13
+39320002942;206,56
+39320002944;67,67
+39320002946;45,72
+39320002948;23,46
+39320002950;106,26
+39320002952;158,04
+39320002954;150,41
+39320002956;88,20
+39320002958;38,91
+39320002960;182,95
+39320002962;32,06
+39320002964;168,40
+39320002966;238,60
+39320002968;58,75
+39320002970;123,63
+39320002972;236,10
+39320002974;189,18
+39320002976;16,39
+39320002978;223,49
+39320002980;35,29
+39320002982;132,30
+39320002984;188,26
+39320002986;12,32
+39320002988;92,27
+39320002990;53,09
+39320002992;235,42
+39320002994;13,53
+39320002996;159,91
+39320002998;152,03
+39320003000;6,11
+39320003002;67,46
+39320003004;231,97
+39320003006;21,51
+39320003008;3,01
+39320003010;24,05
+39320003012;43,47
+39320003014;82,14
+39320003016;60,38
+39320003018;189,12
+39320003020;118,68
+39320003022;55,15
+39320003024;88,65
+39320003026;110,21
+39320003028;109,39
+39320003030;89,24
+39320003032;84,39
+39320003034;139,35
+39320003036;72,03
+39320003038;44,93
+39320003040;101,57
+39320003042;84,90
+39320003044;61,77
+39320003046;199,66
+39320003048;186,24
+39320003050;151,80
+39320003052;115,67
+39320003054;208,07
+39320003056;86,44
+39320003058;24,56
+39320003060;207,63
+39320003062;159,15
+39320003064;12,63
+39320003066;118,14
+39320003068;243,11
+39320003070;221,33
+39320003072;45,23
+39320003074;203,09
+39320003076;47,24
+39320003078;221,14
+39320003080;17,47
+39320003082;150,76
+39320003084;216,14
+39320003086;112,48
+39320003088;172,16
+39320003090;37,01
+39320003092;86,66
+39320003094;141,84
+39320003096;78,76
+39320003098;230,02
+39320003100;200,51
+39320003102;197,44
+39320003104;105,36
+39320003106;46,74
+39320003108;8,40
+39320003110;97,90
+39320003112;180,41
+39320003114;149,51
+39320003116;0,96
+39320003118;208,54
+39320003120;98,47
+39320003122;98,07
+39320003124;62,75
+39320003126;187,19
+39320003128;202,09
+39320003130;147,06
+39320003132;36,84
+39320003134;190,04
+39320003136;1,86
+39320003138;115,85
+39320003140;41,29
+39320003142;99,49
+39320003144;59,74
+39320003146;115,45
+39320003148;211,79
+39320003150;225,61
+39320003152;230,44
+39320003154;167,16
+39320003156;14,09
+39320003158;47,09
+39320003160;54,51
+39320003162;10,90
+39320003164;224,88
+39320003166;105,75
+39320003168;243,87
+39320003170;128,62
+39320003172;161,35
+39320003174;232,96
+39320003176;70,92
+39320003178;137,88
+39320003180;119,86
+39320003182;164,52
+39320003184;163,56
+39320003186;72,32
+39320003188;159,43
+39320003190;45,95
+39320003192;205,01
+39320003194;162,13
+39320003196;103,28
+39320003198;71,26
+39320003200;83,55
+39320003202;183,71
+39320003204;30,27
+39320003206;123,77
+39320003208;243,22
+39320003210;204,41
+39320003212;91,61
+39320003214;210,78
+39320003216;98,97
+39320003218;96,65
+39320003220;204,25
+39320003222;228,28
+39320003224;81,80
+39320003226;3,15
+39320003228;230,39
+39320003230;176,33
+39320003232;185,99
+39320003234;45,58
+39320003236;184,19
+39320003238;64,07
+39320003240;22,07
+39320003242;39,94
+39320003244;81,52
+39320003246;66,39
+39320003248;119,99
+39320003250;158,47
+39320003252;49,49
+39320003254;32,62
+39320003256;99,12
+39320003258;68,25
+39320003260;35,98
+39320003262;76,72
+39320003264;46,22
+39320003266;11,56
+39320003268;55,17
+39320003270;38,81
+39320003272;139,89
+39320003274;4,04
+39320003276;90,43
+39320003278;77,85
+39320003280;47,55
+39320003282;41,55
+39320003284;92,32
+39320003286;179,07
+39320003288;166,76
+39320003290;141,94
+39320003292;139,25
+39320003294;115,22
+39320003296;169,22
+39320003298;147,91
+39320003300;49,53
+39320003302;230,29
+39320003304;134,62
+39320003306;164,81
+39320003308;73,51
+39320003310;100,72
+39320003312;155,93
+39320003314;237,72
+39320003316;126,44
+39320003318;75,86
+39320003320;245,14
+39320003322;151,89
+39320003324;140,50
+39320003326;232,32
+39320003328;170,00
+39320003330;158,45
+39320003332;129,51
+39320003334;39,69
+39320003336;185,85
+39320003338;4,10
+39320003340;83,85
+39320003342;83,55
+39320003344;106,79
+39320003346;119,18
+39320003348;94,25
+39320003350;187,70
+39320003352;52,68
+39320003354;81,85
+39320003356;121,96
+39320003358;236,37
+39320003360;206,98
+39320003362;230,45
+39320003364;151,43
+39320003366;118,39
+39320003368;181,91
+39320003370;116,88
+39320003372;195,24
+39320003374;60,24
+39320003376;62,85
+39320003378;104,05
+39320003380;11,49
+39320003382;234,34
+39320003384;149,87
+39320003386;21,73
+39320003388;245,08
+39320003390;98,96
+39320003392;203,44
+39320003394;189,44
+39320003396;173,85
+39320003398;235,66
+39320003400;241,74
+39320003402;242,97
+39320003404;223,53
+39320003406;222,37
+39320003408;170,05
+39320003410;168,96
+39320003412;90,06
+39320003414;239,27
+39320003416;176,82
+39320003418;200,00
+39320003420;166,81
+39320003422;11,76
+39320003424;243,75
+39320003426;173,85
+39320003428;217,21
+39320003430;61,89
+39320003432;30,33
+39320003434;185,30
+39320003436;117,23
+39320003438;17,03
+39320003440;161,35
+39320003442;123,49
+39320003444;150,62
+39320003446;157,91
+39320003448;137,76
+39320003450;22,76
+39320003452;219,16
+39320003454;232,59
+39320003456;19,19
+39320003458;23,95
+39320003460;45,10
+39320003462;156,80
+39320003464;144,99
+39320003466;37,98
+39320003468;232,05
+39320003470;203,42
+39320003472;159,29
+39320003474;54,21
+39320003476;72,77
+39320003478;148,41
+39320003480;19,89
+39320003482;11,38
+39320003484;30,55
+39320003486;228,78
+39320003488;46,82
+39320003490;45,73
+39320003492;151,10
+39320003494;24,42
+39320003496;121,49
+39320003498;99,71
+39320003500;174,37
+39320003502;1,95
+39320003504;172,57
+39320003506;145,46
+39320003508;237,80
+39320003510;217,20
+39320003512;205,21
+39320003514;234,75
+39320003516;132,40
+39320003518;247,80
+39320003520;227,42
+39320003522;28,43
+39320003524;78,15
+39320003526;123,20
+39320003528;154,70
+39320003530;116,30
+39320003532;14,65
+39320003534;172,49
+39320003536;2,70
+39320003538;35,16
+39320003540;226,53
+39320003542;13,31
+39320003544;59,35
+39320003546;129,92
+39320003548;233,27
+39320003550;70,76
+39320003552;141,98
+39320003554;44,68
+39320003556;41,93
+39320003558;166,52
+39320003560;6,25
+39320003562;217,61
+39320003564;44,49
+39320003566;19,02
+39320003568;34,71
+39320003570;46,73
+39320003572;96,10
+39320003574;36,89
+39320003576;221,01
+39320003578;55,06
+39320003580;109,16
+39320003582;86,58
+39320003584;41,41
+39320003586;41,87
+39320003588;123,53
+39320003590;25,38
+39320003592;100,22
+39320003594;27,70
+39320003596;246,80
+39320003598;198,67
+39320003600;102,86
+39320003602;238,27
+39320003604;44,88
+39320003606;83,27
+39320003608;99,24
+39320003610;188,50
+39320003612;110,61
+39320003614;42,66
+39320003616;153,70
+39320003618;20,92
+39320003620;201,73
+39320003622;52,18
+39320003624;70,73
+39320003626;2,98
+39320003628;19,40
+39320003630;70,25
+39320003632;15,16
+39320003634;6,87
+39320003636;198,84
+39320003638;131,90
+39320003640;79,98
+39320003642;72,80
+39320003644;111,65
+39320003646;195,42
+39320003648;62,63
+39320003650;152,49
+39320003652;183,46
+39320003654;163,76
+39320003656;249,05
+39320003658;112,38
+39320003660;164,97
+39320003662;84,94
+39320003664;58,07
+39320003666;179,47
+39320003668;21,05
+39320003670;110,47
+39320003672;160,31
+39320003674;60,59
+39320003676;34,39
+39320003678;141,18
+39320003680;211,69
+39320003682;226,94
+39320003684;2,72
+39320003686;22,50
+39320003688;15,80
+39320003690;63,90
+39320003692;223,85
+39320003694;133,54
+39320003696;221,45
+39320003698;9,89
+39320003700;44,69
+39320003702;100,31
+39320003704;16,54
+39320003706;159,51
+39320003708;213,97
+39320003710;200,49
+39320003712;22,18
+39320003714;167,07
+39320003716;135,19
+39320003718;141,69
+39320003720;139,04
+39320003722;157,69
+39320003724;40,88
+39320003726;207,36
+39320003728;184,57
+39320003730;6,31
+39320003732;74,44
+39320003734;20,06
+39320003736;135,60
+39320003738;130,30
+39320003740;15,61
+39320003742;24,95
+39320003744;205,24
+39320003746;174,68
+39320003748;198,93
+39320003750;116,18
+39320003752;225,53
+39320003754;215,13
+39320003756;66,99
+39320003758;184,45
+39320003760;120,98
+39320003762;38,32
+39320003764;112,46
+39320003766;82,78
+39320003768;217,50
+39320003770;189,60
+39320003772;32,23
+39320003774;166,37
+39320003776;1,05
+39320003778;246,29
+39320003780;76,33
+39320003782;218,49
+39320003784;115,11
+39320003786;80,65
+39320003788;182,13
+39320003790;154,32
+39320003792;159,03
+39320003794;172,43
+39320003796;66,94
+39320003798;138,91
+39320003800;90,19
+39320003802;124,71
+39320003804;239,33
+39320003806;151,92
+39320003808;53,74
+39320003810;84,86
+39320003812;222,94
+39320003814;3,97
+39320003816;225,29
+39320003818;223,57
+39320003820;60,67
+39320003822;100,22
+39320003824;48,86
+39320003826;199,98
+39320003828;191,45
+39320003830;133,43
+39320003832;33,83
+39320003834;62,12
+39320003836;58,13
+39320003838;189,70
+39320003840;86,70
+39320003842;59,94
+39320003844;138,27
+39320003846;104,08
+39320003848;101,32
+39320003850;118,33
+39320003852;243,33
+39320003854;207,61
+39320003856;223,74
+39320003858;157,69
+39320003860;213,02
+39320003862;106,03
+39320003864;67,54
+39320003866;29,17
+39320003868;219,38
+39320003870;93,60
+39320003872;49,06
+39320003874;246,24
+39320003876;243,07
+39320003878;52,95
+39320003880;199,93
+39320003882;139,15
+39320003884;221,72
+39320003886;91,11
+39320003888;70,83
+39320003890;90,95
+39320003892;29,30
+39320003894;235,82
+39320003896;67,72
+39320003898;233,50
+39320003900;19,37
+39320003902;84,88
+39320003904;66,24
+39320003906;83,11
+39320003908;72,20
+39320003910;157,94
+39320003912;179,65
+39320003914;214,07
+39320003916;94,64
+39320003918;27,42
+39320003920;18,65
+39320003922;27,81
+39320003924;68,28
+39320003926;160,42
+39320003928;225,52
+39320003930;96,85
+39320003932;146,66
+39320003934;247,67
+39320003936;63,30
+39320003938;51,07
+39320003940;162,95
+39320003942;154,58
+39320003944;93,66
+39320003946;142,48
+39320003948;90,03
+39320003950;15,29
+39320003952;202,38
+39320003954;92,15
+39320003956;18,82
+39320003958;55,06
+39320003960;120,03
+39320003962;44,36
+39320003964;224,42
+39320003966;84,90
+39320003968;203,19
+39320003970;42,88
+39320003972;185,04
+39320003974;6,43
+39320003976;22,95
+39320003978;101,13
+39320003980;226,02
+39320003982;185,70
+39320003984;159,99
+39320003986;234,94
+39320003988;51,40
+39320003990;246,95
+39320003992;17,75
+39320003994;157,98
+39320003996;106,44
+39320003998;97,31
+39320004000;6,62
+39320004002;156,66
+39320004004;187,49
+39320004006;151,78
+39320004008;199,74
+39320004010;129,72
+39320004012;149,43
+39320004014;157,21
+39320004016;84,54
+39320004018;19,38
+39320004020;109,44
+39320004022;145,33
+39320004024;26,87
+39320004026;79,61
+39320004028;181,79
+39320004030;20,35
+39320004032;0,41
+39320004034;190,38
+39320004036;227,59
+39320004038;41,26
+39320004040;135,28
+39320004042;240,48
+39320004044;33,42
+39320004046;15,02
+39320004048;222,14
+39320004050;186,88
+39320004052;137,00
+39320004054;92,98
+39320004056;154,62
+39320004058;154,47
+39320004060;188,11
+39320004062;126,31
+39320004064;40,98
+39320004066;161,83
+39320004068;21,19
+39320004070;34,10
+39320004072;3,46
+39320004074;55,71
+39320004076;42,39
+39320004078;210,99
+39320004080;16,93
+39320004082;144,70
+39320004084;129,70
+39320004086;184,97
+39320004088;216,79
+39320004090;114,24
+39320004092;164,92
+39320004094;109,20
+39320004096;175,58
+39320004098;125,96
+39320004100;57,41
+39320004102;78,60
+39320004104;143,70
+39320004106;205,20
+39320004108;133,66
+39320004110;97,49
+39320004112;3,97
+39320004114;179,97
+39320004116;10,09
+39320004118;54,60
+39320004120;182,44
+39320004122;25,84
+39320004124;192,97
+39320004126;142,45
+39320004128;85,25
+39320004130;185,52
+39320004132;132,68
+39320004134;158,17
+39320004136;158,18
+39320004138;106,38
+39320004140;213,65
+39320004142;52,87
+39320004144;169,13
+39320004146;4,27
+39320004148;81,66
+39320004150;199,30
+39320004152;14,24
+39320004154;72,74
+39320004156;41,30
+39320004158;94,92
+39320004160;71,43
+39320004162;131,60
+39320004164;213,65
+39320004166;145,61
+39320004168;125,43
+39320004170;158,30
+39320004172;101,32
+39320004174;84,09
+39320004176;160,23
+39320004178;193,22
+39320004180;236,30
+39320004182;9,52
+39320004184;180,68
+39320004186;230,29
+39320004188;193,36
+39320004190;114,69
+39320004192;121,46
+39320004194;140,03
+39320004196;88,15
+39320004198;82,56
+39320004200;42,63
+39320004202;234,55
+39320004204;207,36
+39320004206;114,49
+39320004208;211,43
+39320004210;20,57
+39320004212;201,36
+39320004214;213,03
+39320004216;147,25
+39320004218;226,94
+39320004220;68,44
+39320004222;190,20
+39320004224;81,94
+39320004226;52,26
+39320004228;99,35
+39320004230;169,66
+39320004232;237,55
+39320004234;154,14
+39320004236;15,06
+39320004238;166,19
+39320004240;67,30
+39320004242;0,23
+39320004244;65,56
+39320004246;85,62
+39320004248;20,54
+39320004250;70,72
+39320004252;141,06
+39320004254;117,45
+39320004256;55,34
+39320004258;135,84
+39320004260;176,79
+39320004262;168,93
+39320004264;217,69
+39320004266;176,36
+39320004268;40,26
+39320004270;104,31
+39320004272;32,71
+39320004274;186,96
+39320004276;67,78
+39320004278;88,54
+39320004280;99,47
+39320004282;51,12
+39320004284;19,06
+39320004286;149,70
+39320004288;124,01
+39320004290;35,98
+39320004292;162,68
+39320004294;249,15
+39320004296;164,75
+39320004298;126,90
+39320004300;25,60
+39320004302;16,49
+39320004304;201,11
+39320004306;12,07
+39320004308;50,58
+39320004310;57,85
+39320004312;203,80
+39320004314;70,34
+39320004316;162,53
+39320004318;104,91
+39320004320;13,56
+39320004322;169,25
+39320004324;151,22
+39320004326;21,79
+39320004328;227,65
+39320004330;12,07
+39320004332;171,04
+39320004334;7,85
+39320004336;232,45
+39320004338;181,22
+39320004340;232,95
+39320004342;234,89
+39320004344;113,73
+39320004346;85,52
+39320004348;94,37
+39320004350;87,15
+39320004352;154,37
+39320004354;52,01
+39320004356;27,71
+39320004358;201,48
+39320004360;62,53
+39320004362;192,88
+39320004364;27,76
+39320004366;34,93
+39320004368;51,08
+39320004370;92,87
+39320004372;205,65
+39320004374;154,57
+39320004376;48,04
+39320004378;47,15
+39320004380;51,44
+39320004382;186,30
+39320004384;77,83
+39320004386;130,01
+39320004388;186,68
+39320004390;116,13
+39320004392;94,13
+39320004394;108,04
+39320004396;3,55
+39320004398;70,36
+39320004400;79,96
+39320004402;186,59
+39320004404;76,43
+39320004406;119,38
+39320004408;26,84
+39320004410;239,80
+39320004412;246,02
+39320004414;165,23
+39320004416;174,32
+39320004418;113,40
+39320004420;43,57
+39320004422;13,42
+39320004424;81,80
+39320004426;229,56
+39320004428;41,93
+39320004430;39,42
+39320004432;126,81
+39320004434;113,49
+39320004436;40,20
+39320004438;45,18
+39320004440;132,68
+39320004442;150,65
+39320004444;147,94
+39320004446;147,37
+39320004448;207,54
+39320004450;237,92
+39320004452;169,67
+39320004454;156,24
+39320004456;187,29
+39320004458;145,99
+39320004460;209,05
+39320004462;164,20
+39320004464;249,61
+39320004466;62,86
+39320004468;36,09
+39320004470;1,48
+39320004472;18,14
+39320004474;42,47
+39320004476;244,57
+39320004478;93,92
+39320004480;91,37
+39320004482;123,43
+39320004484;196,87
+39320004486;146,98
+39320004488;149,78
+39320004490;191,12
+39320004492;223,32
+39320004494;93,94
+39320004496;187,15
+39320004498;169,77
+39320004500;105,88
+39320004502;189,69
+39320004504;225,92
+39320004506;226,90
+39320004508;6,96
+39320004510;77,40
+39320004512;115,36
+39320004514;8,11
+39320004516;123,82
+39320004518;175,26
+39320004520;10,72
+39320004522;26,46
+39320004524;55,39
+39320004526;3,14
+39320004528;146,85
+39320004530;200,47
+39320004532;96,34
+39320004534;87,51
+39320004536;210,76
+39320004538;86,33
+39320004540;44,80
+39320004542;177,91
+39320004544;218,49
+39320004546;190,07
+39320004548;122,47
+39320004550;84,61
+39320004552;239,87
+39320004554;13,06
+39320004556;130,27
+39320004558;17,56
+39320004560;185,68
+39320004562;173,14
+39320004564;208,96
+39320004566;104,10
+39320004568;103,65
+39320004570;222,87
+39320004572;141,42
+39320004574;233,56
+39320004576;97,00
+39320004578;159,81
+39320004580;142,17
+39320004582;78,40
+39320004584;103,33
+39320004586;54,77
+39320004588;83,56
+39320004590;46,84
+39320004592;226,57
+39320004594;127,69
+39320004596;98,73
+39320004598;16,84
+39320004600;20,38
+39320004602;160,31
+39320004604;225,89
+39320004606;211,42
+39320004608;139,51
+39320004610;219,34
+39320004612;121,52
+39320004614;131,40
+39320004616;188,42
+39320004618;156,87
+39320004620;184,88
+39320004622;142,91
+39320004624;14,61
+39320004626;123,67
+39320004628;64,97
+39320004630;97,17
+39320004632;45,11
+39320004634;203,43
+39320004636;19,65
+39320004638;33,29
+39320004640;235,32
+39320004642;120,67
+39320004644;146,60
+39320004646;191,54
+39320004648;121,96
+39320004650;243,26
+39320004652;22,62
+39320004654;215,56
+39320004656;116,67
+39320004658;162,90
+39320004660;90,71
+39320004662;56,56
+39320004664;1,11
+39320004666;43,44
+39320004668;103,31
+39320004670;104,29
+39320004672;160,29
+39320004674;122,58
+39320004676;97,90
+39320004678;72,33
+39320004680;130,21
+39320004682;0,47
+39320004684;219,97
+39320004686;8,83
+39320004688;117,19
+39320004690;54,50
+39320004692;77,13
+39320004694;43,53
+39320004696;76,15
+39320004698;246,74
+39320004700;187,04
+39320004702;31,83
+39320004704;57,32
+39320004706;209,76
+39320004708;28,98
+39320004710;172,63
+39320004712;3,22
+39320004714;208,70
+39320004716;0,83
+39320004718;214,24
+39320004720;175,89
+39320004722;82,38
+39320004724;246,24
+39320004726;165,33
+39320004728;83,71
+39320004730;241,94
+39320004732;177,54
+39320004734;163,97
+39320004736;125,63
+39320004738;116,66
+39320004740;7,51
+39320004742;159,39
+39320004744;96,23
+39320004746;98,07
+39320004748;234,63
+39320004750;120,04
+39320004752;18,41
+39320004754;39,59
+39320004756;145,38
+39320004758;84,07
+39320004760;50,26
+39320004762;122,83
+39320004764;179,28
+39320004766;166,01
+39320004768;246,97
+39320004770;208,15
+39320004772;90,31
+39320004774;158,24
+39320004776;166,57
+39320004778;165,04
+39320004780;177,62
+39320004782;31,54
+39320004784;112,05
+39320004786;82,51
+39320004788;207,62
+39320004790;157,84
+39320004792;203,32
+39320004794;62,38
+39320004796;100,70
+39320004798;138,86
+39320004800;197,42
+39320004802;175,25
+39320004804;82,44
+39320004806;212,30
+39320004808;73,03
+39320004810;150,91
+39320004812;88,89
+39320004814;149,85
+39320004816;59,49
+39320004818;224,87
+39320004820;226,73
+39320004822;82,00
+39320004824;146,78
+39320004826;124,16
+39320004828;143,59
+39320004830;99,99
+39320004832;102,05
+39320004834;110,12
+39320004836;34,42
+39320004838;239,70
+39320004840;236,67
+39320004842;27,13
+39320004844;163,88
+39320004846;67,22
+39320004848;166,60
+39320004850;222,34
+39320004852;140,68
+39320004854;213,96
+39320004856;194,67
+39320004858;167,73
+39320004860;185,09
+39320004862;114,50
+39320004864;215,86
+39320004866;180,46
+39320004868;229,64
+39320004870;211,06
+39320004872;156,33
+39320004874;194,24
+39320004876;176,76
+39320004878;212,70
+39320004880;91,88
+39320004882;180,07
+39320004884;128,89
+39320004886;236,52
+39320004888;174,24
+39320004890;239,82
+39320004892;189,15
+39320004894;201,77
+39320004896;144,79
+39320004898;21,74
+39320004900;114,92
+39320004902;95,72
+39320004904;193,75
+39320004906;57,44
+39320004908;176,37
+39320004910;133,73
+39320004912;33,95
+39320004914;34,96
+39320004916;231,60
+39320004918;53,67
+39320004920;25,05
+39320004922;39,49
+39320004924;154,45
+39320004926;213,11
+39320004928;244,63
+39320004930;40,97
+39320004932;49,84
+39320004934;55,89
+39320004936;125,82
+39320004938;90,40
+39320004940;0,24
+39320004942;25,16
+39320004944;174,13
+39320004946;101,41
+39320004948;122,60
+39320004950;209,75
+39320004952;147,24
+39320004954;119,58
+39320004956;65,16
+39320004958;50,31
+39320004960;18,97
+39320004962;181,45
+39320004964;147,59
+39320004966;67,64
+39320004968;223,57
+39320004970;133,17
+39320004972;179,67
+39320004974;188,76
+39320004976;242,03
+39320004978;133,45
+39320004980;212,46
+39320004982;53,09
+39320004984;34,15
+39320004986;200,20
+39320004988;209,78
+39320004990;31,94
+39320004992;246,11
+39320004994;223,65
+39320004996;8,17
+39320004998;128,92
+39320005000;3,53
+39320005002;194,90
+39320005004;30,54
+39320005006;152,10
+39320005008;192,14
+39320005010;10,22
+39320005012;229,09
+39320005014;13,90
+39320005016;112,69
+39320005018;126,62
+39320005020;64,41
+39320005022;229,42
+39320005024;57,95
+39320005026;182,12
+39320005028;61,00
+39320005030;188,31
+39320005032;205,07
+39320005034;242,35
+39320005036;151,10
+39320005038;52,67
+39320005040;132,78
+39320005042;94,49
+39320005044;130,92
+39320005046;27,30
+39320005048;87,54
+39320005050;233,13
+39320005052;159,35
+39320005054;198,24
+39320005056;89,62
+39320005058;25,89
+39320005060;164,05
+39320005062;188,92
+39320005064;75,06
+39320005066;144,46
+39320005068;165,46
+39320005070;15,76
+39320005072;78,38
+39320005074;155,36
+39320005076;9,09
+39320005078;57,07
+39320005080;61,73
+39320005082;177,43
+39320005084;104,68
+39320005086;97,30
+39320005088;9,07
+39320005090;96,81
+39320005092;210,39
+39320005094;144,31
+39320005096;224,07
+39320005098;223,56
+39320005100;4,17
+39320005102;141,04
+39320005104;137,53
+39320005106;115,28
+39320005108;167,28
+39320005110;48,61
+39320005112;24,98
+39320005114;101,87
+39320005116;172,65
+39320005118;166,13
+39320005120;155,87
+39320005122;204,74
+39320005124;2,13
+39320005126;188,03
+39320005128;127,45
+39320005130;117,98
+39320005132;233,35
+39320005134;19,96
+39320005136;29,30
+39320005138;206,23
+39320005140;19,42
+39320005142;127,34
+39320005144;85,28
+39320005146;101,50
+39320005148;123,32
+39320005150;34,15
+39320005152;195,56
+39320005154;139,67
+39320005156;33,69
+39320005158;218,64
+39320005160;230,47
+39320005162;242,53
+39320005164;79,90
+39320005166;67,45
+39320005168;125,87
+39320005170;59,56
+39320005172;52,30
+39320005174;94,52
+39320005176;132,47
+39320005178;148,66
+39320005180;42,44
+39320005182;118,04
+39320005184;94,50
+39320005186;187,66
+39320005188;16,04
+39320005190;70,45
+39320005192;119,16
+39320005194;174,50
+39320005196;173,60
+39320005198;79,09
+39320005200;89,10
+39320005202;88,86
+39320005204;75,11
+39320005206;169,48
+39320005208;132,96
+39320005210;34,87
+39320005212;163,67
+39320005214;143,36
+39320005216;176,80
+39320005218;91,33
+39320005220;190,47
+39320005222;204,73
+39320005224;183,95
+39320005226;223,29
+39320005228;135,86
+39320005230;18,64
+39320005232;106,96
+39320005234;123,61
+39320005236;162,25
+39320005238;165,25
+39320005240;2,31
+39320005242;136,15
+39320005244;183,81
+39320005246;214,87
+39320005248;64,79
+39320005250;175,64
+39320005252;189,85
+39320005254;127,29
+39320005256;12,91
+39320005258;74,80
+39320005260;94,21
+39320005262;60,26
+39320005264;194,36
+39320005266;37,68
+39320005268;155,92
+39320005270;34,60
+39320005272;113,02
+39320005274;19,28
+39320005276;180,62
+39320005278;234,64
+39320005280;33,37
+39320005282;133,85
+39320005284;205,97
+39320005286;201,02
+39320005288;248,84
+39320005290;116,00
+39320005292;27,53
+39320005294;186,86
+39320005296;193,22
+39320005298;232,42
+39320005300;227,32
+39320005302;145,00
+39320005304;239,65
+39320005306;120,35
+39320005308;201,36
+39320005310;158,15
+39320005312;52,28
+39320005314;86,14
+39320005316;117,40
+39320005318;188,02
+39320005320;46,36
+39320005322;24,00
+39320005324;229,50
+39320005326;38,75
+39320005328;142,98
+39320005330;22,57
+39320005332;240,75
+39320005334;55,73
+39320005336;188,42
+39320005338;216,76
+39320005340;46,36
+39320005342;171,30
+39320005344;216,89
+39320005346;227,86
+39320005348;68,64
+39320005350;69,55
+39320005352;153,23
+39320005354;134,69
+39320005356;221,95
+39320005358;21,38
+39320005360;12,79
+39320005362;86,79
+39320005364;7,00
+39320005366;126,27
+39320005368;118,71
+39320005370;166,93
+39320005372;2,27
+39320005374;144,89
+39320005376;237,81
+39320005378;110,76
+39320005380;207,08
+39320005382;146,05
+39320005384;163,56
+39320005386;48,67
+39320005388;14,92
+39320005390;43,15
+39320005392;101,95
+39320005394;78,43
+39320005396;240,10
+39320005398;74,51
+39320005400;12,63
+39320005402;130,96
+39320005404;43,71
+39320005406;144,15
+39320005408;136,09
+39320005410;130,17
+39320005412;159,97
+39320005414;116,71
+39320005416;53,37
+39320005418;19,51
+39320005420;61,02
+39320005422;73,38
+39320005424;25,78
+39320005426;186,05
+39320005428;128,54
+39320005430;58,90
+39320005432;175,25
+39320005434;77,90
+39320005436;128,89
+39320005438;195,72
+39320005440;124,90
+39320005442;20,18
+39320005444;108,28
+39320005446;63,53
+39320005448;176,84
+39320005450;8,64
+39320005452;15,27
+39320005454;24,48
+39320005456;58,72
+39320005458;107,88
+39320005460;131,04
+39320005462;209,27
+39320005464;18,09
+39320005466;133,36
+39320005468;113,43
+39320005470;38,07
+39320005472;88,00
+39320005474;158,46
+39320005476;78,05
+39320005478;19,95
+39320005480;182,78
+39320005482;186,86
+39320005484;197,60
+39320005486;216,58
+39320005488;74,05
+39320005490;4,40
+39320005492;110,55
+39320005494;165,03
+39320005496;127,78
+39320005498;156,06
+39320005500;94,93
+39320005502;225,38
+39320005504;18,15
+39320005506;104,10
+39320005508;122,90
+39320005510;71,97
+39320005512;218,41
+39320005514;212,09
+39320005516;227,29
+39320005518;87,29
+39320005520;227,79
+39320005522;38,22
+39320005524;193,55
+39320005526;48,76
+39320005528;185,63
+39320005530;115,23
+39320005532;160,56
+39320005534;171,75
+39320005536;154,14
+39320005538;5,99
+39320005540;165,31
+39320005542;247,62
+39320005544;232,53
+39320005546;210,13
+39320005548;111,13
+39320005550;135,22
+39320005552;232,52
+39320005554;49,80
+39320005556;124,90
+39320005558;63,68
+39320005560;190,09
+39320005562;63,87
+39320005564;42,68
+39320005566;173,75
+39320005568;188,44
+39320005570;44,44
+39320005572;205,17
+39320005574;126,91
+39320005576;225,12
+39320005578;89,13
+39320005580;45,25
+39320005582;146,63
+39320005584;88,55
+39320005586;211,19
+39320005588;136,89
+39320005590;243,05
+39320005592;104,26
+39320005594;41,56
+39320005596;212,76
+39320005598;119,31
+39320005600;246,71
+39320005602;69,64
+39320005604;15,84
+39320005606;73,84
+39320005608;61,77
+39320005610;187,60
+39320005612;11,46
+39320005614;121,59
+39320005616;99,36
+39320005618;197,08
+39320005620;140,29
+39320005622;240,07
+39320005624;11,82
+39320005626;209,95
+39320005628;160,59
+39320005630;64,22
+39320005632;146,01
+39320005634;38,59
+39320005636;140,54
+39320005638;184,34
+39320005640;47,77
+39320005642;130,68
+39320005644;63,67
+39320005646;71,87
+39320005648;163,84
+39320005650;147,70
+39320005652;128,84
+39320005654;83,17
+39320005656;188,49
+39320005658;234,34
+39320005660;213,74
+39320005662;26,45
+39320005664;6,93
+39320005666;29,48
+39320005668;227,83
+39320005670;122,06
+39320005672;14,84
+39320005674;120,83
+39320005676;64,29
+39320005678;172,72
+39320005680;26,81
+39320005682;117,92
+39320005684;234,91
+39320005686;2,47
+39320005688;177,51
+39320005690;98,62
+39320005692;222,42
+39320005694;69,26
+39320005696;99,03
+39320005698;233,36
+39320005700;119,72
+39320005702;149,72
+39320005704;94,26
+39320005706;110,62
+39320005708;98,44
+39320005710;14,51
+39320005712;212,80
+39320005714;65,83
+39320005716;1,67
+39320005718;135,81
+39320005720;109,09
+39320005722;52,68
+39320005724;38,46
+39320005726;197,63
+39320005728;236,03
+39320005730;70,51
+39320005732;53,99
+39320005734;193,43
+39320005736;100,54
+39320005738;98,98
+39320005740;82,15
+39320005742;93,37
+39320005744;229,51
+39320005746;140,16
+39320005748;233,83
+39320005750;166,61
+39320005752;106,84
+39320005754;117,47
+39320005756;114,98
+39320005758;65,41
+39320005760;138,37
+39320005762;84,58
+39320005764;96,37
+39320005766;39,18
+39320005768;57,51
+39320005770;55,05
+39320005772;239,08
+39320005774;60,08
+39320005776;33,91
+39320005778;220,62
+39320005780;10,44
+39320005782;134,32
+39320005784;47,05
+39320005786;201,45
+39320005788;219,92
+39320005790;176,20
+39320005792;23,25
+39320005794;154,85
+39320005796;122,21
+39320005798;76,15
+39320005800;68,08
+39320005802;50,43
+39320005804;112,38
+39320005806;9,24
+39320005808;238,19
+39320005810;143,98
+39320005812;114,71
+39320005814;150,79
+39320005816;205,72
+39320005818;244,17
+39320005820;143,74
+39320005822;58,25
+39320005824;23,52
+39320005826;165,83
+39320005828;62,70
+39320005830;117,54
+39320005832;135,36
+39320005834;145,14
+39320005836;129,72
+39320005838;73,33
+39320005840;176,44
+39320005842;241,59
+39320005844;107,33
+39320005846;69,48
+39320005848;7,92
+39320005850;227,98
+39320005852;224,46
+39320005854;165,06
+39320005856;114,08
+39320005858;200,47
+39320005860;179,73
+39320005862;147,05
+39320005864;80,07
+39320005866;45,26
+39320005868;61,81
+39320005870;29,68
+39320005872;134,51
+39320005874;109,91
+39320005876;229,30
+39320005878;112,31
+39320005880;235,22
+39320005882;81,92
+39320005884;173,56
+39320005886;207,98
+39320005888;242,20
+39320005890;210,02
+39320005892;212,37
+39320005894;155,95
+39320005896;127,22
+39320005898;41,15
+39320005900;238,82
+39320005902;16,00
+39320005904;6,46
+39320005906;73,05
+39320005908;173,92
+39320005910;249,85
+39320005912;218,92
+39320005914;116,30
+39320005916;15,43
+39320005918;53,63
+39320005920;50,80
+39320005922;80,22
+39320005924;100,89
+39320005926;5,45
+39320005928;108,80
+39320005930;208,65
+39320005932;136,86
+39320005934;67,75
+39320005936;0,57
+39320005938;186,59
+39320005940;9,05
+39320005942;92,40
+39320005944;37,25
+39320005946;12,73
+39320005948;78,09
+39320005950;111,13
+39320005952;121,57
+39320005954;102,78
+39320005956;44,12
+39320005958;125,83
+39320005960;187,29
+39320005962;38,47
+39320005964;185,66
+39320005966;248,72
+39320005968;121,36
+39320005970;37,30
+39320005972;28,73
+39320005974;229,93
+39320005976;172,41
+39320005978;101,97
+39320005980;247,95
+39320005982;183,19
+39320005984;127,18
+39320005986;209,08
+39320005988;244,59
+39320005990;241,88
+39320005992;238,69
+39320005994;227,45
+39320005996;209,88
+39320005998;46,88
+39320006000;186,21
+39320006002;88,65
+39320006004;147,52
+39320006006;173,30
+39320006008;114,90
+39320006010;80,95
+39320006012;100,33
+39320006014;26,70
+39320006016;232,10
+39320006018;5,01
+39320006020;240,75
+39320006022;87,55
+39320006024;11,69
+39320006026;50,24
+39320006028;102,25
+39320006030;211,68
+39320006032;88,03
+39320006034;194,10
+39320006036;109,45
+39320006038;220,34
+39320006040;248,22
+39320006042;117,18
+39320006044;107,49
+39320006046;2,32
+39320006048;44,61
+39320006050;114,63
+39320006052;180,18
+39320006054;171,89
+39320006056;127,93
+39320006058;25,17
+39320006060;101,80
+39320006062;33,87
+39320006064;212,05
+39320006066;8,66
+39320006068;78,00
+39320006070;99,07
+39320006072;143,64
+39320006074;127,57
+39320006076;68,18
+39320006078;31,53
+39320006080;13,54
+39320006082;95,99
+39320006084;247,21
+39320006086;39,39
+39320006088;11,20
+39320006090;108,96
+39320006092;97,70
+39320006094;80,07
+39320006096;87,73
+39320006098;203,29
+39320006100;227,57
+39320006102;64,34
+39320006104;155,96
+39320006106;56,61
+39320006108;38,68
+39320006110;13,86
+39320006112;107,99
+39320006114;108,86
+39320006116;71,62
+39320006118;81,08
+39320006120;44,69
+39320006122;156,80
+39320006124;28,48
+39320006126;244,46
+39320006128;55,31
+39320006130;175,32
+39320006132;186,35
+39320006134;116,59
+39320006136;3,01
+39320006138;222,37
+39320006140;244,00
+39320006142;8,01
+39320006144;113,27
+39320006146;28,94
+39320006148;193,94
+39320006150;214,31
+39320006152;140,02
+39320006154;89,22
+39320006156;33,35
+39320006158;78,83
+39320006160;110,12
+39320006162;166,40
+39320006164;2,10
+39320006166;155,72
+39320006168;9,03
+39320006170;132,90
+39320006172;72,32
+39320006174;193,11
+39320006176;232,10
+39320006178;145,63
+39320006180;136,54
+39320006182;163,95
+39320006184;140,33
+39320006186;37,62
+39320006188;61,63
+39320006190;6,24
+39320006192;162,04
+39320006194;166,38
+39320006196;91,55
+39320006198;200,08
+39320006200;218,14
+39320006202;173,70
+39320006204;18,89
+39320006206;50,19
+39320006208;62,62
+39320006210;54,47
+39320006212;113,59
+39320006214;66,78
+39320006216;201,81
+39320006218;132,49
+39320006220;167,26
+39320006222;248,40
+39320006224;171,93
+39320006226;49,34
+39320006228;104,22
+39320006230;99,18
+39320006232;94,18
+39320006234;37,17
+39320006236;201,13
+39320006238;192,51
+39320006240;37,79
+39320006242;31,88
+39320006244;197,72
+39320006246;9,78
+39320006248;127,51
+39320006250;26,80
+39320006252;172,75
+39320006254;145,71
+39320006256;18,08
+39320006258;133,81
+39320006260;193,60
+39320006262;150,27
+39320006264;62,77
+39320006266;192,01
+39320006268;138,45
+39320006270;181,85
+39320006272;202,37
+39320006274;128,83
+39320006276;188,52
+39320006278;62,43
+39320006280;3,55
+39320006282;80,91
+39320006284;201,61
+39320006286;218,16
+39320006288;213,19
+39320006290;10,45
+39320006292;66,94
+39320006294;54,16
+39320006296;209,84
+39320006298;248,49
+39320006300;209,71
+39320006302;173,72
+39320006304;84,78
+39320006306;55,34
+39320006308;129,55
+39320006310;108,03
+39320006312;147,57
+39320006314;46,09
+39320006316;194,47
+39320006318;24,30
+39320006320;103,71
+39320006322;104,50
+39320006324;240,20
+39320006326;40,19
+39320006328;226,43
+39320006330;207,37
+39320006332;36,05
+39320006334;37,26
+39320006336;181,02
+39320006338;141,50
+39320006340;99,13
+39320006342;12,89
+39320006344;155,47
+39320006346;195,86
+39320006348;146,20
+39320006350;181,10
+39320006352;18,71
+39320006354;97,20
+39320006356;37,16
+39320006358;56,02
+39320006360;210,86
+39320006362;92,36
+39320006364;88,49
+39320006366;225,38
+39320006368;189,75
+39320006370;88,61
+39320006372;157,93
+39320006374;5,67
+39320006376;155,91
+39320006378;75,80
+39320006380;142,45
+39320006382;72,68
+39320006384;99,48
+39320006386;9,87
+39320006388;36,04
+39320006390;176,61
+39320006392;219,38
+39320006394;198,58
+39320006396;192,22
+39320006398;5,74
+39320006400;248,30
+39320006402;244,75
+39320006404;229,36
+39320006406;63,67
+39320006408;103,31
+39320006410;167,38
+39320006412;91,02
+39320006414;122,50
+39320006416;136,02
+39320006418;126,00
+39320006420;171,96
+39320006422;50,02
+39320006424;78,07
+39320006426;129,52
+39320006428;67,82
+39320006430;210,10
+39320006432;159,77
+39320006434;132,60
+39320006436;136,43
+39320006438;31,25
+39320006440;3,79
+39320006442;95,77
+39320006444;153,31
+39320006446;92,61
+39320006448;103,70
+39320006450;237,97
+39320006452;172,08
+39320006454;60,00
+39320006456;58,99
+39320006458;117,50
+39320006460;226,44
+39320006462;133,11
+39320006464;184,88
+39320006466;188,15
+39320006468;241,31
+39320006470;247,53
+39320006472;205,30
+39320006474;40,25
+39320006476;223,50
+39320006478;21,98
+39320006480;124,28
+39320006482;243,29
+39320006484;32,49
+39320006486;90,71
+39320006488;33,38
+39320006490;165,14
+39320006492;71,57
+39320006494;55,80
+39320006496;166,74
+39320006498;23,87
+39320006500;70,47
+39320006502;155,32
+39320006504;185,75
+39320006506;237,45
+39320006508;30,92
+39320006510;107,80
+39320006512;187,10
+39320006514;214,19
+39320006516;12,48
+39320006518;105,51
+39320006520;239,93
+39320006522;117,67
+39320006524;158,69
+39320006526;178,11
+39320006528;19,87
+39320006530;73,82
+39320006532;57,62
+39320006534;61,72
+39320006536;211,55
+39320006538;98,57
+39320006540;160,60
+39320006542;117,19
+39320006544;196,46
+39320006546;161,09
+39320006548;216,62
+39320006550;35,62
+39320006552;52,94
+39320006554;235,29
+39320006556;33,48
+39320006558;90,02
+39320006560;119,22
+39320006562;114,00
+39320006564;90,53
+39320006566;84,77
+39320006568;248,78
+39320006570;201,13
+39320006572;219,32
+39320006574;23,31
+39320006576;131,58
+39320006578;248,82
+39320006580;177,74
+39320006582;132,81
+39320006584;206,78
+39320006586;191,47
+39320006588;135,51
+39320006590;218,30
+39320006592;202,83
+39320006594;189,53
+39320006596;71,34
+39320006598;225,05
+39320006600;172,99
+39320006602;192,96
+39320006604;92,13
+39320006606;197,90
+39320006608;111,77
+39320006610;13,99
+39320006612;144,06
+39320006614;207,35
+39320006616;147,44
+39320006618;85,08
+39320006620;161,30
+39320006622;37,55
+39320006624;77,62
+39320006626;213,04
+39320006628;166,29
+39320006630;118,55
+39320006632;102,88
+39320006634;161,21
+39320006636;166,13
+39320006638;129,95
+39320006640;129,20
+39320006642;53,81
+39320006644;186,57
+39320006646;218,28
+39320006648;81,39
+39320006650;72,64
+39320006652;82,01
+39320006654;33,77
+39320006656;28,69
+39320006658;83,83
+39320006660;43,23
+39320006662;83,05
+39320006664;12,91
+39320006666;70,20
+39320006668;123,58
+39320006670;105,63
+39320006672;168,67
+39320006674;228,82
+39320006676;94,77
+39320006678;73,01
+39320006680;235,91
+39320006682;169,74
+39320006684;21,47
+39320006686;138,49
+39320006688;38,43
+39320006690;5,08
+39320006692;179,52
+39320006694;5,81
+39320006696;24,35
+39320006698;44,48
+39320006700;166,95
+39320006702;14,43
+39320006704;79,93
+39320006706;122,11
+39320006708;85,05
+39320006710;216,76
+39320006712;141,27
+39320006714;111,33
+39320006716;174,32
+39320006718;247,72
+39320006720;165,95
+39320006722;0,39
+39320006724;157,79
+39320006726;128,71
+39320006728;225,05
+39320006730;39,16
+39320006732;120,94
+39320006734;224,95
+39320006736;219,14
+39320006738;173,07
+39320006740;105,88
+39320006742;164,81
+39320006744;74,35
+39320006746;49,59
+39320006748;237,46
+39320006750;28,74
+39320006752;146,58
+39320006754;185,74
+39320006756;45,01
+39320006758;216,16
+39320006760;51,42
+39320006762;81,89
+39320006764;115,82
+39320006766;111,87
+39320006768;124,43
+39320006770;62,67
+39320006772;196,75
+39320006774;97,00
+39320006776;133,01
+39320006778;80,67
+39320006780;166,40
+39320006782;74,89
+39320006784;147,57
+39320006786;23,04
+39320006788;117,58
+39320006790;18,75
+39320006792;156,94
+39320006794;7,46
+39320006796;21,33
+39320006798;247,82
+39320006800;8,81
+39320006802;249,11
+39320006804;221,85
+39320006806;151,06
+39320006808;208,13
+39320006810;118,64
+39320006812;114,87
+39320006814;72,46
+39320006816;92,06
+39320006818;125,11
+39320006820;195,66
+39320006822;54,51
+39320006824;189,29
+39320006826;232,56
+39320006828;92,93
+39320006830;220,89
+39320006832;133,00
+39320006834;183,98
+39320006836;122,41
+39320006838;182,32
+39320006840;242,40
+39320006842;186,53
+39320006844;124,80
+39320006846;172,14
+39320006848;148,85
+39320006850;210,28
+39320006852;236,82
+39320006854;187,29
+39320006856;45,85
+39320006858;22,04
+39320006860;174,42
+39320006862;51,15
+39320006864;167,54
+39320006866;26,83
+39320006868;98,72
+39320006870;83,44
+39320006872;74,53
+39320006874;145,02
+39320006876;145,77
+39320006878;157,39
+39320006880;98,31
+39320006882;54,43
+39320006884;15,42
+39320006886;50,21
+39320006888;177,75
+39320006890;198,14
+39320006892;89,68
+39320006894;97,21
+39320006896;111,33
+39320006898;217,53
+39320006900;211,71
+39320006902;217,77
+39320006904;27,02
+39320006906;185,22
+39320006908;191,29
+39320006910;218,41
+39320006912;182,37
+39320006914;248,40
+39320006916;61,58
+39320006918;91,22
+39320006920;120,68
+39320006922;221,71
+39320006924;79,23
+39320006926;98,14
+39320006928;117,20
+39320006930;83,66
+39320006932;129,21
+39320006934;178,56
+39320006936;118,55
+39320006938;173,35
+39320006940;96,05
+39320006942;232,61
+39320006944;73,11
+39320006946;45,77
+39320006948;2,37
+39320006950;31,82
+39320006952;54,22
+39320006954;206,34
+39320006956;245,15
+39320006958;127,33
+39320006960;117,74
+39320006962;105,17
+39320006964;16,08
+39320006966;189,46
+39320006968;71,78
+39320006970;124,93
+39320006972;173,30
+39320006974;247,71
+39320006976;66,48
+39320006978;156,35
+39320006980;15,78
+39320006982;88,30
+39320006984;188,22
+39320006986;108,93
+39320006988;84,00
+39320006990;39,13
+39320006992;173,18
+39320006994;220,73
+39320006996;136,70
+39320006998;122,56
+39320007000;217,41
+39320007002;48,74
+39320007004;37,84
+39320007006;136,73
+39320007008;44,33
+39320007010;199,34
+39320007012;237,63
+39320007014;213,47
+39320007016;153,12
+39320007018;93,64
+39320007020;87,69
+39320007022;162,23
+39320007024;121,11
+39320007026;102,63
+39320007028;77,45
+39320007030;66,52
+39320007032;168,97
+39320007034;8,46
+39320007036;37,72
+39320007038;61,35
+39320007040;230,83
+39320007042;249,68
+39320007044;181,49
+39320007046;131,58
+39320007048;233,66
+39320007050;79,02
+39320007052;204,71
+39320007054;187,54
+39320007056;84,60
+39320007058;162,63
+39320007060;132,45
+39320007062;0,38
+39320007064;139,01
+39320007066;205,92
+39320007068;148,64
+39320007070;63,41
+39320007072;19,84
+39320007074;111,63
+39320007076;137,01
+39320007078;94,23
+39320007080;196,45
+39320007082;97,17
+39320007084;60,56
+39320007086;58,49
+39320007088;110,67
+39320007090;102,11
+39320007092;49,66
+39320007094;144,29
+39320007096;39,05
+39320007098;107,60
+39320007100;125,50
+39320007102;231,22
+39320007104;0,13
+39320007106;121,23
+39320007108;137,35
+39320007110;124,68
+39320007112;246,74
+39320007114;80,78
+39320007116;28,83
+39320007118;2,17
+39320007120;0,98
+39320007122;32,64
+39320007124;6,61
+39320007126;216,07
+39320007128;140,92
+39320007130;148,79
+39320007132;88,85
+39320007134;121,70
+39320007136;244,13
+39320007138;94,41
+39320007140;133,16
+39320007142;145,15
+39320007144;139,16
+39320007146;187,84
+39320007148;244,25
+39320007150;97,22
+39320007152;51,25
+39320007154;161,39
+39320007156;87,52
+39320007158;201,56
+39320007160;186,88
+39320007162;169,99
+39320007164;218,02
+39320007166;29,12
+39320007168;199,95
+39320007170;133,81
+39320007172;65,99
+39320007174;150,23
+39320007176;16,13
+39320007178;60,79
+39320007180;80,03
+39320007182;119,72
+39320007184;119,18
+39320007186;59,25
+39320007188;39,45
+39320007190;55,57
+39320007192;128,80
+39320007194;92,30
+39320007196;196,36
+39320007198;20,35
+39320007200;188,99
+39320007202;117,27
+39320007204;123,19
+39320007206;134,47
+39320007208;31,71
+39320007210;203,49
+39320007212;159,81
+39320007214;229,54
+39320007216;147,30
+39320007218;71,66
+39320007220;109,54
+39320007222;80,52
+39320007224;71,10
+39320007226;182,34
+39320007228;142,91
+39320007230;75,73
+39320007232;72,61
+39320007234;214,93
+39320007236;25,79
+39320007238;47,11
+39320007240;61,74
+39320007242;193,69
+39320007244;84,06
+39320007246;92,96
+39320007248;219,20
+39320007250;153,13
+39320007252;78,44
+39320007254;167,64
+39320007256;142,58
+39320007258;125,94
+39320007260;175,98
+39320007262;100,83
+39320007264;131,34
+39320007266;122,20
+39320007268;81,30
+39320007270;126,06
+39320007272;36,58
+39320007274;196,69
+39320007276;116,27
+39320007278;61,89
+39320007280;232,99
+39320007282;54,87
+39320007284;203,24
+39320007286;61,81
+39320007288;211,39
+39320007290;6,81
+39320007292;164,34
+39320007294;125,81
+39320007296;232,48
+39320007298;197,74
+39320007300;171,53
+39320007302;69,36
+39320007304;165,44
+39320007306;176,06
+39320007308;99,93
+39320007310;223,68
+39320007312;247,40
+39320007314;171,57
+39320007316;232,27
+39320007318;57,83
+39320007320;172,43
+39320007322;101,19
+39320007324;112,16
+39320007326;86,41
+39320007328;59,40
+39320007330;155,29
+39320007332;19,60
+39320007334;106,34
+39320007336;16,92
+39320007338;79,87
+39320007340;137,79
+39320007342;236,40
+39320007344;41,15
+39320007346;78,93
+39320007348;179,17
+39320007350;196,63
+39320007352;115,09
+39320007354;245,55
+39320007356;125,20
+39320007358;123,71
+39320007360;78,86
+39320007362;172,67
+39320007364;91,14
+39320007366;84,68
+39320007368;119,30
+39320007370;130,39
+39320007372;236,39
+39320007374;192,36
+39320007376;243,44
+39320007378;20,52
+39320007380;213,01
+39320007382;151,50
+39320007384;45,42
+39320007386;133,68
+39320007388;97,03
+39320007390;138,20
+39320007392;206,99
+39320007394;120,88
+39320007396;234,22
+39320007398;112,45
+39320007400;192,73
+39320007402;72,20
+39320007404;143,38
+39320007406;21,12
+39320007408;25,86
+39320007410;0,63
+39320007412;172,12
+39320007414;8,84
+39320007416;92,99
+39320007418;8,33
+39320007420;65,20
+39320007422;51,05
+39320007424;194,59
+39320007426;232,22
+39320007428;110,76
+39320007430;133,93
+39320007432;83,99
+39320007434;11,48
+39320007436;118,70
+39320007438;248,92
+39320007440;141,03
+39320007442;196,17
+39320007444;72,65
+39320007446;79,61
+39320007448;167,27
+39320007450;120,35
+39320007452;32,71
+39320007454;73,42
+39320007456;82,05
+39320007458;162,75
+39320007460;137,03
+39320007462;157,05
+39320007464;201,48
+39320007466;111,89
+39320007468;85,65
+39320007470;72,99
+39320007472;196,05
+39320007474;37,24
+39320007476;5,32
+39320007478;235,30
+39320007480;198,24
+39320007482;92,46
+39320007484;183,79
+39320007486;144,96
+39320007488;101,52
+39320007490;130,75
+39320007492;107,03
+39320007494;205,53
+39320007496;85,82
+39320007498;157,42
+39320007500;22,33
+39320007502;71,13
+39320007504;68,87
+39320007506;163,60
+39320007508;10,52
+39320007510;83,93
+39320007512;8,48
+39320007514;138,43
+39320007516;32,53
+39320007518;5,78
+39320007520;155,74
+39320007522;231,71
+39320007524;77,54
+39320007526;155,95
+39320007528;109,27
+39320007530;184,78
+39320007532;206,10
+39320007534;230,08
+39320007536;197,13
+39320007538;52,79
+39320007540;100,86
+39320007542;35,03
+39320007544;76,10
+39320007546;192,80
+39320007548;121,13
+39320007550;182,39
+39320007552;87,37
+39320007554;217,79
+39320007556;45,99
+39320007558;161,73
+39320007560;157,67
+39320007562;101,74
+39320007564;61,95
+39320007566;8,80
+39320007568;182,41
+39320007570;89,24
+39320007572;226,80
+39320007574;137,19
+39320007576;175,37
+39320007578;137,53
+39320007580;199,76
+39320007582;123,95
+39320007584;210,54
+39320007586;75,40
+39320007588;143,84
+39320007590;184,69
+39320007592;141,16
+39320007594;236,31
+39320007596;18,38
+39320007598;238,10
+39320007600;242,15
+39320007602;242,41
+39320007604;227,76
+39320007606;55,72
+39320007608;57,46
+39320007610;136,39
+39320007612;150,68
+39320007614;45,16
+39320007616;91,21
+39320007618;95,26
+39320007620;65,28
+39320007622;96,26
+39320007624;92,42
+39320007626;27,93
+39320007628;54,76
+39320007630;31,81
+39320007632;148,38
+39320007634;98,67
+39320007636;196,66
+39320007638;88,66
+39320007640;197,95
+39320007642;146,09
+39320007644;122,07
+39320007646;9,28
+39320007648;157,72
+39320007650;126,40
+39320007652;29,93
+39320007654;163,01
+39320007656;189,61
+39320007658;23,51
+39320007660;9,21
+39320007662;43,12
+39320007664;66,26
+39320007666;111,95
+39320007668;83,24
+39320007670;65,62
+39320007672;92,49
+39320007674;65,31
+39320007676;170,55
+39320007678;184,96
+39320007680;149,90
+39320007682;184,64
+39320007684;182,10
+39320007686;64,24
+39320007688;168,29
+39320007690;199,54
+39320007692;208,81
+39320007694;204,45
+39320007696;11,13
+39320007698;126,50
+39320007700;33,76
+39320007702;47,34
+39320007704;201,99
+39320007706;61,63
+39320007708;232,73
+39320007710;78,11
+39320007712;204,19
+39320007714;104,22
+39320007716;200,41
+39320007718;164,97
+39320007720;77,75
+39320007722;211,21
+39320007724;0,85
+39320007726;108,83
+39320007728;47,58
+39320007730;70,60
+39320007732;88,31
+39320007734;21,58
+39320007736;35,84
+39320007738;179,97
+39320007740;51,96
+39320007742;234,71
+39320007744;90,02
+39320007746;210,62
+39320007748;166,75
+39320007750;232,43
+39320007752;90,51
+39320007754;216,57
+39320007756;1,66
+39320007758;225,65
+39320007760;159,65
+39320007762;226,18
+39320007764;219,20
+39320007766;174,28
+39320007768;39,09
+39320007770;37,82
+39320007772;51,38
+39320007774;173,07
+39320007776;164,14
+39320007778;122,18
+39320007780;183,33
+39320007782;37,86
+39320007784;39,59
+39320007786;60,96
+39320007788;31,34
+39320007790;228,97
+39320007792;109,74
+39320007794;220,52
+39320007796;227,88
+39320007798;214,98
+39320007800;158,64
+39320007802;190,58
+39320007804;242,38
+39320007806;176,60
+39320007808;145,89
+39320007810;243,91
+39320007812;67,12
+39320007814;48,47
+39320007816;50,31
+39320007818;86,64
+39320007820;39,25
+39320007822;187,57
+39320007824;102,22
+39320007826;177,33
+39320007828;240,98
+39320007830;227,46
+39320007832;57,48
+39320007834;105,67
+39320007836;161,54
+39320007838;190,81
+39320007840;47,85
+39320007842;30,86
+39320007844;177,81
+39320007846;218,57
+39320007848;112,55
+39320007850;85,39
+39320007852;10,31
+39320007854;138,64
+39320007856;55,40
+39320007858;25,45
+39320007860;198,87
+39320007862;235,35
+39320007864;23,96
+39320007866;26,35
+39320007868;69,89
+39320007870;39,38
+39320007872;33,79
+39320007874;217,18
+39320007876;55,52
+39320007878;209,14
+39320007880;161,11
+39320007882;238,76
+39320007884;27,59
+39320007886;193,72
+39320007888;223,52
+39320007890;121,01
+39320007892;89,87
+39320007894;65,02
+39320007896;215,06
+39320007898;200,87
+39320007900;168,44
+39320007902;3,08
+39320007904;211,51
+39320007906;178,93
+39320007908;14,90
+39320007910;9,47
+39320007912;102,60
+39320007914;43,65
+39320007916;77,73
+39320007918;138,05
+39320007920;32,96
+39320007922;26,19
+39320007924;248,28
+39320007926;217,21
+39320007928;240,42
+39320007930;235,69
+39320007932;84,34
+39320007934;31,34
+39320007936;132,34
+39320007938;19,35
+39320007940;211,09
+39320007942;124,10
+39320007944;4,42
+39320007946;177,27
+39320007948;16,07
+39320007950;249,71
+39320007952;160,64
+39320007954;216,81
+39320007956;132,74
+39320007958;233,19
+39320007960;245,15
+39320007962;104,69
+39320007964;190,70
+39320007966;232,50
+39320007968;233,21
+39320007970;72,73
+39320007972;238,45
+39320007974;246,41
+39320007976;131,36
+39320007978;20,69
+39320007980;188,61
+39320007982;4,47
+39320007984;2,50
+39320007986;6,54
+39320007988;85,32
+39320007990;97,79
+39320007992;199,02
+39320007994;1,82
+39320007996;246,24
+39320007998;123,11
+39320008000;206,33
+39320008002;112,22
+39320008004;179,07
+39320008006;154,01
+39320008008;57,76
+39320008010;57,10
+39320008012;222,44
+39320008014;38,17
+39320008016;43,23
+39320008018;113,38
+39320008020;43,66
+39320008022;63,98
+39320008024;74,18
+39320008026;213,37
+39320008028;137,67
+39320008030;122,33
+39320008032;72,91
+39320008034;21,33
+39320008036;100,45
+39320008038;90,25
+39320008040;113,63
+39320008042;14,36
+39320008044;207,79
+39320008046;43,42
+39320008048;188,38
+39320008050;99,95
+39320008052;208,96
+39320008054;119,51
+39320008056;89,87
+39320008058;162,39
+39320008060;4,27
+39320008062;136,04
+39320008064;123,21
+39320008066;3,40
+39320008068;186,92
+39320008070;154,27
+39320008072;182,94
+39320008074;110,95
+39320008076;23,75
+39320008078;198,40
+39320008080;247,84
+39320008082;125,08
+39320008084;48,24
+39320008086;27,50
+39320008088;168,33
+39320008090;105,13
+39320008092;28,88
+39320008094;78,10
+39320008096;22,66
+39320008098;169,29
+39320008100;81,72
+39320008102;212,30
+39320008104;41,60
+39320008106;202,36
+39320008108;13,64
+39320008110;51,77
+39320008112;185,81
+39320008114;190,13
+39320008116;209,47
+39320008118;57,78
+39320008120;23,62
+39320008122;226,03
+39320008124;47,58
+39320008126;15,95
+39320008128;172,77
+39320008130;150,52
+39320008132;73,78
+39320008134;230,31
+39320008136;11,55
+39320008138;150,93
+39320008140;143,16
+39320008142;138,52
+39320008144;224,00
+39320008146;1,42
+39320008148;103,27
+39320008150;199,48
+39320008152;159,42
+39320008154;200,64
+39320008156;91,20
+39320008158;21,76
+39320008160;59,66
+39320008162;65,93
+39320008164;163,04
+39320008166;37,52
+39320008168;201,57
+39320008170;195,85
+39320008172;119,73
+39320008174;13,58
+39320008176;81,63
+39320008178;5,43
+39320008180;145,28
+39320008182;91,58
+39320008184;110,08
+39320008186;20,29
+39320008188;144,99
+39320008190;117,70
+39320008192;84,28
+39320008194;32,13
+39320008196;215,94
+39320008198;232,49
+39320008200;173,52
+39320008202;192,11
+39320008204;98,44
+39320008206;78,98
+39320008208;235,97
+39320008210;156,11
+39320008212;148,69
+39320008214;28,84
+39320008216;138,46
+39320008218;24,66
+39320008220;79,31
+39320008222;23,40
+39320008224;40,62
+39320008226;29,00
+39320008228;175,43
+39320008230;77,94
+39320008232;221,71
+39320008234;109,90
+39320008236;228,83
+39320008238;110,92
+39320008240;223,93
+39320008242;65,92
+39320008244;222,84
+39320008246;170,60
+39320008248;149,28
+39320008250;226,17
+39320008252;163,66
+39320008254;87,97
+39320008256;48,01
+39320008258;223,20
+39320008260;245,12
+39320008262;233,28
+39320008264;220,73
+39320008266;115,38
+39320008268;26,07
+39320008270;219,21
+39320008272;25,88
+39320008274;112,98
+39320008276;55,41
+39320008278;166,17
+39320008280;157,87
+39320008282;21,96
+39320008284;7,40
+39320008286;241,20
+39320008288;146,78
+39320008290;238,75
+39320008292;64,88
+39320008294;15,91
+39320008296;166,43
+39320008298;232,47
+39320008300;72,69
+39320008302;195,29
+39320008304;14,31
+39320008306;138,24
+39320008308;212,95
+39320008310;30,74
+39320008312;51,44
+39320008314;43,13
+39320008316;176,84
+39320008318;209,05
+39320008320;219,63
+39320008322;79,28
+39320008324;164,72
+39320008326;36,12
+39320008328;36,46
+39320008330;238,08
+39320008332;161,06
+39320008334;31,57
+39320008336;199,15
+39320008338;230,14
+39320008340;100,08
+39320008342;129,63
+39320008344;202,24
+39320008346;156,98
+39320008348;153,35
+39320008350;69,77
+39320008352;105,64
+39320008354;36,72
+39320008356;71,66
+39320008358;81,19
+39320008360;24,64
+39320008362;188,02
+39320008364;145,12
+39320008366;2,39
+39320008368;194,78
+39320008370;205,38
+39320008372;24,03
+39320008374;118,95
+39320008376;26,06
+39320008378;160,47
+39320008380;160,19
+39320008382;158,18
+39320008384;2,97
+39320008386;135,83
+39320008388;11,38
+39320008390;133,88
+39320008392;208,90
+39320008394;113,22
+39320008396;13,38
+39320008398;200,18
+39320008400;56,86
+39320008402;68,57
+39320008404;168,42
+39320008406;214,67
+39320008408;159,68
+39320008410;76,61
+39320008412;60,11
+39320008414;175,53
+39320008416;246,43
+39320008418;214,14
+39320008420;62,15
+39320008422;119,45
+39320008424;166,21
+39320008426;192,94
+39320008428;209,03
+39320008430;209,17
+39320008432;166,44
+39320008434;120,92
+39320008436;12,20
+39320008438;198,79
+39320008440;118,44
+39320008442;227,98
+39320008444;129,58
+39320008446;99,46
+39320008448;174,13
+39320008450;161,07
+39320008452;89,62
+39320008454;5,31
+39320008456;196,96
+39320008458;8,13
+39320008460;120,77
+39320008462;38,29
+39320008464;132,66
+39320008466;182,48
+39320008468;99,56
+39320008470;99,18
+39320008472;185,25
+39320008474;151,40
+39320008476;72,01
+39320008478;234,98
+39320008480;22,60
+39320008482;215,46
+39320008484;203,12
+39320008486;180,92
+39320008488;207,30
+39320008490;44,38
+39320008492;128,20
+39320008494;6,48
+39320008496;249,22
+39320008498;13,48
+39320008500;199,76
+39320008502;190,53
+39320008504;240,01
+39320008506;115,09
+39320008508;83,06
+39320008510;219,55
+39320008512;194,63
+39320008514;52,42
+39320008516;46,34
+39320008518;121,51
+39320008520;86,55
+39320008522;177,11
+39320008524;129,78
+39320008526;235,72
+39320008528;30,82
+39320008530;172,27
+39320008532;29,03
+39320008534;22,98
+39320008536;197,79
+39320008538;163,18
+39320008540;47,16
+39320008542;78,89
+39320008544;58,13
+39320008546;215,73
+39320008548;227,05
+39320008550;169,06
+39320008552;180,61
+39320008554;152,30
+39320008556;8,67
+39320008558;59,61
+39320008560;65,23
+39320008562;162,37
+39320008564;16,38
+39320008566;154,11
+39320008568;85,59
+39320008570;82,32
+39320008572;33,99
+39320008574;56,56
+39320008576;201,68
+39320008578;215,88
+39320008580;91,03
+39320008582;212,10
+39320008584;136,85
+39320008586;151,95
+39320008588;151,72
+39320008590;73,85
+39320008592;122,14
+39320008594;146,24
+39320008596;37,24
+39320008598;180,42
+39320008600;105,57
+39320008602;196,22
+39320008604;31,91
+39320008606;21,27
+39320008608;25,92
+39320008610;222,04
+39320008612;59,84
+39320008614;12,68
+39320008616;118,86
+39320008618;93,24
+39320008620;11,09
+39320008622;101,25
+39320008624;69,73
+39320008626;208,07
+39320008628;177,87
+39320008630;42,63
+39320008632;205,69
+39320008634;45,34
+39320008636;226,59
+39320008638;121,02
+39320008640;130,93
+39320008642;221,62
+39320008644;14,81
+39320008646;143,88
+39320008648;146,19
+39320008650;62,14
+39320008652;246,00
+39320008654;140,46
+39320008656;239,70
+39320008658;119,93
+39320008660;30,97
+39320008662;106,06
+39320008664;46,45
+39320008666;162,38
+39320008668;1,63
+39320008670;52,29
+39320008672;93,09
+39320008674;57,97
+39320008676;210,61
+39320008678;67,49
+39320008680;136,12
+39320008682;135,08
+39320008684;111,07
+39320008686;246,15
+39320008688;221,97
+39320008690;135,93
+39320008692;55,83
+39320008694;111,35
+39320008696;62,55
+39320008698;98,92
+39320008700;210,58
+39320008702;77,15
+39320008704;214,08
+39320008706;3,88
+39320008708;229,55
+39320008710;162,50
+39320008712;129,70
+39320008714;229,30
+39320008716;180,89
+39320008718;31,08
+39320008720;6,86
+39320008722;202,78
+39320008724;162,98
+39320008726;129,37
+39320008728;14,49
+39320008730;182,29
+39320008732;70,08
+39320008734;147,89
+39320008736;190,94
+39320008738;128,86
+39320008740;54,80
+39320008742;248,03
+39320008744;192,54
+39320008746;80,28
+39320008748;54,09
+39320008750;111,56
+39320008752;95,33
+39320008754;170,27
+39320008756;15,21
+39320008758;174,53
+39320008760;191,39
+39320008762;22,65
+39320008764;197,19
+39320008766;179,66
+39320008768;23,32
+39320008770;247,30
+39320008772;83,10
+39320008774;6,39
+39320008776;122,52
+39320008778;28,52
+39320008780;63,91
+39320008782;57,59
+39320008784;155,69
+39320008786;2,11
+39320008788;121,41
+39320008790;163,03
+39320008792;103,54
+39320008794;145,18
+39320008796;224,04
+39320008798;246,24
+39320008800;129,34
+39320008802;119,20
+39320008804;97,79
+39320008806;112,19
+39320008808;74,64
+39320008810;107,90
+39320008812;232,92
+39320008814;36,86
+39320008816;15,15
+39320008818;236,26
+39320008820;143,88
+39320008822;6,02
+39320008824;222,78
+39320008826;201,77
+39320008828;156,07
+39320008830;32,35
+39320008832;246,65
+39320008834;8,55
+39320008836;119,17
+39320008838;242,42
+39320008840;211,78
+39320008842;173,83
+39320008844;80,21
+39320008846;24,68
+39320008848;188,38
+39320008850;134,90
+39320008852;69,42
+39320008854;81,66
+39320008856;111,67
+39320008858;179,82
+39320008860;206,09
+39320008862;65,88
+39320008864;8,40
+39320008866;65,07
+39320008868;90,39
+39320008870;243,44
+39320008872;230,81
+39320008874;81,46
+39320008876;199,39
+39320008878;2,40
+39320008880;12,13
+39320008882;98,39
+39320008884;199,72
+39320008886;184,08
+39320008888;60,68
+39320008890;17,89
+39320008892;216,02
+39320008894;75,81
+39320008896;87,28
+39320008898;134,71
+39320008900;157,52
+39320008902;142,73
+39320008904;195,86
+39320008906;238,36
+39320008908;77,33
+39320008910;1,39
+39320008912;3,39
+39320008914;9,35
+39320008916;178,30
+39320008918;212,31
+39320008920;155,82
+39320008922;132,11
+39320008924;73,92
+39320008926;202,43
+39320008928;42,60
+39320008930;4,73
+39320008932;145,24
+39320008934;214,92
+39320008936;106,25
+39320008938;110,87
+39320008940;20,79
+39320008942;132,59
+39320008944;117,63
+39320008946;184,62
+39320008948;246,94
+39320008950;42,66
+39320008952;198,15
+39320008954;88,23
+39320008956;164,47
+39320008958;139,22
+39320008960;92,03
+39320008962;150,42
+39320008964;60,07
+39320008966;235,02
+39320008968;217,00
+39320008970;193,97
+39320008972;17,79
+39320008974;170,94
+39320008976;237,35
+39320008978;214,19
+39320008980;165,33
+39320008982;204,64
+39320008984;156,46
+39320008986;240,60
+39320008988;194,22
+39320008990;175,15
+39320008992;145,98
+39320008994;117,95
+39320008996;90,56
+39320008998;24,91
+39320009000;63,49
+39320009002;69,52
+39320009004;104,86
+39320009006;190,27
+39320009008;126,27
+39320009010;62,82
+39320009012;21,00
+39320009014;135,56
+39320009016;127,12
+39320009018;216,70
+39320009020;215,99
+39320009022;31,75
+39320009024;170,17
+39320009026;233,38
+39320009028;204,26
+39320009030;195,29
+39320009032;187,04
+39320009034;244,78
+39320009036;179,40
+39320009038;228,86
+39320009040;242,85
+39320009042;248,11
+39320009044;222,27
+39320009046;165,14
+39320009048;84,94
+39320009050;63,77
+39320009052;58,66
+39320009054;38,67
+39320009056;140,09
+39320009058;123,58
+39320009060;161,00
+39320009062;187,99
+39320009064;99,32
+39320009066;168,39
+39320009068;104,52
+39320009070;213,43
+39320009072;231,31
+39320009074;132,78
+39320009076;62,06
+39320009078;87,65
+39320009080;24,90
+39320009082;113,64
+39320009084;31,70
+39320009086;142,91
+39320009088;110,38
+39320009090;108,13
+39320009092;237,60
+39320009094;173,02
+39320009096;147,08
+39320009098;47,43
+39320009100;40,92
+39320009102;31,54
+39320009104;164,46
+39320009106;52,65
+39320009108;108,81
+39320009110;124,05
+39320009112;132,74
+39320009114;105,12
+39320009116;79,64
+39320009118;6,54
+39320009120;211,43
+39320009122;183,41
+39320009124;199,13
+39320009126;163,03
+39320009128;121,23
+39320009130;75,75
+39320009132;196,27
+39320009134;241,49
+39320009136;67,92
+39320009138;201,24
+39320009140;236,16
+39320009142;33,69
+39320009144;249,01
+39320009146;174,30
+39320009148;92,13
+39320009150;64,01
+39320009152;8,95
+39320009154;172,99
+39320009156;80,18
+39320009158;33,05
+39320009160;248,34
+39320009162;122,65
+39320009164;233,45
+39320009166;67,27
+39320009168;183,14
+39320009170;167,28
+39320009172;97,59
+39320009174;102,50
+39320009176;207,02
+39320009178;67,87
+39320009180;0,81
+39320009182;6,60
+39320009184;224,62
+39320009186;195,09
+39320009188;112,33
+39320009190;232,13
+39320009192;32,69
+39320009194;176,69
+39320009196;118,70
+39320009198;81,75
+39320009200;220,18
+39320009202;15,05
+39320009204;138,83
+39320009206;210,37
+39320009208;183,85
+39320009210;245,63
+39320009212;5,71
+39320009214;231,28
+39320009216;135,08
+39320009218;46,85
+39320009220;108,79
+39320009222;66,05
+39320009224;160,36
+39320009226;240,60
+39320009228;49,14
+39320009230;11,55
+39320009232;150,79
+39320009234;200,49
+39320009236;88,72
+39320009238;123,93
+39320009240;170,19
+39320009242;34,89
+39320009244;26,54
+39320009246;141,06
+39320009248;146,60
+39320009250;48,26
+39320009252;107,08
+39320009254;5,43
+39320009256;117,68
+39320009258;85,78
+39320009260;86,07
+39320009262;97,05
+39320009264;87,17
+39320009266;119,11
+39320009268;120,09
+39320009270;35,48
+39320009272;119,56
+39320009274;5,28
+39320009276;49,17
+39320009278;206,21
+39320009280;4,60
+39320009282;236,74
+39320009284;74,91
+39320009286;207,80
+39320009288;143,55
+39320009290;43,90
+39320009292;155,88
+39320009294;138,05
+39320009296;174,18
+39320009298;144,30
+39320009300;226,91
+39320009302;29,46
+39320009304;173,57
+39320009306;211,76
+39320009308;225,28
+39320009310;61,82
+39320009312;135,60
+39320009314;115,54
+39320009316;226,42
+39320009318;108,66
+39320009320;147,53
+39320009322;244,32
+39320009324;36,27
+39320009326;206,60
+39320009328;203,40
+39320009330;248,19
+39320009332;238,01
+39320009334;169,99
+39320009336;144,92
+39320009338;54,21
+39320009340;206,77
+39320009342;168,92
+39320009344;120,42
+39320009346;186,46
+39320009348;221,65
+39320009350;125,23
+39320009352;60,58
+39320009354;119,84
+39320009356;156,95
+39320009358;194,50
+39320009360;183,78
+39320009362;204,07
+39320009364;44,83
+39320009366;118,72
+39320009368;170,95
+39320009370;248,86
+39320009372;51,09
+39320009374;100,26
+39320009376;11,65
+39320009378;88,13
+39320009380;106,13
+39320009382;151,58
+39320009384;215,48
+39320009386;158,42
+39320009388;193,51
+39320009390;61,52
+39320009392;35,90
+39320009394;179,67
+39320009396;121,85
+39320009398;183,45
+39320009400;131,62
+39320009402;215,15
+39320009404;200,33
+39320009406;241,88
+39320009408;41,44
+39320009410;120,03
+39320009412;197,11
+39320009414;229,83
+39320009416;13,00
+39320009418;110,78
+39320009420;218,00
+39320009422;149,20
+39320009424;239,30
+39320009426;78,37
+39320009428;25,08
+39320009430;121,52
+39320009432;166,43
+39320009434;35,18
+39320009436;5,05
+39320009438;176,09
+39320009440;115,05
+39320009442;141,69
+39320009444;148,79
+39320009446;62,34
+39320009448;62,12
+39320009450;247,09
+39320009452;105,58
+39320009454;132,28
+39320009456;72,78
+39320009458;55,50
+39320009460;79,46
+39320009462;145,61
+39320009464;52,26
+39320009466;165,43
+39320009468;220,56
+39320009470;80,82
+39320009472;92,34
+39320009474;210,84
+39320009476;203,15
+39320009478;14,38
+39320009480;180,97
+39320009482;16,40
+39320009484;173,26
+39320009486;141,81
+39320009488;226,30
+39320009490;89,87
+39320009492;200,48
+39320009494;1,70
+39320009496;176,41
+39320009498;249,56
+39320009500;53,28
+39320009502;59,01
+39320009504;120,27
+39320009506;164,74
+39320009508;210,36
+39320009510;24,43
+39320009512;141,42
+39320009514;39,12
+39320009516;154,15
+39320009518;229,83
+39320009520;237,32
+39320009522;224,11
+39320009524;245,71
+39320009526;19,34
+39320009528;95,32
+39320009530;211,62
+39320009532;106,59
+39320009534;13,25
+39320009536;78,27
+39320009538;243,96
+39320009540;62,39
+39320009542;180,47
+39320009544;207,17
+39320009546;16,04
+39320009548;177,81
+39320009550;248,48
+39320009552;239,21
+39320009554;13,15
+39320009556;186,59
+39320009558;176,93
+39320009560;235,93
+39320009562;241,75
+39320009564;101,61
+39320009566;120,48
+39320009568;195,11
+39320009570;215,60
+39320009572;249,17
+39320009574;109,26
+39320009576;211,84
+39320009578;228,19
+39320009580;94,01
+39320009582;118,05
+39320009584;209,35
+39320009586;44,87
+39320009588;216,23
+39320009590;96,70
+39320009592;165,73
+39320009594;125,06
+39320009596;195,09
+39320009598;84,38
+39320009600;219,95
+39320009602;39,84
+39320009604;27,34
+39320009606;75,03
+39320009608;206,83
+39320009610;95,67
+39320009612;241,13
+39320009614;236,81
+39320009616;124,80
+39320009618;88,53
+39320009620;10,51
+39320009622;100,37
+39320009624;95,35
+39320009626;221,90
+39320009628;67,71
+39320009630;22,85
+39320009632;226,53
+39320009634;186,65
+39320009636;243,23
+39320009638;191,44
+39320009640;123,42
+39320009642;4,70
+39320009644;15,15
+39320009646;212,01
+39320009648;82,10
+39320009650;56,83
+39320009652;127,95
+39320009654;244,86
+39320009656;102,68
+39320009658;219,44
+39320009660;10,75
+39320009662;63,70
+39320009664;181,40
+39320009666;126,23
+39320009668;37,47
+39320009670;111,32
+39320009672;164,87
+39320009674;109,78
+39320009676;11,02
+39320009678;19,45
+39320009680;54,99
+39320009682;144,20
+39320009684;167,92
+39320009686;148,99
+39320009688;196,70
+39320009690;102,78
+39320009692;170,79
+39320009694;62,89
+39320009696;195,86
+39320009698;9,44
+39320009700;108,10
+39320009702;171,95
+39320009704;86,97
+39320009706;177,59
+39320009708;220,14
+39320009710;224,78
+39320009712;138,40
+39320009714;126,73
+39320009716;90,65
+39320009718;25,66
+39320009720;106,97
+39320009722;120,55
+39320009724;108,37
+39320009726;32,81
+39320009728;151,03
+39320009730;199,60
+39320009732;138,31
+39320009734;74,85
+39320009736;64,74
+39320009738;237,67
+39320009740;198,89
+39320009742;90,60
+39320009744;238,01
+39320009746;155,54
+39320009748;55,51
+39320009750;238,43
+39320009752;227,90
+39320009754;196,29
+39320009756;223,83
+39320009758;144,06
+39320009760;171,74
+39320009762;86,32
+39320009764;202,10
+39320009766;172,02
+39320009768;219,56
+39320009770;147,72
+39320009772;247,24
+39320009774;7,31
+39320009776;167,79
+39320009778;85,56
+39320009780;199,40
+39320009782;133,03
+39320009784;24,01
+39320009786;214,92
+39320009788;9,58
+39320009790;122,72
+39320009792;9,62
+39320009794;212,48
+39320009796;42,10
+39320009798;183,81
+39320009800;179,57
+39320009802;15,57
+39320009804;231,77
+39320009806;87,94
+39320009808;26,40
+39320009810;97,86
+39320009812;188,32
+39320009814;176,32
+39320009816;245,64
+39320009818;218,99
+39320009820;135,42
+39320009822;230,92
+39320009824;96,44
+39320009826;33,19
+39320009828;60,87
+39320009830;128,36
+39320009832;231,53
+39320009834;154,71
+39320009836;81,56
+39320009838;89,90
+39320009840;248,54
+39320009842;96,80
+39320009844;4,59
+39320009846;139,79
+39320009848;204,85
+39320009850;215,52
+39320009852;227,84
+39320009854;228,69
+39320009856;222,19
+39320009858;188,67
+39320009860;159,93
+39320009862;97,38
+39320009864;73,22
+39320009866;248,08
+39320009868;212,91
+39320009870;57,86
+39320009872;189,12
+39320009874;107,65
+39320009876;175,39
+39320009878;209,14
+39320009880;103,52
+39320009882;133,42
+39320009884;213,15
+39320009886;124,12
+39320009888;95,95
+39320009890;215,55
+39320009892;61,24
+39320009894;155,95
+39320009896;71,16
+39320009898;220,89
+39320009900;158,86
+39320009902;186,89
+39320009904;14,42
+39320009906;3,69
+39320009908;163,71
+39320009910;5,90
+39320009912;106,36
+39320009914;28,40
+39320009916;1,10
+39320009918;80,16
+39320009920;198,77
+39320009922;223,76
+39320009924;231,90
+39320009926;228,89
+39320009928;74,70
+39320009930;225,73
+39320009932;193,70
+39320009934;70,69
+39320009936;76,86
+39320009938;39,98
+39320009940;125,34
+39320009942;111,10
+39320009944;78,68
+39320009946;3,29
+39320009948;35,01
+39320009950;90,18
+39320009952;210,55
+39320009954;29,27
+39320009956;39,25
+39320009958;20,16
+39320009960;138,21
+39320009962;168,12
+39320009964;3,36
+39320009966;30,52
+39320009968;186,54
+39320009970;219,31
+39320009972;66,81
+39320009974;6,13
+39320009976;205,43
+39320009978;31,79
+39320009980;234,08
+39320009982;123,15
+39320009984;231,26
+39320009986;183,74
+39320009988;16,94
+39320009990;145,12
+39320009992;54,07
+39320009994;118,21
+39320009996;156,24
+39320009998;140,44
+39320010000;66,31
+39320010002;127,73
+39320010004;50,77
+39320010006;233,92
+39320010008;92,41
+39320010010;150,68
+39320010012;244,69
+39320010014;103,19
+39320010016;202,80
+39320010018;20,24
+39320010020;207,36
+39320010022;50,90
+39320010024;152,44
+39320010026;153,91
+39320010028;161,30
+39320010030;247,12
+39320010032;141,87
+39320010034;97,34
+39320010036;217,41
+39320010038;74,37
+39320010040;87,49
+39320010042;48,74
+39320010044;76,56
+39320010046;173,25
+39320010048;243,74
+39320010050;93,21
+39320010052;137,98
+39320010054;92,04
+39320010056;145,91
+39320010058;229,04
+39320010060;175,31
+39320010062;232,27
+39320010064;133,53
+39320010066;137,65
+39320010068;219,35
+39320010070;59,96
+39320010072;189,91
+39320010074;49,62
+39320010076;38,91
+39320010078;60,17
+39320010080;172,88
+39320010082;157,84
+39320010084;25,91
+39320010086;96,65
+39320010088;81,10
+39320010090;181,57
+39320010092;38,39
+39320010094;64,63
+39320010096;194,55
+39320010098;193,70
+39320010100;229,23
+39320010102;107,19
+39320010104;116,83
+39320010106;163,08
+39320010108;10,71
+39320010110;116,03
+39320010112;183,42
+39320010114;104,62
+39320010116;50,63
+39320010118;7,24
+39320010120;242,74
+39320010122;48,38
+39320010124;210,78
+39320010126;244,03
+39320010128;50,31
+39320010130;141,06
+39320010132;23,34
+39320010134;135,50
+39320010136;116,04
+39320010138;157,73
+39320010140;90,48
+39320010142;173,10
+39320010144;34,65
+39320010146;140,86
+39320010148;156,33
+39320010150;207,37
+39320010152;209,87
+39320010154;115,10
+39320010156;43,47
+39320010158;162,54
+39320010160;136,11
+39320010162;96,80
+39320010164;94,60
+39320010166;213,38
+39320010168;170,23
+39320010170;15,82
+39320010172;121,59
+39320010174;77,89
+39320010176;92,37
+39320010178;168,00
+39320010180;80,63
+39320010182;105,57
+39320010184;169,40
+39320010186;33,54
+39320010188;71,37
+39320010190;152,79
+39320010192;248,35
+39320010194;2,10
+39320010196;10,32
+39320010198;132,79
+39320010200;139,69
+39320010202;154,45
+39320010204;221,26
+39320010206;64,35
+39320010208;246,52
+39320010210;143,38
+39320010212;224,35
+39320010214;61,67
+39320010216;104,12
+39320010218;134,80
+39320010220;114,47
+39320010222;33,87
+39320010224;45,70
+39320010226;17,56
+39320010228;171,94
+39320010230;175,81
+39320010232;103,76
+39320010234;80,04
+39320010236;151,46
+39320010238;119,13
+39320010240;75,92
+39320010242;6,07
+39320010244;181,20
+39320010246;210,47
+39320010248;111,28
+39320010250;230,59
+39320010252;193,99
+39320010254;230,49
+39320010256;109,70
+39320010258;104,57
+39320010260;131,88
+39320010262;71,83
+39320010264;83,41
+39320010266;121,65
+39320010268;24,61
+39320010270;183,50
+39320010272;178,60
+39320010274;204,64
+39320010276;210,18
+39320010278;84,56
+39320010280;67,53
+39320010282;150,57
+39320010284;63,01
+39320010286;208,77
+39320010288;244,01
+39320010290;112,40
+39320010292;201,80
+39320010294;162,32
+39320010296;119,40
+39320010298;33,72
+39320010300;77,23
+39320010302;230,40
+39320010304;130,21
+39320010306;228,87
+39320010308;224,22
+39320010310;83,01
+39320010312;73,58
+39320010314;34,73
+39320010316;153,61
+39320010318;127,75
+39320010320;210,62
+39320010322;157,78
+39320010324;225,74
+39320010326;213,51
+39320010328;65,77
+39320010330;197,06
+39320010332;113,60
+39320010334;44,66
+39320010336;13,71
+39320010338;40,50
+39320010340;105,01
+39320010342;67,83
+39320010344;166,55
+39320010346;78,61
+39320010348;26,05
+39320010350;40,91
+39320010352;231,04
+39320010354;139,27
+39320010356;134,39
+39320010358;247,26
+39320010360;33,74
+39320010362;208,58
+39320010364;187,66
+39320010366;97,57
+39320010368;89,54
+39320010370;105,80
+39320010372;184,91
+39320010374;140,75
+39320010376;245,74
+39320010378;56,66
+39320010380;93,23
+39320010382;160,36
+39320010384;139,89
+39320010386;50,19
+39320010388;231,51
+39320010390;76,35
+39320010392;40,23
+39320010394;120,26
+39320010396;91,41
+39320010398;99,70
+39320010400;182,44
+39320010402;205,48
+39320010404;215,44
+39320010406;159,17
+39320010408;146,37
+39320010410;18,87
+39320010412;195,80
+39320010414;226,77
+39320010416;1,59
+39320010418;26,59
+39320010420;88,90
+39320010422;148,22
+39320010424;77,23
+39320010426;233,87
+39320010428;9,69
+39320010430;118,64
+39320010432;217,32
+39320010434;32,57
+39320010436;181,79
+39320010438;172,72
+39320010440;227,83
+39320010442;45,22
+39320010444;32,63
+39320010446;168,70
+39320010448;126,61
+39320010450;171,63
+39320010452;14,12
+39320010454;39,46
+39320010456;247,96
+39320010458;205,24
+39320010460;142,39
+39320010462;11,46
+39320010464;14,78
+39320010466;169,69
+39320010468;187,75
+39320010470;216,13
+39320010472;23,30
+39320010474;228,21
+39320010476;159,83
+39320010478;8,38
+39320010480;101,79
+39320010482;36,92
+39320010484;248,49
+39320010486;61,30
+39320010488;161,59
+39320010490;103,47
+39320010492;229,40
+39320010494;171,45
+39320010496;15,22
+39320010498;243,29
+39320010500;124,77
+39320010502;167,98
+39320010504;19,88
+39320010506;3,72
+39320010508;93,50
+39320010510;219,30
+39320010512;179,26
+39320010514;134,37
+39320010516;85,84
+39320010518;159,83
+39320010520;123,39
+39320010522;140,95
+39320010524;14,83
+39320010526;17,44
+39320010528;220,40
+39320010530;240,57
+39320010532;184,44
+39320010534;190,68
+39320010536;201,46
+39320010538;99,84
+39320010540;182,13
+39320010542;227,57
+39320010544;156,79
+39320010546;150,77
+39320010548;114,50
+39320010550;73,73
+39320010552;56,82
+39320010554;243,82
+39320010556;175,56
+39320010558;169,78
+39320010560;107,15
+39320010562;173,31
+39320010564;70,59
+39320010566;13,45
+39320010568;235,77
+39320010570;65,46
+39320010572;191,13
+39320010574;68,49
+39320010576;120,21
+39320010578;52,77
+39320010580;25,69
+39320010582;102,52
+39320010584;224,47
+39320010586;217,57
+39320010588;8,05
+39320010590;110,57
+39320010592;72,89
+39320010594;153,40
+39320010596;144,74
+39320010598;16,51
+39320010600;64,92
+39320010602;32,17
+39320010604;105,92
+39320010606;87,16
+39320010608;117,46
+39320010610;241,88
+39320010612;71,05
+39320010614;17,86
+39320010616;160,81
+39320010618;140,94
+39320010620;22,15
+39320010622;185,84
+39320010624;66,12
+39320010626;223,06
+39320010628;240,31
+39320010630;36,85
+39320010632;71,71
+39320010634;68,81
+39320010636;217,29
+39320010638;6,71
+39320010640;103,60
+39320010642;54,11
+39320010644;147,73
+39320010646;162,12
+39320010648;80,67
+39320010650;134,97
+39320010652;229,10
+39320010654;154,84
+39320010656;52,32
+39320010658;182,06
+39320010660;39,01
+39320010662;18,33
+39320010664;198,54
+39320010666;98,36
+39320010668;38,05
+39320010670;127,72
+39320010672;64,01
+39320010674;243,67
+39320010676;145,91
+39320010678;158,91
+39320010680;12,96
+39320010682;92,48
+39320010684;110,99
+39320010686;92,76
+39320010688;180,38
+39320010690;100,55
+39320010692;96,21
+39320010694;46,38
+39320010696;44,83
+39320010698;178,45
+39320010700;32,50
+39320010702;113,25
+39320010704;239,45
+39320010706;151,59
+39320010708;63,83
+39320010710;10,02
+39320010712;155,38
+39320010714;60,40
+39320010716;231,15
+39320010718;123,66
+39320010720;40,77
+39320010722;47,70
+39320010724;155,43
+39320010726;97,20
+39320010728;202,69
+39320010730;90,49
+39320010732;26,91
+39320010734;201,62
+39320010736;168,41
+39320010738;228,62
+39320010740;243,27
+39320010742;38,40
+39320010744;99,94
+39320010746;185,59
+39320010748;25,15
+39320010750;26,16
+39320010752;180,87
+39320010754;41,49
+39320010756;111,58
+39320010758;207,79
+39320010760;239,44
+39320010762;160,70
+39320010764;48,27
+39320010766;17,67
+39320010768;111,49
+39320010770;17,81
+39320010772;53,29
+39320010774;204,32
+39320010776;224,19
+39320010778;154,07
+39320010780;187,36
+39320010782;94,86
+39320010784;12,65
+39320010786;200,66
+39320010788;196,47
+39320010790;124,68
+39320010792;76,92
+39320010794;192,78
+39320010796;221,95
+39320010798;167,58
+39320010800;14,10
+39320010802;87,76
+39320010804;31,31
+39320010806;56,83
+39320010808;13,35
+39320010810;196,39
+39320010812;23,89
+39320010814;0,70
+39320010816;221,78
+39320010818;246,57
+39320010820;42,65
+39320010822;116,92
+39320010824;226,72
+39320010826;41,94
+39320010828;71,75
+39320010830;193,68
+39320010832;98,81
+39320010834;169,08
+39320010836;79,31
+39320010838;19,18
+39320010840;40,88
+39320010842;189,91
+39320010844;134,76
+39320010846;214,81
+39320010848;111,12
+39320010850;150,65
+39320010852;77,62
+39320010854;74,95
+39320010856;152,18
+39320010858;148,43
+39320010860;93,90
+39320010862;78,89
+39320010864;143,67
+39320010866;96,09
+39320010868;65,68
+39320010870;138,22
+39320010872;241,46
+39320010874;207,17
+39320010876;111,69
+39320010878;18,62
+39320010880;112,62
+39320010882;166,44
+39320010884;131,99
+39320010886;161,76
+39320010888;80,12
+39320010890;223,92
+39320010892;87,39
+39320010894;226,97
+39320010896;234,42
+39320010898;163,26
+39320010900;113,23
+39320010902;119,22
+39320010904;26,35
+39320010906;207,17
+39320010908;103,56
+39320010910;154,81
+39320010912;182,05
+39320010914;94,11
+39320010916;242,16
+39320010918;83,22
+39320010920;67,58
+39320010922;248,70
+39320010924;0,25
+39320010926;98,05
+39320010928;85,54
+39320010930;173,60
+39320010932;92,54
+39320010934;211,50
+39320010936;90,69
+39320010938;220,60
+39320010940;34,82
+39320010942;119,15
+39320010944;20,90
+39320010946;84,39
+39320010948;129,91
+39320010950;5,25
+39320010952;37,97
+39320010954;13,63
+39320010956;222,80
+39320010958;190,19
+39320010960;29,32
+39320010962;121,31
+39320010964;215,95
+39320010966;209,42
+39320010968;55,08
+39320010970;54,93
+39320010972;80,49
+39320010974;41,23
+39320010976;0,02
+39320010978;177,34
+39320010980;158,74
+39320010982;37,23
+39320010984;15,60
+39320010986;200,77
+39320010988;27,86
+39320010990;119,75
+39320010992;107,96
+39320010994;99,33
+39320010996;55,06
+39320010998;14,42
+39320011000;14,65
+39320011002;29,91
+39320011004;209,96
+39320011006;213,72
+39320011008;110,77
+39320011010;168,68
+39320011012;148,61
+39320011014;103,10
+39320011016;141,93
+39320011018;96,81
+39320011020;137,38
+39320011022;153,97
+39320011024;215,75
+39320011026;151,27
+39320011028;54,75
+39320011030;167,38
+39320011032;135,26
+39320011034;178,04
+39320011036;212,38
+39320011038;127,11
+39320011040;38,28
+39320011042;113,82
+39320011044;100,82
+39320011046;185,20
+39320011048;171,64
+39320011050;111,75
+39320011052;230,15
+39320011054;234,70
+39320011056;3,05
+39320011058;142,47
+39320011060;16,20
+39320011062;64,34
+39320011064;147,60
+39320011066;3,99
+39320011068;213,01
+39320011070;96,16
+39320011072;181,71
+39320011074;16,41
+39320011076;95,46
+39320011078;130,47
+39320011080;69,26
+39320011082;39,85
+39320011084;45,63
+39320011086;188,08
+39320011088;77,15
+39320011090;160,64
+39320011092;160,18
+39320011094;19,93
+39320011096;13,98
+39320011098;167,53
+39320011100;165,98
+39320011102;165,17
+39320011104;226,58
+39320011106;159,67
+39320011108;245,85
+39320011110;199,08
+39320011112;220,50
+39320011114;15,68
+39320011116;128,16
+39320011118;177,29
+39320011120;201,79
+39320011122;6,58
+39320011124;148,54
+39320011126;108,05
+39320011128;70,36
+39320011130;15,00
+39320011132;170,59
+39320011134;16,23
+39320011136;151,21
+39320011138;154,06
+39320011140;123,63
+39320011142;221,66
+39320011144;156,49
+39320011146;155,56
+39320011148;40,13
+39320011150;149,13
+39320011152;155,91
+39320011154;239,30
+39320011156;160,12
+39320011158;18,15
+39320011160;77,08
+39320011162;107,22
+39320011164;106,66
+39320011166;97,18
+39320011168;119,23
+39320011170;171,21
+39320011172;69,58
+39320011174;102,31
+39320011176;12,54
+39320011178;85,57
+39320011180;186,01
+39320011182;138,59
+39320011184;249,73
+39320011186;63,74
+39320011188;119,90
+39320011190;171,04
+39320011192;80,57
+39320011194;44,16
+39320011196;8,37
+39320011198;49,32
+39320011200;16,13
+39320011202;216,21
+39320011204;111,83
+39320011206;139,60
+39320011208;44,52
+39320011210;171,56
+39320011212;75,94
+39320011214;104,84
+39320011216;239,92
+39320011218;67,62
+39320011220;215,96
+39320011222;45,29
+39320011224;18,82
+39320011226;9,47
+39320011228;34,07
+39320011230;58,10
+39320011232;233,07
+39320011234;245,83
+39320011236;229,84
+39320011238;174,34
+39320011240;13,72
+39320011242;144,31
+39320011244;41,36
+39320011246;43,08
+39320011248;164,68
+39320011250;185,35
+39320011252;49,63
+39320011254;64,02
+39320011256;22,85
+39320011258;158,40
+39320011260;30,18
+39320011262;214,42
+39320011264;101,35
+39320011266;194,67
+39320011268;241,41
+39320011270;52,68
+39320011272;190,70
+39320011274;245,67
+39320011276;39,27
+39320011278;117,64
+39320011280;126,06
+39320011282;152,45
+39320011284;29,35
+39320011286;224,31
+39320011288;37,41
+39320011290;55,09
+39320011292;58,68
+39320011294;36,19
+39320011296;142,23
+39320011298;197,90
+39320011300;81,47
+39320011302;41,45
+39320011304;122,71
+39320011306;93,45
+39320011308;105,08
+39320011310;214,17
+39320011312;192,82
+39320011314;130,80
+39320011316;195,48
+39320011318;153,28
+39320011320;10,42
+39320011322;135,26
+39320011324;94,76
+39320011326;183,67
+39320011328;110,17
+39320011330;144,14
+39320011332;187,29
+39320011334;191,54
+39320011336;157,51
+39320011338;217,23
+39320011340;180,99
+39320011342;4,87
+39320011344;91,80
+39320011346;33,24
+39320011348;33,97
+39320011350;188,93
+39320011352;166,10
+39320011354;248,40
+39320011356;212,30
+39320011358;21,09
+39320011360;212,53
+39320011362;235,28
+39320011364;247,05
+39320011366;208,89
+39320011368;207,36
+39320011370;234,30
+39320011372;119,20
+39320011374;189,28
+39320011376;136,21
+39320011378;168,91
+39320011380;184,03
+39320011382;59,09
+39320011384;246,90
+39320011386;134,28
+39320011388;131,25
+39320011390;242,77
+39320011392;62,04
+39320011394;134,91
+39320011396;137,69
+39320011398;199,52
+39320011400;37,51
+39320011402;246,11
+39320011404;97,59
+39320011406;113,23
+39320011408;211,26
+39320011410;121,68
+39320011412;67,46
+39320011414;83,04
+39320011416;156,57
+39320011418;38,67
+39320011420;38,30
+39320011422;241,18
+39320011424;51,38
+39320011426;192,90
+39320011428;169,15
+39320011430;147,02
+39320011432;183,45
+39320011434;52,42
+39320011436;111,89
+39320011438;169,44
+39320011440;11,09
+39320011442;108,13
+39320011444;199,36
+39320011446;151,30
+39320011448;84,97
+39320011450;237,79
+39320011452;212,23
+39320011454;129,67
+39320011456;154,09
+39320011458;95,28
+39320011460;129,07
+39320011462;94,43
+39320011464;173,50
+39320011466;126,71
+39320011468;123,84
+39320011470;187,55
+39320011472;105,38
+39320011474;158,49
+39320011476;94,15
+39320011478;162,84
+39320011480;188,90
+39320011482;78,99
+39320011484;171,65
+39320011486;153,38
+39320011488;35,04
+39320011490;42,03
+39320011492;136,57
+39320011494;168,78
+39320011496;169,34
+39320011498;222,40
+39320011500;234,00
+39320011502;131,32
+39320011504;221,10
+39320011506;115,10
+39320011508;148,96
+39320011510;228,52
+39320011512;176,00
+39320011514;61,12
+39320011516;127,83
+39320011518;162,54
+39320011520;165,59
+39320011522;65,27
+39320011524;52,36
+39320011526;33,58
+39320011528;210,10
+39320011530;107,88
+39320011532;177,71
+39320011534;213,42
+39320011536;216,00
+39320011538;193,94
+39320011540;178,78
+39320011542;170,99
+39320011544;13,71
+39320011546;58,23
+39320011548;174,61
+39320011550;192,78
+39320011552;142,50
+39320011554;82,36
+39320011556;128,15
+39320011558;44,14
+39320011560;30,38
+39320011562;16,43
+39320011564;212,06
+39320011566;69,82
+39320011568;149,60
+39320011570;238,42
+39320011572;26,20
+39320011574;241,13
+39320011576;154,78
+39320011578;77,29
+39320011580;54,30
+39320011582;171,51
+39320011584;33,23
+39320011586;131,96
+39320011588;196,64
+39320011590;77,11
+39320011592;61,12
+39320011594;123,48
+39320011596;131,47
+39320011598;22,97
+39320011600;133,27
+39320011602;202,98
+39320011604;103,63
+39320011606;214,26
+39320011608;95,26
+39320011610;216,37
+39320011612;219,20
+39320011614;138,31
+39320011616;25,73
+39320011618;86,03
+39320011620;233,55
+39320011622;243,39
+39320011624;114,92
+39320011626;209,73
+39320011628;16,11
+39320011630;216,86
+39320011632;39,03
+39320011634;163,09
+39320011636;53,83
+39320011638;238,75
+39320011640;7,47
+39320011642;163,17
+39320011644;221,91
+39320011646;208,13
+39320011648;1,22
+39320011650;97,04
+39320011652;20,59
+39320011654;59,06
+39320011656;8,96
+39320011658;123,83
+39320011660;39,18
+39320011662;185,75
+39320011664;12,14
+39320011666;142,85
+39320011668;1,80
+39320011670;172,47
+39320011672;57,17
+39320011674;90,60
+39320011676;238,68
+39320011678;46,87
+39320011680;81,36
+39320011682;8,92
+39320011684;68,03
+39320011686;121,34
+39320011688;219,62
+39320011690;166,39
+39320011692;236,90
+39320011694;51,74
+39320011696;31,39
+39320011698;98,95
+39320011700;13,78
+39320011702;208,73
+39320011704;73,35
+39320011706;119,44
+39320011708;159,43
+39320011710;84,49
+39320011712;170,07
+39320011714;84,36
+39320011716;140,87
+39320011718;198,84
+39320011720;165,23
+39320011722;238,98
+39320011724;120,13
+39320011726;55,32
+39320011728;147,01
+39320011730;4,86
+39320011732;6,92
+39320011734;74,61
+39320011736;35,40
+39320011738;122,04
+39320011740;23,13
+39320011742;107,63
+39320011744;162,10
+39320011746;97,83
+39320011748;241,27
+39320011750;56,29
+39320011752;192,13
+39320011754;216,81
+39320011756;127,72
+39320011758;181,57
+39320011760;97,13
+39320011762;160,71
+39320011764;24,42
+39320011766;190,69
+39320011768;5,31
+39320011770;42,30
+39320011772;93,83
+39320011774;26,29
+39320011776;136,89
+39320011778;1,74
+39320011780;210,77
+39320011782;212,91
+39320011784;8,09
+39320011786;30,00
+39320011788;231,25
+39320011790;203,69
+39320011792;118,29
+39320011794;200,60
+39320011796;100,31
+39320011798;161,88
+39320011800;36,34
+39320011802;226,87
+39320011804;236,48
+39320011806;183,34
+39320011808;107,82
+39320011810;134,48
+39320011812;139,52
+39320011814;124,76
+39320011816;2,54
+39320011818;64,27
+39320011820;244,77
+39320011822;222,44
+39320011824;95,86
+39320011826;84,84
+39320011828;121,97
+39320011830;22,10
+39320011832;196,30
+39320011834;240,96
+39320011836;28,75
+39320011838;233,90
+39320011840;84,28
+39320011842;215,91
+39320011844;145,12
+39320011846;3,83
+39320011848;240,24
+39320011850;36,29
+39320011852;224,43
+39320011854;179,72
+39320011856;76,25
+39320011858;243,47
+39320011860;227,82
+39320011862;33,81
+39320011864;171,98
+39320011866;63,55
+39320011868;157,30
+39320011870;238,48
+39320011872;6,20
+39320011874;235,10
+39320011876;80,85
+39320011878;130,38
+39320011880;177,44
+39320011882;74,28
+39320011884;37,72
+39320011886;104,59
+39320011888;73,90
+39320011890;14,81
+39320011892;3,19
+39320011894;90,75
+39320011896;80,75
+39320011898;165,19
+39320011900;47,05
+39320011902;112,53
+39320011904;248,49
+39320011906;7,04
+39320011908;86,61
+39320011910;122,95
+39320011912;169,74
+39320011914;97,09
+39320011916;153,51
+39320011918;192,84
+39320011920;138,62
+39320011922;28,40
+39320011924;153,39
+39320011926;188,79
+39320011928;185,72
+39320011930;157,65
+39320011932;6,58
+39320011934;40,91
+39320011936;105,82
+39320011938;243,90
+39320011940;238,06
+39320011942;203,05
+39320011944;71,22
+39320011946;180,21
+39320011948;94,01
+39320011950;138,75
+39320011952;95,60
+39320011954;224,74
+39320011956;65,37
+39320011958;14,49
+39320011960;19,44
+39320011962;61,95
+39320011964;145,09
+39320011966;89,05
+39320011968;220,16
+39320011970;221,04
+39320011972;107,98
+39320011974;36,06
+39320011976;157,16
+39320011978;62,72
+39320011980;169,05
+39320011982;80,58
+39320011984;35,24
+39320011986;46,41
+39320011988;217,26
+39320011990;190,31
+39320011992;208,22
+39320011994;134,18
+39320011996;215,27
+39320011998;197,91
+39320012000;8,83
+39320012002;46,42
+39320012004;202,33
+39320012006;212,55
+39320012008;48,69
+39320012010;122,25
+39320012012;183,49
+39320012014;56,25
+39320012016;56,75
+39320012018;72,38
+39320012020;184,41
+39320012022;118,69
+39320012024;148,12
+39320012026;172,16
+39320012028;145,42
+39320012030;30,75
+39320012032;82,10
+39320012034;220,29
+39320012036;114,55
+39320012038;88,50
+39320012040;73,31
+39320012042;87,09
+39320012044;69,34
+39320012046;147,77
+39320012048;222,41
+39320012050;127,46
+39320012052;117,71
+39320012054;160,88
+39320012056;29,11
+39320012058;231,44
+39320012060;186,28
+39320012062;103,29
+39320012064;152,07
+39320012066;228,67
+39320012068;40,87
+39320012070;45,01
+39320012072;56,65
+39320012074;118,97
+39320012076;240,82
+39320012078;122,26
+39320012080;47,66
+39320012082;153,95
+39320012084;166,69
+39320012086;81,62
+39320012088;191,20
+39320012090;201,44
+39320012092;230,98
+39320012094;15,72
+39320012096;77,05
+39320012098;223,20
+39320012100;129,59
+39320012102;37,58
+39320012104;195,04
+39320012106;96,16
+39320012108;136,83
+39320012110;158,27
+39320012112;8,35
+39320012114;202,59
+39320012116;21,69
+39320012118;117,70
+39320012120;40,04
+39320012122;46,52
+39320012124;106,94
+39320012126;110,36
+39320012128;165,40
+39320012130;62,35
+39320012132;16,85
+39320012134;131,38
+39320012136;48,19
+39320012138;47,11
+39320012140;120,39
+39320012142;201,20
+39320012144;35,72
+39320012146;16,34
+39320012148;115,32
+39320012150;6,29
+39320012152;63,83
+39320012154;120,37
+39320012156;183,25
+39320012158;30,26
+39320012160;232,94
+39320012162;217,71
+39320012164;225,68
+39320012166;16,05
+39320012168;194,61
+39320012170;133,45
+39320012172;44,03
+39320012174;57,85
+39320012176;181,54
+39320012178;136,36
+39320012180;130,67
+39320012182;67,13
+39320012184;48,59
+39320012186;74,55
+39320012188;91,48
+39320012190;183,95
+39320012192;101,15
+39320012194;2,44
+39320012196;241,99
+39320012198;198,05
+39320012200;224,27
+39320012202;170,95
+39320012204;187,76
+39320012206;32,46
+39320012208;237,00
+39320012210;46,15
+39320012212;195,44
+39320012214;16,40
+39320012216;65,58
+39320012218;8,50
+39320012220;114,38
+39320012222;208,62
+39320012224;65,48
+39320012226;172,39
+39320012228;21,35
+39320012230;227,72
+39320012232;147,37
+39320012234;130,02
+39320012236;76,38
+39320012238;162,48
+39320012240;194,06
+39320012242;131,16
+39320012244;69,30
+39320012246;163,63
+39320012248;71,56
+39320012250;63,77
+39320012252;181,34
+39320012254;140,22
+39320012256;138,75
+39320012258;50,87
+39320012260;231,46
+39320012262;162,24
+39320012264;40,34
+39320012266;202,46
+39320012268;25,82
+39320012270;90,94
+39320012272;164,79
+39320012274;91,26
+39320012276;133,73
+39320012278;233,13
+39320012280;50,02
+39320012282;15,86
+39320012284;162,92
+39320012286;125,91
+39320012288;228,47
+39320012290;189,81
+39320012292;100,92
+39320012294;127,73
+39320012296;149,46
+39320012298;118,02
+39320012300;228,34
+39320012302;62,72
+39320012304;17,74
+39320012306;173,71
+39320012308;146,92
+39320012310;120,19
+39320012312;43,41
+39320012314;167,30
+39320012316;152,40
+39320012318;150,43
+39320012320;82,23
+39320012322;141,83
+39320012324;194,27
+39320012326;241,39
+39320012328;196,79
+39320012330;238,75
+39320012332;68,47
+39320012334;87,09
+39320012336;79,18
+39320012338;147,52
+39320012340;37,16
+39320012342;10,68
+39320012344;158,08
+39320012346;103,58
+39320012348;21,37
+39320012350;199,94
+39320012352;207,86
+39320012354;57,80
+39320012356;204,40
+39320012358;124,57
+39320012360;16,13
+39320012362;69,86
+39320012364;9,35
+39320012366;69,24
+39320012368;212,19
+39320012370;221,84
+39320012372;63,83
+39320012374;26,30
+39320012376;9,29
+39320012378;50,39
+39320012380;32,04
+39320012382;111,61
+39320012384;82,43
+39320012386;53,52
+39320012388;136,13
+39320012390;106,43
+39320012392;119,91
+39320012394;200,75
+39320012396;199,44
+39320012398;242,22
+39320012400;175,87
+39320012402;152,81
+39320012404;171,65
+39320012406;16,57
+39320012408;101,91
+39320012410;214,95
+39320012412;106,66
+39320012414;72,94
+39320012416;103,22
+39320012418;62,75
+39320012420;239,51
+39320012422;101,17
+39320012424;60,92
+39320012426;118,91
+39320012428;104,12
+39320012430;226,55
+39320012432;68,09
+39320012434;85,66
+39320012436;120,41
+39320012438;222,30
+39320012440;140,71
+39320012442;152,35
+39320012444;126,28
+39320012446;18,43
+39320012448;232,21
+39320012450;228,00
+39320012452;109,95
+39320012454;135,33
+39320012456;225,99
+39320012458;189,65
+39320012460;9,38
+39320012462;67,17
+39320012464;1,09
+39320012466;208,15
+39320012468;124,13
+39320012470;38,85
+39320012472;203,00
+39320012474;154,46
+39320012476;138,85
+39320012478;228,28
+39320012480;180,82
+39320012482;109,54
+39320012484;52,08
+39320012486;147,27
+39320012488;55,70
+39320012490;248,21
+39320012492;239,23
+39320012494;53,47
+39320012496;22,51
+39320012498;109,26
+39320012500;234,45
+39320012502;182,79
+39320012504;79,76
+39320012506;3,79
+39320012508;194,17
+39320012510;153,68
+39320012512;115,63
+39320012514;216,66
+39320012516;186,57
+39320012518;156,16
+39320012520;169,60
+39320012522;31,98
+39320012524;8,07
+39320012526;117,74
+39320012528;147,01
+39320012530;89,74
+39320012532;16,49
+39320012534;93,37
+39320012536;91,22
+39320012538;75,32
+39320012540;53,05
+39320012542;138,81
+39320012544;171,37
+39320012546;123,85
+39320012548;196,05
+39320012550;14,83
+39320012552;247,68
+39320012554;52,55
+39320012556;156,39
+39320012558;28,95
+39320012560;101,18
+39320012562;186,59
+39320012564;207,01
+39320012566;219,65
+39320012568;215,37
+39320012570;85,72
+39320012572;110,13
+39320012574;5,21
+39320012576;41,13
+39320012578;173,40
+39320012580;150,21
+39320012582;147,47
+39320012584;21,16
+39320012586;57,54
+39320012588;224,02
+39320012590;216,70
+39320012592;82,04
+39320012594;211,74
+39320012596;65,71
+39320012598;96,13
+39320012600;67,08
+39320012602;104,48
+39320012604;48,59
+39320012606;136,64
+39320012608;77,57
+39320012610;147,21
+39320012612;147,10
+39320012614;181,48
+39320012616;176,05
+39320012618;203,21
+39320012620;128,47
+39320012622;129,38
+39320012624;72,11
+39320012626;159,86
+39320012628;104,76
+39320012630;234,42
+39320012632;111,23
+39320012634;26,32
+39320012636;30,23
+39320012638;219,96
+39320012640;153,12
+39320012642;39,54
+39320012644;52,07
+39320012646;150,17
+39320012648;72,80
+39320012650;235,94
+39320012652;171,63
+39320012654;197,77
+39320012656;248,41
+39320012658;80,89
+39320012660;151,66
+39320012662;7,64
+39320012664;118,87
+39320012666;100,27
+39320012668;121,28
+39320012670;14,35
+39320012672;52,44
+39320012674;87,11
+39320012676;243,80
+39320012678;174,45
+39320012680;170,25
+39320012682;241,23
+39320012684;71,20
+39320012686;99,73
+39320012688;120,82
+39320012690;249,19
+39320012692;90,32
+39320012694;164,11
+39320012696;50,43
+39320012698;179,88
+39320012700;67,83
+39320012702;95,76
+39320012704;116,98
+39320012706;105,42
+39320012708;82,11
+39320012710;145,66
+39320012712;202,26
+39320012714;209,37
+39320012716;83,62
+39320012718;5,98
+39320012720;134,52
+39320012722;220,85
+39320012724;225,54
+39320012726;139,95
+39320012728;34,56
+39320012730;111,72
+39320012732;69,71
+39320012734;58,89
+39320012736;96,72
+39320012738;191,63
+39320012740;106,61
+39320012742;151,08
+39320012744;97,71
+39320012746;129,84
+39320012748;129,55
+39320012750;141,21
+39320012752;246,73
+39320012754;30,55
+39320012756;59,84
+39320012758;9,54
+39320012760;224,79
+39320012762;152,48
+39320012764;70,36
+39320012766;65,10
+39320012768;46,56
+39320012770;113,18
+39320012772;75,04
+39320012774;181,59
+39320012776;140,18
+39320012778;15,23
+39320012780;63,14
+39320012782;40,78
+39320012784;69,32
+39320012786;114,09
+39320012788;218,02
+39320012790;152,74
+39320012792;95,46
+39320012794;59,81
+39320012796;42,09
+39320012798;235,16
+39320012800;57,10
+39320012802;130,80
+39320012804;152,33
+39320012806;168,99
+39320012808;139,96
+39320012810;93,02
+39320012812;120,08
+39320012814;222,66
+39320012816;89,56
+39320012818;47,85
+39320012820;168,09
+39320012822;209,51
+39320012824;156,98
+39320012826;98,42
+39320012828;209,38
+39320012830;172,90
+39320012832;193,30
+39320012834;203,62
+39320012836;190,77
+39320012838;194,43
+39320012840;129,69
+39320012842;101,58
+39320012844;109,91
+39320012846;102,79
+39320012848;225,51
+39320012850;191,40
+39320012852;51,91
+39320012854;29,85
+39320012856;234,61
+39320012858;186,06
+39320012860;32,46
+39320012862;204,82
+39320012864;105,34
+39320012866;152,51
+39320012868;99,13
+39320012870;141,76
+39320012872;7,58
+39320012874;56,25
+39320012876;67,26
+39320012878;204,28
+39320012880;162,46
+39320012882;25,80
+39320012884;163,19
+39320012886;42,60
+39320012888;163,04
+39320012890;175,16
+39320012892;153,94
+39320012894;229,47
+39320012896;133,16
+39320012898;197,46
+39320012900;40,72
+39320012902;88,84
+39320012904;80,34
+39320012906;158,25
+39320012908;131,16
+39320012910;104,69
+39320012912;9,59
+39320012914;150,28
+39320012916;47,04
+39320012918;33,26
+39320012920;3,65
+39320012922;223,09
+39320012924;231,96
+39320012926;114,04
+39320012928;172,38
+39320012930;200,38
+39320012932;105,79
+39320012934;244,01
+39320012936;162,91
+39320012938;120,09
+39320012940;238,71
+39320012942;185,69
+39320012944;201,08
+39320012946;59,76
+39320012948;108,97
+39320012950;77,68
+39320012952;4,98
+39320012954;66,94
+39320012956;111,94
+39320012958;20,99
+39320012960;167,12
+39320012962;221,06
+39320012964;192,83
+39320012966;182,84
+39320012968;16,33
+39320012970;19,45
+39320012972;15,75
+39320012974;234,47
+39320012976;221,94
+39320012978;45,15
+39320012980;92,15
+39320012982;52,99
+39320012984;249,79
+39320012986;175,29
+39320012988;70,36
+39320012990;31,87
+39320012992;200,05
+39320012994;190,21
+39320012996;70,11
+39320012998;113,74
+39320013000;108,90
+39320013002;168,72
+39320013004;218,17
+39320013006;154,41
+39320013008;246,42
+39320013010;28,63
+39320013012;169,91
+39320013014;245,52
+39320013016;219,12
+39320013018;65,54
+39320013020;85,71
+39320013022;241,00
+39320013024;31,34
+39320013026;167,09
+39320013028;201,53
+39320013030;0,58
+39320013032;247,44
+39320013034;208,92
+39320013036;195,54
+39320013038;70,93
+39320013040;113,66
+39320013042;211,70
+39320013044;184,74
+39320013046;193,65
+39320013048;168,17
+39320013050;22,05
+39320013052;4,61
+39320013054;219,23
+39320013056;167,47
+39320013058;189,55
+39320013060;233,44
+39320013062;104,42
+39320013064;19,52
+39320013066;100,38
+39320013068;165,47
+39320013070;107,69
+39320013072;156,06
+39320013074;87,19
+39320013076;113,58
+39320013078;109,91
+39320013080;59,60
+39320013082;58,01
+39320013084;133,79
+39320013086;77,34
+39320013088;195,64
+39320013090;223,01
+39320013092;136,76
+39320013094;80,10
+39320013096;4,22
+39320013098;247,46
+39320013100;188,55
+39320013102;143,75
+39320013104;238,96
+39320013106;124,13
+39320013108;220,13
+39320013110;171,14
+39320013112;6,74
+39320013114;59,97
+39320013116;158,50
+39320013118;52,29
+39320013120;186,50
+39320013122;219,98
+39320013124;6,28
+39320013126;170,34
+39320013128;91,92
+39320013130;234,84
+39320013132;248,17
+39320013134;222,03
+39320013136;151,75
+39320013138;96,14
+39320013140;183,31
+39320013142;136,59
+39320013144;208,58
+39320013146;148,57
+39320013148;145,11
+39320013150;51,88
+39320013152;144,59
+39320013154;19,86
+39320013156;126,15
+39320013158;190,46
+39320013160;109,97
+39320013162;196,30
+39320013164;235,06
+39320013166;169,71
+39320013168;85,03
+39320013170;181,51
+39320013172;60,56
+39320013174;129,61
+39320013176;170,53
+39320013178;140,21
+39320013180;108,04
+39320013182;157,79
+39320013184;214,30
+39320013186;130,66
+39320013188;188,97
+39320013190;172,96
+39320013192;208,14
+39320013194;85,37
+39320013196;39,34
+39320013198;169,73
+39320013200;160,08
+39320013202;223,99
+39320013204;111,88
+39320013206;201,81
+39320013208;111,81
+39320013210;113,00
+39320013212;13,36
+39320013214;138,04
+39320013216;166,13
+39320013218;121,41
+39320013220;226,56
+39320013222;63,02
+39320013224;227,80
+39320013226;245,22
+39320013228;145,25
+39320013230;99,73
+39320013232;229,90
+39320013234;120,00
+39320013236;47,54
+39320013238;10,36
+39320013240;157,28
+39320013242;206,17
+39320013244;3,26
+39320013246;58,88
+39320013248;143,54
+39320013250;227,23
+39320013252;156,04
+39320013254;0,10
+39320013256;45,22
+39320013258;189,33
+39320013260;227,45
+39320013262;170,28
+39320013264;18,00
+39320013266;154,60
+39320013268;63,17
+39320013270;223,30
+39320013272;244,70
+39320013274;103,78
+39320013276;68,65
+39320013278;247,75
+39320013280;173,59
+39320013282;86,64
+39320013284;85,41
+39320013286;33,79
+39320013288;176,81
+39320013290;61,99
+39320013292;225,27
+39320013294;2,86
+39320013296;18,81
+39320013298;20,01
+39320013300;55,30
+39320013302;82,63
+39320013304;233,72
+39320013306;209,78
+39320013308;73,80
+39320013310;219,07
+39320013312;173,93
+39320013314;237,35
+39320013316;94,45
+39320013318;37,09
+39320013320;58,79
+39320013322;122,68
+39320013324;32,68
+39320013326;95,50
+39320013328;246,37
+39320013330;28,92
+39320013332;12,06
+39320013334;15,33
+39320013336;239,85
+39320013338;122,86
+39320013340;132,09
+39320013342;41,13
+39320013344;30,56
+39320013346;9,84
+39320013348;40,24
+39320013350;6,36
+39320013352;64,30
+39320013354;202,49
+39320013356;180,00
+39320013358;26,18
+39320013360;114,03
+39320013362;191,85
+39320013364;116,24
+39320013366;107,14
+39320013368;134,84
+39320013370;113,64
+39320013372;112,47
+39320013374;221,60
+39320013376;56,23
+39320013378;115,29
+39320013380;80,05
+39320013382;187,59
+39320013384;192,05
+39320013386;244,29
+39320013388;204,58
+39320013390;179,03
+39320013392;209,60
+39320013394;185,57
+39320013396;132,31
+39320013398;179,06
+39320013400;78,62
+39320013402;192,73
+39320013404;1,11
+39320013406;209,85
+39320013408;66,14
+39320013410;6,20
+39320013412;204,46
+39320013414;6,51
+39320013416;212,16
+39320013418;5,86
+39320013420;238,24
+39320013422;87,38
+39320013424;111,67
+39320013426;203,11
+39320013428;108,54
+39320013430;197,48
+39320013432;237,12
+39320013434;132,25
+39320013436;20,17
+39320013438;213,44
+39320013440;205,05
+39320013442;50,58
+39320013444;210,67
+39320013446;126,74
+39320013448;118,68
+39320013450;245,46
+39320013452;171,29
+39320013454;136,02
+39320013456;195,69
+39320013458;138,35
+39320013460;247,26
+39320013462;133,82
+39320013464;128,88
+39320013466;220,14
+39320013468;26,83
+39320013470;125,53
+39320013472;76,14
+39320013474;15,02
+39320013476;170,35
+39320013478;230,65
+39320013480;23,19
+39320013482;111,31
+39320013484;101,17
+39320013486;0,20
+39320013488;225,00
+39320013490;218,02
+39320013492;225,08
+39320013494;228,21
+39320013496;21,31
+39320013498;233,03
+39320013500;50,49
+39320013502;112,90
+39320013504;3,12
+39320013506;234,00
+39320013508;102,60
+39320013510;108,29
+39320013512;248,02
+39320013514;25,21
+39320013516;221,59
+39320013518;218,72
+39320013520;106,93
+39320013522;83,92
+39320013524;116,65
+39320013526;85,70
+39320013528;114,84
+39320013530;134,59
+39320013532;160,02
+39320013534;179,36
+39320013536;170,13
+39320013538;93,48
+39320013540;156,62
+39320013542;8,50
+39320013544;40,27
+39320013546;162,70
+39320013548;120,11
+39320013550;24,96
+39320013552;181,12
+39320013554;88,23
+39320013556;241,56
+39320013558;109,97
+39320013560;202,68
+39320013562;161,03
+39320013564;155,25
+39320013566;182,10
+39320013568;184,36
+39320013570;55,90
+39320013572;76,74
+39320013574;37,74
+39320013576;147,75
+39320013578;175,50
+39320013580;159,66
+39320013582;152,16
+39320013584;86,14
+39320013586;157,24
+39320013588;57,53
+39320013590;193,39
+39320013592;98,39
+39320013594;204,08
+39320013596;243,07
+39320013598;108,60
+39320013600;183,78
+39320013602;21,77
+39320013604;173,90
+39320013606;99,40
+39320013608;207,08
+39320013610;6,68
+39320013612;133,79
+39320013614;235,41
+39320013616;130,49
+39320013618;232,76
+39320013620;203,92
+39320013622;101,85
+39320013624;108,78
+39320013626;173,10
+39320013628;124,69
+39320013630;157,25
+39320013632;71,09
+39320013634;73,70
+39320013636;65,15
+39320013638;106,10
+39320013640;36,06
+39320013642;122,69
+39320013644;60,35
+39320013646;101,77
+39320013648;75,36
+39320013650;160,07
+39320013652;97,71
+39320013654;182,34
+39320013656;120,75
+39320013658;179,81
+39320013660;43,06
+39320013662;26,06
+39320013664;42,20
+39320013666;147,31
+39320013668;78,04
+39320013670;131,55
+39320013672;94,41
+39320013674;119,19
+39320013676;55,81
+39320013678;84,40
+39320013680;32,66
+39320013682;227,88
+39320013684;245,70
+39320013686;66,49
+39320013688;199,37
+39320013690;110,58
+39320013692;65,31
+39320013694;106,33
+39320013696;45,53
+39320013698;75,84
+39320013700;100,28
+39320013702;235,02
+39320013704;103,06
+39320013706;16,63
+39320013708;18,04
+39320013710;61,88
+39320013712;164,26
+39320013714;138,34
+39320013716;65,14
+39320013718;7,29
+39320013720;208,50
+39320013722;156,40
+39320013724;201,39
+39320013726;64,95
+39320013728;177,31
+39320013730;121,17
+39320013732;78,10
+39320013734;129,41
+39320013736;56,46
+39320013738;62,43
+39320013740;114,03
+39320013742;123,85
+39320013744;49,13
+39320013746;71,54
+39320013748;159,30
+39320013750;230,04
+39320013752;31,70
+39320013754;134,19
+39320013756;218,16
+39320013758;47,25
+39320013760;201,73
+39320013762;26,97
+39320013764;175,04
+39320013766;77,85
+39320013768;201,85
+39320013770;25,80
+39320013772;163,95
+39320013774;163,53
+39320013776;168,40
+39320013778;216,09
+39320013780;160,22
+39320013782;221,69
+39320013784;42,35
+39320013786;126,61
+39320013788;58,82
+39320013790;129,94
+39320013792;140,01
+39320013794;2,05
+39320013796;33,67
+39320013798;18,37
+39320013800;244,91
+39320013802;26,28
+39320013804;96,29
+39320013806;248,90
+39320013808;206,90
+39320013810;1,12
+39320013812;24,03
+39320013814;70,45
+39320013816;142,48
+39320013818;3,50
+39320013820;0,50
+39320013822;7,20
+39320013824;148,78
+39320013826;41,64
+39320013828;11,18
+39320013830;65,36
+39320013832;151,26
+39320013834;81,45
+39320013836;8,23
+39320013838;141,26
+39320013840;105,20
+39320013842;31,69
+39320013844;159,99
+39320013846;113,17
+39320013848;131,17
+39320013850;59,50
+39320013852;80,06
+39320013854;247,67
+39320013856;246,89
+39320013858;2,04
+39320013860;135,94
+39320013862;217,21
+39320013864;192,10
+39320013866;3,38
+39320013868;61,86
+39320013870;83,04
+39320013872;114,02
+39320013874;136,54
+39320013876;216,32
+39320013878;157,41
+39320013880;163,91
+39320013882;38,65
+39320013884;2,52
+39320013886;15,35
+39320013888;15,63
+39320013890;142,78
+39320013892;234,88
+39320013894;218,27
+39320013896;116,84
+39320013898;97,90
+39320013900;91,57
+39320013902;87,10
+39320013904;16,94
+39320013906;248,03
+39320013908;111,34
+39320013910;223,69
+39320013912;183,46
+39320013914;165,79
+39320013916;148,59
+39320013918;165,55
+39320013920;54,17
+39320013922;192,23
+39320013924;76,59
+39320013926;175,87
+39320013928;50,06
+39320013930;192,84
+39320013932;205,01
+39320013934;161,22
+39320013936;153,94
+39320013938;152,25
+39320013940;152,34
+39320013942;235,04
+39320013944;90,81
+39320013946;126,04
+39320013948;211,31
+39320013950;223,06
+39320013952;55,27
+39320013954;163,70
+39320013956;128,91
+39320013958;24,36
+39320013960;20,41
+39320013962;6,69
+39320013964;240,01
+39320013966;122,06
+39320013968;4,64
+39320013970;37,40
+39320013972;21,57
+39320013974;146,30
+39320013976;189,50
+39320013978;214,57
+39320013980;74,41
+39320013982;117,00
+39320013984;156,80
+39320013986;163,02
+39320013988;116,05
+39320013990;153,78
+39320013992;172,43
+39320013994;82,07
+39320013996;230,53
+39320013998;202,40
+39320014000;238,10
+39320014002;118,30
+39320014004;128,33
+39320014006;195,80
+39320014008;134,01
+39320014010;67,61
+39320014012;10,73
+39320014014;144,08
+39320014016;105,22
+39320014018;227,83
+39320014020;242,54
+39320014022;183,75
+39320014024;245,01
+39320014026;164,20
+39320014028;207,06
+39320014030;159,43
+39320014032;88,87
+39320014034;20,08
+39320014036;71,31
+39320014038;241,11
+39320014040;166,10
+39320014042;111,59
+39320014044;36,71
+39320014046;32,21
+39320014048;248,61
+39320014050;189,85
+39320014052;105,42
+39320014054;175,55
+39320014056;67,13
+39320014058;182,23
+39320014060;25,99
+39320014062;163,33
+39320014064;31,93
+39320014066;95,05
+39320014068;68,30
+39320014070;73,35
+39320014072;245,31
+39320014074;196,18
+39320014076;9,29
+39320014078;243,27
+39320014080;29,02
+39320014082;9,95
+39320014084;112,12
+39320014086;77,07
+39320014088;195,28
+39320014090;155,37
+39320014092;202,20
+39320014094;172,27
+39320014096;209,41
+39320014098;119,80
+39320014100;114,52
+39320014102;238,16
+39320014104;235,98
+39320014106;53,16
+39320014108;33,01
+39320014110;150,80
+39320014112;23,62
+39320014114;14,20
+39320014116;172,70
+39320014118;62,46
+39320014120;115,05
+39320014122;192,58
+39320014124;126,22
+39320014126;222,34
+39320014128;11,39
+39320014130;39,22
+39320014132;79,01
+39320014134;119,18
+39320014136;114,17
+39320014138;246,02
+39320014140;248,16
+39320014142;187,73
+39320014144;212,24
+39320014146;86,06
+39320014148;89,98
+39320014150;86,76
+39320014152;127,23
+39320014154;80,94
+39320014156;219,20
+39320014158;6,12
+39320014160;190,55
+39320014162;246,44
+39320014164;119,24
+39320014166;164,46
+39320014168;218,70
+39320014170;118,24
+39320014172;11,24
+39320014174;43,94
+39320014176;65,30
+39320014178;66,25
+39320014180;59,67
+39320014182;155,43
+39320014184;34,06
+39320014186;158,86
+39320014188;71,54
+39320014190;1,51
+39320014192;172,36
+39320014194;92,97
+39320014196;166,59
+39320014198;53,00
+39320014200;120,60
+39320014202;150,84
+39320014204;162,19
+39320014206;130,64
+39320014208;98,48
+39320014210;49,46
+39320014212;110,22
+39320014214;163,74
+39320014216;81,42
+39320014218;40,88
+39320014220;131,12
+39320014222;166,29
+39320014224;221,13
+39320014226;37,94
+39320014228;154,00
+39320014230;115,07
+39320014232;179,70
+39320014234;129,95
+39320014236;178,46
+39320014238;110,37
+39320014240;73,63
+39320014242;94,75
+39320014244;136,38
+39320014246;216,52
+39320014248;82,96
+39320014250;109,62
+39320014252;55,84
+39320014254;143,36
+39320014256;117,58
+39320014258;51,37
+39320014260;76,44
+39320014262;97,61
+39320014264;133,30
+39320014266;178,83
+39320014268;20,37
+39320014270;184,33
+39320014272;230,63
+39320014274;120,13
+39320014276;95,77
+39320014278;79,10
+39320014280;13,94
+39320014282;47,26
+39320014284;103,56
+39320014286;40,64
+39320014288;226,30
+39320014290;209,31
+39320014292;160,05
+39320014294;214,89
+39320014296;165,81
+39320014298;248,21
+39320014300;92,63
+39320014302;211,47
+39320014304;15,53
+39320014306;248,75
+39320014308;188,12
+39320014310;231,61
+39320014312;91,84
+39320014314;105,86
+39320014316;93,58
+39320014318;160,10
+39320014320;128,96
+39320014322;8,69
+39320014324;60,44
+39320014326;27,30
+39320014328;173,73
+39320014330;87,14
+39320014332;27,28
+39320014334;191,23
+39320014336;81,95
+39320014338;43,11
+39320014340;202,73
+39320014342;129,08
+39320014344;72,24
+39320014346;209,17
+39320014348;229,27
+39320014350;248,45
+39320014352;116,31
+39320014354;83,24
+39320014356;149,23
+39320014358;205,40
+39320014360;33,45
+39320014362;13,68
+39320014364;24,91
+39320014366;158,49
+39320014368;32,43
+39320014370;11,12
+39320014372;0,72
+39320014374;213,29
+39320014376;58,10
+39320014378;68,45
+39320014380;69,96
+39320014382;0,51
+39320014384;249,94
+39320014386;242,62
+39320014388;61,41
+39320014390;99,52
+39320014392;177,59
+39320014394;44,81
+39320014396;165,99
+39320014398;9,43
+39320014400;82,69
+39320014402;90,00
+39320014404;218,96
+39320014406;169,50
+39320014408;56,94
+39320014410;213,62
+39320014412;118,71
+39320014414;49,50
+39320014416;230,75
+39320014418;10,89
+39320014420;186,11
+39320014422;78,00
+39320014424;42,37
+39320014426;158,38
+39320014428;205,49
+39320014430;83,45
+39320014432;117,65
+39320014434;64,12
+39320014436;231,90
+39320014438;200,69
+39320014440;11,36
+39320014442;223,72
+39320014444;248,35
+39320014446;4,25
+39320014448;91,39
+39320014450;228,19
+39320014452;118,32
+39320014454;41,28
+39320014456;12,88
+39320014458;8,94
+39320014460;104,71
+39320014462;56,37
+39320014464;91,50
+39320014466;100,46
+39320014468;92,66
+39320014470;15,83
+39320014472;139,14
+39320014474;153,13
+39320014476;74,27
+39320014478;144,96
+39320014480;10,95
+39320014482;179,14
+39320014484;177,86
+39320014486;206,40
+39320014488;226,86
+39320014490;115,21
+39320014492;101,51
+39320014494;0,24
+39320014496;72,24
+39320014498;62,97
+39320014500;6,56
+39320014502;201,83
+39320014504;83,29
+39320014506;209,69
+39320014508;195,44
+39320014510;148,81
+39320014512;158,46
+39320014514;161,38
+39320014516;133,73
+39320014518;216,88
+39320014520;216,34
+39320014522;178,14
+39320014524;50,49
+39320014526;45,42
+39320014528;60,06
+39320014530;99,82
+39320014532;16,02
+39320014534;216,85
+39320014536;213,14
+39320014538;209,53
+39320014540;184,75
+39320014542;95,45
+39320014544;84,97
+39320014546;190,44
+39320014548;211,28
+39320014550;36,75
+39320014552;243,98
+39320014554;136,90
+39320014556;33,39
+39320014558;54,07
+39320014560;102,79
+39320014562;67,39
+39320014564;192,87
+39320014566;71,89
+39320014568;74,49
+39320014570;65,31
+39320014572;39,05
+39320014574;59,96
+39320014576;57,86
+39320014578;193,50
+39320014580;3,77
+39320014582;47,67
+39320014584;131,61
+39320014586;42,82
+39320014588;168,02
+39320014590;165,57
+39320014592;15,34
+39320014594;209,04
+39320014596;23,97
+39320014598;83,91
+39320014600;151,04
+39320014602;29,14
+39320014604;249,36
+39320014606;147,10
+39320014608;129,86
+39320014610;183,81
+39320014612;71,47
+39320014614;188,40
+39320014616;217,05
+39320014618;145,01
+39320014620;53,88
+39320014622;226,28
+39320014624;137,96
+39320014626;160,48
+39320014628;149,35
+39320014630;61,50
+39320014632;94,18
+39320014634;121,29
+39320014636;227,47
+39320014638;242,40
+39320014640;117,47
+39320014642;40,97
+39320014644;122,47
+39320014646;107,33
+39320014648;36,40
+39320014650;202,91
+39320014652;136,30
+39320014654;176,92
+39320014656;48,87
+39320014658;185,31
+39320014660;75,18
+39320014662;39,05
+39320014664;108,04
+39320014666;39,99
+39320014668;247,90
+39320014670;213,54
+39320014672;130,51
+39320014674;49,21
+39320014676;44,15
+39320014678;54,37
+39320014680;248,60
+39320014682;36,14
+39320014684;6,85
+39320014686;215,45
+39320014688;229,84
+39320014690;219,36
+39320014692;23,97
+39320014694;74,82
+39320014696;77,87
+39320014698;46,38
+39320014700;62,91
+39320014702;96,97
+39320014704;6,57
+39320014706;206,04
+39320014708;55,13
+39320014710;56,67
+39320014712;161,03
+39320014714;69,89
+39320014716;173,53
+39320014718;172,89
+39320014720;160,68
+39320014722;69,58
+39320014724;230,79
+39320014726;138,20
+39320014728;221,21
+39320014730;51,81
+39320014732;111,69
+39320014734;235,82
+39320014736;196,94
+39320014738;182,84
+39320014740;5,41
+39320014742;190,61
+39320014744;159,75
+39320014746;85,07
+39320014748;90,35
+39320014750;14,80
+39320014752;247,82
+39320014754;202,16
+39320014756;32,28
+39320014758;185,26
+39320014760;47,77
+39320014762;120,51
+39320014764;105,34
+39320014766;139,39
+39320014768;203,35
+39320014770;206,45
+39320014772;170,32
+39320014774;116,59
+39320014776;188,31
+39320014778;185,79
+39320014780;67,22
+39320014782;184,99
+39320014784;95,21
+39320014786;10,33
+39320014788;192,78
+39320014790;34,09
+39320014792;114,52
+39320014794;0,17
+39320014796;83,23
+39320014798;169,37
+39320014800;200,71
+39320014802;167,00
+39320014804;223,08
+39320014806;199,00
+39320014808;15,52
+39320014810;88,77
+39320014812;44,48
+39320014814;244,61
+39320014816;105,71
+39320014818;111,42
+39320014820;126,85
+39320014822;233,40
+39320014824;237,42
+39320014826;142,11
+39320014828;120,97
+39320014830;50,09
+39320014832;42,63
+39320014834;210,60
+39320014836;189,93
+39320014838;38,97
+39320014840;80,04
+39320014842;183,13
+39320014844;244,58
+39320014846;16,79
+39320014848;74,59
+39320014850;173,87
+39320014852;119,61
+39320014854;37,34
+39320014856;66,62
+39320014858;10,75
+39320014860;83,79
+39320014862;133,37
+39320014864;227,59
+39320014866;228,42
+39320014868;60,19
+39320014870;186,86
+39320014872;40,88
+39320014874;40,86
+39320014876;68,91
+39320014878;70,43
+39320014880;115,89
+39320014882;109,58
+39320014884;167,00
+39320014886;70,45
+39320014888;103,39
+39320014890;9,25
+39320014892;184,26
+39320014894;131,05
+39320014896;182,93
+39320014898;27,28
+39320014900;249,89
+39320014902;130,93
+39320014904;92,98
+39320014906;160,04
+39320014908;26,20
+39320014910;120,59
+39320014912;146,60
+39320014914;6,38
+39320014916;146,04
+39320014918;164,47
+39320014920;15,43
+39320014922;174,66
+39320014924;17,85
+39320014926;229,38
+39320014928;249,80
+39320014930;142,11
+39320014932;4,07
+39320014934;72,29
+39320014936;21,40
+39320014938;14,75
+39320014940;167,81
+39320014942;171,26
+39320014944;18,76
+39320014946;92,62
+39320014948;54,26
+39320014950;181,99
+39320014952;113,93
+39320014954;9,72
+39320014956;3,85
+39320014958;111,22
+39320014960;161,87
+39320014962;29,00
+39320014964;56,99
+39320014966;83,03
+39320014968;141,70
+39320014970;66,46
+39320014972;232,83
+39320014974;12,94
+39320014976;16,26
+39320014978;134,97
+39320014980;26,18
+39320014982;30,54
+39320014984;226,80
+39320014986;43,54
+39320014988;117,72
+39320014990;64,01
+39320014992;154,08
+39320014994;27,97
+39320014996;26,26
+39320014998;240,87
+39320015000;157,95
+39320015002;218,32
+39320015004;236,76
+39320015006;53,86
+39320015008;9,01
+39320015010;124,82
+39320015012;46,72
+39320015014;109,68
+39320015016;183,42
+39320015018;161,99
+39320015020;80,22
+39320015022;186,90
+39320015024;231,60
+39320015026;129,39
+39320015028;197,79
+39320015030;107,13
+39320015032;32,08
+39320015034;203,14
+39320015036;9,74
+39320015038;3,73
+39320015040;183,85
+39320015042;143,77
+39320015044;208,29
+39320015046;245,78
+39320015048;209,33
+39320015050;6,44
+39320015052;152,79
+39320015054;28,57
+39320015056;215,36
+39320015058;235,37
+39320015060;248,49
+39320015062;33,93
+39320015064;211,33
+39320015066;46,18
+39320015068;111,87
+39320015070;183,25
+39320015072;177,49
+39320015074;155,66
+39320015076;66,17
+39320015078;74,46
+39320015080;205,21
+39320015082;101,29
+39320015084;161,19
+39320015086;60,71
+39320015088;108,37
+39320015090;213,56
+39320015092;223,56
+39320015094;15,64
+39320015096;9,38
+39320015098;238,05
+39320015100;141,38
+39320015102;33,92
+39320015104;37,10
+39320015106;47,26
+39320015108;123,18
+39320015110;154,38
+39320015112;165,81
+39320015114;114,69
+39320015116;2,89
+39320015118;127,67
+39320015120;62,86
+39320015122;125,83
+39320015124;158,26
+39320015126;178,96
+39320015128;47,75
+39320015130;248,34
+39320015132;144,08
+39320015134;140,48
+39320015136;62,24
+39320015138;96,34
+39320015140;96,84
+39320015142;4,04
+39320015144;206,57
+39320015146;147,41
+39320015148;183,37
+39320015150;35,11
+39320015152;210,66
+39320015154;14,49
+39320015156;140,56
+39320015158;237,78
+39320015160;193,97
+39320015162;212,71
+39320015164;138,67
+39320015166;168,35
+39320015168;6,74
+39320015170;45,13
+39320015172;167,90
+39320015174;97,77
+39320015176;54,09
+39320015178;5,16
+39320015180;104,36
+39320015182;54,64
+39320015184;148,88
+39320015186;11,01
+39320015188;175,55
+39320015190;249,34
+39320015192;2,15
+39320015194;85,09
+39320015196;131,53
+39320015198;162,15
+39320015200;207,87
+39320015202;169,69
+39320015204;137,10
+39320015206;104,02
+39320015208;46,70
+39320015210;172,96
+39320015212;190,41
+39320015214;87,87
+39320015216;222,78
+39320015218;77,91
+39320015220;146,26
+39320015222;193,71
+39320015224;65,31
+39320015226;16,46
+39320015228;92,95
+39320015230;45,01
+39320015232;187,90
+39320015234;152,51
+39320015236;110,05
+39320015238;145,32
+39320015240;126,19
+39320015242;152,82
+39320015244;52,62
+39320015246;130,47
+39320015248;3,59
+39320015250;209,40
+39320015252;112,48
+39320015254;140,87
+39320015256;23,39
+39320015258;191,71
+39320015260;109,72
+39320015262;5,82
+39320015264;249,21
+39320015266;69,77
+39320015268;84,75
+39320015270;184,45
+39320015272;83,10
+39320015274;88,60
+39320015276;214,92
+39320015278;155,20
+39320015280;179,05
+39320015282;205,81
+39320015284;8,94
+39320015286;236,71
+39320015288;53,23
+39320015290;72,78
+39320015292;110,53
+39320015294;220,62
+39320015296;237,88
+39320015298;193,01
+39320015300;235,62
+39320015302;62,08
+39320015304;174,68
+39320015306;71,11
+39320015308;233,52
+39320015310;0,26
+39320015312;42,70
+39320015314;136,42
+39320015316;6,44
+39320015318;134,94
+39320015320;28,92
+39320015322;158,50
+39320015324;125,69
+39320015326;64,27
+39320015328;203,19
+39320015330;2,41
+39320015332;153,63
+39320015334;116,01
+39320015336;176,07
+39320015338;201,66
+39320015340;28,44
+39320015342;99,65
+39320015344;4,62
+39320015346;65,18
+39320015348;223,95
+39320015350;70,17
+39320015352;72,23
+39320015354;176,52
+39320015356;179,38
+39320015358;239,65
+39320015360;31,28
+39320015362;246,30
+39320015364;210,02
+39320015366;33,06
+39320015368;4,66
+39320015370;195,13
+39320015372;42,34
+39320015374;4,83
+39320015376;130,81
+39320015378;212,86
+39320015380;88,93
+39320015382;146,18
+39320015384;176,82
+39320015386;79,27
+39320015388;126,79
+39320015390;225,81
+39320015392;144,03
+39320015394;212,45
+39320015396;146,25
+39320015398;88,07
+39320015400;240,85
+39320015402;10,66
+39320015404;135,27
+39320015406;110,22
+39320015408;196,22
+39320015410;75,92
+39320015412;182,98
+39320015414;167,41
+39320015416;226,00
+39320015418;192,78
+39320015420;9,25
+39320015422;128,02
+39320015424;84,86
+39320015426;150,71
+39320015428;98,09
+39320015430;26,17
+39320015432;54,45
+39320015434;44,93
+39320015436;4,01
+39320015438;71,38
+39320015440;41,49
+39320015442;134,30
+39320015444;39,27
+39320015446;73,85
+39320015448;237,63
+39320015450;79,34
+39320015452;27,84
+39320015454;122,98
+39320015456;205,15
+39320015458;102,22
+39320015460;4,93
+39320015462;218,43
+39320015464;221,40
+39320015466;125,51
+39320015468;176,42
+39320015470;183,76
+39320015472;90,13
+39320015474;188,87
+39320015476;139,20
+39320015478;62,64
+39320015480;229,14
+39320015482;164,76
+39320015484;73,64
+39320015486;4,44
+39320015488;220,32
+39320015490;99,85
+39320015492;220,90
+39320015494;186,63
+39320015496;245,02
+39320015498;150,67
+39320015500;130,79
+39320015502;73,55
+39320015504;97,83
+39320015506;34,36
+39320015508;101,11
+39320015510;247,05
+39320015512;171,83
+39320015514;223,06
+39320015516;86,14
+39320015518;5,54
+39320015520;116,57
+39320015522;199,48
+39320015524;154,49
+39320015526;176,37
+39320015528;124,05
+39320015530;235,95
+39320015532;89,73
+39320015534;177,70
+39320015536;200,43
+39320015538;232,48
+39320015540;202,34
+39320015542;44,84
+39320015544;37,24
+39320015546;185,97
+39320015548;68,34
+39320015550;126,99
+39320015552;194,68
+39320015554;130,22
+39320015556;162,65
+39320015558;76,89
+39320015560;5,91
+39320015562;55,59
+39320015564;11,46
+39320015566;148,71
+39320015568;14,89
+39320015570;200,63
+39320015572;127,09
+39320015574;111,62
+39320015576;83,51
+39320015578;194,33
+39320015580;242,95
+39320015582;121,04
+39320015584;158,07
+39320015586;178,24
+39320015588;54,99
+39320015590;52,24
+39320015592;16,99
+39320015594;243,02
+39320015596;70,21
+39320015598;191,12
+39320015600;207,74
+39320015602;37,46
+39320015604;109,18
+39320015606;16,10
+39320015608;127,08
+39320015610;39,07
+39320015612;66,11
+39320015614;104,14
+39320015616;85,51
+39320015618;131,87
+39320015620;112,40
+39320015622;186,15
+39320015624;50,74
+39320015626;17,08
+39320015628;7,37
+39320015630;167,42
+39320015632;148,87
+39320015634;6,41
+39320015636;15,05
+39320015638;147,04
+39320015640;103,08
+39320015642;197,52
+39320015644;82,51
+39320015646;163,69
+39320015648;207,25
+39320015650;130,07
+39320015652;201,79
+39320015654;118,47
+39320015656;95,61
+39320015658;0,04
+39320015660;74,42
+39320015662;190,48
+39320015664;86,14
+39320015666;112,93
+39320015668;219,52
+39320015670;132,93
+39320015672;104,54
+39320015674;199,41
+39320015676;192,88
+39320015678;45,21
+39320015680;228,27
+39320015682;119,67
+39320015684;44,69
+39320015686;190,41
+39320015688;168,55
+39320015690;3,47
+39320015692;146,04
+39320015694;189,00
+39320015696;61,70
+39320015698;90,31
+39320015700;82,31
+39320015702;164,18
+39320015704;234,78
+39320015706;171,46
+39320015708;65,50
+39320015710;82,92
+39320015712;123,72
+39320015714;89,51
+39320015716;174,58
+39320015718;165,39
+39320015720;213,54
+39320015722;17,02
+39320015724;182,14
+39320015726;96,27
+39320015728;218,45
+39320015730;208,71
+39320015732;68,14
+39320015734;127,86
+39320015736;226,18
+39320015738;216,54
+39320015740;112,69
+39320015742;192,33
+39320015744;58,34
+39320015746;243,10
+39320015748;56,18
+39320015750;205,74
+39320015752;172,29
+39320015754;224,65
+39320015756;137,28
+39320015758;67,58
+39320015760;200,78
+39320015762;38,96
+39320015764;205,03
+39320015766;191,16
+39320015768;174,72
+39320015770;131,29
+39320015772;181,00
+39320015774;155,02
+39320015776;159,07
+39320015778;134,82
+39320015780;100,14
+39320015782;234,52
+39320015784;121,91
+39320015786;109,80
+39320015788;25,90
+39320015790;111,36
+39320015792;48,38
+39320015794;21,27
+39320015796;30,65
+39320015798;39,21
+39320015800;52,91
+39320015802;211,19
+39320015804;185,51
+39320015806;123,81
+39320015808;72,94
+39320015810;159,95
+39320015812;226,45
+39320015814;172,71
+39320015816;99,45
+39320015818;216,78
+39320015820;30,07
+39320015822;77,68
+39320015824;165,25
+39320015826;181,10
+39320015828;180,75
+39320015830;183,07
+39320015832;219,97
+39320015834;43,07
+39320015836;125,55
+39320015838;78,01
+39320015840;243,41
+39320015842;45,34
+39320015844;123,51
+39320015846;243,78
+39320015848;105,90
+39320015850;246,73
+39320015852;25,63
+39320015854;23,00
+39320015856;129,70
+39320015858;89,83
+39320015860;35,24
+39320015862;134,19
+39320015864;43,13
+39320015866;249,15
+39320015868;125,69
+39320015870;196,29
+39320015872;73,08
+39320015874;55,68
+39320015876;59,79
+39320015878;67,35
+39320015880;119,58
+39320015882;241,02
+39320015884;218,95
+39320015886;247,97
+39320015888;237,16
+39320015890;28,32
+39320015892;83,31
+39320015894;23,02
+39320015896;241,99
+39320015898;205,71
+39320015900;114,05
+39320015902;106,86
+39320015904;151,43
+39320015906;52,38
+39320015908;225,44
+39320015910;78,18
+39320015912;49,11
+39320015914;222,43
+39320015916;87,20
+39320015918;213,81
+39320015920;61,21
+39320015922;229,56
+39320015924;241,65
+39320015926;8,27
+39320015928;84,32
+39320015930;174,53
+39320015932;81,88
+39320015934;17,25
+39320015936;147,19
+39320015938;89,54
+39320015940;190,74
+39320015942;117,81
+39320015944;23,82
+39320015946;0,47
+39320015948;133,21
+39320015950;31,49
+39320015952;49,04
+39320015954;16,74
+39320015956;200,40
+39320015958;82,44
+39320015960;97,09
+39320015962;196,40
+39320015964;154,02
+39320015966;171,61
+39320015968;109,24
+39320015970;58,82
+39320015972;212,93
+39320015974;245,74
+39320015976;179,84
+39320015978;126,94
+39320015980;7,59
+39320015982;232,72
+39320015984;187,90
+39320015986;214,86
+39320015988;141,13
+39320015990;6,78
+39320015992;196,08
+39320015994;35,15
+39320015996;73,63
+39320015998;152,46
+39320016000;189,09
+39320016002;153,55
+39320016004;66,59
+39320016006;239,25
+39320016008;190,30
+39320016010;85,30
+39320016012;150,51
+39320016014;135,37
+39320016016;14,94
+39320016018;184,47
+39320016020;120,03
+39320016022;23,60
+39320016024;53,88
+39320016026;180,82
+39320016028;126,32
+39320016030;189,18
+39320016032;220,08
+39320016034;26,21
+39320016036;195,25
+39320016038;244,12
+39320016040;87,34
+39320016042;122,52
+39320016044;19,66
+39320016046;246,90
+39320016048;180,78
+39320016050;128,21
+39320016052;9,53
+39320016054;241,73
+39320016056;1,53
+39320016058;170,54
+39320016060;67,52
+39320016062;130,20
+39320016064;200,96
+39320016066;29,63
+39320016068;52,81
+39320016070;104,07
+39320016072;123,40
+39320016074;46,44
+39320016076;29,93
+39320016078;66,52
+39320016080;154,86
+39320016082;161,66
+39320016084;144,48
+39320016086;118,49
+39320016088;149,08
+39320016090;199,83
+39320016092;150,57
+39320016094;58,74
+39320016096;16,44
+39320016098;104,07
+39320016100;142,25
+39320016102;227,19
+39320016104;244,57
+39320016106;135,51
+39320016108;196,54
+39320016110;225,26
+39320016112;222,46
+39320016114;105,14
+39320016116;3,40
+39320016118;85,08
+39320016120;54,17
+39320016122;4,51
+39320016124;73,00
+39320016126;74,85
+39320016128;211,16
+39320016130;163,81
+39320016132;123,23
+39320016134;14,71
+39320016136;103,51
+39320016138;92,90
+39320016140;50,37
+39320016142;246,12
+39320016144;89,70
+39320016146;198,60
+39320016148;241,31
+39320016150;231,77
+39320016152;247,16
+39320016154;136,70
+39320016156;161,72
+39320016158;205,04
+39320016160;4,36
+39320016162;248,58
+39320016164;10,80
+39320016166;69,07
+39320016168;82,62
+39320016170;245,39
+39320016172;170,79
+39320016174;183,05
+39320016176;179,37
+39320016178;210,85
+39320016180;223,16
+39320016182;238,35
+39320016184;24,94
+39320016186;141,44
+39320016188;49,76
+39320016190;156,69
+39320016192;128,27
+39320016194;18,40
+39320016196;203,58
+39320016198;124,40
+39320016200;6,64
+39320016202;245,99
+39320016204;18,13
+39320016206;228,47
+39320016208;169,11
+39320016210;132,66
+39320016212;10,71
+39320016214;248,88
+39320016216;65,11
+39320016218;3,50
+39320016220;169,22
+39320016222;146,74
+39320016224;81,64
+39320016226;207,11
+39320016228;121,02
+39320016230;152,18
+39320016232;11,27
+39320016234;5,93
+39320016236;117,87
+39320016238;38,35
+39320016240;241,79
+39320016242;102,38
+39320016244;171,94
+39320016246;88,69
+39320016248;15,39
+39320016250;130,13
+39320016252;19,41
+39320016254;64,09
+39320016256;180,70
+39320016258;172,84
+39320016260;231,05
+39320016262;79,86
+39320016264;138,39
+39320016266;177,60
+39320016268;96,57
+39320016270;219,66
+39320016272;9,30
+39320016274;128,68
+39320016276;76,11
+39320016278;27,29
+39320016280;170,50
+39320016282;62,71
+39320016284;2,10
+39320016286;145,67
+39320016288;81,34
+39320016290;81,71
+39320016292;174,93
+39320016294;36,53
+39320016296;107,84
+39320016298;67,23
+39320016300;165,79
+39320016302;190,79
+39320016304;135,52
+39320016306;15,67
+39320016308;153,04
+39320016310;32,30
+39320016312;36,41
+39320016314;26,97
+39320016316;27,40
+39320016318;221,21
+39320016320;128,78
+39320016322;39,39
+39320016324;9,45
+39320016326;187,36
+39320016328;232,86
+39320016330;203,34
+39320016332;30,86
+39320016334;249,06
+39320016336;74,64
+39320016338;229,22
+39320016340;15,09
+39320016342;16,07
+39320016344;51,76
+39320016346;5,73
+39320016348;113,69
+39320016350;84,31
+39320016352;156,41
+39320016354;162,63
+39320016356;46,69
+39320016358;181,74
+39320016360;97,06
+39320016362;24,86
+39320016364;76,82
+39320016366;222,73
+39320016368;200,49
+39320016370;187,49
+39320016372;165,62
+39320016374;13,95
+39320016376;128,11
+39320016378;142,85
+39320016380;3,40
+39320016382;153,43
+39320016384;153,69
+39320016386;242,53
+39320016388;131,18
+39320016390;109,00
+39320016392;99,31
+39320016394;238,16
+39320016396;44,78
+39320016398;175,04
+39320016400;46,26
+39320016402;238,37
+39320016404;238,36
+39320016406;145,75
+39320016408;185,29
+39320016410;127,23
+39320016412;93,28
+39320016414;22,77
+39320016416;148,24
+39320016418;243,67
+39320016420;41,87
+39320016422;64,00
+39320016424;79,36
+39320016426;24,01
+39320016428;32,05
+39320016430;35,39
+39320016432;119,89
+39320016434;167,50
+39320016436;133,69
+39320016438;40,53
+39320016440;154,30
+39320016442;232,29
+39320016444;95,99
+39320016446;163,44
+39320016448;179,75
+39320016450;8,19
+39320016452;83,90
+39320016454;128,92
+39320016456;246,88
+39320016458;26,67
+39320016460;239,70
+39320016462;34,30
+39320016464;56,78
+39320016466;15,12
+39320016468;70,16
+39320016470;54,90
+39320016472;28,89
+39320016474;16,48
+39320016476;75,59
+39320016478;46,23
+39320016480;62,08
+39320016482;119,53
+39320016484;218,73
+39320016486;241,13
+39320016488;83,95
+39320016490;34,52
+39320016492;222,89
+39320016494;5,88
+39320016496;31,72
+39320016498;185,12
+39320016500;116,59
+39320016502;233,76
+39320016504;153,14
+39320016506;234,13
+39320016508;45,96
+39320016510;167,96
+39320016512;161,99
+39320016514;19,46
+39320016516;86,92
+39320016518;172,75
+39320016520;154,53
+39320016522;112,93
+39320016524;111,81
+39320016526;47,50
+39320016528;102,72
+39320016530;236,39
+39320016532;28,30
+39320016534;153,99
+39320016536;124,78
+39320016538;164,54
+39320016540;158,75
+39320016542;11,37
+39320016544;36,01
+39320016546;203,64
+39320016548;183,06
+39320016550;32,15
+39320016552;92,33
+39320016554;181,24
+39320016556;162,24
+39320016558;52,56
+39320016560;21,43
+39320016562;58,07
+39320016564;101,57
+39320016566;107,85
+39320016568;184,66
+39320016570;219,93
+39320016572;76,85
+39320016574;227,80
+39320016576;145,55
+39320016578;121,93
+39320016580;150,91
+39320016582;201,77
+39320016584;82,63
+39320016586;197,95
+39320016588;92,52
+39320016590;225,65
+39320016592;59,97
+39320016594;228,38
+39320016596;29,36
+39320016598;92,24
+39320016600;100,16
+39320016602;100,59
+39320016604;52,56
+39320016606;180,98
+39320016608;84,73
+39320016610;134,43
+39320016612;177,82
+39320016614;212,67
+39320016616;17,30
+39320016618;115,42
+39320016620;124,22
+39320016622;129,79
+39320016624;89,24
+39320016626;114,88
+39320016628;16,87
+39320016630;132,15
+39320016632;76,70
+39320016634;15,11
+39320016636;206,32
+39320016638;150,60
+39320016640;69,05
+39320016642;110,39
+39320016644;101,50
+39320016646;239,22
+39320016648;77,39
+39320016650;196,45
+39320016652;29,18
+39320016654;131,01
+39320016656;16,96
+39320016658;184,96
+39320016660;110,13
+39320016662;73,96
+39320016664;115,91
+39320016666;104,41
+39320016668;185,21
+39320016670;175,07
+39320016672;223,99
+39320016674;246,92
+39320016676;158,50
+39320016678;160,15
+39320016680;26,14
+39320016682;123,88
+39320016684;30,23
+39320016686;197,79
+39320016688;156,97
+39320016690;87,97
+39320016692;109,55
+39320016694;159,19
+39320016696;180,97
+39320016698;195,92
+39320016700;119,05
+39320016702;160,48
+39320016704;157,73
+39320016706;84,35
+39320016708;6,70
+39320016710;17,81
+39320016712;25,97
+39320016714;26,08
+39320016716;43,02
+39320016718;146,94
+39320016720;159,58
+39320016722;156,59
+39320016724;95,47
+39320016726;31,79
+39320016728;91,68
+39320016730;197,03
+39320016732;40,65
+39320016734;124,52
+39320016736;158,66
+39320016738;107,77
+39320016740;230,78
+39320016742;77,01
+39320016744;189,82
+39320016746;54,01
+39320016748;38,61
+39320016750;195,53
+39320016752;46,21
+39320016754;68,80
+39320016756;104,60
+39320016758;101,45
+39320016760;40,48
+39320016762;39,10
+39320016764;238,49
+39320016766;26,71
+39320016768;128,39
+39320016770;11,77
+39320016772;112,85
+39320016774;109,78
+39320016776;8,39
+39320016778;59,66
+39320016780;243,56
+39320016782;85,62
+39320016784;209,86
+39320016786;48,78
+39320016788;14,80
+39320016790;0,27
+39320016792;86,84
+39320016794;223,40
+39320016796;227,60
+39320016798;168,26
+39320016800;228,82
+39320016802;63,35
+39320016804;87,81
+39320016806;99,23
+39320016808;226,74
+39320016810;25,87
+39320016812;200,10
+39320016814;42,66
+39320016816;142,43
+39320016818;100,98
+39320016820;74,37
+39320016822;35,95
+39320016824;24,15
+39320016826;29,95
+39320016828;78,76
+39320016830;94,08
+39320016832;198,17
+39320016834;101,94
+39320016836;130,75
+39320016838;58,59
+39320016840;169,69
+39320016842;67,62
+39320016844;44,87
+39320016846;206,70
+39320016848;54,25
+39320016850;11,31
+39320016852;114,35
+39320016854;35,85
+39320016856;63,45
+39320016858;217,59
+39320016860;141,60
+39320016862;121,66
+39320016864;41,10
+39320016866;99,38
+39320016868;121,54
+39320016870;246,12
+39320016872;160,29
+39320016874;216,61
+39320016876;238,85
+39320016878;190,74
+39320016880;14,34
+39320016882;15,93
+39320016884;8,27
+39320016886;43,03
+39320016888;37,60
+39320016890;132,41
+39320016892;230,96
+39320016894;36,99
+39320016896;123,45
+39320016898;67,44
+39320016900;200,47
+39320016902;163,25
+39320016904;46,78
+39320016906;137,56
+39320016908;99,78
+39320016910;102,44
+39320016912;211,06
+39320016914;42,33
+39320016916;99,00
+39320016918;81,22
+39320016920;32,45
+39320016922;61,91
+39320016924;146,99
+39320016926;13,92
+39320016928;221,99
+39320016930;167,58
+39320016932;185,32
+39320016934;207,32
+39320016936;77,97
+39320016938;95,01
+39320016940;37,20
+39320016942;214,33
+39320016944;189,46
+39320016946;246,92
+39320016948;73,44
+39320016950;187,06
+39320016952;49,60
+39320016954;216,72
+39320016956;154,49
+39320016958;114,60
+39320016960;82,54
+39320016962;80,35
+39320016964;59,42
+39320016966;204,38
+39320016968;99,25
+39320016970;192,91
+39320016972;2,40
+39320016974;190,01
+39320016976;218,08
+39320016978;146,29
+39320016980;227,85
+39320016982;188,18
+39320016984;58,83
+39320016986;168,32
+39320016988;151,30
+39320016990;19,23
+39320016992;127,17
+39320016994;44,93
+39320016996;177,86
+39320016998;113,53
+39320017000;19,29
+39320017002;72,79
+39320017004;190,69
+39320017006;220,08
+39320017008;35,51
+39320017010;61,69
+39320017012;17,67
+39320017014;82,59
+39320017016;241,66
+39320017018;21,66
+39320017020;93,59
+39320017022;40,45
+39320017024;64,59
+39320017026;210,16
+39320017028;244,22
+39320017030;109,00
+39320017032;124,91
+39320017034;54,07
+39320017036;70,66
+39320017038;50,26
+39320017040;117,98
+39320017042;98,09
+39320017044;28,10
+39320017046;144,08
+39320017048;103,66
+39320017050;95,64
+39320017052;5,90
+39320017054;120,33
+39320017056;104,27
+39320017058;12,71
+39320017060;46,60
+39320017062;121,13
+39320017064;3,38
+39320017066;172,98
+39320017068;203,55
+39320017070;117,58
+39320017072;154,70
+39320017074;8,91
+39320017076;113,15
+39320017078;66,22
+39320017080;27,87
+39320017082;72,17
+39320017084;124,71
+39320017086;56,92
+39320017088;157,71
+39320017090;101,91
+39320017092;175,85
+39320017094;69,58
+39320017096;81,93
+39320017098;124,69
+39320017100;185,36
+39320017102;152,69
+39320017104;182,23
+39320017106;234,97
+39320017108;143,53
+39320017110;53,57
+39320017112;7,44
+39320017114;43,47
+39320017116;21,37
+39320017118;207,25
+39320017120;125,59
+39320017122;227,49
+39320017124;230,04
+39320017126;125,30
+39320017128;199,86
+39320017130;149,95
+39320017132;180,96
+39320017134;4,85
+39320017136;57,78
+39320017138;44,25
+39320017140;248,82
+39320017142;82,33
+39320017144;46,42
+39320017146;150,57
+39320017148;97,43
+39320017150;199,31
+39320017152;175,93
+39320017154;121,09
+39320017156;223,91
+39320017158;200,12
+39320017160;59,53
+39320017162;12,55
+39320017164;98,09
+39320017166;46,90
+39320017168;141,67
+39320017170;63,40
+39320017172;21,34
+39320017174;98,66
+39320017176;247,17
+39320017178;105,52
+39320017180;99,75
+39320017182;208,31
+39320017184;219,69
+39320017186;49,82
+39320017188;106,52
+39320017190;1,16
+39320017192;206,99
+39320017194;210,96
+39320017196;143,74
+39320017198;185,97
+39320017200;16,42
+39320017202;23,38
+39320017204;53,05
+39320017206;164,59
+39320017208;38,76
+39320017210;29,67
+39320017212;21,82
+39320017214;243,34
+39320017216;231,61
+39320017218;193,82
+39320017220;108,16
+39320017222;166,10
+39320017224;85,05
+39320017226;242,48
+39320017228;220,56
+39320017230;162,20
+39320017232;88,80
+39320017234;234,76
+39320017236;18,81
+39320017238;94,77
+39320017240;146,33
+39320017242;15,36
+39320017244;34,48
+39320017246;68,68
+39320017248;143,03
+39320017250;198,24
+39320017252;171,57
+39320017254;58,62
+39320017256;1,13
+39320017258;49,28
+39320017260;62,99
+39320017262;74,19
+39320017264;212,89
+39320017266;107,46
+39320017268;124,36
+39320017270;190,99
+39320017272;225,17
+39320017274;45,28
+39320017276;214,46
+39320017278;75,38
+39320017280;26,93
+39320017282;198,49
+39320017284;47,95
+39320017286;23,16
+39320017288;144,08
+39320017290;64,34
+39320017292;25,99
+39320017294;25,23
+39320017296;44,16
+39320017298;135,11
+39320017300;139,88
+39320017302;126,53
+39320017304;58,79
+39320017306;25,28
+39320017308;78,52
+39320017310;21,89
+39320017312;79,46
+39320017314;182,97
+39320017316;177,24
+39320017318;16,36
+39320017320;240,76
+39320017322;168,43
+39320017324;241,56
+39320017326;57,56
+39320017328;189,93
+39320017330;111,56
+39320017332;175,39
+39320017334;216,34
+39320017336;60,78
+39320017338;158,44
+39320017340;80,91
+39320017342;121,19
+39320017344;136,13
+39320017346;172,33
+39320017348;8,15
+39320017350;33,24
+39320017352;147,97
+39320017354;63,68
+39320017356;171,94
+39320017358;232,31
+39320017360;86,64
+39320017362;168,57
+39320017364;143,23
+39320017366;245,03
+39320017368;165,95
+39320017370;242,96
+39320017372;185,89
+39320017374;235,36
+39320017376;151,26
+39320017378;230,07
+39320017380;62,20
+39320017382;84,68
+39320017384;54,25
+39320017386;241,59
+39320017388;196,67
+39320017390;116,49
+39320017392;212,18
+39320017394;107,77
+39320017396;206,51
+39320017398;68,18
+39320017400;113,17
+39320017402;121,02
+39320017404;198,32
+39320017406;95,64
+39320017408;31,76
+39320017410;64,92
+39320017412;104,40
+39320017414;240,82
+39320017416;43,52
+39320017418;197,36
+39320017420;75,64
+39320017422;165,76
+39320017424;155,45
+39320017426;35,11
+39320017428;106,55
+39320017430;213,51
+39320017432;22,27
+39320017434;42,43
+39320017436;16,30
+39320017438;161,22
+39320017440;137,99
+39320017442;113,07
+39320017444;234,00
+39320017446;172,56
+39320017448;241,14
+39320017450;222,16
+39320017452;151,88
+39320017454;159,55
+39320017456;61,69
+39320017458;113,26
+39320017460;81,55
+39320017462;65,12
+39320017464;108,61
+39320017466;176,50
+39320017468;211,42
+39320017470;12,22
+39320017472;218,26
+39320017474;211,35
+39320017476;84,07
+39320017478;110,00
+39320017480;158,06
+39320017482;73,57
+39320017484;32,38
+39320017486;188,10
+39320017488;88,16
+39320017490;102,17
+39320017492;14,06
+39320017494;82,52
+39320017496;40,12
+39320017498;46,51
+39320017500;235,14
+39320017502;154,44
+39320017504;121,55
+39320017506;223,51
+39320017508;50,67
+39320017510;133,95
+39320017512;167,79
+39320017514;144,74
+39320017516;115,81
+39320017518;102,32
+39320017520;90,49
+39320017522;175,90
+39320017524;143,89
+39320017526;83,53
+39320017528;174,41
+39320017530;56,65
+39320017532;101,75
+39320017534;101,31
+39320017536;124,33
+39320017538;115,36
+39320017540;241,27
+39320017542;92,73
+39320017544;241,30
+39320017546;149,24
+39320017548;86,77
+39320017550;151,37
+39320017552;201,70
+39320017554;166,37
+39320017556;153,83
+39320017558;194,61
+39320017560;151,73
+39320017562;103,25
+39320017564;151,68
+39320017566;115,43
+39320017568;130,13
+39320017570;173,62
+39320017572;30,35
+39320017574;51,09
+39320017576;74,80
+39320017578;21,29
+39320017580;176,20
+39320017582;39,72
+39320017584;89,06
+39320017586;180,55
+39320017588;144,95
+39320017590;210,66
+39320017592;77,82
+39320017594;137,56
+39320017596;123,66
+39320017598;77,31
+39320017600;39,72
+39320017602;172,94
+39320017604;172,68
+39320017606;50,26
+39320017608;230,23
+39320017610;95,09
+39320017612;12,50
+39320017614;197,34
+39320017616;220,38
+39320017618;202,98
+39320017620;80,12
+39320017622;161,19
+39320017624;7,04
+39320017626;163,90
+39320017628;155,36
+39320017630;5,78
+39320017632;206,64
+39320017634;70,12
+39320017636;25,64
+39320017638;10,44
+39320017640;178,04
+39320017642;124,76
+39320017644;38,24
+39320017646;34,79
+39320017648;35,88
+39320017650;22,01
+39320017652;52,65
+39320017654;1,09
+39320017656;172,06
+39320017658;16,01
+39320017660;75,96
+39320017662;225,72
+39320017664;44,12
+39320017666;13,70
+39320017668;249,80
+39320017670;31,64
+39320017672;126,00
+39320017674;154,51
+39320017676;153,30
+39320017678;86,23
+39320017680;192,50
+39320017682;94,19
+39320017684;70,80
+39320017686;206,17
+39320017688;48,90
+39320017690;194,21
+39320017692;139,53
+39320017694;221,08
+39320017696;85,66
+39320017698;229,73
+39320017700;178,24
+39320017702;49,96
+39320017704;139,79
+39320017706;22,30
+39320017708;29,38
+39320017710;101,40
+39320017712;165,37
+39320017714;201,14
+39320017716;50,34
+39320017718;186,07
+39320017720;218,61
+39320017722;231,82
+39320017724;241,30
+39320017726;121,01
+39320017728;245,20
+39320017730;71,18
+39320017732;162,85
+39320017734;157,62
+39320017736;208,56
+39320017738;27,76
+39320017740;204,45
+39320017742;156,39
+39320017744;39,90
+39320017746;167,63
+39320017748;166,29
+39320017750;41,24
+39320017752;16,76
+39320017754;115,33
+39320017756;166,45
+39320017758;168,79
+39320017760;201,40
+39320017762;136,01
+39320017764;38,56
+39320017766;229,60
+39320017768;60,25
+39320017770;249,31
+39320017772;119,91
+39320017774;192,59
+39320017776;199,44
+39320017778;198,27
+39320017780;152,04
+39320017782;59,94
+39320017784;105,77
+39320017786;164,84
+39320017788;151,43
+39320017790;47,31
+39320017792;227,48
+39320017794;173,49
+39320017796;97,67
+39320017798;244,94
+39320017800;98,04
+39320017802;201,81
+39320017804;39,20
+39320017806;175,60
+39320017808;35,97
+39320017810;17,58
+39320017812;86,25
+39320017814;65,34
+39320017816;151,80
+39320017818;160,68
+39320017820;47,81
+39320017822;91,30
+39320017824;34,61
+39320017826;153,93
+39320017828;85,00
+39320017830;237,69
+39320017832;6,14
+39320017834;120,21
+39320017836;53,27
+39320017838;46,08
+39320017840;242,55
+39320017842;205,01
+39320017844;135,06
+39320017846;214,78
+39320017848;74,99
+39320017850;97,80
+39320017852;143,71
+39320017854;58,87
+39320017856;90,55
+39320017858;181,14
+39320017860;6,80
+39320017862;170,02
+39320017864;245,50
+39320017866;237,70
+39320017868;231,17
+39320017870;91,04
+39320017872;75,68
+39320017874;137,64
+39320017876;122,82
+39320017878;0,98
+39320017880;14,24
+39320017882;199,63
+39320017884;137,34
+39320017886;3,48
+39320017888;169,63
+39320017890;25,67
+39320017892;113,02
+39320017894;153,84
+39320017896;33,49
+39320017898;187,05
+39320017900;149,25
+39320017902;60,28
+39320017904;6,51
+39320017906;43,99
+39320017908;68,58
+39320017910;13,06
+39320017912;121,70
+39320017914;190,48
+39320017916;246,82
+39320017918;113,47
+39320017920;85,39
+39320017922;81,68
+39320017924;221,16
+39320017926;38,94
+39320017928;115,83
+39320017930;13,94
+39320017932;106,59
+39320017934;186,17
+39320017936;175,49
+39320017938;39,59
+39320017940;116,74
+39320017942;109,23
+39320017944;155,75
+39320017946;29,52
+39320017948;122,28
+39320017950;40,09
+39320017952;53,52
+39320017954;144,28
+39320017956;86,91
+39320017958;159,75
+39320017960;240,49
+39320017962;99,44
+39320017964;145,01
+39320017966;149,48
+39320017968;81,54
+39320017970;8,22
+39320017972;75,99
+39320017974;18,77
+39320017976;124,61
+39320017978;190,25
+39320017980;211,49
+39320017982;190,21
+39320017984;244,77
+39320017986;87,21
+39320017988;233,80
+39320017990;88,47
+39320017992;227,44
+39320017994;109,24
+39320017996;89,53
+39320017998;80,81
+39320018000;121,53
+39320018002;80,39
+39320018004;101,71
+39320018006;235,27
+39320018008;99,08
+39320018010;182,42
+39320018012;103,39
+39320018014;216,08
+39320018016;24,86
+39320018018;160,29
+39320018020;154,06
+39320018022;103,21
+39320018024;0,69
+39320018026;106,19
+39320018028;239,36
+39320018030;154,33
+39320018032;212,02
+39320018034;11,78
+39320018036;172,16
+39320018038;209,82
+39320018040;238,00
+39320018042;55,09
+39320018044;195,55
+39320018046;126,13
+39320018048;179,01
+39320018050;104,38
+39320018052;82,56
+39320018054;159,80
+39320018056;159,85
+39320018058;45,13
+39320018060;27,48
+39320018062;140,27
+39320018064;145,21
+39320018066;180,35
+39320018068;174,98
+39320018070;244,77
+39320018072;224,51
+39320018074;60,87
+39320018076;23,98
+39320018078;127,87
+39320018080;147,53
+39320018082;157,51
+39320018084;167,59
+39320018086;168,23
+39320018088;68,95
+39320018090;149,57
+39320018092;246,21
+39320018094;55,90
+39320018096;247,48
+39320018098;82,87
+39320018100;73,32
+39320018102;156,83
+39320018104;170,63
+39320018106;108,31
+39320018108;55,71
+39320018110;230,56
+39320018112;161,94
+39320018114;84,94
+39320018116;137,53
+39320018118;163,07
+39320018120;19,79
+39320018122;142,84
+39320018124;16,44
+39320018126;124,13
+39320018128;188,52
+39320018130;62,36
+39320018132;30,63
+39320018134;223,42
+39320018136;59,70
+39320018138;212,65
+39320018140;135,70
+39320018142;24,07
+39320018144;78,63
+39320018146;70,46
+39320018148;151,29
+39320018150;158,78
+39320018152;154,61
+39320018154;224,97
+39320018156;15,40
+39320018158;90,54
+39320018160;91,76
+39320018162;51,98
+39320018164;248,02
+39320018166;150,11
+39320018168;42,01
+39320018170;179,02
+39320018172;4,17
+39320018174;226,21
+39320018176;219,10
+39320018178;136,34
+39320018180;80,13
+39320018182;9,01
+39320018184;136,80
+39320018186;81,11
+39320018188;176,52
+39320018190;29,86
+39320018192;151,55
+39320018194;51,27
+39320018196;208,73
+39320018198;245,35
+39320018200;207,10
+39320018202;248,83
+39320018204;225,67
+39320018206;100,48
+39320018208;105,94
+39320018210;28,19
+39320018212;204,07
+39320018214;204,29
+39320018216;197,04
+39320018218;51,24
+39320018220;78,29
+39320018222;146,99
+39320018224;134,52
+39320018226;121,09
+39320018228;173,29
+39320018230;154,85
+39320018232;221,55
+39320018234;149,76
+39320018236;27,60
+39320018238;97,17
+39320018240;167,85
+39320018242;149,51
+39320018244;221,60
+39320018246;161,25
+39320018248;106,18
+39320018250;2,69
+39320018252;56,33
+39320018254;164,51
+39320018256;230,72
+39320018258;91,36
+39320018260;177,12
+39320018262;145,88
+39320018264;237,87
+39320018266;51,37
+39320018268;150,23
+39320018270;140,62
+39320018272;165,11
+39320018274;51,13
+39320018276;141,77
+39320018278;173,75
+39320018280;148,06
+39320018282;60,69
+39320018284;183,87
+39320018286;132,19
+39320018288;28,25
+39320018290;22,14
+39320018292;172,13
+39320018294;170,19
+39320018296;180,21
+39320018298;199,09
+39320018300;81,45
+39320018302;234,06
+39320018304;50,51
+39320018306;58,78
+39320018308;20,38
+39320018310;3,11
+39320018312;219,57
+39320018314;36,14
+39320018316;121,29
+39320018318;104,06
+39320018320;186,42
+39320018322;189,87
+39320018324;161,47
+39320018326;181,16
+39320018328;168,77
+39320018330;43,17
+39320018332;207,63
+39320018334;45,26
+39320018336;76,31
+39320018338;73,44
+39320018340;59,81
+39320018342;28,05
+39320018344;128,73
+39320018346;24,52
+39320018348;146,53
+39320018350;27,85
+39320018352;200,30
+39320018354;167,15
+39320018356;247,91
+39320018358;4,26
+39320018360;195,44
+39320018362;46,59
+39320018364;41,02
+39320018366;191,22
+39320018368;10,93
+39320018370;134,79
+39320018372;207,29
+39320018374;212,96
+39320018376;59,64
+39320018378;168,99
+39320018380;64,36
+39320018382;246,74
+39320018384;209,91
+39320018386;118,25
+39320018388;83,02
+39320018390;22,72
+39320018392;55,74
+39320018394;130,14
+39320018396;102,13
+39320018398;190,01
+39320018400;20,42
+39320018402;214,17
+39320018404;238,99
+39320018406;121,63
+39320018408;138,26
+39320018410;101,01
+39320018412;23,10
+39320018414;2,17
+39320018416;104,27
+39320018418;128,54
+39320018420;205,86
+39320018422;2,46
+39320018424;94,37
+39320018426;179,76
+39320018428;84,46
+39320018430;97,22
+39320018432;31,97
+39320018434;61,31
+39320018436;83,17
+39320018438;213,42
+39320018440;59,96
+39320018442;231,00
+39320018444;135,44
+39320018446;244,70
+39320018448;81,56
+39320018450;33,15
+39320018452;20,65
+39320018454;71,33
+39320018456;232,60
+39320018458;88,99
+39320018460;227,86
+39320018462;69,50
+39320018464;109,79
+39320018466;73,69
+39320018468;164,68
+39320018470;72,21
+39320018472;196,72
+39320018474;247,91
+39320018476;26,94
+39320018478;102,98
+39320018480;64,28
+39320018482;235,33
+39320018484;81,39
+39320018486;75,26
+39320018488;105,16
+39320018490;121,25
+39320018492;17,06
+39320018494;184,81
+39320018496;79,27
+39320018498;221,85
+39320018500;133,54
+39320018502;74,50
+39320018504;216,15
+39320018506;152,59
+39320018508;62,50
+39320018510;118,91
+39320018512;73,44
+39320018514;59,40
+39320018516;24,48
+39320018518;175,73
+39320018520;237,11
+39320018522;65,16
+39320018524;153,81
+39320018526;121,22
+39320018528;187,10
+39320018530;184,45
+39320018532;62,84
+39320018534;40,81
+39320018536;41,04
+39320018538;242,67
+39320018540;179,14
+39320018542;169,35
+39320018544;189,32
+39320018546;71,99
+39320018548;45,11
+39320018550;228,44
+39320018552;111,14
+39320018554;149,80
+39320018556;54,13
+39320018558;12,32
+39320018560;12,99
+39320018562;59,05
+39320018564;148,94
+39320018566;139,26
+39320018568;138,88
+39320018570;234,50
+39320018572;56,53
+39320018574;39,82
+39320018576;132,74
+39320018578;47,30
+39320018580;115,01
+39320018582;170,60
+39320018584;223,14
+39320018586;242,34
+39320018588;39,78
+39320018590;131,86
+39320018592;200,02
+39320018594;219,75
+39320018596;15,23
+39320018598;86,67
+39320018600;140,98
+39320018602;144,61
+39320018604;167,00
+39320018606;30,62
+39320018608;199,75
+39320018610;155,09
+39320018612;140,34
+39320018614;204,48
+39320018616;140,07
+39320018618;33,73
+39320018620;0,52
+39320018622;47,42
+39320018624;229,56
+39320018626;223,30
+39320018628;84,85
+39320018630;48,87
+39320018632;140,96
+39320018634;178,07
+39320018636;111,20
+39320018638;3,15
+39320018640;207,16
+39320018642;168,75
+39320018644;46,31
+39320018646;69,26
+39320018648;206,99
+39320018650;216,48
+39320018652;161,30
+39320018654;185,12
+39320018656;56,24
+39320018658;48,18
+39320018660;73,35
+39320018662;0,95
+39320018664;163,83
+39320018666;124,49
+39320018668;76,45
+39320018670;125,68
+39320018672;184,18
+39320018674;29,71
+39320018676;20,89
+39320018678;91,45
+39320018680;202,79
+39320018682;107,92
+39320018684;246,17
+39320018686;36,62
+39320018688;142,23
+39320018690;209,01
+39320018692;44,79
+39320018694;249,10
+39320018696;162,86
+39320018698;44,12
+39320018700;110,16
+39320018702;145,73
+39320018704;88,92
+39320018706;52,63
+39320018708;233,50
+39320018710;115,88
+39320018712;144,07
+39320018714;106,56
+39320018716;213,62
+39320018718;232,81
+39320018720;12,08
+39320018722;69,01
+39320018724;187,86
+39320018726;109,39
+39320018728;29,28
+39320018730;55,57
+39320018732;34,40
+39320018734;91,97
+39320018736;245,73
+39320018738;53,90
+39320018740;187,60
+39320018742;117,87
+39320018744;59,79
+39320018746;248,43
+39320018748;137,17
+39320018750;242,88
+39320018752;186,27
+39320018754;67,37
+39320018756;125,73
+39320018758;56,72
+39320018760;231,47
+39320018762;43,51
+39320018764;133,99
+39320018766;101,76
+39320018768;243,03
+39320018770;206,34
+39320018772;34,84
+39320018774;130,32
+39320018776;185,98
+39320018778;238,76
+39320018780;21,61
+39320018782;95,16
+39320018784;110,17
+39320018786;9,26
+39320018788;168,35
+39320018790;180,68
+39320018792;169,12
+39320018794;215,94
+39320018796;143,94
+39320018798;70,34
+39320018800;84,17
+39320018802;168,10
+39320018804;94,01
+39320018806;108,12
+39320018808;74,22
+39320018810;224,84
+39320018812;51,58
+39320018814;56,33
+39320018816;39,64
+39320018818;110,24
+39320018820;109,25
+39320018822;216,73
+39320018824;41,84
+39320018826;120,46
+39320018828;123,25
+39320018830;110,05
+39320018832;69,37
+39320018834;248,76
+39320018836;234,92
+39320018838;73,56
+39320018840;173,02
+39320018842;149,34
+39320018844;65,18
+39320018846;91,56
+39320018848;112,47
+39320018850;93,86
+39320018852;120,57
+39320018854;210,49
+39320018856;231,74
+39320018858;173,65
+39320018860;72,51
+39320018862;155,59
+39320018864;17,27
+39320018866;11,60
+39320018868;95,02
+39320018870;58,64
+39320018872;150,75
+39320018874;231,75
+39320018876;193,06
+39320018878;182,76
+39320018880;79,49
+39320018882;63,77
+39320018884;86,82
+39320018886;185,33
+39320018888;210,15
+39320018890;152,77
+39320018892;175,94
+39320018894;209,44
+39320018896;132,81
+39320018898;60,24
+39320018900;179,57
+39320018902;223,10
+39320018904;161,22
+39320018906;106,79
+39320018908;65,73
+39320018910;112,08
+39320018912;112,24
+39320018914;192,99
+39320018916;120,78
+39320018918;87,36
+39320018920;230,49
+39320018922;145,23
+39320018924;182,80
+39320018926;53,25
+39320018928;41,89
+39320018930;81,65
+39320018932;63,95
+39320018934;221,55
+39320018936;81,95
+39320018938;222,46
+39320018940;130,62
+39320018942;218,50
+39320018944;231,60
+39320018946;58,14
+39320018948;26,75
+39320018950;1,43
+39320018952;240,85
+39320018954;168,67
+39320018956;65,38
+39320018958;26,88
+39320018960;225,75
+39320018962;226,40
+39320018964;200,87
+39320018966;120,58
+39320018968;178,47
+39320018970;154,23
+39320018972;116,04
+39320018974;54,09
+39320018976;5,07
+39320018978;180,96
+39320018980;199,20
+39320018982;217,12
+39320018984;96,41
+39320018986;18,43
+39320018988;211,81
+39320018990;113,10
+39320018992;50,98
+39320018994;10,39
+39320018996;61,42
+39320018998;55,31
+39320019000;5,03
+39320019002;77,94
+39320019004;68,40
+39320019006;155,44
+39320019008;39,43
+39320019010;207,82
+39320019012;72,24
+39320019014;14,34
+39320019016;123,27
+39320019018;238,24
+39320019020;142,07
+39320019022;55,53
+39320019024;182,50
+39320019026;131,08
+39320019028;66,54
+39320019030;240,07
+39320019032;19,40
+39320019034;221,16
+39320019036;237,40
+39320019038;6,99
+39320019040;25,34
+39320019042;103,03
+39320019044;147,76
+39320019046;116,32
+39320019048;58,53
+39320019050;242,77
+39320019052;243,68
+39320019054;198,66
+39320019056;86,26
+39320019058;122,58
+39320019060;231,62
+39320019062;10,78
+39320019064;159,32
+39320019066;203,72
+39320019068;73,01
+39320019070;148,60
+39320019072;13,76
+39320019074;53,85
+39320019076;157,43
+39320019078;195,62
+39320019080;185,92
+39320019082;136,04
+39320019084;23,44
+39320019086;227,60
+39320019088;202,69
+39320019090;1,62
+39320019092;207,34
+39320019094;1,54
+39320019096;187,57
+39320019098;181,23
+39320019100;175,56
+39320019102;207,19
+39320019104;10,46
+39320019106;211,22
+39320019108;30,47
+39320019110;190,34
+39320019112;227,17
+39320019114;141,57
+39320019116;181,57
+39320019118;1,30
+39320019120;228,97
+39320019122;154,00
+39320019124;210,77
+39320019126;209,70
+39320019128;70,40
+39320019130;19,84
+39320019132;57,34
+39320019134;139,66
+39320019136;90,70
+39320019138;95,28
+39320019140;228,03
+39320019142;234,22
+39320019144;157,78
+39320019146;108,16
+39320019148;27,14
+39320019150;4,94
+39320019152;203,19
+39320019154;213,45
+39320019156;97,62
+39320019158;9,01
+39320019160;176,53
+39320019162;225,26
+39320019164;211,12
+39320019166;241,10
+39320019168;228,98
+39320019170;159,13
+39320019172;82,83
+39320019174;236,88
+39320019176;209,28
+39320019178;0,49
+39320019180;73,60
+39320019182;162,71
+39320019184;104,73
+39320019186;241,21
+39320019188;56,79
+39320019190;115,74
+39320019192;71,87
+39320019194;124,43
+39320019196;210,97
+39320019198;38,41
+39320019200;4,16
+39320019202;172,55
+39320019204;200,50
+39320019206;3,59
+39320019208;194,54
+39320019210;112,40
+39320019212;196,46
+39320019214;70,02
+39320019216;221,10
+39320019218;127,57
+39320019220;138,66
+39320019222;228,00
+39320019224;15,45
+39320019226;153,03
+39320019228;7,82
+39320019230;228,63
+39320019232;97,85
+39320019234;189,41
+39320019236;43,66
+39320019238;7,91
+39320019240;236,83
+39320019242;152,17
+39320019244;236,37
+39320019246;211,09
+39320019248;17,52
+39320019250;10,39
+39320019252;123,19
+39320019254;74,45
+39320019256;81,91
+39320019258;246,86
+39320019260;159,49
+39320019262;183,23
+39320019264;86,04
+39320019266;179,24
+39320019268;61,28
+39320019270;112,55
+39320019272;49,38
+39320019274;116,40
+39320019276;52,97
+39320019278;130,28
+39320019280;192,44
+39320019282;234,32
+39320019284;201,46
+39320019286;106,56
+39320019288;64,26
+39320019290;157,89
+39320019292;124,90
+39320019294;192,12
+39320019296;245,19
+39320019298;76,34
+39320019300;68,78
+39320019302;47,28
+39320019304;7,52
+39320019306;38,83
+39320019308;212,45
+39320019310;96,19
+39320019312;189,20
+39320019314;73,47
+39320019316;138,53
+39320019318;43,05
+39320019320;34,11
+39320019322;76,41
+39320019324;180,81
+39320019326;87,28
+39320019328;128,67
+39320019330;246,46
+39320019332;149,67
+39320019334;203,99
+39320019336;167,71
+39320019338;151,20
+39320019340;37,19
+39320019342;243,30
+39320019344;210,32
+39320019346;136,79
+39320019348;50,46
+39320019350;116,68
+39320019352;18,31
+39320019354;19,50
+39320019356;168,00
+39320019358;242,70
+39320019360;228,56
+39320019362;28,80
+39320019364;89,03
+39320019366;26,99
+39320019368;209,43
+39320019370;17,28
+39320019372;152,39
+39320019374;137,20
+39320019376;89,55
+39320019378;218,83
+39320019380;84,47
+39320019382;193,95
+39320019384;50,50
+39320019386;112,12
+39320019388;91,07
+39320019390;221,75
+39320019392;188,30
+39320019394;30,19
+39320019396;16,09
+39320019398;234,64
+39320019400;207,36
+39320019402;7,61
+39320019404;213,74
+39320019406;55,24
+39320019408;34,79
+39320019410;56,32
+39320019412;169,33
+39320019414;99,24
+39320019416;36,51
+39320019418;103,27
+39320019420;138,40
+39320019422;131,54
+39320019424;215,88
+39320019426;217,83
+39320019428;104,30
+39320019430;173,74
+39320019432;21,93
+39320019434;19,79
+39320019436;114,70
+39320019438;214,89
+39320019440;216,15
+39320019442;248,13
+39320019444;27,19
+39320019446;107,97
+39320019448;33,51
+39320019450;7,68
+39320019452;167,57
+39320019454;182,63
+39320019456;70,32
+39320019458;126,55
+39320019460;208,43
+39320019462;126,56
+39320019464;103,26
+39320019466;177,17
+39320019468;172,63
+39320019470;148,77
+39320019472;227,07
+39320019474;88,94
+39320019476;164,16
+39320019478;61,53
+39320019480;73,20
+39320019482;33,40
+39320019484;237,16
+39320019486;200,28
+39320019488;162,92
+39320019490;204,21
+39320019492;228,12
+39320019494;235,65
+39320019496;44,63
+39320019498;84,97
+39320019500;73,77
+39320019502;162,81
+39320019504;37,84
+39320019506;2,36
+39320019508;159,04
+39320019510;99,86
+39320019512;190,27
+39320019514;111,38
+39320019516;200,05
+39320019518;52,19
+39320019520;7,84
+39320019522;110,05
+39320019524;136,60
+39320019526;233,38
+39320019528;148,64
+39320019530;59,23
+39320019532;200,30
+39320019534;208,76
+39320019536;186,51
+39320019538;223,69
+39320019540;86,60
+39320019542;235,58
+39320019544;83,67
+39320019546;45,83
+39320019548;92,31
+39320019550;51,54
+39320019552;167,05
+39320019554;26,38
+39320019556;39,53
+39320019558;132,71
+39320019560;201,68
+39320019562;55,22
+39320019564;184,52
+39320019566;15,63
+39320019568;30,48
+39320019570;166,76
+39320019572;139,30
+39320019574;35,52
+39320019576;208,08
+39320019578;44,09
+39320019580;21,64
+39320019582;144,79
+39320019584;55,07
+39320019586;221,48
+39320019588;17,48
+39320019590;57,75
+39320019592;221,00
+39320019594;87,14
+39320019596;167,26
+39320019598;146,12
+39320019600;228,50
+39320019602;134,63
+39320019604;82,70
+39320019606;180,40
+39320019608;53,23
+39320019610;196,51
+39320019612;168,33
+39320019614;213,91
+39320019616;20,61
+39320019618;0,05
+39320019620;154,10
+39320019622;105,17
+39320019624;165,30
+39320019626;118,91
+39320019628;38,29
+39320019630;118,03
+39320019632;25,72
+39320019634;99,25
+39320019636;197,55
+39320019638;173,25
+39320019640;215,33
+39320019642;9,03
+39320019644;93,88
+39320019646;25,96
+39320019648;32,11
+39320019650;78,43
+39320019652;129,50
+39320019654;215,30
+39320019656;19,68
+39320019658;205,40
+39320019660;51,37
+39320019662;21,79
+39320019664;189,20
+39320019666;135,48
+39320019668;241,08
+39320019670;96,71
+39320019672;24,85
+39320019674;98,30
+39320019676;164,08
+39320019678;178,94
+39320019680;62,46
+39320019682;171,19
+39320019684;137,47
+39320019686;36,15
+39320019688;22,24
+39320019690;99,74
+39320019692;173,81
+39320019694;209,13
+39320019696;199,88
+39320019698;238,69
+39320019700;162,00
+39320019702;127,79
+39320019704;80,33
+39320019706;76,98
+39320019708;7,41
+39320019710;161,43
+39320019712;203,72
+39320019714;184,52
+39320019716;230,07
+39320019718;162,06
+39320019720;224,67
+39320019722;216,95
+39320019724;52,49
+39320019726;61,12
+39320019728;221,41
+39320019730;214,84
+39320019732;176,45
+39320019734;9,94
+39320019736;183,65
+39320019738;171,88
+39320019740;100,97
+39320019742;113,30
+39320019744;46,71
+39320019746;5,81
+39320019748;247,13
+39320019750;106,69
+39320019752;143,89
+39320019754;89,28
+39320019756;234,12
+39320019758;37,00
+39320019760;237,14
+39320019762;128,22
+39320019764;93,11
+39320019766;33,99
+39320019768;124,11
+39320019770;162,13
+39320019772;16,03
+39320019774;68,01
+39320019776;188,14
+39320019778;48,87
+39320019780;130,10
+39320019782;210,95
+39320019784;145,77
+39320019786;12,52
+39320019788;220,47
+39320019790;165,02
+39320019792;1,93
+39320019794;122,07
+39320019796;158,04
+39320019798;221,85
+39320019800;148,10
+39320019802;169,25
+39320019804;160,23
+39320019806;20,31
+39320019808;126,49
+39320019810;201,70
+39320019812;210,25
+39320019814;238,40
+39320019816;119,47
+39320019818;32,14
+39320019820;83,12
+39320019822;211,92
+39320019824;116,34
+39320019826;114,15
+39320019828;25,64
+39320019830;241,30
+39320019832;178,20
+39320019834;210,55
+39320019836;31,54
+39320019838;76,55
+39320019840;83,45
+39320019842;129,58
+39320019844;42,01
+39320019846;226,74
+39320019848;218,08
+39320019850;198,41
+39320019852;121,87
+39320019854;50,23
+39320019856;20,86
+39320019858;191,94
+39320019860;225,22
+39320019862;61,49
+39320019864;81,54
+39320019866;242,85
+39320019868;169,09
+39320019870;200,03
+39320019872;85,67
+39320019874;238,11
+39320019876;164,81
+39320019878;23,21
+39320019880;219,54
+39320019882;109,32
+39320019884;156,51
+39320019886;27,56
+39320019888;149,03
+39320019890;42,38
+39320019892;191,82
+39320019894;133,70
+39320019896;103,35
+39320019898;23,25
+39320019900;71,83
+39320019902;196,05
+39320019904;46,96
+39320019906;100,56
+39320019908;118,35
+39320019910;103,95
+39320019912;240,30
+39320019914;81,44
+39320019916;161,43
+39320019918;106,97
+39320019920;76,14
+39320019922;134,71
+39320019924;128,82
+39320019926;54,42
+39320019928;164,88
+39320019930;189,54
+39320019932;226,37
+39320019934;135,83
+39320019936;239,60
+39320019938;205,35
+39320019940;14,52
+39320019942;85,11
+39320019944;77,59
+39320019946;94,81
+39320019948;136,37
+39320019950;103,95
+39320019952;104,53
+39320019954;229,94
+39320019956;186,27
+39320019958;122,60
+39320019960;73,29
+39320019962;19,55
+39320019964;21,69
+39320019966;186,07
+39320019968;200,41
+39320019970;230,54
+39320019972;62,23
+39320019974;6,38
+39320019976;194,13
+39320019978;152,72
+39320019980;244,37
+39320019982;236,08
+39320019984;209,72
+39320019986;105,45
+39320019988;237,31
+39320019990;219,17
+39320019992;157,94
+39320019994;222,99
+39320019996;53,50
+39320019998;110,15
+39320020000;121,75
