numeroTelefono;dataAttivazione;tipoContratto;statoContratto
39320000001;02/08/2024;CONSUMO;ATTIVO
39320000002;27/02/2025;RICARICA;ATTIVO
39320000003;03/04/2022;CONSUMO;ATTIVO
39320000004;29/07/2021;RICARICA;ATTIVO
39320000005;02/01/2026;CONSUMO;ATTIVO
39320000006;24/04/2024;RICARICA;ATTIVO
39320000007;03/03/2021;CONSUMO;ATTIVO
39320000008;22/04/2022;RICARICA;ATTIVO
39320000009;24/02/2021;CONSUMO;ATTIVO
39320000010;06/01/2025;RICARICA;ATTIVO
39320000011;22/01/2024;CONSUMO;ATTIVO
39320000012;09/07/2023;RICARICA;ATTIVO
39320000013;16/07/2025;CONSUMO;ATTIVO
39320000014;04/04/2025;RICARICA;ATTIVO
39320000015;30/11/2024;CONSUMO;ATTIVO
39320000016;24/07/2022;RICARICA;ATTIVO
39320000017;13/04/2025;CONSUMO;ATTIVO
39320000018;09/07/2021;RICARICA;ATTIVO
39320000019;06/01/2023;CONSUMO;ATTIVO
39320000020;21/05/2024;RICARICA;ATTIVO
39320000021;30/03/2021;CONSUMO;ATTIVO
39320000022;04/01/2024;RICARICA;ATTIVO
39320000023;04/03/2026;CONSUMO;ATTIVO
39320000024;05/02/2024;RICARICA;ATTIVO
39320000025;11/07/2024;CONSUMO;ATTIVO
39320000026;31/10/2025;RICARICA;ATTIVO
39320000027;29/01/2022;CONSUMO;ATTIVO
39320000028;04/04/2021;RICARICA;ATTIVO
39320000029;03/05/2025;CONSUMO;ATTIVO
39320000030;13/06/2021;RICARICA;ATTIVO
39320000031;10/11/2025;CONSUMO;ATTIVO
39320000032;24/07/2022;RICARICA;ATTIVO
39320000033;05/09/2025;CONSUMO;ATTIVO
39320000034;29/01/2023;RICARICA;ATTIVO
39320000035;04/10/2024;CONSUMO;ATTIVO
39320000036;31/10/2024;RICARICA;ATTIVO
39320000037;01/06/2024;CONSUMO;ATTIVO
39320000038;30/12/2023;RICARICA;ATTIVO
39320000039;01/12/2021;CONSUMO;ATTIVO
39320000040;07/07/2022;RICARICA;SOSPESO
39320000041;03/08/2024;CONSUMO;ATTIVO
39320000042;26/03/2022;RICARICA;ATTIVO
39320000043;23/09/2025;CONSUMO;ATTIVO
39320000044;25/04/2021;RICARICA;ATTIVO
39320000045;07/03/2021;CONSUMO;ATTIVO
39320000046;02/04/2023;RICARICA;ATTIVO
39320000047;09/03/2022;CONSUMO;ATTIVO
39320000048;07/03/2024;RICARICA;ATTIVO
39320000049;07/10/2022;CONSUMO;ATTIVO
39320000050;20/10/2023;RICARICA;ATTIVO
39320000051;16/02/2026;CONSUMO;ATTIVO
39320000052;20/10/2021;RICARICA;ATTIVO
39320000053;21/05/2022;CONSUMO;ATTIVO
39320000054;09/01/2024;RICARICA;ATTIVO
39320000055;12/04/2024;CONSUMO;ATTIVO
39320000056;10/04/2024;RICARICA;ATTIVO
39320000057;26/03/2022;CONSUMO;SOSPESO
39320000058;11/10/2021;RICARICA;ATTIVO
39320000059;06/07/2021;CONSUMO;ATTIVO
39320000060;30/10/2025;RICARICA;ATTIVO
39320000061;09/07/2024;CONSUMO;ATTIVO
39320000062;25/10/2024;RICARICA;ATTIVO
39320000063;11/05/2021;CONSUMO;ATTIVO
39320000064;05/05/2024;RICARICA;SOSPESO
39320000065;20/12/2023;CONSUMO;ATTIVO
39320000066;08/02/2024;RICARICA;ATTIVO
39320000067;24/01/2021;CONSUMO;ATTIVO
39320000068;23/08/2021;RICARICA;ATTIVO
39320000069;05/01/2024;CONSUMO;ATTIVO
39320000070;24/04/2025;RICARICA;ATTIVO
39320000071;17/08/2021;CONSUMO;ATTIVO
39320000072;20/11/2021;RICARICA;ATTIVO
39320000073;18/01/2025;CONSUMO;ATTIVO
39320000074;24/06/2022;RICARICA;SOSPESO
39320000075;10/04/2025;CONSUMO;ATTIVO
39320000076;13/02/2026;RICARICA;ATTIVO
39320000077;04/07/2024;CONSUMO;ATTIVO
39320000078;01/08/2024;RICARICA;ATTIVO
39320000079;12/02/2022;CONSUMO;ATTIVO
39320000080;11/04/2025;RICARICA;ATTIVO
39320000081;14/05/2025;CONSUMO;SOSPESO
39320000082;25/02/2026;RICARICA;ATTIVO
39320000083;26/10/2022;CONSUMO;ATTIVO
39320000084;18/08/2021;RICARICA;SOSPESO
39320000085;05/12/2025;CONSUMO;SOSPESO
39320000086;11/07/2025;RICARICA;ATTIVO
39320000087;29/04/2021;CONSUMO;ATTIVO
39320000088;07/03/2024;RICARICA;SOSPESO
39320000089;25/06/2021;CONSUMO;ATTIVO
39320000090;30/07/2025;RICARICA;ATTIVO
39320000091;07/04/2025;CONSUMO;ATTIVO
39320000092;15/09/2021;RICARICA;ATTIVO
39320000093;01/09/2023;CONSUMO;SOSPESO
39320000094;05/12/2021;RICARICA;ATTIVO
39320000095;22/11/2025;CONSUMO;ATTIVO
39320000096;10/03/2022;RICARICA;SOSPESO
39320000097;27/03/2025;CONSUMO;ATTIVO
39320000098;16/02/2022;RICARICA;ATTIVO
39320000099;29/03/2023;CONSUMO;SOSPESO
39320000100;23/08/2024;RICARICA;ATTIVO
39320000101;17/01/2026;CONSUMO;ATTIVO
39320000102;05/09/2021;RICARICA;ATTIVO
39320000103;12/05/2021;CONSUMO;ATTIVO
39320000104;19/04/2024;RICARICA;ATTIVO
39320000105;20/04/2024;CONSUMO;ATTIVO
39320000106;26/05/2021;RICARICA;ATTIVO
39320000107;01/05/2021;CONSUMO;ATTIVO
39320000108;29/01/2026;RICARICA;ATTIVO
39320000109;08/11/2022;CONSUMO;ATTIVO
39320000110;03/05/2022;RICARICA;ATTIVO
39320000111;22/09/2023;CONSUMO;ATTIVO
39320000112;28/09/2021;RICARICA;ATTIVO
39320000113;13/12/2025;CONSUMO;ATTIVO
39320000114;27/08/2023;RICARICA;ATTIVO
39320000115;27/08/2023;CONSUMO;ATTIVO
39320000116;25/01/2022;RICARICA;ATTIVO
39320000117;11/09/2024;CONSUMO;ATTIVO
39320000118;18/05/2023;RICARICA;ATTIVO
39320000119;05/11/2025;CONSUMO;ATTIVO
39320000120;11/10/2024;RICARICA;ATTIVO
39320000121;16/08/2024;CONSUMO;ATTIVO
39320000122;05/04/2023;RICARICA;ATTIVO
39320000123;28/06/2025;CONSUMO;ATTIVO
39320000124;25/05/2022;RICARICA;ATTIVO
39320000125;04/01/2024;CONSUMO;ATTIVO
39320000126;15/05/2023;RICARICA;ATTIVO
39320000127;06/08/2023;CONSUMO;ATTIVO
39320000128;06/03/2026;RICARICA;ATTIVO
39320000129;13/07/2025;CONSUMO;ATTIVO
39320000130;02/02/2024;RICARICA;ATTIVO
39320000131;28/08/2024;CONSUMO;SOSPESO
39320000132;09/09/2025;RICARICA;ATTIVO
39320000133;11/07/2021;CONSUMO;SOSPESO
39320000134;05/10/2025;RICARICA;ATTIVO
39320000135;13/04/2023;CONSUMO;ATTIVO
39320000136;14/03/2022;RICARICA;ATTIVO
39320000137;23/01/2026;CONSUMO;ATTIVO
39320000138;16/02/2023;RICARICA;ATTIVO
39320000139;11/03/2023;CONSUMO;ATTIVO
39320000140;25/05/2025;RICARICA;ATTIVO
39320000141;08/08/2022;CONSUMO;ATTIVO
39320000142;05/02/2025;RICARICA;SOSPESO
39320000143;13/02/2024;CONSUMO;ATTIVO
39320000144;24/09/2023;RICARICA;ATTIVO
39320000145;31/08/2022;CONSUMO;ATTIVO
39320000146;30/04/2021;RICARICA;ATTIVO
39320000147;16/01/2024;CONSUMO;ATTIVO
39320000148;05/10/2022;RICARICA;ATTIVO
39320000149;11/04/2024;CONSUMO;ATTIVO
39320000150;26/02/2026;RICARICA;ATTIVO
39320000151;19/11/2021;CONSUMO;ATTIVO
39320000152;07/11/2023;RICARICA;ATTIVO
39320000153;16/01/2022;CONSUMO;ATTIVO
39320000154;20/05/2021;RICARICA;ATTIVO
39320000155;27/04/2022;CONSUMO;ATTIVO
39320000156;29/12/2025;RICARICA;ATTIVO
39320000157;31/03/2024;CONSUMO;ATTIVO
39320000158;22/06/2024;RICARICA;ATTIVO
39320000159;08/09/2024;CONSUMO;ATTIVO
39320000160;07/12/2023;RICARICA;ATTIVO
39320000161;19/06/2022;CONSUMO;ATTIVO
39320000162;06/01/2025;RICARICA;ATTIVO
39320000163;28/06/2022;CONSUMO;ATTIVO
39320000164;07/10/2024;RICARICA;ATTIVO
39320000165;26/07/2023;CONSUMO;ATTIVO
39320000166;20/03/2025;RICARICA;SOSPESO
39320000167;20/01/2021;CONSUMO;ATTIVO
39320000168;28/02/2024;RICARICA;SOSPESO
39320000169;31/05/2021;CONSUMO;ATTIVO
39320000170;03/11/2023;RICARICA;ATTIVO
39320000171;16/12/2022;CONSUMO;ATTIVO
39320000172;06/12/2025;RICARICA;ATTIVO
39320000173;07/08/2022;CONSUMO;ATTIVO
39320000174;04/09/2025;RICARICA;ATTIVO
39320000175;12/09/2022;CONSUMO;ATTIVO
39320000176;11/07/2025;RICARICA;ATTIVO
39320000177;17/01/2021;CONSUMO;ATTIVO
39320000178;10/02/2024;RICARICA;ATTIVO
39320000179;20/09/2024;CONSUMO;ATTIVO
39320000180;04/12/2025;RICARICA;ATTIVO
39320000181;25/08/2021;CONSUMO;ATTIVO
39320000182;01/03/2025;RICARICA;ATTIVO
39320000183;12/07/2022;CONSUMO;ATTIVO
39320000184;08/03/2022;RICARICA;ATTIVO
39320000185;21/02/2022;CONSUMO;ATTIVO
39320000186;13/10/2025;RICARICA;ATTIVO
39320000187;28/09/2023;CONSUMO;ATTIVO
39320000188;03/02/2026;RICARICA;ATTIVO
39320000189;09/07/2021;CONSUMO;ATTIVO
39320000190;26/08/2025;RICARICA;ATTIVO
39320000191;08/01/2021;CONSUMO;ATTIVO
39320000192;25/09/2021;RICARICA;ATTIVO
39320000193;21/06/2022;CONSUMO;ATTIVO
39320000194;24/06/2023;RICARICA;ATTIVO
39320000195;26/05/2023;CONSUMO;ATTIVO
39320000196;18/08/2021;RICARICA;ATTIVO
39320000197;14/12/2025;CONSUMO;ATTIVO
39320000198;02/11/2021;RICARICA;ATTIVO
39320000199;06/09/2025;CONSUMO;ATTIVO
39320000200;06/02/2024;RICARICA;ATTIVO
39320000201;19/09/2021;CONSUMO;ATTIVO
39320000202;17/01/2023;RICARICA;ATTIVO
39320000203;19/06/2025;CONSUMO;SOSPESO
39320000204;23/03/2021;RICARICA;ATTIVO
39320000205;07/03/2022;CONSUMO;ATTIVO
39320000206;27/09/2024;RICARICA;ATTIVO
39320000207;17/05/2025;CONSUMO;ATTIVO
39320000208;27/11/2025;RICARICA;ATTIVO
39320000209;25/06/2024;CONSUMO;ATTIVO
39320000210;11/03/2026;RICARICA;SOSPESO
39320000211;06/11/2025;CONSUMO;ATTIVO
39320000212;27/06/2025;RICARICA;ATTIVO
39320000213;11/12/2025;CONSUMO;ATTIVO
39320000214;03/01/2022;RICARICA;ATTIVO
39320000215;12/11/2022;CONSUMO;ATTIVO
39320000216;24/04/2023;RICARICA;ATTIVO
39320000217;05/11/2025;CONSUMO;ATTIVO
39320000218;24/05/2022;RICARICA;ATTIVO
39320000219;01/06/2025;CONSUMO;ATTIVO
39320000220;23/02/2023;RICARICA;ATTIVO
39320000221;25/10/2025;CONSUMO;ATTIVO
39320000222;13/02/2022;RICARICA;ATTIVO
39320000223;01/08/2023;CONSUMO;ATTIVO
39320000224;08/08/2025;RICARICA;ATTIVO
39320000225;12/04/2022;CONSUMO;ATTIVO
39320000226;13/09/2024;RICARICA;ATTIVO
39320000227;04/11/2022;CONSUMO;ATTIVO
39320000228;23/05/2021;RICARICA;SOSPESO
39320000229;26/07/2022;CONSUMO;ATTIVO
39320000230;10/11/2023;RICARICA;ATTIVO
39320000231;24/09/2025;CONSUMO;ATTIVO
39320000232;26/02/2021;RICARICA;ATTIVO
39320000233;19/06/2022;CONSUMO;ATTIVO
39320000234;28/06/2022;RICARICA;ATTIVO
39320000235;06/05/2024;CONSUMO;ATTIVO
39320000236;01/02/2025;RICARICA;ATTIVO
39320000237;13/06/2023;CONSUMO;ATTIVO
39320000238;14/11/2023;RICARICA;ATTIVO
39320000239;17/01/2026;CONSUMO;ATTIVO
39320000240;06/06/2022;RICARICA;ATTIVO
39320000241;13/06/2023;CONSUMO;ATTIVO
39320000242;11/03/2026;RICARICA;ATTIVO
39320000243;07/11/2024;CONSUMO;ATTIVO
39320000244;28/02/2025;RICARICA;ATTIVO
39320000245;08/02/2022;CONSUMO;ATTIVO
39320000246;24/05/2021;RICARICA;SOSPESO
39320000247;01/03/2026;CONSUMO;ATTIVO
39320000248;05/10/2022;RICARICA;ATTIVO
39320000249;13/09/2021;CONSUMO;ATTIVO
39320000250;08/09/2022;RICARICA;ATTIVO
39320000251;27/09/2024;CONSUMO;ATTIVO
39320000252;05/04/2023;RICARICA;ATTIVO
39320000253;10/02/2024;CONSUMO;ATTIVO
39320000254;12/05/2023;RICARICA;ATTIVO
39320000255;16/02/2023;CONSUMO;ATTIVO
39320000256;23/01/2026;RICARICA;ATTIVO
39320000257;11/03/2024;CONSUMO;ATTIVO
39320000258;28/01/2024;RICARICA;ATTIVO
39320000259;15/09/2022;CONSUMO;ATTIVO
39320000260;31/05/2023;RICARICA;ATTIVO
39320000261;27/05/2024;CONSUMO;ATTIVO
39320000262;11/08/2023;RICARICA;ATTIVO
39320000263;15/10/2024;CONSUMO;ATTIVO
39320000264;28/08/2023;RICARICA;ATTIVO
39320000265;19/06/2025;CONSUMO;ATTIVO
39320000266;11/09/2024;RICARICA;ATTIVO
39320000267;22/11/2023;CONSUMO;ATTIVO
39320000268;22/06/2024;RICARICA;ATTIVO
39320000269;04/08/2025;CONSUMO;SOSPESO
39320000270;27/04/2022;RICARICA;ATTIVO
39320000271;06/04/2022;CONSUMO;ATTIVO
39320000272;29/10/2021;RICARICA;ATTIVO
39320000273;17/05/2022;CONSUMO;SOSPESO
39320000274;05/06/2024;RICARICA;ATTIVO
39320000275;30/05/2021;CONSUMO;ATTIVO
39320000276;20/12/2025;RICARICA;ATTIVO
39320000277;03/02/2022;CONSUMO;ATTIVO
39320000278;26/02/2023;RICARICA;ATTIVO
39320000279;15/05/2022;CONSUMO;ATTIVO
39320000280;09/11/2024;RICARICA;ATTIVO
39320000281;18/03/2025;CONSUMO;ATTIVO
39320000282;19/12/2025;RICARICA;ATTIVO
39320000283;21/05/2023;CONSUMO;ATTIVO
39320000284;05/07/2025;RICARICA;SOSPESO
39320000285;27/11/2023;CONSUMO;ATTIVO
39320000286;16/02/2024;RICARICA;ATTIVO
39320000287;04/10/2025;CONSUMO;ATTIVO
39320000288;01/10/2021;RICARICA;ATTIVO
39320000289;29/09/2024;CONSUMO;ATTIVO
39320000290;19/02/2024;RICARICA;ATTIVO
39320000291;27/03/2025;CONSUMO;ATTIVO
39320000292;08/06/2024;RICARICA;ATTIVO
39320000293;01/01/2026;CONSUMO;ATTIVO
39320000294;29/08/2025;RICARICA;ATTIVO
39320000295;03/07/2023;CONSUMO;ATTIVO
39320000296;04/03/2025;RICARICA;ATTIVO
39320000297;11/07/2023;CONSUMO;ATTIVO
39320000298;22/05/2022;RICARICA;ATTIVO
39320000299;22/07/2022;CONSUMO;ATTIVO
39320000300;04/12/2023;RICARICA;ATTIVO
39320000301;05/05/2022;CONSUMO;ATTIVO
39320000302;08/06/2021;RICARICA;ATTIVO
39320000303;26/04/2022;CONSUMO;ATTIVO
39320000304;17/10/2022;RICARICA;ATTIVO
39320000305;15/06/2021;CONSUMO;ATTIVO
39320000306;19/04/2022;RICARICA;ATTIVO
39320000307;09/11/2021;CONSUMO;ATTIVO
39320000308;12/05/2021;RICARICA;ATTIVO
39320000309;09/11/2022;CONSUMO;ATTIVO
39320000310;02/05/2023;RICARICA;ATTIVO
39320000311;02/09/2025;CONSUMO;ATTIVO
39320000312;28/01/2026;RICARICA;ATTIVO
39320000313;25/11/2024;CONSUMO;ATTIVO
39320000314;09/12/2025;RICARICA;ATTIVO
39320000315;19/02/2023;CONSUMO;ATTIVO
39320000316;22/12/2022;RICARICA;ATTIVO
39320000317;10/03/2023;CONSUMO;ATTIVO
39320000318;08/09/2025;RICARICA;ATTIVO
39320000319;11/03/2025;CONSUMO;ATTIVO
39320000320;27/06/2025;RICARICA;ATTIVO
39320000321;28/03/2022;CONSUMO;ATTIVO
39320000322;13/07/2022;RICARICA;ATTIVO
39320000323;01/03/2021;CONSUMO;ATTIVO
39320000324;01/10/2024;RICARICA;ATTIVO
39320000325;09/04/2023;CONSUMO;ATTIVO
39320000326;18/09/2025;RICARICA;ATTIVO
39320000327;19/09/2021;CONSUMO;SOSPESO
39320000328;30/12/2023;RICARICA;ATTIVO
39320000329;18/03/2023;CONSUMO;ATTIVO
39320000330;19/09/2024;RICARICA;ATTIVO
39320000331;09/08/2024;CONSUMO;ATTIVO
39320000332;11/11/2025;RICARICA;ATTIVO
39320000333;13/04/2021;CONSUMO;ATTIVO
39320000334;02/11/2022;RICARICA;ATTIVO
39320000335;01/11/2022;CONSUMO;ATTIVO
39320000336;07/12/2025;RICARICA;ATTIVO
39320000337;21/03/2025;CONSUMO;SOSPESO
39320000338;14/05/2023;RICARICA;ATTIVO
39320000339;17/06/2021;CONSUMO;ATTIVO
39320000340;15/03/2025;RICARICA;ATTIVO
39320000341;18/12/2022;CONSUMO;ATTIVO
39320000342;21/05/2021;RICARICA;ATTIVO
39320000343;27/08/2024;CONSUMO;ATTIVO
39320000344;05/03/2021;RICARICA;SOSPESO
39320000345;13/02/2022;CONSUMO;ATTIVO
39320000346;26/06/2024;RICARICA;ATTIVO
39320000347;16/09/2021;CONSUMO;ATTIVO
39320000348;23/08/2021;RICARICA;ATTIVO
39320000349;23/03/2022;CONSUMO;ATTIVO
39320000350;09/06/2022;RICARICA;ATTIVO
39320000351;10/12/2021;CONSUMO;ATTIVO
39320000352;12/03/2025;RICARICA;ATTIVO
39320000353;12/05/2025;CONSUMO;ATTIVO
39320000354;30/09/2022;RICARICA;ATTIVO
39320000355;22/02/2021;CONSUMO;SOSPESO
39320000356;25/03/2024;RICARICA;ATTIVO
39320000357;08/02/2023;CONSUMO;ATTIVO
39320000358;04/01/2025;RICARICA;ATTIVO
39320000359;27/04/2024;CONSUMO;ATTIVO
39320000360;08/07/2024;RICARICA;ATTIVO
39320000361;28/11/2024;CONSUMO;ATTIVO
39320000362;08/10/2025;RICARICA;ATTIVO
39320000363;08/07/2025;CONSUMO;ATTIVO
39320000364;05/03/2024;RICARICA;ATTIVO
39320000365;13/12/2022;CONSUMO;ATTIVO
39320000366;16/09/2024;RICARICA;ATTIVO
39320000367;03/11/2023;CONSUMO;ATTIVO
39320000368;26/01/2021;RICARICA;ATTIVO
39320000369;12/08/2025;CONSUMO;ATTIVO
39320000370;07/06/2023;RICARICA;SOSPESO
39320000371;25/07/2024;CONSUMO;ATTIVO
39320000372;31/07/2023;RICARICA;ATTIVO
39320000373;11/06/2023;CONSUMO;ATTIVO
39320000374;05/12/2023;RICARICA;SOSPESO
39320000375;08/07/2022;CONSUMO;ATTIVO
39320000376;27/02/2026;RICARICA;ATTIVO
39320000377;18/09/2023;CONSUMO;ATTIVO
39320000378;19/08/2025;RICARICA;ATTIVO
39320000379;04/07/2022;CONSUMO;ATTIVO
39320000380;18/05/2022;RICARICA;ATTIVO
39320000381;27/06/2021;CONSUMO;ATTIVO
39320000382;13/07/2023;RICARICA;ATTIVO
39320000383;10/08/2023;CONSUMO;ATTIVO
39320000384;30/09/2024;RICARICA;ATTIVO
39320000385;28/02/2021;CONSUMO;ATTIVO
39320000386;28/10/2022;RICARICA;ATTIVO
39320000387;11/03/2022;CONSUMO;ATTIVO
39320000388;14/06/2022;RICARICA;ATTIVO
39320000389;08/12/2025;CONSUMO;ATTIVO
39320000390;08/12/2025;RICARICA;ATTIVO
39320000391;21/01/2021;CONSUMO;ATTIVO
39320000392;27/01/2022;RICARICA;ATTIVO
39320000393;14/01/2025;CONSUMO;ATTIVO
39320000394;12/02/2024;RICARICA;ATTIVO
39320000395;15/11/2024;CONSUMO;ATTIVO
39320000396;28/12/2024;RICARICA;ATTIVO
39320000397;12/06/2025;CONSUMO;ATTIVO
39320000398;26/08/2022;RICARICA;ATTIVO
39320000399;17/11/2024;CONSUMO;ATTIVO
39320000400;21/09/2024;RICARICA;ATTIVO
39320000401;28/08/2023;CONSUMO;ATTIVO
39320000402;06/12/2022;RICARICA;ATTIVO
39320000403;08/03/2025;CONSUMO;ATTIVO
39320000404;22/12/2022;RICARICA;ATTIVO
39320000405;09/07/2022;CONSUMO;ATTIVO
39320000406;18/04/2022;RICARICA;ATTIVO
39320000407;30/01/2022;CONSUMO;ATTIVO
39320000408;02/03/2025;RICARICA;ATTIVO
39320000409;10/04/2025;CONSUMO;ATTIVO
39320000410;28/01/2022;RICARICA;ATTIVO
39320000411;19/09/2023;CONSUMO;ATTIVO
39320000412;22/04/2024;RICARICA;SOSPESO
39320000413;11/12/2023;CONSUMO;ATTIVO
39320000414;25/07/2021;RICARICA;ATTIVO
39320000415;30/08/2022;CONSUMO;ATTIVO
39320000416;03/01/2022;RICARICA;ATTIVO
39320000417;21/12/2024;CONSUMO;ATTIVO
39320000418;16/07/2022;RICARICA;ATTIVO
39320000419;22/04/2021;CONSUMO;ATTIVO
39320000420;29/11/2024;RICARICA;SOSPESO
39320000421;30/07/2024;CONSUMO;ATTIVO
39320000422;03/10/2023;RICARICA;ATTIVO
39320000423;26/01/2021;CONSUMO;ATTIVO
39320000424;20/08/2023;RICARICA;ATTIVO
39320000425;29/11/2022;CONSUMO;ATTIVO
39320000426;16/04/2021;RICARICA;ATTIVO
39320000427;31/10/2025;CONSUMO;ATTIVO
39320000428;11/08/2025;RICARICA;ATTIVO
39320000429;05/10/2023;CONSUMO;ATTIVO
39320000430;13/07/2024;RICARICA;ATTIVO
39320000431;07/11/2021;CONSUMO;ATTIVO
39320000432;27/02/2024;RICARICA;SOSPESO
39320000433;24/06/2021;CONSUMO;SOSPESO
39320000434;31/08/2021;RICARICA;ATTIVO
39320000435;03/05/2023;CONSUMO;ATTIVO
39320000436;08/06/2025;RICARICA;ATTIVO
39320000437;08/05/2025;CONSUMO;ATTIVO
39320000438;12/07/2023;RICARICA;ATTIVO
39320000439;01/09/2022;CONSUMO;ATTIVO
39320000440;29/05/2023;RICARICA;ATTIVO
39320000441;25/06/2024;CONSUMO;ATTIVO
39320000442;24/02/2025;RICARICA;ATTIVO
39320000443;12/04/2025;CONSUMO;ATTIVO
39320000444;09/03/2022;RICARICA;ATTIVO
39320000445;16/06/2021;CONSUMO;ATTIVO
39320000446;22/12/2021;RICARICA;ATTIVO
39320000447;17/11/2021;CONSUMO;ATTIVO
39320000448;12/07/2023;RICARICA;ATTIVO
39320000449;21/08/2023;CONSUMO;ATTIVO
39320000450;20/04/2022;RICARICA;ATTIVO
39320000451;03/08/2022;CONSUMO;ATTIVO
39320000452;19/07/2023;RICARICA;ATTIVO
39320000453;24/04/2022;CONSUMO;SOSPESO
39320000454;02/06/2025;RICARICA;ATTIVO
39320000455;22/04/2024;CONSUMO;ATTIVO
39320000456;10/02/2022;RICARICA;ATTIVO
39320000457;21/01/2024;CONSUMO;ATTIVO
39320000458;02/11/2021;RICARICA;ATTIVO
39320000459;20/08/2025;CONSUMO;ATTIVO
39320000460;03/05/2021;RICARICA;ATTIVO
39320000461;22/09/2022;CONSUMO;ATTIVO
39320000462;16/08/2025;RICARICA;ATTIVO
39320000463;15/08/2022;CONSUMO;ATTIVO
39320000464;18/08/2023;RICARICA;ATTIVO
39320000465;04/12/2024;CONSUMO;ATTIVO
39320000466;12/07/2022;RICARICA;ATTIVO
39320000467;09/10/2023;CONSUMO;ATTIVO
39320000468;09/05/2024;RICARICA;ATTIVO
39320000469;04/06/2023;CONSUMO;ATTIVO
39320000470;21/05/2024;RICARICA;ATTIVO
39320000471;07/07/2021;CONSUMO;ATTIVO
39320000472;12/10/2024;RICARICA;ATTIVO
39320000473;24/03/2024;CONSUMO;ATTIVO
39320000474;12/02/2021;RICARICA;SOSPESO
39320000475;08/10/2024;CONSUMO;ATTIVO
39320000476;26/03/2024;RICARICA;ATTIVO
39320000477;29/03/2025;CONSUMO;ATTIVO
39320000478;29/11/2023;RICARICA;ATTIVO
39320000479;20/02/2026;CONSUMO;ATTIVO
39320000480;13/04/2024;RICARICA;ATTIVO
39320000481;26/07/2025;CONSUMO;ATTIVO
39320000482;06/07/2021;RICARICA;ATTIVO
39320000483;17/04/2023;CONSUMO;ATTIVO
39320000484;04/10/2024;RICARICA;ATTIVO
39320000485;26/11/2021;CONSUMO;ATTIVO
39320000486;21/11/2024;RICARICA;ATTIVO
39320000487;18/09/2024;CONSUMO;SOSPESO
39320000488;25/07/2025;RICARICA;ATTIVO
39320000489;17/03/2021;CONSUMO;ATTIVO
39320000490;07/10/2022;RICARICA;ATTIVO
39320000491;26/08/2021;CONSUMO;SOSPESO
39320000492;08/04/2023;RICARICA;ATTIVO
39320000493;17/08/2025;CONSUMO;SOSPESO
39320000494;08/09/2024;RICARICA;ATTIVO
39320000495;05/08/2023;CONSUMO;ATTIVO
39320000496;20/01/2022;RICARICA;ATTIVO
39320000497;29/06/2024;CONSUMO;ATTIVO
39320000498;04/07/2024;RICARICA;ATTIVO
39320000499;16/04/2021;CONSUMO;ATTIVO
39320000500;30/01/2024;RICARICA;ATTIVO
39320000501;13/08/2022;CONSUMO;ATTIVO
39320000502;01/12/2024;RICARICA;ATTIVO
39320000503;01/03/2021;CONSUMO;SOSPESO
39320000504;31/05/2024;RICARICA;ATTIVO
39320000505;24/12/2024;CONSUMO;ATTIVO
39320000506;03/02/2024;RICARICA;ATTIVO
39320000507;16/04/2023;CONSUMO;ATTIVO
39320000508;20/09/2025;RICARICA;ATTIVO
39320000509;04/08/2023;CONSUMO;SOSPESO
39320000510;19/08/2024;RICARICA;ATTIVO
39320000511;18/10/2023;CONSUMO;SOSPESO
39320000512;21/08/2022;RICARICA;ATTIVO
39320000513;14/07/2022;CONSUMO;ATTIVO
39320000514;16/09/2023;RICARICA;SOSPESO
39320000515;15/05/2022;CONSUMO;ATTIVO
39320000516;24/10/2021;RICARICA;ATTIVO
39320000517;03/03/2026;CONSUMO;ATTIVO
39320000518;09/03/2025;RICARICA;ATTIVO
39320000519;05/11/2025;CONSUMO;ATTIVO
39320000520;02/05/2025;RICARICA;ATTIVO
39320000521;30/04/2023;CONSUMO;ATTIVO
39320000522;02/06/2025;RICARICA;ATTIVO
39320000523;08/08/2025;CONSUMO;ATTIVO
39320000524;26/01/2025;RICARICA;ATTIVO
39320000525;17/04/2024;CONSUMO;ATTIVO
39320000526;13/09/2024;RICARICA;ATTIVO
39320000527;01/11/2021;CONSUMO;ATTIVO
39320000528;19/09/2023;RICARICA;ATTIVO
39320000529;05/02/2024;CONSUMO;ATTIVO
39320000530;12/02/2023;RICARICA;ATTIVO
39320000531;22/10/2022;CONSUMO;ATTIVO
39320000532;29/11/2024;RICARICA;ATTIVO
39320000533;24/02/2023;CONSUMO;ATTIVO
39320000534;08/05/2025;RICARICA;ATTIVO
39320000535;14/10/2022;CONSUMO;ATTIVO
39320000536;15/12/2024;RICARICA;ATTIVO
39320000537;20/02/2023;CONSUMO;ATTIVO
39320000538;21/09/2024;RICARICA;ATTIVO
39320000539;28/08/2024;CONSUMO;SOSPESO
39320000540;12/10/2023;RICARICA;SOSPESO
39320000541;16/09/2021;CONSUMO;ATTIVO
39320000542;23/04/2024;RICARICA;ATTIVO
39320000543;25/07/2021;CONSUMO;ATTIVO
39320000544;21/06/2023;RICARICA;ATTIVO
39320000545;08/02/2026;CONSUMO;ATTIVO
39320000546;19/01/2025;RICARICA;ATTIVO
39320000547;19/11/2025;CONSUMO;ATTIVO
39320000548;13/11/2021;RICARICA;ATTIVO
39320000549;20/05/2025;CONSUMO;SOSPESO
39320000550;25/11/2022;RICARICA;ATTIVO
39320000551;26/03/2023;CONSUMO;ATTIVO
39320000552;11/10/2025;RICARICA;ATTIVO
39320000553;13/10/2024;CONSUMO;ATTIVO
39320000554;18/02/2023;RICARICA;SOSPESO
39320000555;07/07/2024;CONSUMO;ATTIVO
39320000556;05/04/2025;RICARICA;ATTIVO
39320000557;14/01/2024;CONSUMO;ATTIVO
39320000558;21/05/2021;RICARICA;ATTIVO
39320000559;02/11/2024;CONSUMO;SOSPESO
39320000560;11/04/2022;RICARICA;ATTIVO
39320000561;08/06/2023;CONSUMO;SOSPESO
39320000562;07/04/2025;RICARICA;ATTIVO
39320000563;23/11/2025;CONSUMO;ATTIVO
39320000564;07/12/2021;RICARICA;ATTIVO
39320000565;25/01/2026;CONSUMO;ATTIVO
39320000566;27/10/2022;RICARICA;ATTIVO
39320000567;24/08/2022;CONSUMO;ATTIVO
39320000568;02/06/2023;RICARICA;ATTIVO
39320000569;24/12/2023;CONSUMO;ATTIVO
39320000570;28/10/2024;RICARICA;ATTIVO
39320000571;15/12/2021;CONSUMO;ATTIVO
39320000572;02/06/2024;RICARICA;ATTIVO
39320000573;23/06/2024;CONSUMO;ATTIVO
39320000574;17/10/2023;RICARICA;ATTIVO
39320000575;21/10/2021;CONSUMO;ATTIVO
39320000576;30/07/2024;RICARICA;ATTIVO
39320000577;07/06/2022;CONSUMO;ATTIVO
39320000578;15/01/2026;RICARICA;ATTIVO
39320000579;20/01/2026;CONSUMO;ATTIVO
39320000580;25/01/2024;RICARICA;ATTIVO
39320000581;24/06/2023;CONSUMO;SOSPESO
39320000582;18/04/2024;RICARICA;ATTIVO
39320000583;19/05/2023;CONSUMO;ATTIVO
39320000584;25/07/2023;RICARICA;ATTIVO
39320000585;12/02/2022;CONSUMO;SOSPESO
39320000586;14/10/2025;RICARICA;ATTIVO
39320000587;01/05/2022;CONSUMO;ATTIVO
39320000588;06/01/2023;RICARICA;ATTIVO
39320000589;03/12/2024;CONSUMO;ATTIVO
39320000590;27/08/2025;RICARICA;ATTIVO
39320000591;17/07/2022;CONSUMO;ATTIVO
39320000592;07/11/2025;RICARICA;ATTIVO
39320000593;06/03/2025;CONSUMO;SOSPESO
39320000594;08/02/2026;RICARICA;ATTIVO
39320000595;15/10/2023;CONSUMO;ATTIVO
39320000596;24/01/2026;RICARICA;ATTIVO
39320000597;25/06/2025;CONSUMO;ATTIVO
39320000598;01/07/2025;RICARICA;ATTIVO
39320000599;27/07/2024;CONSUMO;ATTIVO
39320000600;29/05/2022;RICARICA;ATTIVO
39320000601;16/01/2025;CONSUMO;ATTIVO
39320000602;26/10/2024;RICARICA;ATTIVO
39320000603;10/07/2024;CONSUMO;ATTIVO
39320000604;09/07/2024;RICARICA;ATTIVO
39320000605;25/09/2022;CONSUMO;ATTIVO
39320000606;10/03/2021;RICARICA;ATTIVO
39320000607;08/02/2025;CONSUMO;ATTIVO
39320000608;06/02/2026;RICARICA;ATTIVO
39320000609;11/03/2025;CONSUMO;ATTIVO
39320000610;16/02/2022;RICARICA;ATTIVO
39320000611;10/01/2024;CONSUMO;ATTIVO
39320000612;20/01/2023;RICARICA;ATTIVO
39320000613;14/02/2026;CONSUMO;ATTIVO
39320000614;03/12/2021;RICARICA;ATTIVO
39320000615;16/08/2025;CONSUMO;SOSPESO
39320000616;10/07/2025;RICARICA;ATTIVO
39320000617;18/11/2025;CONSUMO;ATTIVO
39320000618;24/08/2021;RICARICA;ATTIVO
39320000619;04/06/2021;CONSUMO;ATTIVO
39320000620;08/04/2022;RICARICA;ATTIVO
39320000621;23/01/2025;CONSUMO;ATTIVO
39320000622;25/03/2023;RICARICA;SOSPESO
39320000623;06/07/2025;CONSUMO;ATTIVO
39320000624;04/07/2021;RICARICA;ATTIVO
39320000625;29/01/2021;CONSUMO;ATTIVO
39320000626;11/09/2021;RICARICA;ATTIVO
39320000627;09/10/2024;CONSUMO;ATTIVO
39320000628;21/06/2022;RICARICA;ATTIVO
39320000629;12/08/2025;CONSUMO;ATTIVO
39320000630;31/01/2023;RICARICA;ATTIVO
39320000631;24/04/2022;CONSUMO;ATTIVO
39320000632;22/06/2024;RICARICA;ATTIVO
39320000633;24/02/2024;CONSUMO;ATTIVO
39320000634;03/06/2024;RICARICA;ATTIVO
39320000635;10/05/2021;CONSUMO;ATTIVO
39320000636;09/08/2023;RICARICA;ATTIVO
39320000637;11/09/2022;CONSUMO;ATTIVO
39320000638;27/08/2021;RICARICA;ATTIVO
39320000639;18/03/2021;CONSUMO;ATTIVO
39320000640;06/10/2023;RICARICA;ATTIVO
39320000641;26/04/2022;CONSUMO;ATTIVO
39320000642;05/10/2021;RICARICA;ATTIVO
39320000643;30/01/2023;CONSUMO;ATTIVO
39320000644;02/03/2025;RICARICA;ATTIVO
39320000645;12/01/2024;CONSUMO;ATTIVO
39320000646;01/03/2025;RICARICA;ATTIVO
39320000647;19/12/2025;CONSUMO;ATTIVO
39320000648;22/07/2021;RICARICA;ATTIVO
39320000649;14/06/2024;CONSUMO;ATTIVO
39320000650;27/07/2022;RICARICA;ATTIVO
39320000651;29/01/2023;CONSUMO;ATTIVO
39320000652;30/06/2023;RICARICA;SOSPESO
39320000653;18/10/2025;CONSUMO;ATTIVO
39320000654;05/11/2024;RICARICA;ATTIVO
39320000655;21/01/2026;CONSUMO;SOSPESO
39320000656;05/01/2023;RICARICA;ATTIVO
39320000657;20/07/2022;CONSUMO;ATTIVO
39320000658;08/09/2021;RICARICA;SOSPESO
39320000659;15/08/2025;CONSUMO;ATTIVO
39320000660;19/09/2024;RICARICA;ATTIVO
39320000661;02/08/2024;CONSUMO;ATTIVO
39320000662;13/02/2021;RICARICA;ATTIVO
39320000663;15/11/2022;CONSUMO;ATTIVO
39320000664;15/09/2021;RICARICA;ATTIVO
39320000665;25/02/2022;CONSUMO;ATTIVO
39320000666;17/04/2025;RICARICA;ATTIVO
39320000667;15/04/2024;CONSUMO;ATTIVO
39320000668;17/11/2025;RICARICA;ATTIVO
39320000669;05/05/2025;CONSUMO;ATTIVO
39320000670;19/01/2026;RICARICA;ATTIVO
39320000671;22/07/2022;CONSUMO;ATTIVO
39320000672;24/10/2021;RICARICA;SOSPESO
39320000673;12/01/2024;CONSUMO;ATTIVO
39320000674;24/12/2021;RICARICA;ATTIVO
39320000675;10/11/2025;CONSUMO;ATTIVO
39320000676;31/01/2021;RICARICA;ATTIVO
39320000677;03/06/2025;CONSUMO;ATTIVO
39320000678;26/10/2022;RICARICA;ATTIVO
39320000679;28/06/2022;CONSUMO;ATTIVO
39320000680;28/02/2025;RICARICA;ATTIVO
39320000681;21/08/2021;CONSUMO;ATTIVO
39320000682;03/09/2023;RICARICA;ATTIVO
39320000683;12/01/2023;CONSUMO;ATTIVO
39320000684;12/08/2021;RICARICA;ATTIVO
39320000685;30/03/2022;CONSUMO;SOSPESO
39320000686;30/03/2021;RICARICA;ATTIVO
39320000687;05/02/2026;CONSUMO;ATTIVO
39320000688;04/12/2023;RICARICA;ATTIVO
39320000689;10/08/2024;CONSUMO;SOSPESO
39320000690;05/05/2021;RICARICA;SOSPESO
39320000691;02/10/2025;CONSUMO;ATTIVO
39320000692;06/11/2024;RICARICA;ATTIVO
39320000693;29/12/2024;CONSUMO;ATTIVO
39320000694;31/05/2021;RICARICA;ATTIVO
39320000695;22/10/2022;CONSUMO;ATTIVO
39320000696;15/05/2021;RICARICA;ATTIVO
39320000697;02/07/2024;CONSUMO;ATTIVO
39320000698;29/01/2024;RICARICA;ATTIVO
39320000699;20/02/2023;CONSUMO;SOSPESO
39320000700;23/12/2023;RICARICA;ATTIVO
39320000701;02/11/2023;CONSUMO;ATTIVO
39320000702;23/07/2021;RICARICA;ATTIVO
39320000703;23/08/2021;CONSUMO;ATTIVO
39320000704;26/08/2024;RICARICA;ATTIVO
39320000705;04/02/2024;CONSUMO;ATTIVO
39320000706;17/03/2022;RICARICA;ATTIVO
39320000707;24/12/2025;CONSUMO;ATTIVO
39320000708;26/11/2022;RICARICA;ATTIVO
39320000709;28/03/2023;CONSUMO;ATTIVO
39320000710;14/07/2021;RICARICA;ATTIVO
39320000711;03/10/2022;CONSUMO;ATTIVO
39320000712;06/02/2023;RICARICA;SOSPESO
39320000713;07/11/2024;CONSUMO;SOSPESO
39320000714;18/05/2021;RICARICA;ATTIVO
39320000715;24/06/2021;CONSUMO;ATTIVO
39320000716;17/07/2021;RICARICA;ATTIVO
39320000717;03/02/2023;CONSUMO;ATTIVO
39320000718;14/02/2024;RICARICA;ATTIVO
39320000719;25/02/2024;CONSUMO;ATTIVO
39320000720;04/10/2024;RICARICA;ATTIVO
39320000721;26/12/2022;CONSUMO;ATTIVO
39320000722;17/03/2025;RICARICA;ATTIVO
39320000723;19/02/2026;CONSUMO;ATTIVO
39320000724;13/08/2022;RICARICA;ATTIVO
39320000725;22/12/2022;CONSUMO;ATTIVO
39320000726;06/11/2023;RICARICA;ATTIVO
39320000727;06/09/2024;CONSUMO;ATTIVO
39320000728;02/10/2025;RICARICA;ATTIVO
39320000729;28/09/2025;CONSUMO;ATTIVO
39320000730;24/08/2021;RICARICA;ATTIVO
39320000731;21/03/2024;CONSUMO;ATTIVO
39320000732;29/05/2023;RICARICA;ATTIVO
39320000733;21/04/2025;CONSUMO;ATTIVO
39320000734;10/06/2024;RICARICA;ATTIVO
39320000735;15/02/2024;CONSUMO;ATTIVO
39320000736;09/09/2024;RICARICA;ATTIVO
39320000737;02/07/2022;CONSUMO;ATTIVO
39320000738;14/07/2022;RICARICA;ATTIVO
39320000739;25/09/2022;CONSUMO;SOSPESO
39320000740;20/12/2022;RICARICA;ATTIVO
39320000741;17/11/2025;CONSUMO;ATTIVO
39320000742;08/09/2024;RICARICA;ATTIVO
39320000743;18/10/2021;CONSUMO;ATTIVO
39320000744;04/03/2021;RICARICA;ATTIVO
39320000745;23/12/2023;CONSUMO;ATTIVO
39320000746;10/05/2023;RICARICA;ATTIVO
39320000747;19/11/2021;CONSUMO;ATTIVO
39320000748;17/01/2025;RICARICA;ATTIVO
39320000749;08/03/2024;CONSUMO;ATTIVO
39320000750;15/12/2025;RICARICA;ATTIVO
39320000751;19/11/2021;CONSUMO;ATTIVO
39320000752;12/04/2021;RICARICA;ATTIVO
39320000753;12/07/2022;CONSUMO;ATTIVO
39320000754;19/05/2023;RICARICA;ATTIVO
39320000755;25/06/2023;CONSUMO;ATTIVO
39320000756;18/03/2022;RICARICA;ATTIVO
39320000757;22/08/2021;CONSUMO;ATTIVO
39320000758;16/08/2021;RICARICA;ATTIVO
39320000759;21/10/2024;CONSUMO;ATTIVO
39320000760;16/12/2023;RICARICA;ATTIVO
39320000761;04/04/2021;CONSUMO;ATTIVO
39320000762;12/05/2024;RICARICA;ATTIVO
39320000763;23/02/2022;CONSUMO;ATTIVO
39320000764;09/03/2022;RICARICA;ATTIVO
39320000765;15/04/2025;CONSUMO;ATTIVO
39320000766;03/11/2022;RICARICA;ATTIVO
39320000767;16/10/2023;CONSUMO;ATTIVO
39320000768;26/12/2021;RICARICA;ATTIVO
39320000769;27/12/2023;CONSUMO;ATTIVO
39320000770;22/10/2023;RICARICA;ATTIVO
39320000771;30/09/2024;CONSUMO;ATTIVO
39320000772;28/05/2021;RICARICA;ATTIVO
39320000773;28/02/2025;CONSUMO;ATTIVO
39320000774;08/02/2021;RICARICA;ATTIVO
39320000775;09/06/2021;CONSUMO;ATTIVO
39320000776;25/03/2024;RICARICA;ATTIVO
39320000777;09/04/2023;CONSUMO;ATTIVO
39320000778;06/05/2023;RICARICA;ATTIVO
39320000779;10/04/2023;CONSUMO;ATTIVO
39320000780;28/10/2022;RICARICA;ATTIVO
39320000781;19/06/2024;CONSUMO;ATTIVO
39320000782;13/11/2024;RICARICA;ATTIVO
39320000783;30/06/2021;CONSUMO;ATTIVO
39320000784;05/08/2021;RICARICA;ATTIVO
39320000785;21/04/2024;CONSUMO;ATTIVO
39320000786;11/06/2021;RICARICA;ATTIVO
39320000787;28/09/2022;CONSUMO;ATTIVO
39320000788;30/03/2022;RICARICA;ATTIVO
39320000789;11/12/2021;CONSUMO;ATTIVO
39320000790;20/07/2024;RICARICA;ATTIVO
39320000791;11/11/2023;CONSUMO;ATTIVO
39320000792;09/05/2025;RICARICA;ATTIVO
39320000793;29/01/2025;CONSUMO;SOSPESO
39320000794;14/08/2024;RICARICA;ATTIVO
39320000795;29/04/2022;CONSUMO;ATTIVO
39320000796;09/06/2022;RICARICA;ATTIVO
39320000797;18/05/2024;CONSUMO;ATTIVO
39320000798;04/04/2025;RICARICA;ATTIVO
39320000799;29/12/2021;CONSUMO;SOSPESO
39320000800;10/07/2024;RICARICA;ATTIVO
39320000801;26/03/2025;CONSUMO;ATTIVO
39320000802;01/04/2024;RICARICA;ATTIVO
39320000803;08/03/2026;CONSUMO;ATTIVO
39320000804;09/08/2024;RICARICA;ATTIVO
39320000805;03/07/2024;CONSUMO;ATTIVO
39320000806;08/07/2024;RICARICA;ATTIVO
39320000807;20/06/2023;CONSUMO;ATTIVO
39320000808;25/06/2023;RICARICA;ATTIVO
39320000809;19/06/2025;CONSUMO;ATTIVO
39320000810;26/04/2021;RICARICA;ATTIVO
39320000811;01/06/2021;CONSUMO;ATTIVO
39320000812;15/07/2023;RICARICA;ATTIVO
39320000813;26/01/2023;CONSUMO;ATTIVO
39320000814;07/06/2021;RICARICA;ATTIVO
39320000815;18/10/2025;CONSUMO;ATTIVO
39320000816;01/05/2024;RICARICA;ATTIVO
39320000817;06/08/2023;CONSUMO;ATTIVO
39320000818;10/06/2025;RICARICA;ATTIVO
39320000819;26/03/2021;CONSUMO;ATTIVO
39320000820;17/07/2025;RICARICA;ATTIVO
39320000821;21/01/2022;CONSUMO;ATTIVO
39320000822;02/09/2023;RICARICA;ATTIVO
39320000823;07/05/2021;CONSUMO;ATTIVO
39320000824;19/07/2025;RICARICA;ATTIVO
39320000825;05/12/2022;CONSUMO;SOSPESO
39320000826;22/06/2021;RICARICA;ATTIVO
39320000827;20/12/2021;CONSUMO;ATTIVO
39320000828;20/12/2024;RICARICA;ATTIVO
39320000829;19/06/2023;CONSUMO;ATTIVO
39320000830;02/06/2024;RICARICA;ATTIVO
39320000831;03/02/2023;CONSUMO;ATTIVO
39320000832;05/03/2023;RICARICA;ATTIVO
39320000833;24/11/2022;CONSUMO;ATTIVO
39320000834;18/04/2021;RICARICA;ATTIVO
39320000835;18/08/2024;CONSUMO;ATTIVO
39320000836;07/11/2022;RICARICA;ATTIVO
39320000837;21/10/2024;CONSUMO;ATTIVO
39320000838;01/06/2022;RICARICA;ATTIVO
39320000839;06/09/2024;CONSUMO;SOSPESO
39320000840;19/05/2024;RICARICA;ATTIVO
39320000841;14/11/2022;CONSUMO;ATTIVO
39320000842;21/09/2024;RICARICA;ATTIVO
39320000843;18/12/2022;CONSUMO;ATTIVO
39320000844;05/09/2024;RICARICA;ATTIVO
39320000845;14/03/2023;CONSUMO;ATTIVO
39320000846;22/12/2024;RICARICA;SOSPESO
39320000847;27/09/2022;CONSUMO;ATTIVO
39320000848;10/08/2024;RICARICA;ATTIVO
39320000849;24/07/2025;CONSUMO;ATTIVO
39320000850;10/12/2024;RICARICA;ATTIVO
39320000851;22/02/2025;CONSUMO;SOSPESO
39320000852;12/02/2026;RICARICA;ATTIVO
39320000853;16/08/2024;CONSUMO;ATTIVO
39320000854;08/11/2023;RICARICA;ATTIVO
39320000855;13/01/2023;CONSUMO;ATTIVO
39320000856;15/03/2022;RICARICA;ATTIVO
39320000857;19/04/2025;CONSUMO;ATTIVO
39320000858;09/04/2022;RICARICA;SOSPESO
39320000859;14/11/2021;CONSUMO;ATTIVO
39320000860;26/09/2025;RICARICA;ATTIVO
39320000861;06/11/2023;CONSUMO;ATTIVO
39320000862;07/09/2025;RICARICA;ATTIVO
39320000863;15/12/2023;CONSUMO;ATTIVO
39320000864;21/11/2022;RICARICA;ATTIVO
39320000865;19/06/2024;CONSUMO;ATTIVO
39320000866;11/02/2023;RICARICA;ATTIVO
39320000867;06/01/2022;CONSUMO;ATTIVO
39320000868;29/04/2025;RICARICA;ATTIVO
39320000869;23/01/2026;CONSUMO;ATTIVO
39320000870;16/06/2023;RICARICA;ATTIVO
39320000871;17/01/2023;CONSUMO;ATTIVO
39320000872;02/05/2022;RICARICA;SOSPESO
39320000873;04/06/2024;CONSUMO;ATTIVO
39320000874;14/03/2025;RICARICA;ATTIVO
39320000875;25/04/2022;CONSUMO;ATTIVO
39320000876;26/09/2022;RICARICA;SOSPESO
39320000877;26/05/2025;CONSUMO;ATTIVO
39320000878;07/09/2025;RICARICA;ATTIVO
39320000879;21/10/2024;CONSUMO;SOSPESO
39320000880;22/06/2023;RICARICA;ATTIVO
39320000881;01/08/2022;CONSUMO;ATTIVO
39320000882;27/10/2023;RICARICA;ATTIVO
39320000883;28/11/2021;CONSUMO;ATTIVO
39320000884;29/06/2025;RICARICA;ATTIVO
39320000885;23/11/2025;CONSUMO;ATTIVO
39320000886;06/08/2024;RICARICA;ATTIVO
39320000887;31/01/2023;CONSUMO;ATTIVO
39320000888;30/07/2021;RICARICA;ATTIVO
39320000889;23/11/2023;CONSUMO;ATTIVO
39320000890;07/08/2022;RICARICA;ATTIVO
39320000891;25/11/2021;CONSUMO;ATTIVO
39320000892;29/01/2026;RICARICA;ATTIVO
39320000893;29/08/2025;CONSUMO;ATTIVO
39320000894;08/02/2026;RICARICA;ATTIVO
39320000895;13/07/2023;CONSUMO;ATTIVO
39320000896;24/02/2021;RICARICA;ATTIVO
39320000897;23/03/2023;CONSUMO;ATTIVO
39320000898;28/04/2022;RICARICA;ATTIVO
39320000899;17/06/2021;CONSUMO;ATTIVO
39320000900;27/02/2021;RICARICA;ATTIVO
39320000901;22/07/2021;CONSUMO;ATTIVO
39320000902;24/08/2024;RICARICA;ATTIVO
39320000903;27/10/2021;CONSUMO;ATTIVO
39320000904;11/08/2022;RICARICA;ATTIVO
39320000905;26/08/2023;CONSUMO;ATTIVO
39320000906;12/10/2021;RICARICA;ATTIVO
39320000907;19/08/2023;CONSUMO;ATTIVO
39320000908;11/01/2021;RICARICA;ATTIVO
39320000909;08/02/2021;CONSUMO;ATTIVO
39320000910;07/09/2025;RICARICA;ATTIVO
39320000911;29/01/2025;CONSUMO;ATTIVO
39320000912;17/05/2023;RICARICA;ATTIVO
39320000913;14/08/2022;CONSUMO;ATTIVO
39320000914;07/09/2021;RICARICA;ATTIVO
39320000915;10/05/2023;CONSUMO;ATTIVO
39320000916;29/06/2024;RICARICA;ATTIVO
39320000917;16/08/2021;CONSUMO;ATTIVO
39320000918;21/10/2023;RICARICA;ATTIVO
39320000919;03/02/2021;CONSUMO;ATTIVO
39320000920;23/03/2024;RICARICA;ATTIVO
39320000921;22/10/2021;CONSUMO;ATTIVO
39320000922;04/01/2021;RICARICA;ATTIVO
39320000923;08/05/2022;CONSUMO;ATTIVO
39320000924;19/01/2022;RICARICA;ATTIVO
39320000925;25/06/2021;CONSUMO;ATTIVO
39320000926;09/01/2023;RICARICA;ATTIVO
39320000927;14/12/2023;CONSUMO;ATTIVO
39320000928;30/05/2025;RICARICA;SOSPESO
39320000929;09/02/2024;CONSUMO;ATTIVO
39320000930;24/11/2025;RICARICA;ATTIVO
39320000931;25/07/2024;CONSUMO;ATTIVO
39320000932;04/02/2023;RICARICA;ATTIVO
39320000933;03/02/2021;CONSUMO;ATTIVO
39320000934;19/05/2021;RICARICA;ATTIVO
39320000935;10/02/2025;CONSUMO;ATTIVO
39320000936;01/08/2021;RICARICA;ATTIVO
39320000937;14/02/2025;CONSUMO;ATTIVO
39320000938;01/10/2021;RICARICA;ATTIVO
39320000939;24/01/2024;CONSUMO;ATTIVO
39320000940;09/08/2024;RICARICA;ATTIVO
39320000941;15/05/2025;CONSUMO;ATTIVO
39320000942;25/11/2024;RICARICA;ATTIVO
39320000943;09/01/2022;CONSUMO;ATTIVO
39320000944;10/05/2021;RICARICA;ATTIVO
39320000945;27/07/2023;CONSUMO;ATTIVO
39320000946;17/02/2022;RICARICA;ATTIVO
39320000947;13/02/2022;CONSUMO;ATTIVO
39320000948;09/10/2022;RICARICA;SOSPESO
39320000949;22/11/2023;CONSUMO;ATTIVO
39320000950;28/07/2025;RICARICA;ATTIVO
39320000951;03/06/2022;CONSUMO;ATTIVO
39320000952;17/08/2024;RICARICA;ATTIVO
39320000953;02/01/2023;CONSUMO;ATTIVO
39320000954;08/04/2021;RICARICA;ATTIVO
39320000955;11/11/2022;CONSUMO;ATTIVO
39320000956;26/06/2025;RICARICA;ATTIVO
39320000957;27/12/2025;CONSUMO;ATTIVO
39320000958;20/06/2023;RICARICA;ATTIVO
39320000959;03/03/2023;CONSUMO;ATTIVO
39320000960;18/01/2022;RICARICA;ATTIVO
39320000961;16/10/2023;CONSUMO;ATTIVO
39320000962;21/06/2025;RICARICA;ATTIVO
39320000963;29/06/2025;CONSUMO;ATTIVO
39320000964;20/05/2023;RICARICA;ATTIVO
39320000965;18/05/2024;CONSUMO;SOSPESO
39320000966;05/01/2022;RICARICA;ATTIVO
39320000967;20/10/2022;CONSUMO;ATTIVO
39320000968;03/11/2022;RICARICA;ATTIVO
39320000969;20/09/2022;CONSUMO;ATTIVO
39320000970;09/01/2025;RICARICA;ATTIVO
39320000971;13/11/2024;CONSUMO;ATTIVO
39320000972;05/07/2023;RICARICA;ATTIVO
39320000973;17/11/2025;CONSUMO;ATTIVO
39320000974;13/06/2024;RICARICA;SOSPESO
39320000975;17/07/2022;CONSUMO;ATTIVO
39320000976;09/06/2025;RICARICA;SOSPESO
39320000977;03/06/2021;CONSUMO;ATTIVO
39320000978;12/04/2023;RICARICA;ATTIVO
39320000979;29/06/2025;CONSUMO;ATTIVO
39320000980;24/11/2021;RICARICA;SOSPESO
39320000981;20/10/2021;CONSUMO;ATTIVO
39320000982;20/10/2024;RICARICA;ATTIVO
39320000983;13/03/2021;CONSUMO;ATTIVO
39320000984;29/04/2022;RICARICA;ATTIVO
39320000985;21/01/2023;CONSUMO;ATTIVO
39320000986;07/03/2024;RICARICA;ATTIVO
39320000987;11/11/2021;CONSUMO;ATTIVO
39320000988;30/01/2023;RICARICA;ATTIVO
39320000989;12/04/2025;CONSUMO;ATTIVO
39320000990;09/10/2021;RICARICA;ATTIVO
39320000991;27/03/2023;CONSUMO;ATTIVO
39320000992;25/07/2022;RICARICA;ATTIVO
39320000993;21/08/2021;CONSUMO;ATTIVO
39320000994;17/01/2022;RICARICA;ATTIVO
39320000995;04/03/2023;CONSUMO;ATTIVO
39320000996;30/08/2021;RICARICA;ATTIVO
39320000997;18/06/2022;CONSUMO;ATTIVO
39320000998;16/03/2022;RICARICA;SOSPESO
39320000999;08/08/2022;CONSUMO;ATTIVO
39320001000;03/10/2023;RICARICA;ATTIVO
39320001001;05/10/2021;CONSUMO;ATTIVO
39320001002;15/07/2023;RICARICA;ATTIVO
39320001003;31/12/2024;CONSUMO;ATTIVO
39320001004;29/06/2021;RICARICA;ATTIVO
39320001005;28/09/2025;CONSUMO;SOSPESO
39320001006;29/09/2024;RICARICA;ATTIVO
39320001007;13/05/2021;CONSUMO;ATTIVO
39320001008;18/08/2022;RICARICA;ATTIVO
39320001009;10/10/2025;CONSUMO;ATTIVO
39320001010;24/12/2024;RICARICA;SOSPESO
39320001011;30/07/2024;CONSUMO;ATTIVO
39320001012;11/01/2023;RICARICA;ATTIVO
39320001013;06/09/2021;CONSUMO;SOSPESO
39320001014;11/06/2025;RICARICA;ATTIVO
39320001015;07/06/2025;CONSUMO;ATTIVO
39320001016;10/01/2023;RICARICA;ATTIVO
39320001017;26/01/2023;CONSUMO;ATTIVO
39320001018;04/02/2024;RICARICA;ATTIVO
39320001019;16/12/2025;CONSUMO;ATTIVO
39320001020;26/09/2022;RICARICA;ATTIVO
39320001021;08/01/2025;CONSUMO;ATTIVO
39320001022;13/12/2023;RICARICA;ATTIVO
39320001023;19/04/2023;CONSUMO;ATTIVO
39320001024;01/06/2021;RICARICA;ATTIVO
39320001025;12/10/2022;CONSUMO;ATTIVO
39320001026;11/07/2023;RICARICA;ATTIVO
39320001027;26/11/2023;CONSUMO;ATTIVO
39320001028;04/12/2025;RICARICA;ATTIVO
39320001029;04/02/2024;CONSUMO;ATTIVO
39320001030;08/01/2022;RICARICA;ATTIVO
39320001031;22/09/2021;CONSUMO;ATTIVO
39320001032;09/02/2026;RICARICA;ATTIVO
39320001033;30/08/2025;CONSUMO;ATTIVO
39320001034;10/11/2021;RICARICA;ATTIVO
39320001035;28/11/2021;CONSUMO;ATTIVO
39320001036;23/12/2024;RICARICA;ATTIVO
39320001037;29/11/2023;CONSUMO;ATTIVO
39320001038;29/09/2025;RICARICA;ATTIVO
39320001039;07/02/2022;CONSUMO;ATTIVO
39320001040;03/02/2024;RICARICA;ATTIVO
39320001041;04/07/2024;CONSUMO;ATTIVO
39320001042;29/12/2023;RICARICA;ATTIVO
39320001043;05/08/2024;CONSUMO;ATTIVO
39320001044;04/04/2024;RICARICA;ATTIVO
39320001045;11/09/2024;CONSUMO;ATTIVO
39320001046;22/01/2026;RICARICA;ATTIVO
39320001047;22/09/2025;CONSUMO;SOSPESO
39320001048;26/03/2021;RICARICA;ATTIVO
39320001049;28/02/2021;CONSUMO;ATTIVO
39320001050;06/08/2024;RICARICA;ATTIVO
39320001051;27/06/2022;CONSUMO;ATTIVO
39320001052;20/04/2025;RICARICA;ATTIVO
39320001053;19/06/2024;CONSUMO;ATTIVO
39320001054;17/10/2023;RICARICA;ATTIVO
39320001055;23/01/2024;CONSUMO;ATTIVO
39320001056;11/09/2022;RICARICA;ATTIVO
39320001057;07/07/2025;CONSUMO;ATTIVO
39320001058;12/04/2023;RICARICA;ATTIVO
39320001059;30/05/2021;CONSUMO;ATTIVO
39320001060;20/11/2021;RICARICA;ATTIVO
39320001061;19/09/2023;CONSUMO;ATTIVO
39320001062;28/11/2022;RICARICA;ATTIVO
39320001063;03/10/2022;CONSUMO;ATTIVO
39320001064;16/10/2022;RICARICA;ATTIVO
39320001065;29/10/2025;CONSUMO;ATTIVO
39320001066;28/03/2023;RICARICA;ATTIVO
39320001067;29/01/2023;CONSUMO;ATTIVO
39320001068;06/08/2021;RICARICA;ATTIVO
39320001069;14/08/2023;CONSUMO;ATTIVO
39320001070;10/07/2023;RICARICA;ATTIVO
39320001071;18/07/2021;CONSUMO;ATTIVO
39320001072;26/02/2023;RICARICA;ATTIVO
39320001073;07/05/2023;CONSUMO;ATTIVO
39320001074;08/11/2025;RICARICA;ATTIVO
39320001075;25/07/2025;CONSUMO;ATTIVO
39320001076;29/03/2024;RICARICA;ATTIVO
39320001077;24/01/2022;CONSUMO;ATTIVO
39320001078;18/10/2023;RICARICA;SOSPESO
39320001079;15/08/2023;CONSUMO;ATTIVO
39320001080;24/09/2022;RICARICA;ATTIVO
39320001081;04/07/2021;CONSUMO;SOSPESO
39320001082;02/11/2023;RICARICA;ATTIVO
39320001083;09/05/2022;CONSUMO;ATTIVO
39320001084;24/12/2022;RICARICA;ATTIVO
39320001085;31/07/2022;CONSUMO;ATTIVO
39320001086;13/12/2025;RICARICA;ATTIVO
39320001087;09/10/2024;CONSUMO;ATTIVO
39320001088;05/01/2024;RICARICA;ATTIVO
39320001089;09/08/2021;CONSUMO;ATTIVO
39320001090;13/12/2025;RICARICA;ATTIVO
39320001091;20/01/2023;CONSUMO;ATTIVO
39320001092;20/01/2023;RICARICA;ATTIVO
39320001093;15/04/2021;CONSUMO;ATTIVO
39320001094;03/02/2022;RICARICA;ATTIVO
39320001095;15/08/2022;CONSUMO;ATTIVO
39320001096;30/10/2023;RICARICA;ATTIVO
39320001097;01/02/2024;CONSUMO;ATTIVO
39320001098;30/06/2024;RICARICA;ATTIVO
39320001099;01/09/2021;CONSUMO;ATTIVO
39320001100;18/07/2021;RICARICA;ATTIVO
39320001101;16/06/2025;CONSUMO;SOSPESO
39320001102;17/02/2024;RICARICA;SOSPESO
39320001103;27/03/2025;CONSUMO;ATTIVO
39320001104;18/05/2024;RICARICA;ATTIVO
39320001105;22/10/2023;CONSUMO;ATTIVO
39320001106;21/03/2021;RICARICA;ATTIVO
39320001107;14/11/2022;CONSUMO;ATTIVO
39320001108;30/11/2023;RICARICA;ATTIVO
39320001109;26/05/2024;CONSUMO;ATTIVO
39320001110;14/10/2021;RICARICA;ATTIVO
39320001111;09/06/2024;CONSUMO;ATTIVO
39320001112;16/03/2023;RICARICA;SOSPESO
39320001113;23/02/2025;CONSUMO;ATTIVO
39320001114;30/04/2024;RICARICA;ATTIVO
39320001115;24/08/2025;CONSUMO;ATTIVO
39320001116;01/10/2023;RICARICA;ATTIVO
39320001117;06/09/2022;CONSUMO;ATTIVO
39320001118;04/02/2021;RICARICA;ATTIVO
39320001119;11/10/2024;CONSUMO;ATTIVO
39320001120;04/05/2023;RICARICA;ATTIVO
39320001121;20/06/2025;CONSUMO;ATTIVO
39320001122;22/11/2025;RICARICA;ATTIVO
39320001123;24/02/2021;CONSUMO;ATTIVO
39320001124;28/06/2022;RICARICA;SOSPESO
39320001125;23/05/2025;CONSUMO;SOSPESO
39320001126;30/03/2024;RICARICA;ATTIVO
39320001127;17/01/2025;CONSUMO;ATTIVO
39320001128;11/09/2023;RICARICA;ATTIVO
39320001129;12/07/2024;CONSUMO;ATTIVO
39320001130;06/05/2025;RICARICA;ATTIVO
39320001131;30/10/2021;CONSUMO;ATTIVO
39320001132;12/05/2022;RICARICA;ATTIVO
39320001133;05/12/2024;CONSUMO;ATTIVO
39320001134;08/02/2021;RICARICA;ATTIVO
39320001135;08/05/2023;CONSUMO;ATTIVO
39320001136;15/11/2024;RICARICA;ATTIVO
39320001137;25/10/2023;CONSUMO;ATTIVO
39320001138;01/03/2026;RICARICA;ATTIVO
39320001139;04/10/2025;CONSUMO;ATTIVO
39320001140;08/05/2021;RICARICA;ATTIVO
39320001141;29/11/2023;CONSUMO;ATTIVO
39320001142;28/10/2022;RICARICA;SOSPESO
39320001143;07/09/2023;CONSUMO;ATTIVO
39320001144;05/10/2022;RICARICA;SOSPESO
39320001145;31/07/2023;CONSUMO;ATTIVO
39320001146;03/12/2022;RICARICA;ATTIVO
39320001147;16/10/2024;CONSUMO;ATTIVO
39320001148;16/01/2025;RICARICA;ATTIVO
39320001149;04/07/2025;CONSUMO;ATTIVO
39320001150;03/06/2024;RICARICA;ATTIVO
39320001151;20/05/2022;CONSUMO;ATTIVO
39320001152;04/09/2022;RICARICA;ATTIVO
39320001153;02/09/2022;CONSUMO;ATTIVO
39320001154;14/12/2024;RICARICA;ATTIVO
39320001155;14/12/2024;CONSUMO;ATTIVO
39320001156;10/09/2023;RICARICA;ATTIVO
39320001157;17/06/2025;CONSUMO;ATTIVO
39320001158;13/08/2022;RICARICA;ATTIVO
39320001159;17/10/2024;CONSUMO;ATTIVO
39320001160;09/01/2026;RICARICA;SOSPESO
39320001161;04/08/2025;CONSUMO;ATTIVO
39320001162;03/05/2025;RICARICA;ATTIVO
39320001163;18/08/2022;CONSUMO;ATTIVO
39320001164;02/01/2025;RICARICA;ATTIVO
39320001165;08/03/2026;CONSUMO;ATTIVO
39320001166;10/06/2022;RICARICA;ATTIVO
39320001167;15/03/2022;CONSUMO;ATTIVO
39320001168;09/01/2024;RICARICA;ATTIVO
39320001169;26/02/2024;CONSUMO;ATTIVO
39320001170;09/10/2021;RICARICA;ATTIVO
39320001171;26/02/2025;CONSUMO;ATTIVO
39320001172;12/05/2022;RICARICA;ATTIVO
39320001173;28/01/2026;CONSUMO;ATTIVO
39320001174;30/07/2024;RICARICA;ATTIVO
39320001175;25/07/2021;CONSUMO;ATTIVO
39320001176;09/01/2025;RICARICA;ATTIVO
39320001177;27/10/2024;CONSUMO;ATTIVO
39320001178;11/01/2021;RICARICA;SOSPESO
39320001179;20/11/2021;CONSUMO;ATTIVO
39320001180;09/12/2025;RICARICA;ATTIVO
39320001181;05/09/2023;CONSUMO;ATTIVO
39320001182;29/03/2025;RICARICA;SOSPESO
39320001183;20/10/2022;CONSUMO;ATTIVO
39320001184;02/05/2021;RICARICA;ATTIVO
39320001185;03/07/2021;CONSUMO;ATTIVO
39320001186;21/04/2022;RICARICA;ATTIVO
39320001187;20/01/2025;CONSUMO;ATTIVO
39320001188;18/03/2021;RICARICA;ATTIVO
39320001189;25/12/2021;CONSUMO;ATTIVO
39320001190;12/09/2025;RICARICA;ATTIVO
39320001191;27/02/2026;CONSUMO;ATTIVO
39320001192;09/09/2025;RICARICA;ATTIVO
39320001193;12/10/2023;CONSUMO;ATTIVO
39320001194;14/03/2025;RICARICA;SOSPESO
39320001195;12/03/2026;CONSUMO;ATTIVO
39320001196;18/03/2021;RICARICA;ATTIVO
39320001197;09/03/2024;CONSUMO;ATTIVO
39320001198;18/11/2022;RICARICA;ATTIVO
39320001199;06/08/2024;CONSUMO;ATTIVO
39320001200;09/10/2023;RICARICA;ATTIVO
39320001201;02/10/2021;CONSUMO;ATTIVO
39320001202;17/08/2023;RICARICA;ATTIVO
39320001203;15/07/2025;CONSUMO;ATTIVO
39320001204;29/11/2021;RICARICA;ATTIVO
39320001205;20/08/2024;CONSUMO;ATTIVO
39320001206;17/01/2022;RICARICA;ATTIVO
39320001207;22/11/2022;CONSUMO;ATTIVO
39320001208;08/03/2024;RICARICA;ATTIVO
39320001209;31/01/2022;CONSUMO;ATTIVO
39320001210;20/10/2025;RICARICA;ATTIVO
39320001211;11/04/2023;CONSUMO;ATTIVO
39320001212;22/11/2023;RICARICA;ATTIVO
39320001213;01/04/2023;CONSUMO;ATTIVO
39320001214;14/01/2022;RICARICA;SOSPESO
39320001215;05/09/2023;CONSUMO;ATTIVO
39320001216;24/05/2022;RICARICA;ATTIVO
39320001217;25/02/2023;CONSUMO;ATTIVO
39320001218;24/03/2025;RICARICA;ATTIVO
39320001219;07/11/2022;CONSUMO;ATTIVO
39320001220;20/01/2025;RICARICA;ATTIVO
39320001221;20/06/2022;CONSUMO;ATTIVO
39320001222;19/11/2024;RICARICA;ATTIVO
39320001223;29/09/2024;CONSUMO;ATTIVO
39320001224;21/09/2022;RICARICA;ATTIVO
39320001225;06/11/2024;CONSUMO;ATTIVO
39320001226;08/01/2026;RICARICA;ATTIVO
39320001227;26/04/2025;CONSUMO;ATTIVO
39320001228;29/08/2021;RICARICA;ATTIVO
39320001229;28/08/2022;CONSUMO;ATTIVO
39320001230;29/03/2022;RICARICA;ATTIVO
39320001231;01/10/2021;CONSUMO;ATTIVO
39320001232;21/07/2023;RICARICA;ATTIVO
39320001233;25/05/2024;CONSUMO;ATTIVO
39320001234;08/12/2024;RICARICA;ATTIVO
39320001235;23/08/2023;CONSUMO;ATTIVO
39320001236;01/07/2025;RICARICA;ATTIVO
39320001237;24/03/2022;CONSUMO;ATTIVO
39320001238;25/10/2024;RICARICA;ATTIVO
39320001239;24/11/2025;CONSUMO;ATTIVO
39320001240;13/12/2023;RICARICA;ATTIVO
39320001241;12/12/2024;CONSUMO;ATTIVO
39320001242;22/02/2026;RICARICA;ATTIVO
39320001243;07/05/2021;CONSUMO;ATTIVO
39320001244;24/01/2026;RICARICA;ATTIVO
39320001245;18/03/2024;CONSUMO;ATTIVO
39320001246;03/12/2021;RICARICA;ATTIVO
39320001247;02/12/2023;CONSUMO;ATTIVO
39320001248;25/10/2024;RICARICA;ATTIVO
39320001249;09/04/2024;CONSUMO;ATTIVO
39320001250;15/01/2026;RICARICA;ATTIVO
39320001251;15/07/2025;CONSUMO;ATTIVO
39320001252;28/09/2021;RICARICA;ATTIVO
39320001253;25/07/2023;CONSUMO;ATTIVO
39320001254;19/02/2024;RICARICA;ATTIVO
39320001255;11/07/2025;CONSUMO;ATTIVO
39320001256;14/02/2021;RICARICA;ATTIVO
39320001257;31/07/2025;CONSUMO;ATTIVO
39320001258;23/03/2022;RICARICA;ATTIVO
39320001259;03/04/2021;CONSUMO;ATTIVO
39320001260;05/12/2024;RICARICA;ATTIVO
39320001261;04/05/2021;CONSUMO;SOSPESO
39320001262;22/05/2021;RICARICA;SOSPESO
39320001263;25/08/2023;CONSUMO;ATTIVO
39320001264;18/04/2023;RICARICA;ATTIVO
39320001265;05/10/2021;CONSUMO;ATTIVO
39320001266;02/02/2025;RICARICA;ATTIVO
39320001267;11/05/2023;CONSUMO;ATTIVO
39320001268;31/12/2025;RICARICA;ATTIVO
39320001269;16/11/2025;CONSUMO;ATTIVO
39320001270;13/02/2023;RICARICA;ATTIVO
39320001271;30/10/2024;CONSUMO;SOSPESO
39320001272;27/11/2025;RICARICA;ATTIVO
39320001273;31/08/2024;CONSUMO;ATTIVO
39320001274;31/08/2021;RICARICA;ATTIVO
39320001275;06/01/2024;CONSUMO;ATTIVO
39320001276;18/09/2021;RICARICA;ATTIVO
39320001277;02/04/2022;CONSUMO;ATTIVO
39320001278;29/03/2025;RICARICA;ATTIVO
39320001279;04/09/2022;CONSUMO;ATTIVO
39320001280;12/01/2025;RICARICA;ATTIVO
39320001281;26/12/2023;CONSUMO;ATTIVO
39320001282;16/04/2022;RICARICA;ATTIVO
39320001283;10/12/2022;CONSUMO;ATTIVO
39320001284;22/01/2022;RICARICA;SOSPESO
39320001285;24/01/2025;CONSUMO;ATTIVO
39320001286;07/03/2021;RICARICA;ATTIVO
39320001287;09/05/2023;CONSUMO;ATTIVO
39320001288;15/12/2025;RICARICA;ATTIVO
39320001289;08/05/2022;CONSUMO;ATTIVO
39320001290;26/07/2021;RICARICA;ATTIVO
39320001291;04/07/2023;CONSUMO;ATTIVO
39320001292;11/12/2024;RICARICA;ATTIVO
39320001293;17/05/2022;CONSUMO;ATTIVO
39320001294;04/04/2023;RICARICA;ATTIVO
39320001295;11/01/2024;CONSUMO;ATTIVO
39320001296;04/11/2025;RICARICA;ATTIVO
39320001297;14/10/2021;CONSUMO;ATTIVO
39320001298;16/08/2022;RICARICA;ATTIVO
39320001299;20/02/2026;CONSUMO;ATTIVO
39320001300;16/10/2022;RICARICA;ATTIVO
39320001301;02/05/2025;CONSUMO;ATTIVO
39320001302;19/10/2022;RICARICA;ATTIVO
39320001303;30/11/2025;CONSUMO;ATTIVO
39320001304;14/09/2024;RICARICA;ATTIVO
39320001305;27/04/2023;CONSUMO;ATTIVO
39320001306;05/05/2021;RICARICA;ATTIVO
39320001307;26/04/2024;CONSUMO;ATTIVO
39320001308;10/02/2026;RICARICA;ATTIVO
39320001309;22/10/2024;CONSUMO;ATTIVO
39320001310;13/10/2023;RICARICA;ATTIVO
39320001311;07/12/2022;CONSUMO;SOSPESO
39320001312;06/10/2024;RICARICA;ATTIVO
39320001313;11/12/2023;CONSUMO;ATTIVO
39320001314;03/05/2023;RICARICA;ATTIVO
39320001315;07/09/2022;CONSUMO;ATTIVO
39320001316;26/03/2025;RICARICA;ATTIVO
39320001317;09/05/2022;CONSUMO;ATTIVO
39320001318;08/09/2022;RICARICA;ATTIVO
39320001319;23/10/2021;CONSUMO;ATTIVO
39320001320;17/02/2026;RICARICA;ATTIVO
39320001321;26/04/2023;CONSUMO;SOSPESO
39320001322;16/02/2024;RICARICA;ATTIVO
39320001323;07/03/2023;CONSUMO;ATTIVO
39320001324;21/02/2022;RICARICA;ATTIVO
39320001325;11/06/2021;CONSUMO;SOSPESO
39320001326;01/10/2025;RICARICA;ATTIVO
39320001327;02/01/2024;CONSUMO;ATTIVO
39320001328;26/01/2022;RICARICA;ATTIVO
39320001329;12/02/2023;CONSUMO;ATTIVO
39320001330;19/05/2024;RICARICA;ATTIVO
39320001331;30/05/2021;CONSUMO;ATTIVO
39320001332;09/04/2025;RICARICA;ATTIVO
39320001333;07/10/2024;CONSUMO;ATTIVO
39320001334;09/09/2023;RICARICA;ATTIVO
39320001335;01/02/2026;CONSUMO;ATTIVO
39320001336;05/02/2026;RICARICA;ATTIVO
39320001337;25/01/2022;CONSUMO;SOSPESO
39320001338;29/08/2021;RICARICA;ATTIVO
39320001339;25/03/2025;CONSUMO;ATTIVO
39320001340;12/05/2022;RICARICA;ATTIVO
39320001341;12/12/2024;CONSUMO;ATTIVO
39320001342;18/02/2026;RICARICA;ATTIVO
39320001343;21/10/2022;CONSUMO;ATTIVO
39320001344;19/02/2023;RICARICA;ATTIVO
39320001345;21/08/2024;CONSUMO;ATTIVO
39320001346;20/06/2022;RICARICA;ATTIVO
39320001347;13/12/2025;CONSUMO;ATTIVO
39320001348;21/07/2021;RICARICA;ATTIVO
39320001349;19/01/2025;CONSUMO;ATTIVO
39320001350;16/09/2025;RICARICA;ATTIVO
39320001351;21/02/2022;CONSUMO;ATTIVO
39320001352;28/04/2023;RICARICA;ATTIVO
39320001353;05/11/2025;CONSUMO;ATTIVO
39320001354;26/10/2021;RICARICA;ATTIVO
39320001355;08/02/2024;CONSUMO;SOSPESO
39320001356;01/04/2024;RICARICA;ATTIVO
39320001357;28/08/2022;CONSUMO;ATTIVO
39320001358;07/11/2022;RICARICA;ATTIVO
39320001359;12/03/2024;CONSUMO;ATTIVO
39320001360;20/10/2023;RICARICA;ATTIVO
39320001361;03/11/2024;CONSUMO;ATTIVO
39320001362;13/04/2025;RICARICA;ATTIVO
39320001363;21/01/2025;CONSUMO;ATTIVO
39320001364;02/10/2023;RICARICA;ATTIVO
39320001365;09/02/2025;CONSUMO;ATTIVO
39320001366;13/12/2021;RICARICA;ATTIVO
39320001367;25/01/2024;CONSUMO;ATTIVO
39320001368;21/02/2026;RICARICA;ATTIVO
39320001369;07/08/2024;CONSUMO;SOSPESO
39320001370;10/12/2023;RICARICA;ATTIVO
39320001371;01/10/2025;CONSUMO;ATTIVO
39320001372;03/08/2025;RICARICA;ATTIVO
39320001373;15/04/2025;CONSUMO;ATTIVO
39320001374;09/10/2021;RICARICA;ATTIVO
39320001375;19/04/2022;CONSUMO;ATTIVO
39320001376;06/11/2021;RICARICA;ATTIVO
39320001377;02/11/2023;CONSUMO;ATTIVO
39320001378;04/05/2021;RICARICA;ATTIVO
39320001379;27/09/2024;CONSUMO;SOSPESO
39320001380;13/02/2026;RICARICA;ATTIVO
39320001381;27/09/2023;CONSUMO;ATTIVO
39320001382;26/12/2023;RICARICA;ATTIVO
39320001383;25/01/2021;CONSUMO;ATTIVO
39320001384;19/01/2025;RICARICA;ATTIVO
39320001385;11/08/2022;CONSUMO;ATTIVO
39320001386;24/07/2025;RICARICA;ATTIVO
39320001387;01/06/2023;CONSUMO;ATTIVO
39320001388;07/02/2026;RICARICA;ATTIVO
39320001389;24/02/2026;CONSUMO;ATTIVO
39320001390;01/11/2021;RICARICA;ATTIVO
39320001391;23/06/2024;CONSUMO;ATTIVO
39320001392;28/07/2025;RICARICA;ATTIVO
39320001393;17/06/2025;CONSUMO;ATTIVO
39320001394;04/02/2023;RICARICA;SOSPESO
39320001395;30/07/2023;CONSUMO;ATTIVO
39320001396;28/11/2024;RICARICA;ATTIVO
39320001397;01/11/2024;CONSUMO;ATTIVO
39320001398;15/06/2021;RICARICA;ATTIVO
39320001399;24/10/2025;CONSUMO;ATTIVO
39320001400;06/03/2021;RICARICA;ATTIVO
39320001401;16/02/2023;CONSUMO;ATTIVO
39320001402;02/09/2023;RICARICA;ATTIVO
39320001403;20/01/2021;CONSUMO;ATTIVO
39320001404;19/06/2021;RICARICA;ATTIVO
39320001405;08/06/2023;CONSUMO;ATTIVO
39320001406;10/11/2022;RICARICA;ATTIVO
39320001407;24/10/2025;CONSUMO;SOSPESO
39320001408;07/01/2026;RICARICA;ATTIVO
39320001409;29/03/2021;CONSUMO;ATTIVO
39320001410;20/01/2026;RICARICA;ATTIVO
39320001411;23/12/2025;CONSUMO;ATTIVO
39320001412;10/07/2022;RICARICA;ATTIVO
39320001413;02/06/2021;CONSUMO;ATTIVO
39320001414;29/07/2022;RICARICA;ATTIVO
39320001415;29/02/2024;CONSUMO;ATTIVO
39320001416;03/01/2022;RICARICA;SOSPESO
39320001417;07/10/2022;CONSUMO;ATTIVO
39320001418;01/03/2022;RICARICA;ATTIVO
39320001419;21/03/2025;CONSUMO;ATTIVO
39320001420;09/08/2025;RICARICA;ATTIVO
39320001421;07/06/2021;CONSUMO;ATTIVO
39320001422;29/02/2024;RICARICA;ATTIVO
39320001423;06/09/2025;CONSUMO;ATTIVO
39320001424;18/10/2024;RICARICA;ATTIVO
39320001425;11/11/2022;CONSUMO;ATTIVO
39320001426;23/02/2025;RICARICA;ATTIVO
39320001427;12/11/2024;CONSUMO;ATTIVO
39320001428;23/10/2023;RICARICA;ATTIVO
39320001429;10/12/2022;CONSUMO;ATTIVO
39320001430;15/06/2023;RICARICA;ATTIVO
39320001431;05/06/2021;CONSUMO;ATTIVO
39320001432;24/04/2025;RICARICA;ATTIVO
39320001433;04/05/2024;CONSUMO;ATTIVO
39320001434;04/05/2025;RICARICA;ATTIVO
39320001435;22/07/2024;CONSUMO;ATTIVO
39320001436;12/07/2023;RICARICA;ATTIVO
39320001437;30/12/2022;CONSUMO;ATTIVO
39320001438;08/02/2023;RICARICA;ATTIVO
39320001439;24/10/2024;CONSUMO;ATTIVO
39320001440;18/02/2023;RICARICA;ATTIVO
39320001441;20/06/2024;CONSUMO;ATTIVO
39320001442;20/05/2022;RICARICA;ATTIVO
39320001443;18/06/2021;CONSUMO;ATTIVO
39320001444;18/02/2023;RICARICA;ATTIVO
39320001445;22/07/2024;CONSUMO;ATTIVO
39320001446;09/03/2023;RICARICA;ATTIVO
39320001447;07/08/2021;CONSUMO;ATTIVO
39320001448;24/09/2022;RICARICA;ATTIVO
39320001449;09/04/2025;CONSUMO;ATTIVO
39320001450;29/09/2021;RICARICA;ATTIVO
39320001451;02/06/2023;CONSUMO;ATTIVO
39320001452;11/02/2024;RICARICA;ATTIVO
39320001453;31/07/2021;CONSUMO;ATTIVO
39320001454;26/12/2022;RICARICA;ATTIVO
39320001455;07/05/2024;CONSUMO;ATTIVO
39320001456;27/10/2022;RICARICA;ATTIVO
39320001457;26/01/2021;CONSUMO;ATTIVO
39320001458;06/03/2023;RICARICA;ATTIVO
39320001459;24/01/2025;CONSUMO;ATTIVO
39320001460;28/01/2026;RICARICA;SOSPESO
39320001461;13/05/2022;CONSUMO;ATTIVO
39320001462;14/12/2021;RICARICA;ATTIVO
39320001463;14/12/2021;CONSUMO;ATTIVO
39320001464;09/09/2022;RICARICA;ATTIVO
39320001465;26/10/2021;CONSUMO;ATTIVO
39320001466;10/06/2023;RICARICA;ATTIVO
39320001467;06/09/2022;CONSUMO;ATTIVO
39320001468;07/06/2021;RICARICA;ATTIVO
39320001469;21/05/2022;CONSUMO;ATTIVO
39320001470;13/10/2023;RICARICA;ATTIVO
39320001471;05/02/2022;CONSUMO;ATTIVO
39320001472;05/10/2021;RICARICA;ATTIVO
39320001473;22/03/2023;CONSUMO;ATTIVO
39320001474;24/06/2024;RICARICA;ATTIVO
39320001475;01/11/2025;CONSUMO;ATTIVO
39320001476;17/11/2022;RICARICA;ATTIVO
39320001477;14/08/2025;CONSUMO;ATTIVO
39320001478;02/05/2024;RICARICA;ATTIVO
39320001479;19/10/2022;CONSUMO;ATTIVO
39320001480;24/11/2024;RICARICA;ATTIVO
39320001481;06/10/2022;CONSUMO;ATTIVO
39320001482;27/03/2023;RICARICA;SOSPESO
39320001483;20/08/2022;CONSUMO;ATTIVO
39320001484;20/07/2024;RICARICA;ATTIVO
39320001485;25/03/2024;CONSUMO;ATTIVO
39320001486;30/10/2022;RICARICA;ATTIVO
39320001487;31/07/2025;CONSUMO;ATTIVO
39320001488;18/01/2023;RICARICA;ATTIVO
39320001489;29/02/2024;CONSUMO;ATTIVO
39320001490;23/01/2024;RICARICA;ATTIVO
39320001491;22/04/2025;CONSUMO;ATTIVO
39320001492;29/01/2025;RICARICA;ATTIVO
39320001493;21/12/2024;CONSUMO;ATTIVO
39320001494;22/06/2025;RICARICA;ATTIVO
39320001495;19/11/2024;CONSUMO;ATTIVO
39320001496;03/10/2025;RICARICA;ATTIVO
39320001497;18/04/2023;CONSUMO;ATTIVO
39320001498;13/10/2021;RICARICA;ATTIVO
39320001499;11/05/2022;CONSUMO;ATTIVO
39320001500;12/11/2021;RICARICA;ATTIVO
39320001501;05/06/2025;CONSUMO;ATTIVO
39320001502;09/07/2023;RICARICA;SOSPESO
39320001503;09/09/2023;CONSUMO;ATTIVO
39320001504;31/12/2023;RICARICA;ATTIVO
39320001505;28/02/2026;CONSUMO;ATTIVO
39320001506;07/05/2023;RICARICA;ATTIVO
39320001507;08/06/2025;CONSUMO;SOSPESO
39320001508;07/12/2024;RICARICA;ATTIVO
39320001509;05/01/2024;CONSUMO;ATTIVO
39320001510;16/02/2026;RICARICA;ATTIVO
39320001511;24/04/2025;CONSUMO;ATTIVO
39320001512;23/09/2024;RICARICA;ATTIVO
39320001513;18/08/2024;CONSUMO;ATTIVO
39320001514;28/02/2024;RICARICA;SOSPESO
39320001515;19/10/2024;CONSUMO;ATTIVO
39320001516;22/03/2025;RICARICA;ATTIVO
39320001517;19/06/2025;CONSUMO;ATTIVO
39320001518;22/01/2021;RICARICA;ATTIVO
39320001519;31/03/2022;CONSUMO;ATTIVO
39320001520;29/11/2023;RICARICA;ATTIVO
39320001521;09/11/2024;CONSUMO;ATTIVO
39320001522;02/07/2023;RICARICA;ATTIVO
39320001523;07/08/2023;CONSUMO;ATTIVO
39320001524;20/04/2024;RICARICA;ATTIVO
39320001525;05/11/2021;CONSUMO;ATTIVO
39320001526;20/02/2021;RICARICA;ATTIVO
39320001527;29/08/2022;CONSUMO;ATTIVO
39320001528;25/06/2021;RICARICA;ATTIVO
39320001529;04/02/2025;CONSUMO;ATTIVO
39320001530;01/10/2022;RICARICA;ATTIVO
39320001531;26/05/2025;CONSUMO;ATTIVO
39320001532;17/09/2023;RICARICA;ATTIVO
39320001533;19/07/2021;CONSUMO;ATTIVO
39320001534;27/11/2024;RICARICA;ATTIVO
39320001535;18/05/2021;CONSUMO;ATTIVO
39320001536;18/07/2025;RICARICA;ATTIVO
39320001537;16/02/2021;CONSUMO;ATTIVO
39320001538;20/08/2024;RICARICA;ATTIVO
39320001539;27/06/2025;CONSUMO;ATTIVO
39320001540;25/02/2025;RICARICA;ATTIVO
39320001541;24/12/2021;CONSUMO;ATTIVO
39320001542;09/11/2022;RICARICA;ATTIVO
39320001543;05/08/2023;CONSUMO;ATTIVO
39320001544;10/04/2023;RICARICA;ATTIVO
39320001545;17/01/2022;CONSUMO;ATTIVO
39320001546;05/06/2023;RICARICA;ATTIVO
39320001547;19/02/2025;CONSUMO;ATTIVO
39320001548;09/02/2022;RICARICA;ATTIVO
39320001549;30/05/2023;CONSUMO;ATTIVO
39320001550;14/12/2024;RICARICA;ATTIVO
39320001551;25/07/2022;CONSUMO;ATTIVO
39320001552;15/07/2025;RICARICA;ATTIVO
39320001553;28/03/2024;CONSUMO;ATTIVO
39320001554;21/11/2025;RICARICA;ATTIVO
39320001555;20/01/2023;CONSUMO;ATTIVO
39320001556;27/07/2023;RICARICA;ATTIVO
39320001557;05/10/2024;CONSUMO;ATTIVO
39320001558;17/12/2023;RICARICA;SOSPESO
39320001559;04/10/2022;CONSUMO;ATTIVO
39320001560;05/06/2024;RICARICA;ATTIVO
39320001561;22/08/2021;CONSUMO;ATTIVO
39320001562;28/09/2025;RICARICA;ATTIVO
39320001563;20/12/2021;CONSUMO;ATTIVO
39320001564;16/12/2024;RICARICA;ATTIVO
39320001565;25/02/2026;CONSUMO;ATTIVO
39320001566;23/06/2021;RICARICA;ATTIVO
39320001567;04/10/2022;CONSUMO;ATTIVO
39320001568;18/09/2022;RICARICA;ATTIVO
39320001569;04/02/2023;CONSUMO;ATTIVO
39320001570;13/11/2023;RICARICA;ATTIVO
39320001571;06/05/2024;CONSUMO;ATTIVO
39320001572;25/02/2023;RICARICA;ATTIVO
39320001573;24/09/2023;CONSUMO;ATTIVO
39320001574;21/11/2024;RICARICA;ATTIVO
39320001575;21/12/2021;CONSUMO;ATTIVO
39320001576;30/09/2023;RICARICA;ATTIVO
39320001577;19/01/2022;CONSUMO;ATTIVO
39320001578;13/07/2023;RICARICA;ATTIVO
39320001579;08/11/2025;CONSUMO;ATTIVO
39320001580;20/01/2021;RICARICA;ATTIVO
39320001581;04/02/2022;CONSUMO;ATTIVO
39320001582;25/02/2024;RICARICA;ATTIVO
39320001583;11/10/2023;CONSUMO;ATTIVO
39320001584;05/10/2023;RICARICA;ATTIVO
39320001585;17/09/2025;CONSUMO;ATTIVO
39320001586;09/12/2021;RICARICA;ATTIVO
39320001587;05/03/2021;CONSUMO;ATTIVO
39320001588;28/03/2022;RICARICA;ATTIVO
39320001589;17/07/2022;CONSUMO;ATTIVO
39320001590;15/08/2022;RICARICA;ATTIVO
39320001591;26/07/2023;CONSUMO;ATTIVO
39320001592;02/05/2025;RICARICA;ATTIVO
39320001593;31/01/2024;CONSUMO;ATTIVO
39320001594;18/03/2024;RICARICA;ATTIVO
39320001595;07/05/2025;CONSUMO;ATTIVO
39320001596;22/01/2023;RICARICA;ATTIVO
39320001597;30/03/2025;CONSUMO;ATTIVO
39320001598;12/01/2025;RICARICA;ATTIVO
39320001599;24/03/2022;CONSUMO;SOSPESO
39320001600;29/07/2021;RICARICA;ATTIVO
39320001601;31/08/2024;CONSUMO;ATTIVO
39320001602;02/09/2022;RICARICA;ATTIVO
39320001603;08/03/2021;CONSUMO;ATTIVO
39320001604;15/12/2022;RICARICA;ATTIVO
39320001605;28/06/2021;CONSUMO;ATTIVO
39320001606;29/08/2021;RICARICA;ATTIVO
39320001607;01/05/2022;CONSUMO;ATTIVO
39320001608;19/02/2025;RICARICA;ATTIVO
39320001609;20/12/2022;CONSUMO;ATTIVO
39320001610;03/06/2024;RICARICA;ATTIVO
39320001611;06/12/2021;CONSUMO;ATTIVO
39320001612;27/05/2025;RICARICA;ATTIVO
39320001613;28/02/2022;CONSUMO;ATTIVO
39320001614;13/03/2024;RICARICA;ATTIVO
39320001615;30/07/2022;CONSUMO;ATTIVO
39320001616;11/12/2021;RICARICA;ATTIVO
39320001617;12/12/2024;CONSUMO;ATTIVO
39320001618;18/03/2024;RICARICA;ATTIVO
39320001619;24/10/2025;CONSUMO;ATTIVO
39320001620;18/01/2026;RICARICA;ATTIVO
39320001621;15/07/2021;CONSUMO;ATTIVO
39320001622;17/03/2025;RICARICA;ATTIVO
39320001623;25/02/2026;CONSUMO;ATTIVO
39320001624;22/07/2022;RICARICA;ATTIVO
39320001625;17/09/2021;CONSUMO;ATTIVO
39320001626;29/09/2021;RICARICA;ATTIVO
39320001627;27/12/2024;CONSUMO;ATTIVO
39320001628;22/05/2022;RICARICA;ATTIVO
39320001629;16/10/2024;CONSUMO;ATTIVO
39320001630;19/10/2021;RICARICA;ATTIVO
39320001631;05/07/2022;CONSUMO;ATTIVO
39320001632;08/02/2023;RICARICA;ATTIVO
39320001633;21/07/2024;CONSUMO;ATTIVO
39320001634;24/04/2025;RICARICA;ATTIVO
39320001635;22/11/2023;CONSUMO;ATTIVO
39320001636;23/11/2024;RICARICA;SOSPESO
39320001637;26/01/2023;CONSUMO;ATTIVO
39320001638;27/09/2023;RICARICA;ATTIVO
39320001639;06/01/2021;CONSUMO;ATTIVO
39320001640;01/10/2025;RICARICA;ATTIVO
39320001641;05/02/2025;CONSUMO;SOSPESO
39320001642;24/07/2024;RICARICA;ATTIVO
39320001643;04/01/2023;CONSUMO;ATTIVO
39320001644;18/06/2025;RICARICA;ATTIVO
39320001645;23/03/2022;CONSUMO;SOSPESO
39320001646;17/08/2025;RICARICA;ATTIVO
39320001647;04/07/2022;CONSUMO;ATTIVO
39320001648;04/08/2022;RICARICA;ATTIVO
39320001649;29/03/2024;CONSUMO;ATTIVO
39320001650;12/10/2025;RICARICA;ATTIVO
39320001651;05/12/2022;CONSUMO;ATTIVO
39320001652;11/04/2025;RICARICA;ATTIVO
39320001653;23/07/2021;CONSUMO;ATTIVO
39320001654;10/09/2025;RICARICA;ATTIVO
39320001655;12/09/2021;CONSUMO;SOSPESO
39320001656;20/11/2021;RICARICA;ATTIVO
39320001657;02/01/2021;CONSUMO;SOSPESO
39320001658;27/05/2023;RICARICA;ATTIVO
39320001659;11/11/2024;CONSUMO;ATTIVO
39320001660;12/12/2025;RICARICA;ATTIVO
39320001661;22/11/2021;CONSUMO;ATTIVO
39320001662;01/12/2025;RICARICA;ATTIVO
39320001663;02/09/2024;CONSUMO;ATTIVO
39320001664;18/06/2021;RICARICA;ATTIVO
39320001665;25/01/2026;CONSUMO;ATTIVO
39320001666;17/04/2021;RICARICA;ATTIVO
39320001667;18/09/2022;CONSUMO;ATTIVO
39320001668;27/03/2025;RICARICA;ATTIVO
39320001669;04/09/2024;CONSUMO;ATTIVO
39320001670;14/07/2021;RICARICA;ATTIVO
39320001671;04/09/2023;CONSUMO;ATTIVO
39320001672;30/04/2024;RICARICA;ATTIVO
39320001673;24/10/2024;CONSUMO;ATTIVO
39320001674;17/01/2021;RICARICA;ATTIVO
39320001675;01/08/2025;CONSUMO;ATTIVO
39320001676;28/10/2025;RICARICA;ATTIVO
39320001677;28/09/2021;CONSUMO;ATTIVO
39320001678;14/04/2022;RICARICA;ATTIVO
39320001679;05/02/2025;CONSUMO;ATTIVO
39320001680;31/07/2021;RICARICA;ATTIVO
39320001681;10/12/2025;CONSUMO;ATTIVO
39320001682;23/02/2023;RICARICA;ATTIVO
39320001683;23/03/2025;CONSUMO;ATTIVO
39320001684;06/08/2024;RICARICA;SOSPESO
39320001685;20/10/2021;CONSUMO;ATTIVO
39320001686;28/02/2024;RICARICA;ATTIVO
39320001687;24/08/2024;CONSUMO;ATTIVO
39320001688;21/12/2022;RICARICA;ATTIVO
39320001689;10/07/2024;CONSUMO;ATTIVO
39320001690;27/02/2026;RICARICA;ATTIVO
39320001691;07/11/2024;CONSUMO;ATTIVO
39320001692;21/03/2022;RICARICA;ATTIVO
39320001693;25/07/2021;CONSUMO;ATTIVO
39320001694;10/09/2021;RICARICA;ATTIVO
39320001695;26/02/2023;CONSUMO;ATTIVO
39320001696;30/05/2023;RICARICA;ATTIVO
39320001697;14/10/2021;CONSUMO;ATTIVO
39320001698;13/08/2024;RICARICA;ATTIVO
39320001699;08/02/2024;CONSUMO;ATTIVO
39320001700;16/01/2025;RICARICA;ATTIVO
39320001701;15/05/2025;CONSUMO;SOSPESO
39320001702;24/02/2021;RICARICA;ATTIVO
39320001703;10/09/2024;CONSUMO;ATTIVO
39320001704;25/02/2022;RICARICA;ATTIVO
39320001705;10/11/2023;CONSUMO;ATTIVO
39320001706;14/03/2023;RICARICA;ATTIVO
39320001707;22/04/2021;CONSUMO;ATTIVO
39320001708;14/06/2025;RICARICA;SOSPESO
39320001709;11/10/2023;CONSUMO;ATTIVO
39320001710;09/05/2022;RICARICA;ATTIVO
39320001711;01/05/2024;CONSUMO;ATTIVO
39320001712;26/12/2025;RICARICA;SOSPESO
39320001713;10/01/2023;CONSUMO;SOSPESO
39320001714;28/09/2021;RICARICA;ATTIVO
39320001715;15/09/2025;CONSUMO;ATTIVO
39320001716;19/01/2023;RICARICA;ATTIVO
39320001717;20/12/2021;CONSUMO;ATTIVO
39320001718;27/04/2025;RICARICA;ATTIVO
39320001719;17/04/2024;CONSUMO;ATTIVO
39320001720;21/06/2022;RICARICA;ATTIVO
39320001721;05/03/2026;CONSUMO;ATTIVO
39320001722;05/06/2025;RICARICA;ATTIVO
39320001723;10/08/2022;CONSUMO;ATTIVO
39320001724;24/10/2023;RICARICA;ATTIVO
39320001725;18/05/2023;CONSUMO;ATTIVO
39320001726;18/06/2021;RICARICA;ATTIVO
39320001727;07/01/2024;CONSUMO;ATTIVO
39320001728;23/07/2022;RICARICA;ATTIVO
39320001729;11/06/2021;CONSUMO;ATTIVO
39320001730;21/02/2022;RICARICA;SOSPESO
39320001731;15/11/2021;CONSUMO;ATTIVO
39320001732;12/03/2023;RICARICA;ATTIVO
39320001733;13/04/2025;CONSUMO;ATTIVO
39320001734;26/10/2024;RICARICA;ATTIVO
39320001735;28/09/2022;CONSUMO;ATTIVO
39320001736;03/02/2025;RICARICA;SOSPESO
39320001737;04/05/2022;CONSUMO;ATTIVO
39320001738;26/06/2021;RICARICA;SOSPESO
39320001739;26/08/2021;CONSUMO;ATTIVO
39320001740;31/05/2024;RICARICA;ATTIVO
39320001741;26/09/2024;CONSUMO;ATTIVO
39320001742;25/02/2025;RICARICA;ATTIVO
39320001743;26/01/2021;CONSUMO;ATTIVO
39320001744;07/12/2024;RICARICA;ATTIVO
39320001745;14/10/2023;CONSUMO;SOSPESO
39320001746;08/12/2023;RICARICA;ATTIVO
39320001747;12/08/2025;CONSUMO;ATTIVO
39320001748;08/12/2021;RICARICA;ATTIVO
39320001749;16/03/2025;CONSUMO;ATTIVO
39320001750;05/07/2022;RICARICA;ATTIVO
39320001751;30/08/2021;CONSUMO;ATTIVO
39320001752;02/03/2021;RICARICA;ATTIVO
39320001753;30/05/2023;CONSUMO;ATTIVO
39320001754;11/05/2021;RICARICA;ATTIVO
39320001755;26/03/2024;CONSUMO;ATTIVO
39320001756;14/10/2023;RICARICA;ATTIVO
39320001757;08/01/2023;CONSUMO;ATTIVO
39320001758;26/10/2025;RICARICA;ATTIVO
39320001759;24/01/2023;CONSUMO;ATTIVO
39320001760;03/05/2025;RICARICA;ATTIVO
39320001761;21/03/2024;CONSUMO;ATTIVO
39320001762;25/08/2021;RICARICA;ATTIVO
39320001763;09/11/2023;CONSUMO;ATTIVO
39320001764;25/10/2025;RICARICA;ATTIVO
39320001765;16/05/2022;CONSUMO;ATTIVO
39320001766;16/01/2023;RICARICA;ATTIVO
39320001767;04/11/2021;CONSUMO;ATTIVO
39320001768;23/10/2025;RICARICA;ATTIVO
39320001769;03/07/2025;CONSUMO;ATTIVO
39320001770;25/02/2025;RICARICA;ATTIVO
39320001771;05/04/2022;CONSUMO;ATTIVO
39320001772;03/05/2023;RICARICA;ATTIVO
39320001773;18/10/2022;CONSUMO;ATTIVO
39320001774;09/06/2021;RICARICA;ATTIVO
39320001775;02/09/2021;CONSUMO;ATTIVO
39320001776;22/01/2026;RICARICA;ATTIVO
39320001777;03/04/2022;CONSUMO;ATTIVO
39320001778;05/04/2021;RICARICA;SOSPESO
39320001779;22/05/2021;CONSUMO;ATTIVO
39320001780;09/11/2025;RICARICA;ATTIVO
39320001781;27/09/2025;CONSUMO;ATTIVO
39320001782;26/06/2021;RICARICA;ATTIVO
39320001783;17/01/2021;CONSUMO;ATTIVO
39320001784;21/08/2022;RICARICA;ATTIVO
39320001785;15/09/2022;CONSUMO;ATTIVO
39320001786;12/05/2022;RICARICA;ATTIVO
39320001787;26/04/2024;CONSUMO;SOSPESO
39320001788;02/05/2025;RICARICA;ATTIVO
39320001789;09/02/2025;CONSUMO;ATTIVO
39320001790;07/04/2025;RICARICA;ATTIVO
39320001791;05/11/2021;CONSUMO;ATTIVO
39320001792;20/04/2023;RICARICA;ATTIVO
39320001793;15/01/2024;CONSUMO;ATTIVO
39320001794;16/09/2025;RICARICA;ATTIVO
39320001795;20/01/2021;CONSUMO;SOSPESO
39320001796;03/01/2021;RICARICA;ATTIVO
39320001797;10/02/2023;CONSUMO;ATTIVO
39320001798;29/01/2025;RICARICA;ATTIVO
39320001799;25/02/2022;CONSUMO;ATTIVO
39320001800;03/05/2022;RICARICA;ATTIVO
39320001801;03/05/2021;CONSUMO;SOSPESO
39320001802;19/10/2021;RICARICA;ATTIVO
39320001803;10/07/2021;CONSUMO;ATTIVO
39320001804;20/04/2022;RICARICA;ATTIVO
39320001805;01/12/2023;CONSUMO;ATTIVO
39320001806;09/01/2026;RICARICA;ATTIVO
39320001807;12/03/2025;CONSUMO;ATTIVO
39320001808;15/07/2021;RICARICA;ATTIVO
39320001809;29/07/2024;CONSUMO;ATTIVO
39320001810;03/06/2021;RICARICA;ATTIVO
39320001811;08/05/2021;CONSUMO;ATTIVO
39320001812;25/09/2021;RICARICA;ATTIVO
39320001813;19/06/2022;CONSUMO;ATTIVO
39320001814;12/03/2026;RICARICA;ATTIVO
39320001815;06/12/2024;CONSUMO;ATTIVO
39320001816;31/10/2022;RICARICA;ATTIVO
39320001817;11/07/2022;CONSUMO;ATTIVO
39320001818;20/02/2022;RICARICA;ATTIVO
39320001819;27/04/2025;CONSUMO;ATTIVO
39320001820;15/11/2021;RICARICA;ATTIVO
39320001821;10/07/2023;CONSUMO;ATTIVO
39320001822;13/04/2023;RICARICA;ATTIVO
39320001823;04/01/2023;CONSUMO;SOSPESO
39320001824;02/03/2022;RICARICA;ATTIVO
39320001825;07/08/2023;CONSUMO;ATTIVO
39320001826;03/09/2021;RICARICA;ATTIVO
39320001827;12/07/2025;CONSUMO;ATTIVO
39320001828;20/08/2025;RICARICA;ATTIVO
39320001829;20/05/2024;CONSUMO;ATTIVO
39320001830;08/09/2025;RICARICA;ATTIVO
39320001831;31/10/2021;CONSUMO;ATTIVO
39320001832;24/05/2022;RICARICA;SOSPESO
39320001833;23/03/2023;CONSUMO;ATTIVO
39320001834;18/10/2024;RICARICA;ATTIVO
39320001835;07/08/2025;CONSUMO;SOSPESO
39320001836;05/03/2021;RICARICA;SOSPESO
39320001837;17/10/2025;CONSUMO;ATTIVO
39320001838;13/03/2025;RICARICA;ATTIVO
39320001839;13/07/2021;CONSUMO;ATTIVO
39320001840;05/07/2025;RICARICA;ATTIVO
39320001841;06/09/2021;CONSUMO;ATTIVO
39320001842;28/08/2025;RICARICA;ATTIVO
39320001843;01/04/2022;CONSUMO;ATTIVO
39320001844;14/08/2025;RICARICA;ATTIVO
39320001845;06/11/2024;CONSUMO;ATTIVO
39320001846;13/08/2024;RICARICA;ATTIVO
39320001847;15/04/2024;CONSUMO;ATTIVO
39320001848;23/07/2025;RICARICA;ATTIVO
39320001849;13/05/2021;CONSUMO;ATTIVO
39320001850;15/08/2024;RICARICA;ATTIVO
39320001851;21/09/2021;CONSUMO;ATTIVO
39320001852;02/10/2025;RICARICA;ATTIVO
39320001853;11/11/2022;CONSUMO;ATTIVO
39320001854;03/08/2023;RICARICA;ATTIVO
39320001855;08/03/2026;CONSUMO;ATTIVO
39320001856;10/08/2025;RICARICA;ATTIVO
39320001857;14/10/2023;CONSUMO;ATTIVO
39320001858;31/10/2024;RICARICA;ATTIVO
39320001859;26/12/2022;CONSUMO;ATTIVO
39320001860;19/01/2022;RICARICA;ATTIVO
39320001861;03/07/2023;CONSUMO;ATTIVO
39320001862;12/03/2021;RICARICA;ATTIVO
39320001863;17/06/2024;CONSUMO;ATTIVO
39320001864;28/08/2022;RICARICA;ATTIVO
39320001865;13/12/2025;CONSUMO;ATTIVO
39320001866;05/05/2021;RICARICA;ATTIVO
39320001867;24/02/2023;CONSUMO;ATTIVO
39320001868;13/02/2022;RICARICA;ATTIVO
39320001869;21/06/2025;CONSUMO;ATTIVO
39320001870;15/07/2024;RICARICA;SOSPESO
39320001871;19/01/2024;CONSUMO;ATTIVO
39320001872;23/02/2023;RICARICA;ATTIVO
39320001873;06/01/2023;CONSUMO;ATTIVO
39320001874;20/05/2025;RICARICA;ATTIVO
39320001875;13/02/2026;CONSUMO;ATTIVO
39320001876;21/10/2022;RICARICA;ATTIVO
39320001877;04/01/2022;CONSUMO;ATTIVO
39320001878;07/05/2024;RICARICA;ATTIVO
39320001879;09/01/2026;CONSUMO;ATTIVO
39320001880;30/07/2022;RICARICA;ATTIVO
39320001881;25/08/2023;CONSUMO;ATTIVO
39320001882;20/04/2025;RICARICA;ATTIVO
39320001883;22/04/2022;CONSUMO;SOSPESO
39320001884;25/07/2021;RICARICA;ATTIVO
39320001885;09/05/2022;CONSUMO;ATTIVO
39320001886;30/07/2025;RICARICA;ATTIVO
39320001887;18/02/2025;CONSUMO;ATTIVO
39320001888;26/03/2022;RICARICA;ATTIVO
39320001889;22/06/2025;CONSUMO;ATTIVO
39320001890;15/09/2025;RICARICA;SOSPESO
39320001891;22/12/2021;CONSUMO;ATTIVO
39320001892;28/04/2024;RICARICA;ATTIVO
39320001893;20/02/2025;CONSUMO;ATTIVO
39320001894;15/02/2026;RICARICA;ATTIVO
39320001895;11/12/2024;CONSUMO;ATTIVO
39320001896;08/03/2024;RICARICA;ATTIVO
39320001897;28/02/2024;CONSUMO;SOSPESO
39320001898;10/09/2025;RICARICA;SOSPESO
39320001899;11/12/2025;CONSUMO;SOSPESO
39320001900;16/01/2024;RICARICA;ATTIVO
39320001901;02/10/2023;CONSUMO;ATTIVO
39320001902;26/04/2021;RICARICA;ATTIVO
39320001903;25/03/2022;CONSUMO;ATTIVO
39320001904;06/09/2023;RICARICA;ATTIVO
39320001905;23/02/2026;CONSUMO;ATTIVO
39320001906;10/07/2025;RICARICA;ATTIVO
39320001907;08/01/2025;CONSUMO;ATTIVO
39320001908;02/07/2025;RICARICA;ATTIVO
39320001909;25/10/2022;CONSUMO;ATTIVO
39320001910;30/10/2021;RICARICA;ATTIVO
39320001911;22/02/2026;CONSUMO;ATTIVO
39320001912;16/08/2021;RICARICA;ATTIVO
39320001913;29/10/2025;CONSUMO;ATTIVO
39320001914;29/05/2021;RICARICA;ATTIVO
39320001915;18/09/2024;CONSUMO;ATTIVO
39320001916;26/07/2021;RICARICA;ATTIVO
39320001917;23/10/2022;CONSUMO;ATTIVO
39320001918;19/11/2021;RICARICA;ATTIVO
39320001919;14/06/2023;CONSUMO;ATTIVO
39320001920;25/09/2023;RICARICA;ATTIVO
39320001921;23/12/2021;CONSUMO;ATTIVO
39320001922;25/02/2024;RICARICA;ATTIVO
39320001923;10/06/2024;CONSUMO;ATTIVO
39320001924;03/04/2022;RICARICA;ATTIVO
39320001925;27/07/2025;CONSUMO;ATTIVO
39320001926;21/09/2022;RICARICA;ATTIVO
39320001927;27/08/2022;CONSUMO;ATTIVO
39320001928;01/02/2025;RICARICA;ATTIVO
39320001929;08/12/2024;CONSUMO;SOSPESO
39320001930;13/03/2023;RICARICA;ATTIVO
39320001931;28/04/2025;CONSUMO;SOSPESO
39320001932;08/03/2021;RICARICA;ATTIVO
39320001933;14/10/2022;CONSUMO;SOSPESO
39320001934;06/06/2024;RICARICA;ATTIVO
39320001935;04/03/2024;CONSUMO;ATTIVO
39320001936;14/10/2023;RICARICA;ATTIVO
39320001937;07/03/2025;CONSUMO;ATTIVO
39320001938;12/12/2022;RICARICA;SOSPESO
39320001939;10/12/2021;CONSUMO;ATTIVO
39320001940;01/07/2021;RICARICA;ATTIVO
39320001941;04/10/2024;CONSUMO;ATTIVO
39320001942;21/12/2025;RICARICA;ATTIVO
39320001943;24/01/2021;CONSUMO;ATTIVO
39320001944;27/05/2022;RICARICA;ATTIVO
39320001945;19/12/2022;CONSUMO;ATTIVO
39320001946;10/08/2021;RICARICA;ATTIVO
39320001947;09/04/2021;CONSUMO;ATTIVO
39320001948;09/02/2025;RICARICA;ATTIVO
39320001949;07/12/2021;CONSUMO;ATTIVO
39320001950;07/10/2023;RICARICA;ATTIVO
39320001951;21/12/2022;CONSUMO;ATTIVO
39320001952;27/07/2021;RICARICA;ATTIVO
39320001953;04/06/2025;CONSUMO;ATTIVO
39320001954;26/08/2024;RICARICA;ATTIVO
39320001955;07/04/2022;CONSUMO;ATTIVO
39320001956;31/05/2021;RICARICA;ATTIVO
39320001957;10/03/2021;CONSUMO;ATTIVO
39320001958;15/10/2022;RICARICA;ATTIVO
39320001959;03/08/2021;CONSUMO;ATTIVO
39320001960;15/12/2021;RICARICA;ATTIVO
39320001961;26/11/2021;CONSUMO;ATTIVO
39320001962;26/01/2024;RICARICA;SOSPESO
39320001963;10/07/2021;CONSUMO;ATTIVO
39320001964;10/06/2024;RICARICA;ATTIVO
39320001965;13/12/2024;CONSUMO;ATTIVO
39320001966;31/08/2024;RICARICA;ATTIVO
39320001967;28/12/2025;CONSUMO;ATTIVO
39320001968;20/04/2021;RICARICA;ATTIVO
39320001969;25/02/2022;CONSUMO;SOSPESO
39320001970;19/04/2023;RICARICA;ATTIVO
39320001971;18/01/2025;CONSUMO;SOSPESO
39320001972;12/01/2024;RICARICA;ATTIVO
39320001973;31/07/2022;CONSUMO;ATTIVO
39320001974;16/07/2021;RICARICA;ATTIVO
39320001975;16/03/2024;CONSUMO;ATTIVO
39320001976;03/10/2023;RICARICA;ATTIVO
39320001977;09/01/2023;CONSUMO;ATTIVO
39320001978;29/06/2021;RICARICA;ATTIVO
39320001979;17/09/2024;CONSUMO;ATTIVO
39320001980;11/09/2023;RICARICA;ATTIVO
39320001981;22/02/2021;CONSUMO;ATTIVO
39320001982;31/07/2024;RICARICA;ATTIVO
39320001983;17/06/2021;CONSUMO;ATTIVO
39320001984;25/08/2021;RICARICA;ATTIVO
39320001985;26/03/2023;CONSUMO;ATTIVO
39320001986;07/01/2026;RICARICA;ATTIVO
39320001987;06/07/2021;CONSUMO;ATTIVO
39320001988;05/03/2023;RICARICA;ATTIVO
39320001989;19/12/2025;CONSUMO;ATTIVO
39320001990;18/01/2022;RICARICA;ATTIVO
39320001991;24/06/2022;CONSUMO;ATTIVO
39320001992;24/06/2022;RICARICA;ATTIVO
39320001993;05/07/2022;CONSUMO;ATTIVO
39320001994;06/11/2021;RICARICA;ATTIVO
39320001995;28/09/2024;CONSUMO;ATTIVO
39320001996;30/09/2024;RICARICA;ATTIVO
39320001997;14/01/2024;CONSUMO;ATTIVO
39320001998;30/03/2025;RICARICA;ATTIVO
39320001999;08/02/2024;CONSUMO;ATTIVO
39320002000;04/03/2023;RICARICA;ATTIVO
39320002001;08/05/2023;CONSUMO;SOSPESO
39320002002;08/11/2024;RICARICA;ATTIVO
39320002003;31/08/2023;CONSUMO;ATTIVO
39320002004;28/04/2022;RICARICA;ATTIVO
39320002005;11/06/2021;CONSUMO;ATTIVO
39320002006;15/10/2025;RICARICA;ATTIVO
39320002007;26/10/2023;CONSUMO;ATTIVO
39320002008;25/11/2023;RICARICA;ATTIVO
39320002009;19/10/2024;CONSUMO;SOSPESO
39320002010;29/10/2021;RICARICA;ATTIVO
39320002011;31/03/2025;CONSUMO;ATTIVO
39320002012;09/12/2021;RICARICA;SOSPESO
39320002013;14/07/2025;CONSUMO;ATTIVO
39320002014;29/03/2021;RICARICA;ATTIVO
39320002015;31/10/2024;CONSUMO;ATTIVO
39320002016;12/08/2025;RICARICA;ATTIVO
39320002017;05/09/2025;CONSUMO;ATTIVO
39320002018;17/10/2022;RICARICA;ATTIVO
39320002019;16/02/2026;CONSUMO;ATTIVO
39320002020;28/06/2021;RICARICA;ATTIVO
39320002021;25/03/2023;CONSUMO;ATTIVO
39320002022;21/10/2025;RICARICA;ATTIVO
39320002023;28/07/2023;CONSUMO;ATTIVO
39320002024;26/01/2021;RICARICA;ATTIVO
39320002025;30/06/2024;CONSUMO;ATTIVO
39320002026;20/05/2025;RICARICA;ATTIVO
39320002027;29/04/2023;CONSUMO;ATTIVO
39320002028;06/03/2024;RICARICA;ATTIVO
39320002029;03/04/2025;CONSUMO;SOSPESO
39320002030;25/07/2021;RICARICA;SOSPESO
39320002031;27/02/2024;CONSUMO;ATTIVO
39320002032;29/05/2025;RICARICA;ATTIVO
39320002033;02/01/2024;CONSUMO;ATTIVO
39320002034;03/12/2025;RICARICA;ATTIVO
39320002035;24/02/2023;CONSUMO;ATTIVO
39320002036;17/03/2024;RICARICA;ATTIVO
39320002037;18/03/2021;CONSUMO;ATTIVO
39320002038;06/04/2023;RICARICA;ATTIVO
39320002039;31/05/2024;CONSUMO;ATTIVO
39320002040;03/04/2023;RICARICA;ATTIVO
39320002041;27/12/2025;CONSUMO;ATTIVO
39320002042;15/11/2024;RICARICA;ATTIVO
39320002043;08/03/2025;CONSUMO;ATTIVO
39320002044;05/07/2022;RICARICA;ATTIVO
39320002045;11/02/2021;CONSUMO;ATTIVO
39320002046;14/06/2025;RICARICA;ATTIVO
39320002047;29/07/2022;CONSUMO;ATTIVO
39320002048;24/10/2025;RICARICA;ATTIVO
39320002049;21/07/2021;CONSUMO;SOSPESO
39320002050;12/04/2022;RICARICA;ATTIVO
39320002051;04/03/2025;CONSUMO;ATTIVO
39320002052;19/08/2025;RICARICA;ATTIVO
39320002053;01/02/2025;CONSUMO;ATTIVO
39320002054;15/08/2024;RICARICA;ATTIVO
39320002055;24/06/2023;CONSUMO;ATTIVO
39320002056;15/08/2025;RICARICA;ATTIVO
39320002057;20/09/2023;CONSUMO;ATTIVO
39320002058;12/11/2025;RICARICA;ATTIVO
39320002059;26/04/2021;CONSUMO;ATTIVO
39320002060;22/11/2021;RICARICA;ATTIVO
39320002061;24/12/2024;CONSUMO;ATTIVO
39320002062;05/10/2021;RICARICA;ATTIVO
39320002063;10/12/2023;CONSUMO;ATTIVO
39320002064;01/03/2021;RICARICA;ATTIVO
39320002065;28/11/2025;CONSUMO;ATTIVO
39320002066;11/09/2025;RICARICA;ATTIVO
39320002067;09/03/2021;CONSUMO;ATTIVO
39320002068;24/02/2026;RICARICA;ATTIVO
39320002069;12/02/2022;CONSUMO;ATTIVO
39320002070;14/08/2025;RICARICA;ATTIVO
39320002071;24/03/2023;CONSUMO;ATTIVO
39320002072;11/09/2021;RICARICA;ATTIVO
39320002073;11/05/2022;CONSUMO;ATTIVO
39320002074;01/05/2024;RICARICA;ATTIVO
39320002075;18/11/2025;CONSUMO;ATTIVO
39320002076;04/02/2024;RICARICA;ATTIVO
39320002077;01/12/2021;CONSUMO;ATTIVO
39320002078;14/06/2022;RICARICA;ATTIVO
39320002079;11/11/2024;CONSUMO;ATTIVO
39320002080;26/02/2021;RICARICA;ATTIVO
39320002081;30/11/2021;CONSUMO;ATTIVO
39320002082;17/05/2025;RICARICA;SOSPESO
39320002083;22/10/2025;CONSUMO;ATTIVO
39320002084;07/04/2022;RICARICA;ATTIVO
39320002085;06/07/2022;CONSUMO;ATTIVO
39320002086;18/11/2023;RICARICA;ATTIVO
39320002087;18/05/2025;CONSUMO;SOSPESO
39320002088;29/10/2024;RICARICA;ATTIVO
39320002089;10/02/2026;CONSUMO;ATTIVO
39320002090;21/12/2021;RICARICA;ATTIVO
39320002091;18/01/2021;CONSUMO;ATTIVO
39320002092;30/05/2024;RICARICA;ATTIVO
39320002093;18/09/2022;CONSUMO;ATTIVO
39320002094;23/12/2024;RICARICA;ATTIVO
39320002095;18/05/2023;CONSUMO;ATTIVO
39320002096;11/10/2025;RICARICA;ATTIVO
39320002097;01/06/2022;CONSUMO;ATTIVO
39320002098;11/09/2022;RICARICA;ATTIVO
39320002099;16/08/2025;CONSUMO;ATTIVO
39320002100;12/04/2024;RICARICA;ATTIVO
39320002101;14/11/2023;CONSUMO;SOSPESO
39320002102;24/09/2025;RICARICA;ATTIVO
39320002103;24/02/2024;CONSUMO;ATTIVO
39320002104;01/06/2024;RICARICA;ATTIVO
39320002105;02/11/2024;CONSUMO;ATTIVO
39320002106;11/05/2021;RICARICA;ATTIVO
39320002107;21/07/2022;CONSUMO;ATTIVO
39320002108;31/10/2025;RICARICA;ATTIVO
39320002109;05/09/2024;CONSUMO;ATTIVO
39320002110;02/01/2026;RICARICA;ATTIVO
39320002111;21/01/2022;CONSUMO;ATTIVO
39320002112;17/04/2025;RICARICA;ATTIVO
39320002113;27/04/2021;CONSUMO;ATTIVO
39320002114;02/07/2025;RICARICA;ATTIVO
39320002115;08/04/2023;CONSUMO;ATTIVO
39320002116;26/10/2024;RICARICA;ATTIVO
39320002117;22/02/2021;CONSUMO;ATTIVO
39320002118;29/08/2022;RICARICA;ATTIVO
39320002119;08/05/2023;CONSUMO;ATTIVO
39320002120;17/02/2025;RICARICA;ATTIVO
39320002121;21/12/2024;CONSUMO;SOSPESO
39320002122;30/07/2025;RICARICA;ATTIVO
39320002123;27/01/2025;CONSUMO;ATTIVO
39320002124;06/11/2024;RICARICA;ATTIVO
39320002125;27/05/2025;CONSUMO;ATTIVO
39320002126;07/10/2024;RICARICA;ATTIVO
39320002127;07/09/2022;CONSUMO;ATTIVO
39320002128;18/09/2025;RICARICA;ATTIVO
39320002129;18/02/2024;CONSUMO;ATTIVO
39320002130;19/07/2021;RICARICA;ATTIVO
39320002131;26/02/2025;CONSUMO;ATTIVO
39320002132;14/07/2025;RICARICA;ATTIVO
39320002133;13/02/2026;CONSUMO;ATTIVO
39320002134;24/10/2024;RICARICA;ATTIVO
39320002135;02/09/2024;CONSUMO;ATTIVO
39320002136;29/12/2022;RICARICA;ATTIVO
39320002137;20/11/2025;CONSUMO;ATTIVO
39320002138;03/06/2025;RICARICA;ATTIVO
39320002139;01/02/2023;CONSUMO;ATTIVO
39320002140;26/08/2022;RICARICA;ATTIVO
39320002141;30/08/2021;CONSUMO;ATTIVO
39320002142;10/11/2025;RICARICA;ATTIVO
39320002143;03/04/2024;CONSUMO;SOSPESO
39320002144;26/05/2021;RICARICA;ATTIVO
39320002145;03/02/2022;CONSUMO;ATTIVO
39320002146;12/11/2025;RICARICA;ATTIVO
39320002147;22/12/2023;CONSUMO;ATTIVO
39320002148;21/04/2021;RICARICA;ATTIVO
39320002149;05/11/2021;CONSUMO;ATTIVO
39320002150;15/02/2022;RICARICA;ATTIVO
39320002151;12/03/2024;CONSUMO;ATTIVO
39320002152;27/07/2023;RICARICA;ATTIVO
39320002153;02/11/2025;CONSUMO;ATTIVO
39320002154;15/05/2025;RICARICA;ATTIVO
39320002155;13/11/2022;CONSUMO;ATTIVO
39320002156;29/12/2021;RICARICA;ATTIVO
39320002157;29/04/2021;CONSUMO;ATTIVO
39320002158;15/07/2022;RICARICA;ATTIVO
39320002159;04/05/2025;CONSUMO;ATTIVO
39320002160;15/04/2025;RICARICA;ATTIVO
39320002161;28/05/2025;CONSUMO;ATTIVO
39320002162;30/06/2021;RICARICA;ATTIVO
39320002163;08/06/2023;CONSUMO;ATTIVO
39320002164;07/04/2023;RICARICA;ATTIVO
39320002165;05/09/2023;CONSUMO;ATTIVO
39320002166;19/03/2021;RICARICA;ATTIVO
39320002167;05/02/2025;CONSUMO;ATTIVO
39320002168;29/01/2021;RICARICA;ATTIVO
39320002169;31/03/2025;CONSUMO;ATTIVO
39320002170;26/01/2022;RICARICA;ATTIVO
39320002171;09/01/2021;CONSUMO;ATTIVO
39320002172;25/05/2022;RICARICA;ATTIVO
39320002173;02/12/2025;CONSUMO;ATTIVO
39320002174;22/09/2021;RICARICA;ATTIVO
39320002175;28/10/2023;CONSUMO;ATTIVO
39320002176;09/12/2021;RICARICA;ATTIVO
39320002177;04/04/2021;CONSUMO;ATTIVO
39320002178;19/08/2022;RICARICA;ATTIVO
39320002179;02/12/2023;CONSUMO;ATTIVO
39320002180;23/11/2022;RICARICA;ATTIVO
39320002181;07/11/2024;CONSUMO;SOSPESO
39320002182;03/12/2022;RICARICA;SOSPESO
39320002183;01/10/2023;CONSUMO;ATTIVO
39320002184;21/01/2022;RICARICA;ATTIVO
39320002185;01/02/2026;CONSUMO;ATTIVO
39320002186;07/04/2023;RICARICA;ATTIVO
39320002187;05/04/2022;CONSUMO;ATTIVO
39320002188;26/09/2021;RICARICA;ATTIVO
39320002189;14/02/2021;CONSUMO;ATTIVO
39320002190;13/12/2021;RICARICA;ATTIVO
39320002191;27/12/2024;CONSUMO;ATTIVO
39320002192;18/03/2021;RICARICA;ATTIVO
39320002193;04/08/2024;CONSUMO;ATTIVO
39320002194;01/01/2024;RICARICA;ATTIVO
39320002195;01/05/2024;CONSUMO;SOSPESO
39320002196;17/09/2024;RICARICA;ATTIVO
39320002197;09/09/2025;CONSUMO;ATTIVO
39320002198;13/11/2024;RICARICA;ATTIVO
39320002199;29/06/2023;CONSUMO;ATTIVO
39320002200;26/01/2024;RICARICA;ATTIVO
39320002201;08/12/2024;CONSUMO;ATTIVO
39320002202;24/11/2024;RICARICA;ATTIVO
39320002203;20/01/2021;CONSUMO;ATTIVO
39320002204;17/09/2024;RICARICA;ATTIVO
39320002205;02/12/2023;CONSUMO;ATTIVO
39320002206;25/05/2024;RICARICA;ATTIVO
39320002207;08/05/2023;CONSUMO;ATTIVO
39320002208;03/08/2021;RICARICA;ATTIVO
39320002209;19/06/2024;CONSUMO;ATTIVO
39320002210;22/08/2021;RICARICA;ATTIVO
39320002211;17/10/2023;CONSUMO;ATTIVO
39320002212;14/02/2022;RICARICA;ATTIVO
39320002213;30/08/2025;CONSUMO;ATTIVO
39320002214;18/02/2022;RICARICA;ATTIVO
39320002215;20/04/2023;CONSUMO;ATTIVO
39320002216;22/03/2021;RICARICA;ATTIVO
39320002217;08/02/2026;CONSUMO;ATTIVO
39320002218;12/09/2023;RICARICA;ATTIVO
39320002219;06/01/2021;CONSUMO;ATTIVO
39320002220;02/07/2021;RICARICA;ATTIVO
39320002221;07/09/2025;CONSUMO;ATTIVO
39320002222;09/10/2023;RICARICA;ATTIVO
39320002223;04/07/2021;CONSUMO;ATTIVO
39320002224;03/06/2021;RICARICA;ATTIVO
39320002225;27/07/2021;CONSUMO;ATTIVO
39320002226;12/08/2024;RICARICA;ATTIVO
39320002227;30/08/2022;CONSUMO;ATTIVO
39320002228;13/04/2021;RICARICA;ATTIVO
39320002229;24/12/2021;CONSUMO;ATTIVO
39320002230;12/10/2025;RICARICA;ATTIVO
39320002231;30/06/2025;CONSUMO;ATTIVO
39320002232;23/05/2023;RICARICA;ATTIVO
39320002233;14/07/2021;CONSUMO;ATTIVO
39320002234;29/12/2025;RICARICA;ATTIVO
39320002235;11/10/2025;CONSUMO;ATTIVO
39320002236;18/08/2024;RICARICA;ATTIVO
39320002237;03/01/2023;CONSUMO;ATTIVO
39320002238;27/06/2024;RICARICA;ATTIVO
39320002239;10/02/2025;CONSUMO;ATTIVO
39320002240;28/07/2025;RICARICA;ATTIVO
39320002241;22/08/2021;CONSUMO;ATTIVO
39320002242;24/07/2023;RICARICA;ATTIVO
39320002243;01/03/2023;CONSUMO;ATTIVO
39320002244;07/09/2023;RICARICA;ATTIVO
39320002245;21/08/2024;CONSUMO;ATTIVO
39320002246;08/12/2021;RICARICA;ATTIVO
39320002247;26/11/2024;CONSUMO;ATTIVO
39320002248;26/09/2025;RICARICA;ATTIVO
39320002249;03/05/2023;CONSUMO;ATTIVO
39320002250;16/09/2023;RICARICA;ATTIVO
39320002251;21/10/2024;CONSUMO;ATTIVO
39320002252;05/06/2024;RICARICA;ATTIVO
39320002253;05/01/2023;CONSUMO;ATTIVO
39320002254;02/11/2025;RICARICA;ATTIVO
39320002255;14/09/2025;CONSUMO;ATTIVO
39320002256;01/01/2026;RICARICA;ATTIVO
39320002257;28/02/2026;CONSUMO;ATTIVO
39320002258;23/12/2025;RICARICA;ATTIVO
39320002259;05/04/2021;CONSUMO;ATTIVO
39320002260;03/09/2024;RICARICA;ATTIVO
39320002261;13/12/2024;CONSUMO;ATTIVO
39320002262;11/12/2023;RICARICA;ATTIVO
39320002263;26/03/2024;CONSUMO;ATTIVO
39320002264;04/04/2022;RICARICA;SOSPESO
39320002265;03/10/2024;CONSUMO;ATTIVO
39320002266;30/11/2023;RICARICA;ATTIVO
39320002267;05/12/2024;CONSUMO;ATTIVO
39320002268;06/06/2023;RICARICA;ATTIVO
39320002269;25/05/2022;CONSUMO;ATTIVO
39320002270;21/09/2024;RICARICA;ATTIVO
39320002271;28/02/2023;CONSUMO;ATTIVO
39320002272;20/08/2025;RICARICA;ATTIVO
39320002273;09/06/2024;CONSUMO;ATTIVO
39320002274;10/08/2024;RICARICA;SOSPESO
39320002275;02/11/2023;CONSUMO;ATTIVO
39320002276;11/10/2025;RICARICA;ATTIVO
39320002277;05/12/2021;CONSUMO;ATTIVO
39320002278;04/10/2023;RICARICA;ATTIVO
39320002279;09/11/2022;CONSUMO;SOSPESO
39320002280;14/04/2021;RICARICA;ATTIVO
39320002281;02/02/2024;CONSUMO;ATTIVO
39320002282;06/04/2023;RICARICA;ATTIVO
39320002283;11/06/2021;CONSUMO;ATTIVO
39320002284;29/06/2025;RICARICA;ATTIVO
39320002285;30/06/2021;CONSUMO;ATTIVO
39320002286;05/07/2023;RICARICA;ATTIVO
39320002287;16/10/2023;CONSUMO;ATTIVO
39320002288;06/02/2021;RICARICA;ATTIVO
39320002289;25/04/2023;CONSUMO;ATTIVO
39320002290;30/01/2024;RICARICA;ATTIVO
39320002291;06/07/2021;CONSUMO;ATTIVO
39320002292;21/06/2024;RICARICA;ATTIVO
39320002293;28/12/2025;CONSUMO;ATTIVO
39320002294;28/02/2022;RICARICA;ATTIVO
39320002295;24/07/2023;CONSUMO;SOSPESO
39320002296;15/01/2023;RICARICA;ATTIVO
39320002297;31/07/2025;CONSUMO;ATTIVO
39320002298;20/07/2023;RICARICA;ATTIVO
39320002299;21/04/2025;CONSUMO;ATTIVO
39320002300;27/08/2023;RICARICA;ATTIVO
39320002301;15/01/2023;CONSUMO;ATTIVO
39320002302;22/08/2021;RICARICA;ATTIVO
39320002303;11/09/2024;CONSUMO;ATTIVO
39320002304;01/12/2022;RICARICA;ATTIVO
39320002305;21/07/2024;CONSUMO;SOSPESO
39320002306;21/08/2022;RICARICA;ATTIVO
39320002307;05/02/2023;CONSUMO;ATTIVO
39320002308;04/04/2021;RICARICA;ATTIVO
39320002309;06/10/2023;CONSUMO;ATTIVO
39320002310;08/01/2025;RICARICA;ATTIVO
39320002311;19/04/2023;CONSUMO;ATTIVO
39320002312;05/06/2024;RICARICA;ATTIVO
39320002313;05/09/2021;CONSUMO;SOSPESO
39320002314;16/03/2023;RICARICA;ATTIVO
39320002315;16/08/2025;CONSUMO;ATTIVO
39320002316;07/01/2025;RICARICA;ATTIVO
39320002317;31/03/2025;CONSUMO;ATTIVO
39320002318;13/03/2026;RICARICA;ATTIVO
39320002319;08/10/2024;CONSUMO;ATTIVO
39320002320;01/05/2025;RICARICA;ATTIVO
39320002321;26/07/2023;CONSUMO;ATTIVO
39320002322;30/10/2023;RICARICA;ATTIVO
39320002323;19/10/2023;CONSUMO;ATTIVO
39320002324;16/02/2025;RICARICA;ATTIVO
39320002325;06/06/2023;CONSUMO;ATTIVO
39320002326;17/09/2023;RICARICA;SOSPESO
39320002327;19/05/2025;CONSUMO;SOSPESO
39320002328;29/12/2021;RICARICA;ATTIVO
39320002329;22/12/2021;CONSUMO;ATTIVO
39320002330;20/09/2021;RICARICA;ATTIVO
39320002331;08/09/2024;CONSUMO;ATTIVO
39320002332;13/12/2025;RICARICA;ATTIVO
39320002333;11/12/2025;CONSUMO;ATTIVO
39320002334;01/06/2024;RICARICA;ATTIVO
39320002335;11/04/2025;CONSUMO;ATTIVO
39320002336;26/03/2023;RICARICA;SOSPESO
39320002337;26/08/2022;CONSUMO;ATTIVO
39320002338;01/10/2021;RICARICA;ATTIVO
39320002339;18/05/2024;CONSUMO;ATTIVO
39320002340;13/03/2025;RICARICA;ATTIVO
39320002341;23/09/2025;CONSUMO;ATTIVO
39320002342;29/10/2025;RICARICA;ATTIVO
39320002343;18/02/2025;CONSUMO;SOSPESO
39320002344;19/07/2024;RICARICA;ATTIVO
39320002345;06/03/2022;CONSUMO;ATTIVO
39320002346;19/08/2022;RICARICA;ATTIVO
39320002347;02/03/2026;CONSUMO;ATTIVO
39320002348;25/12/2024;RICARICA;ATTIVO
39320002349;31/12/2021;CONSUMO;ATTIVO
39320002350;22/11/2024;RICARICA;ATTIVO
39320002351;25/12/2024;CONSUMO;ATTIVO
39320002352;23/12/2022;RICARICA;ATTIVO
39320002353;08/04/2024;CONSUMO;ATTIVO
39320002354;28/09/2024;RICARICA;ATTIVO
39320002355;12/10/2024;CONSUMO;ATTIVO
39320002356;20/09/2025;RICARICA;ATTIVO
39320002357;03/12/2025;CONSUMO;ATTIVO
39320002358;14/07/2025;RICARICA;ATTIVO
39320002359;07/08/2021;CONSUMO;ATTIVO
39320002360;25/10/2021;RICARICA;ATTIVO
39320002361;26/04/2021;CONSUMO;ATTIVO
39320002362;17/03/2025;RICARICA;ATTIVO
39320002363;10/08/2022;CONSUMO;ATTIVO
39320002364;27/10/2021;RICARICA;ATTIVO
39320002365;15/11/2024;CONSUMO;ATTIVO
39320002366;22/02/2022;RICARICA;ATTIVO
39320002367;08/03/2021;CONSUMO;ATTIVO
39320002368;16/07/2023;RICARICA;ATTIVO
39320002369;13/11/2025;CONSUMO;ATTIVO
39320002370;25/02/2024;RICARICA;ATTIVO
39320002371;01/03/2025;CONSUMO;ATTIVO
39320002372;08/03/2023;RICARICA;ATTIVO
39320002373;26/05/2025;CONSUMO;ATTIVO
39320002374;26/11/2024;RICARICA;ATTIVO
39320002375;22/09/2024;CONSUMO;ATTIVO
39320002376;21/02/2023;RICARICA;ATTIVO
39320002377;03/06/2025;CONSUMO;SOSPESO
39320002378;03/10/2022;RICARICA;SOSPESO
39320002379;21/04/2021;CONSUMO;ATTIVO
39320002380;30/05/2022;RICARICA;ATTIVO
39320002381;15/11/2025;CONSUMO;ATTIVO
39320002382;18/11/2025;RICARICA;ATTIVO
39320002383;07/04/2022;CONSUMO;ATTIVO
39320002384;14/12/2024;RICARICA;ATTIVO
39320002385;24/01/2023;CONSUMO;ATTIVO
39320002386;25/01/2024;RICARICA;ATTIVO
39320002387;07/02/2022;CONSUMO;ATTIVO
39320002388;01/02/2022;RICARICA;ATTIVO
39320002389;30/12/2021;CONSUMO;SOSPESO
39320002390;02/06/2021;RICARICA;ATTIVO
39320002391;22/12/2021;CONSUMO;ATTIVO
39320002392;02/09/2021;RICARICA;ATTIVO
39320002393;28/05/2023;CONSUMO;ATTIVO
39320002394;26/06/2022;RICARICA;ATTIVO
39320002395;11/04/2024;CONSUMO;ATTIVO
39320002396;12/01/2021;RICARICA;ATTIVO
39320002397;24/12/2024;CONSUMO;SOSPESO
39320002398;23/03/2021;RICARICA;ATTIVO
39320002399;23/10/2022;CONSUMO;ATTIVO
39320002400;04/05/2025;RICARICA;SOSPESO
39320002401;14/06/2024;CONSUMO;ATTIVO
39320002402;09/09/2022;RICARICA;ATTIVO
39320002403;18/03/2024;CONSUMO;ATTIVO
39320002404;30/05/2021;RICARICA;ATTIVO
39320002405;13/10/2022;CONSUMO;ATTIVO
39320002406;12/01/2022;RICARICA;ATTIVO
39320002407;30/05/2025;CONSUMO;ATTIVO
39320002408;02/05/2023;RICARICA;ATTIVO
39320002409;07/04/2023;CONSUMO;ATTIVO
39320002410;30/03/2022;RICARICA;ATTIVO
39320002411;20/09/2024;CONSUMO;ATTIVO
39320002412;09/01/2023;RICARICA;ATTIVO
39320002413;22/03/2025;CONSUMO;ATTIVO
39320002414;31/08/2023;RICARICA;SOSPESO
39320002415;14/08/2025;CONSUMO;ATTIVO
39320002416;22/08/2024;RICARICA;ATTIVO
39320002417;01/10/2024;CONSUMO;ATTIVO
39320002418;08/05/2022;RICARICA;ATTIVO
39320002419;10/06/2024;CONSUMO;ATTIVO
39320002420;15/05/2022;RICARICA;SOSPESO
39320002421;29/10/2024;CONSUMO;ATTIVO
39320002422;21/02/2023;RICARICA;ATTIVO
39320002423;21/08/2021;CONSUMO;ATTIVO
39320002424;12/01/2024;RICARICA;ATTIVO
39320002425;20/02/2021;CONSUMO;ATTIVO
39320002426;11/08/2025;RICARICA;ATTIVO
39320002427;20/11/2023;CONSUMO;ATTIVO
39320002428;02/07/2023;RICARICA;ATTIVO
39320002429;31/08/2022;CONSUMO;ATTIVO
39320002430;30/01/2022;RICARICA;ATTIVO
39320002431;18/06/2021;CONSUMO;SOSPESO
39320002432;09/12/2021;RICARICA;SOSPESO
39320002433;03/05/2025;CONSUMO;ATTIVO
39320002434;16/01/2021;RICARICA;ATTIVO
39320002435;08/03/2022;CONSUMO;ATTIVO
39320002436;04/05/2025;RICARICA;ATTIVO
39320002437;04/11/2024;CONSUMO;ATTIVO
39320002438;01/08/2021;RICARICA;ATTIVO
39320002439;25/08/2025;CONSUMO;ATTIVO
39320002440;27/02/2025;RICARICA;ATTIVO
39320002441;17/08/2024;CONSUMO;ATTIVO
39320002442;28/05/2021;RICARICA;ATTIVO
39320002443;11/11/2021;CONSUMO;ATTIVO
39320002444;08/01/2025;RICARICA;ATTIVO
39320002445;29/06/2021;CONSUMO;ATTIVO
39320002446;31/12/2021;RICARICA;ATTIVO
39320002447;17/02/2024;CONSUMO;ATTIVO
39320002448;10/08/2025;RICARICA;ATTIVO
39320002449;14/06/2022;CONSUMO;ATTIVO
39320002450;13/07/2023;RICARICA;ATTIVO
39320002451;06/06/2023;CONSUMO;ATTIVO
39320002452;09/03/2023;RICARICA;ATTIVO
39320002453;01/01/2024;CONSUMO;ATTIVO
39320002454;15/01/2025;RICARICA;ATTIVO
39320002455;29/03/2025;CONSUMO;ATTIVO
39320002456;04/04/2021;RICARICA;ATTIVO
39320002457;29/05/2021;CONSUMO;ATTIVO
39320002458;27/10/2023;RICARICA;ATTIVO
39320002459;31/05/2025;CONSUMO;ATTIVO
39320002460;27/05/2024;RICARICA;ATTIVO
39320002461;17/04/2025;CONSUMO;SOSPESO
39320002462;21/02/2023;RICARICA;ATTIVO
39320002463;15/09/2024;CONSUMO;ATTIVO
39320002464;17/11/2021;RICARICA;ATTIVO
39320002465;07/10/2021;CONSUMO;ATTIVO
39320002466;20/06/2025;RICARICA;ATTIVO
39320002467;23/01/2024;CONSUMO;ATTIVO
39320002468;22/07/2024;RICARICA;ATTIVO
39320002469;19/10/2024;CONSUMO;ATTIVO
39320002470;17/06/2025;RICARICA;ATTIVO
39320002471;19/08/2024;CONSUMO;ATTIVO
39320002472;23/01/2021;RICARICA;ATTIVO
39320002473;11/02/2024;CONSUMO;ATTIVO
39320002474;27/03/2021;RICARICA;ATTIVO
39320002475;06/05/2024;CONSUMO;ATTIVO
39320002476;27/01/2024;RICARICA;SOSPESO
39320002477;17/09/2022;CONSUMO;ATTIVO
39320002478;27/02/2025;RICARICA;ATTIVO
39320002479;06/12/2022;CONSUMO;ATTIVO
39320002480;29/01/2026;RICARICA;ATTIVO
39320002481;16/11/2023;CONSUMO;ATTIVO
39320002482;12/01/2022;RICARICA;ATTIVO
39320002483;06/09/2025;CONSUMO;ATTIVO
39320002484;23/08/2021;RICARICA;ATTIVO
39320002485;26/06/2025;CONSUMO;ATTIVO
39320002486;22/04/2021;RICARICA;ATTIVO
39320002487;30/01/2024;CONSUMO;ATTIVO
39320002488;31/01/2024;RICARICA;ATTIVO
39320002489;07/10/2024;CONSUMO;ATTIVO
39320002490;21/07/2021;RICARICA;ATTIVO
39320002491;04/04/2024;CONSUMO;ATTIVO
39320002492;09/11/2022;RICARICA;ATTIVO
39320002493;06/10/2024;CONSUMO;ATTIVO
39320002494;24/07/2021;RICARICA;ATTIVO
39320002495;23/05/2021;CONSUMO;ATTIVO
39320002496;13/10/2022;RICARICA;ATTIVO
39320002497;04/11/2022;CONSUMO;ATTIVO
39320002498;19/09/2022;RICARICA;ATTIVO
39320002499;09/11/2021;CONSUMO;ATTIVO
39320002500;17/01/2023;RICARICA;ATTIVO
39320002501;28/05/2023;CONSUMO;ATTIVO
39320002502;04/10/2022;RICARICA;ATTIVO
39320002503;30/03/2022;CONSUMO;ATTIVO
39320002504;05/08/2024;RICARICA;ATTIVO
39320002505;17/09/2025;CONSUMO;ATTIVO
39320002506;23/10/2024;RICARICA;ATTIVO
39320002507;03/12/2025;CONSUMO;ATTIVO
39320002508;02/07/2023;RICARICA;ATTIVO
39320002509;18/09/2022;CONSUMO;ATTIVO
39320002510;11/08/2021;RICARICA;ATTIVO
39320002511;27/05/2024;CONSUMO;ATTIVO
39320002512;29/07/2022;RICARICA;ATTIVO
39320002513;14/10/2021;CONSUMO;ATTIVO
39320002514;07/02/2022;RICARICA;ATTIVO
39320002515;21/12/2025;CONSUMO;ATTIVO
39320002516;29/01/2025;RICARICA;ATTIVO
39320002517;08/02/2021;CONSUMO;ATTIVO
39320002518;17/07/2024;RICARICA;ATTIVO
39320002519;06/04/2024;CONSUMO;ATTIVO
39320002520;25/04/2025;RICARICA;ATTIVO
39320002521;31/01/2026;CONSUMO;ATTIVO
39320002522;18/06/2022;RICARICA;ATTIVO
39320002523;11/01/2024;CONSUMO;ATTIVO
39320002524;07/05/2025;RICARICA;ATTIVO
39320002525;15/03/2023;CONSUMO;ATTIVO
39320002526;01/05/2025;RICARICA;ATTIVO
39320002527;22/10/2025;CONSUMO;ATTIVO
39320002528;10/08/2023;RICARICA;ATTIVO
39320002529;05/07/2021;CONSUMO;ATTIVO
39320002530;26/10/2023;RICARICA;ATTIVO
39320002531;05/05/2022;CONSUMO;ATTIVO
39320002532;10/07/2025;RICARICA;SOSPESO
39320002533;02/11/2024;CONSUMO;ATTIVO
39320002534;19/11/2023;RICARICA;ATTIVO
39320002535;23/11/2021;CONSUMO;ATTIVO
39320002536;04/03/2024;RICARICA;ATTIVO
39320002537;27/10/2021;CONSUMO;ATTIVO
39320002538;18/09/2023;RICARICA;SOSPESO
39320002539;24/03/2021;CONSUMO;ATTIVO
39320002540;26/09/2023;RICARICA;ATTIVO
39320002541;26/06/2022;CONSUMO;ATTIVO
39320002542;29/03/2021;RICARICA;ATTIVO
39320002543;27/11/2023;CONSUMO;ATTIVO
39320002544;10/01/2023;RICARICA;ATTIVO
39320002545;23/02/2026;CONSUMO;ATTIVO
39320002546;06/04/2021;RICARICA;ATTIVO
39320002547;21/08/2024;CONSUMO;ATTIVO
39320002548;12/12/2024;RICARICA;SOSPESO
39320002549;21/07/2024;CONSUMO;ATTIVO
39320002550;06/09/2025;RICARICA;ATTIVO
39320002551;31/03/2024;CONSUMO;ATTIVO
39320002552;23/12/2021;RICARICA;ATTIVO
39320002553;15/02/2023;CONSUMO;ATTIVO
39320002554;31/08/2024;RICARICA;ATTIVO
39320002555;09/06/2021;CONSUMO;ATTIVO
39320002556;10/02/2023;RICARICA;SOSPESO
39320002557;02/04/2022;CONSUMO;ATTIVO
39320002558;24/12/2022;RICARICA;ATTIVO
39320002559;08/12/2022;CONSUMO;ATTIVO
39320002560;15/09/2023;RICARICA;ATTIVO
39320002561;14/01/2021;CONSUMO;ATTIVO
39320002562;12/10/2021;RICARICA;ATTIVO
39320002563;17/04/2022;CONSUMO;ATTIVO
39320002564;10/08/2024;RICARICA;ATTIVO
39320002565;04/11/2021;CONSUMO;ATTIVO
39320002566;12/01/2023;RICARICA;ATTIVO
39320002567;01/08/2025;CONSUMO;ATTIVO
39320002568;17/04/2022;RICARICA;ATTIVO
39320002569;08/11/2022;CONSUMO;ATTIVO
39320002570;14/09/2023;RICARICA;ATTIVO
39320002571;09/09/2023;CONSUMO;ATTIVO
39320002572;27/11/2021;RICARICA;ATTIVO
39320002573;22/04/2023;CONSUMO;ATTIVO
39320002574;30/03/2021;RICARICA;ATTIVO
39320002575;28/04/2024;CONSUMO;ATTIVO
39320002576;13/07/2024;RICARICA;ATTIVO
39320002577;30/12/2025;CONSUMO;ATTIVO
39320002578;25/04/2021;RICARICA;ATTIVO
39320002579;05/03/2026;CONSUMO;ATTIVO
39320002580;11/04/2023;RICARICA;ATTIVO
39320002581;29/02/2024;CONSUMO;ATTIVO
39320002582;05/12/2025;RICARICA;ATTIVO
39320002583;17/09/2024;CONSUMO;ATTIVO
39320002584;25/06/2021;RICARICA;ATTIVO
39320002585;27/05/2024;CONSUMO;SOSPESO
39320002586;12/11/2025;RICARICA;ATTIVO
39320002587;26/03/2022;CONSUMO;ATTIVO
39320002588;15/05/2024;RICARICA;ATTIVO
39320002589;08/04/2024;CONSUMO;ATTIVO
39320002590;08/01/2022;RICARICA;ATTIVO
39320002591;13/11/2023;CONSUMO;ATTIVO
39320002592;23/01/2025;RICARICA;ATTIVO
39320002593;04/03/2026;CONSUMO;ATTIVO
39320002594;24/04/2024;RICARICA;ATTIVO
39320002595;14/02/2023;CONSUMO;ATTIVO
39320002596;11/08/2021;RICARICA;ATTIVO
39320002597;07/12/2023;CONSUMO;ATTIVO
39320002598;30/10/2023;RICARICA;ATTIVO
39320002599;20/08/2025;CONSUMO;ATTIVO
39320002600;17/07/2021;RICARICA;ATTIVO
39320002601;21/01/2026;CONSUMO;ATTIVO
39320002602;21/03/2021;RICARICA;ATTIVO
39320002603;25/12/2023;CONSUMO;ATTIVO
39320002604;29/08/2021;RICARICA;ATTIVO
39320002605;12/09/2024;CONSUMO;ATTIVO
39320002606;20/05/2024;RICARICA;ATTIVO
39320002607;03/01/2021;CONSUMO;ATTIVO
39320002608;06/05/2025;RICARICA;ATTIVO
39320002609;03/06/2023;CONSUMO;ATTIVO
39320002610;29/01/2023;RICARICA;ATTIVO
39320002611;29/11/2024;CONSUMO;ATTIVO
39320002612;15/04/2022;RICARICA;SOSPESO
39320002613;15/09/2023;CONSUMO;ATTIVO
39320002614;20/02/2023;RICARICA;ATTIVO
39320002615;06/07/2025;CONSUMO;ATTIVO
39320002616;09/04/2025;RICARICA;ATTIVO
39320002617;25/03/2024;CONSUMO;ATTIVO
39320002618;02/10/2021;RICARICA;ATTIVO
39320002619;18/04/2025;CONSUMO;ATTIVO
39320002620;26/10/2025;RICARICA;ATTIVO
39320002621;10/05/2024;CONSUMO;ATTIVO
39320002622;17/04/2023;RICARICA;ATTIVO
39320002623;12/01/2021;CONSUMO;ATTIVO
39320002624;05/06/2025;RICARICA;ATTIVO
39320002625;07/12/2023;CONSUMO;ATTIVO
39320002626;15/01/2021;RICARICA;ATTIVO
39320002627;25/02/2022;CONSUMO;ATTIVO
39320002628;09/10/2022;RICARICA;ATTIVO
39320002629;07/08/2021;CONSUMO;ATTIVO
39320002630;27/08/2024;RICARICA;ATTIVO
39320002631;20/06/2022;CONSUMO;ATTIVO
39320002632;18/05/2023;RICARICA;ATTIVO
39320002633;07/06/2024;CONSUMO;ATTIVO
39320002634;25/10/2024;RICARICA;ATTIVO
39320002635;22/02/2022;CONSUMO;ATTIVO
39320002636;25/05/2025;RICARICA;ATTIVO
39320002637;02/01/2022;CONSUMO;ATTIVO
39320002638;11/02/2024;RICARICA;ATTIVO
39320002639;21/09/2022;CONSUMO;ATTIVO
39320002640;05/05/2025;RICARICA;ATTIVO
39320002641;15/02/2025;CONSUMO;ATTIVO
39320002642;05/11/2025;RICARICA;ATTIVO
39320002643;12/03/2025;CONSUMO;ATTIVO
39320002644;23/05/2025;RICARICA;ATTIVO
39320002645;28/11/2021;CONSUMO;ATTIVO
39320002646;08/11/2023;RICARICA;ATTIVO
39320002647;25/11/2022;CONSUMO;ATTIVO
39320002648;11/06/2024;RICARICA;ATTIVO
39320002649;18/12/2024;CONSUMO;ATTIVO
39320002650;08/03/2023;RICARICA;SOSPESO
39320002651;11/01/2021;CONSUMO;ATTIVO
39320002652;14/08/2025;RICARICA;ATTIVO
39320002653;12/03/2026;CONSUMO;ATTIVO
39320002654;30/06/2021;RICARICA;ATTIVO
39320002655;31/03/2022;CONSUMO;ATTIVO
39320002656;01/06/2024;RICARICA;ATTIVO
39320002657;27/02/2023;CONSUMO;SOSPESO
39320002658;01/04/2023;RICARICA;ATTIVO
39320002659;04/12/2023;CONSUMO;ATTIVO
39320002660;08/05/2024;RICARICA;ATTIVO
39320002661;04/05/2025;CONSUMO;ATTIVO
39320002662;04/08/2024;RICARICA;ATTIVO
39320002663;22/01/2021;CONSUMO;ATTIVO
39320002664;07/09/2024;RICARICA;SOSPESO
39320002665;28/11/2023;CONSUMO;ATTIVO
39320002666;10/03/2021;RICARICA;ATTIVO
39320002667;12/11/2023;CONSUMO;ATTIVO
39320002668;20/04/2022;RICARICA;ATTIVO
39320002669;12/10/2024;CONSUMO;ATTIVO
39320002670;05/05/2022;RICARICA;ATTIVO
39320002671;19/11/2021;CONSUMO;ATTIVO
39320002672;20/07/2022;RICARICA;ATTIVO
39320002673;25/12/2022;CONSUMO;ATTIVO
39320002674;11/04/2023;RICARICA;ATTIVO
39320002675;27/11/2023;CONSUMO;ATTIVO
39320002676;12/12/2024;RICARICA;ATTIVO
39320002677;04/07/2021;CONSUMO;ATTIVO
39320002678;27/01/2025;RICARICA;ATTIVO
39320002679;17/02/2026;CONSUMO;ATTIVO
39320002680;13/12/2022;RICARICA;SOSPESO
39320002681;21/07/2022;CONSUMO;ATTIVO
39320002682;03/02/2022;RICARICA;ATTIVO
39320002683;08/04/2023;CONSUMO;ATTIVO
39320002684;19/06/2022;RICARICA;ATTIVO
39320002685;03/11/2023;CONSUMO;ATTIVO
39320002686;29/05/2021;RICARICA;ATTIVO
39320002687;28/11/2022;CONSUMO;SOSPESO
39320002688;03/07/2025;RICARICA;ATTIVO
39320002689;12/06/2022;CONSUMO;ATTIVO
39320002690;24/07/2025;RICARICA;ATTIVO
39320002691;28/05/2022;CONSUMO;ATTIVO
39320002692;12/02/2023;RICARICA;ATTIVO
39320002693;26/04/2025;CONSUMO;ATTIVO
39320002694;27/11/2022;RICARICA;SOSPESO
39320002695;29/07/2023;CONSUMO;ATTIVO
39320002696;11/01/2026;RICARICA;ATTIVO
39320002697;26/02/2021;CONSUMO;ATTIVO
39320002698;13/06/2022;RICARICA;ATTIVO
39320002699;21/07/2024;CONSUMO;ATTIVO
39320002700;28/03/2022;RICARICA;ATTIVO
39320002701;16/04/2022;CONSUMO;ATTIVO
39320002702;25/04/2023;RICARICA;SOSPESO
39320002703;24/11/2023;CONSUMO;ATTIVO
39320002704;06/12/2024;RICARICA;ATTIVO
39320002705;24/05/2022;CONSUMO;ATTIVO
39320002706;29/03/2023;RICARICA;ATTIVO
39320002707;09/08/2025;CONSUMO;ATTIVO
39320002708;10/02/2024;RICARICA;SOSPESO
39320002709;03/09/2023;CONSUMO;ATTIVO
39320002710;24/03/2022;RICARICA;ATTIVO
39320002711;06/07/2022;CONSUMO;ATTIVO
39320002712;09/03/2025;RICARICA;ATTIVO
39320002713;07/02/2026;CONSUMO;ATTIVO
39320002714;18/02/2025;RICARICA;ATTIVO
39320002715;15/02/2025;CONSUMO;ATTIVO
39320002716;28/06/2022;RICARICA;ATTIVO
39320002717;20/02/2022;CONSUMO;ATTIVO
39320002718;09/09/2025;RICARICA;ATTIVO
39320002719;16/11/2021;CONSUMO;ATTIVO
39320002720;03/09/2021;RICARICA;SOSPESO
39320002721;16/10/2024;CONSUMO;SOSPESO
39320002722;06/10/2023;RICARICA;ATTIVO
39320002723;15/04/2025;CONSUMO;ATTIVO
39320002724;28/03/2021;RICARICA;ATTIVO
39320002725;31/01/2023;CONSUMO;ATTIVO
39320002726;06/10/2023;RICARICA;ATTIVO
39320002727;10/12/2025;CONSUMO;ATTIVO
39320002728;15/11/2025;RICARICA;ATTIVO
39320002729;10/01/2022;CONSUMO;SOSPESO
39320002730;19/02/2026;RICARICA;ATTIVO
39320002731;26/03/2023;CONSUMO;ATTIVO
39320002732;27/03/2024;RICARICA;ATTIVO
39320002733;13/12/2023;CONSUMO;ATTIVO
39320002734;07/09/2023;RICARICA;SOSPESO
39320002735;08/03/2021;CONSUMO;ATTIVO
39320002736;18/03/2023;RICARICA;ATTIVO
39320002737;09/05/2025;CONSUMO;ATTIVO
39320002738;04/09/2021;RICARICA;ATTIVO
39320002739;01/08/2023;CONSUMO;ATTIVO
39320002740;18/01/2021;RICARICA;ATTIVO
39320002741;08/03/2022;CONSUMO;ATTIVO
39320002742;26/07/2021;RICARICA;ATTIVO
39320002743;08/06/2024;CONSUMO;ATTIVO
39320002744;19/01/2022;RICARICA;ATTIVO
39320002745;01/05/2022;CONSUMO;ATTIVO
39320002746;09/06/2024;RICARICA;ATTIVO
39320002747;12/01/2022;CONSUMO;ATTIVO
39320002748;08/03/2022;RICARICA;ATTIVO
39320002749;21/03/2025;CONSUMO;ATTIVO
39320002750;16/10/2025;RICARICA;ATTIVO
39320002751;13/07/2023;CONSUMO;ATTIVO
39320002752;26/09/2021;RICARICA;SOSPESO
39320002753;05/11/2024;CONSUMO;ATTIVO
39320002754;24/07/2021;RICARICA;ATTIVO
39320002755;05/07/2025;CONSUMO;ATTIVO
39320002756;05/06/2023;RICARICA;ATTIVO
39320002757;06/02/2022;CONSUMO;ATTIVO
39320002758;21/02/2025;RICARICA;ATTIVO
39320002759;09/07/2025;CONSUMO;ATTIVO
39320002760;14/05/2023;RICARICA;ATTIVO
39320002761;04/01/2026;CONSUMO;ATTIVO
39320002762;25/11/2023;RICARICA;ATTIVO
39320002763;09/10/2022;CONSUMO;ATTIVO
39320002764;07/09/2022;RICARICA;ATTIVO
39320002765;25/10/2025;CONSUMO;ATTIVO
39320002766;27/03/2023;RICARICA;ATTIVO
39320002767;01/12/2021;CONSUMO;ATTIVO
39320002768;25/07/2025;RICARICA;ATTIVO
39320002769;15/09/2025;CONSUMO;ATTIVO
39320002770;11/07/2023;RICARICA;ATTIVO
39320002771;17/06/2022;CONSUMO;ATTIVO
39320002772;22/02/2024;RICARICA;ATTIVO
39320002773;17/07/2025;CONSUMO;ATTIVO
39320002774;10/02/2021;RICARICA;ATTIVO
39320002775;21/12/2022;CONSUMO;ATTIVO
39320002776;25/05/2024;RICARICA;ATTIVO
39320002777;25/03/2024;CONSUMO;ATTIVO
39320002778;08/01/2024;RICARICA;ATTIVO
39320002779;18/05/2025;CONSUMO;ATTIVO
39320002780;28/10/2022;RICARICA;ATTIVO
39320002781;26/09/2023;CONSUMO;ATTIVO
39320002782;05/07/2023;RICARICA;ATTIVO
39320002783;20/02/2023;CONSUMO;ATTIVO
39320002784;08/08/2023;RICARICA;ATTIVO
39320002785;24/10/2021;CONSUMO;ATTIVO
39320002786;04/08/2024;RICARICA;ATTIVO
39320002787;22/11/2022;CONSUMO;ATTIVO
39320002788;08/06/2024;RICARICA;ATTIVO
39320002789;05/10/2025;CONSUMO;ATTIVO
39320002790;12/06/2021;RICARICA;ATTIVO
39320002791;13/04/2022;CONSUMO;ATTIVO
39320002792;30/08/2024;RICARICA;ATTIVO
39320002793;02/07/2022;CONSUMO;ATTIVO
39320002794;21/03/2023;RICARICA;ATTIVO
39320002795;01/07/2023;CONSUMO;ATTIVO
39320002796;14/01/2023;RICARICA;ATTIVO
39320002797;03/12/2023;CONSUMO;SOSPESO
39320002798;28/04/2023;RICARICA;ATTIVO
39320002799;16/10/2025;CONSUMO;ATTIVO
39320002800;30/01/2025;RICARICA;ATTIVO
39320002801;31/05/2022;CONSUMO;SOSPESO
39320002802;06/12/2024;RICARICA;ATTIVO
39320002803;08/03/2022;CONSUMO;ATTIVO
39320002804;30/07/2021;RICARICA;ATTIVO
39320002805;05/12/2025;CONSUMO;ATTIVO
39320002806;21/04/2021;RICARICA;ATTIVO
39320002807;25/03/2023;CONSUMO;ATTIVO
39320002808;20/06/2021;RICARICA;ATTIVO
39320002809;19/06/2024;CONSUMO;ATTIVO
39320002810;03/09/2024;RICARICA;SOSPESO
39320002811;10/03/2023;CONSUMO;ATTIVO
39320002812;22/05/2022;RICARICA;ATTIVO
39320002813;27/06/2023;CONSUMO;ATTIVO
39320002814;26/09/2021;RICARICA;ATTIVO
39320002815;16/12/2021;CONSUMO;ATTIVO
39320002816;20/09/2024;RICARICA;ATTIVO
39320002817;18/02/2026;CONSUMO;ATTIVO
39320002818;03/09/2023;RICARICA;ATTIVO
39320002819;19/11/2025;CONSUMO;ATTIVO
39320002820;12/07/2022;RICARICA;ATTIVO
39320002821;04/10/2021;CONSUMO;SOSPESO
39320002822;29/11/2024;RICARICA;ATTIVO
39320002823;25/04/2024;CONSUMO;ATTIVO
39320002824;16/07/2024;RICARICA;ATTIVO
39320002825;02/12/2025;CONSUMO;ATTIVO
39320002826;09/12/2023;RICARICA;ATTIVO
39320002827;30/12/2023;CONSUMO;ATTIVO
39320002828;13/12/2022;RICARICA;ATTIVO
39320002829;11/04/2022;CONSUMO;ATTIVO
39320002830;24/06/2023;RICARICA;ATTIVO
39320002831;25/04/2023;CONSUMO;ATTIVO
39320002832;14/09/2022;RICARICA;ATTIVO
39320002833;08/12/2023;CONSUMO;ATTIVO
39320002834;03/10/2025;RICARICA;ATTIVO
39320002835;11/08/2022;CONSUMO;ATTIVO
39320002836;18/01/2021;RICARICA;ATTIVO
39320002837;05/10/2023;CONSUMO;SOSPESO
39320002838;05/09/2023;RICARICA;ATTIVO
39320002839;18/04/2025;CONSUMO;ATTIVO
39320002840;23/08/2022;RICARICA;ATTIVO
39320002841;20/06/2025;CONSUMO;ATTIVO
39320002842;05/02/2023;RICARICA;ATTIVO
39320002843;12/12/2025;CONSUMO;ATTIVO
39320002844;20/03/2023;RICARICA;ATTIVO
39320002845;04/01/2025;CONSUMO;ATTIVO
39320002846;10/03/2023;RICARICA;ATTIVO
39320002847;28/03/2022;CONSUMO;ATTIVO
39320002848;15/05/2023;RICARICA;ATTIVO
39320002849;25/11/2023;CONSUMO;ATTIVO
39320002850;07/02/2026;RICARICA;ATTIVO
39320002851;22/11/2024;CONSUMO;ATTIVO
39320002852;07/08/2022;RICARICA;ATTIVO
39320002853;26/12/2023;CONSUMO;ATTIVO
39320002854;26/04/2023;RICARICA;ATTIVO
39320002855;21/05/2021;CONSUMO;ATTIVO
39320002856;17/08/2022;RICARICA;ATTIVO
39320002857;22/07/2023;CONSUMO;ATTIVO
39320002858;12/07/2022;RICARICA;ATTIVO
39320002859;05/10/2023;CONSUMO;ATTIVO
39320002860;09/02/2021;RICARICA;ATTIVO
39320002861;01/01/2024;CONSUMO;ATTIVO
39320002862;29/07/2021;RICARICA;ATTIVO
39320002863;14/09/2021;CONSUMO;ATTIVO
39320002864;29/01/2025;RICARICA;ATTIVO
39320002865;04/07/2021;CONSUMO;ATTIVO
39320002866;08/10/2023;RICARICA;ATTIVO
39320002867;11/05/2023;CONSUMO;ATTIVO
39320002868;26/06/2025;RICARICA;ATTIVO
39320002869;31/01/2023;CONSUMO;ATTIVO
39320002870;09/06/2025;RICARICA;ATTIVO
39320002871;14/06/2021;CONSUMO;ATTIVO
39320002872;27/10/2021;RICARICA;ATTIVO
39320002873;08/05/2025;CONSUMO;ATTIVO
39320002874;18/01/2024;RICARICA;ATTIVO
39320002875;29/01/2022;CONSUMO;ATTIVO
39320002876;28/05/2022;RICARICA;ATTIVO
39320002877;24/08/2025;CONSUMO;ATTIVO
39320002878;23/04/2025;RICARICA;ATTIVO
39320002879;28/02/2023;CONSUMO;ATTIVO
39320002880;27/06/2023;RICARICA;ATTIVO
39320002881;10/03/2021;CONSUMO;ATTIVO
39320002882;14/02/2025;RICARICA;ATTIVO
39320002883;04/12/2023;CONSUMO;ATTIVO
39320002884;03/03/2022;RICARICA;ATTIVO
39320002885;27/10/2024;CONSUMO;SOSPESO
39320002886;24/10/2022;RICARICA;ATTIVO
39320002887;31/01/2025;CONSUMO;ATTIVO
39320002888;31/01/2024;RICARICA;ATTIVO
39320002889;03/06/2022;CONSUMO;ATTIVO
39320002890;04/09/2022;RICARICA;ATTIVO
39320002891;23/12/2025;CONSUMO;ATTIVO
39320002892;27/09/2024;RICARICA;ATTIVO
39320002893;20/08/2021;CONSUMO;ATTIVO
39320002894;09/06/2023;RICARICA;ATTIVO
39320002895;09/12/2021;CONSUMO;ATTIVO
39320002896;12/04/2024;RICARICA;ATTIVO
39320002897;05/06/2025;CONSUMO;ATTIVO
39320002898;28/03/2021;RICARICA;ATTIVO
39320002899;15/11/2024;CONSUMO;ATTIVO
39320002900;06/05/2024;RICARICA;ATTIVO
39320002901;28/04/2025;CONSUMO;ATTIVO
39320002902;19/11/2021;RICARICA;ATTIVO
39320002903;05/11/2024;CONSUMO;ATTIVO
39320002904;05/04/2025;RICARICA;ATTIVO
39320002905;03/05/2021;CONSUMO;ATTIVO
39320002906;12/11/2021;RICARICA;ATTIVO
39320002907;09/06/2025;CONSUMO;ATTIVO
39320002908;27/09/2023;RICARICA;ATTIVO
39320002909;18/02/2024;CONSUMO;ATTIVO
39320002910;30/03/2025;RICARICA;ATTIVO
39320002911;01/01/2026;CONSUMO;ATTIVO
39320002912;31/01/2022;RICARICA;ATTIVO
39320002913;13/02/2023;CONSUMO;ATTIVO
39320002914;03/10/2021;RICARICA;ATTIVO
39320002915;22/03/2021;CONSUMO;ATTIVO
39320002916;16/06/2023;RICARICA;ATTIVO
39320002917;17/01/2024;CONSUMO;ATTIVO
39320002918;24/01/2022;RICARICA;ATTIVO
39320002919;19/01/2024;CONSUMO;ATTIVO
39320002920;08/02/2025;RICARICA;ATTIVO
39320002921;12/11/2025;CONSUMO;ATTIVO
39320002922;16/02/2026;RICARICA;ATTIVO
39320002923;25/11/2021;CONSUMO;ATTIVO
39320002924;14/11/2021;RICARICA;ATTIVO
39320002925;06/08/2025;CONSUMO;ATTIVO
39320002926;22/01/2023;RICARICA;ATTIVO
39320002927;09/05/2025;CONSUMO;ATTIVO
39320002928;16/02/2023;RICARICA;ATTIVO
39320002929;14/12/2025;CONSUMO;ATTIVO
39320002930;21/10/2025;RICARICA;ATTIVO
39320002931;24/06/2024;CONSUMO;ATTIVO
39320002932;16/01/2025;RICARICA;ATTIVO
39320002933;09/01/2024;CONSUMO;ATTIVO
39320002934;24/01/2022;RICARICA;ATTIVO
39320002935;16/10/2023;CONSUMO;ATTIVO
39320002936;12/11/2021;RICARICA;ATTIVO
39320002937;23/10/2022;CONSUMO;ATTIVO
39320002938;22/10/2022;RICARICA;ATTIVO
39320002939;08/12/2023;CONSUMO;ATTIVO
39320002940;31/03/2021;RICARICA;ATTIVO
39320002941;23/09/2021;CONSUMO;ATTIVO
39320002942;06/03/2021;RICARICA;ATTIVO
39320002943;22/09/2023;CONSUMO;ATTIVO
39320002944;07/03/2021;RICARICA;ATTIVO
39320002945;09/09/2025;CONSUMO;ATTIVO
39320002946;01/10/2023;RICARICA;ATTIVO
39320002947;07/12/2024;CONSUMO;ATTIVO
39320002948;11/04/2021;RICARICA;ATTIVO
39320002949;25/05/2024;CONSUMO;ATTIVO
39320002950;27/01/2021;RICARICA;SOSPESO
39320002951;04/03/2022;CONSUMO;ATTIVO
39320002952;28/12/2025;RICARICA;ATTIVO
39320002953;17/08/2023;CONSUMO;ATTIVO
39320002954;05/05/2021;RICARICA;ATTIVO
39320002955;03/03/2025;CONSUMO;SOSPESO
39320002956;02/05/2023;RICARICA;ATTIVO
39320002957;15/06/2025;CONSUMO;ATTIVO
39320002958;14/08/2025;RICARICA;ATTIVO
39320002959;20/12/2023;CONSUMO;ATTIVO
39320002960;25/05/2021;RICARICA;ATTIVO
39320002961;09/06/2021;CONSUMO;SOSPESO
39320002962;30/11/2023;RICARICA;ATTIVO
39320002963;25/01/2025;CONSUMO;ATTIVO
39320002964;01/03/2023;RICARICA;ATTIVO
39320002965;14/12/2023;CONSUMO;ATTIVO
39320002966;13/03/2024;RICARICA;ATTIVO
39320002967;02/01/2022;CONSUMO;ATTIVO
39320002968;18/02/2024;RICARICA;ATTIVO
39320002969;05/08/2021;CONSUMO;ATTIVO
39320002970;26/03/2024;RICARICA;ATTIVO
39320002971;29/07/2023;CONSUMO;ATTIVO
39320002972;25/05/2023;RICARICA;ATTIVO
39320002973;08/12/2021;CONSUMO;ATTIVO
39320002974;01/02/2024;RICARICA;ATTIVO
39320002975;23/11/2022;CONSUMO;ATTIVO
39320002976;30/12/2023;RICARICA;SOSPESO
39320002977;27/06/2023;CONSUMO;SOSPESO
39320002978;23/01/2026;RICARICA;ATTIVO
39320002979;27/10/2022;CONSUMO;ATTIVO
39320002980;25/04/2023;RICARICA;ATTIVO
39320002981;01/06/2023;CONSUMO;ATTIVO
39320002982;25/10/2022;RICARICA;ATTIVO
39320002983;28/02/2024;CONSUMO;ATTIVO
39320002984;08/02/2023;RICARICA;ATTIVO
39320002985;12/03/2026;CONSUMO;ATTIVO
39320002986;08/01/2023;RICARICA;SOSPESO
39320002987;06/07/2023;CONSUMO;SOSPESO
39320002988;01/01/2021;RICARICA;ATTIVO
39320002989;06/08/2022;CONSUMO;ATTIVO
39320002990;27/11/2023;RICARICA;ATTIVO
39320002991;29/12/2025;CONSUMO;ATTIVO
39320002992;08/09/2022;RICARICA;SOSPESO
39320002993;16/03/2022;CONSUMO;ATTIVO
39320002994;14/02/2021;RICARICA;ATTIVO
39320002995;13/11/2024;CONSUMO;ATTIVO
39320002996;26/02/2026;RICARICA;ATTIVO
39320002997;14/02/2024;CONSUMO;ATTIVO
39320002998;16/03/2024;RICARICA;ATTIVO
39320002999;19/03/2021;CONSUMO;ATTIVO
39320003000;16/11/2021;RICARICA;ATTIVO
39320003001;22/01/2023;CONSUMO;ATTIVO
39320003002;27/05/2022;RICARICA;ATTIVO
39320003003;20/07/2025;CONSUMO;ATTIVO
39320003004;14/03/2024;RICARICA;ATTIVO
39320003005;23/02/2026;CONSUMO;ATTIVO
39320003006;08/06/2021;RICARICA;ATTIVO
39320003007;12/06/2025;CONSUMO;ATTIVO
39320003008;27/09/2023;RICARICA;ATTIVO
39320003009;13/11/2024;CONSUMO;ATTIVO
39320003010;06/08/2025;RICARICA;ATTIVO
39320003011;04/05/2024;CONSUMO;ATTIVO
39320003012;18/03/2021;RICARICA;ATTIVO
39320003013;26/03/2024;CONSUMO;ATTIVO
39320003014;17/05/2025;RICARICA;ATTIVO
39320003015;28/04/2025;CONSUMO;ATTIVO
39320003016;07/12/2025;RICARICA;ATTIVO
39320003017;04/05/2023;CONSUMO;SOSPESO
39320003018;04/09/2021;RICARICA;ATTIVO
39320003019;10/04/2022;CONSUMO;ATTIVO
39320003020;06/10/2025;RICARICA;ATTIVO
39320003021;24/01/2021;CONSUMO;ATTIVO
39320003022;18/07/2024;RICARICA;ATTIVO
39320003023;17/09/2022;CONSUMO;ATTIVO
39320003024;16/10/2022;RICARICA;ATTIVO
39320003025;03/11/2021;CONSUMO;ATTIVO
39320003026;30/11/2024;RICARICA;ATTIVO
39320003027;14/04/2021;CONSUMO;ATTIVO
39320003028;16/03/2023;RICARICA;SOSPESO
39320003029;22/03/2025;CONSUMO;ATTIVO
39320003030;31/10/2023;RICARICA;ATTIVO
39320003031;04/06/2023;CONSUMO;ATTIVO
39320003032;19/03/2023;RICARICA;ATTIVO
39320003033;20/11/2022;CONSUMO;ATTIVO
39320003034;16/03/2024;RICARICA;ATTIVO
39320003035;28/01/2024;CONSUMO;ATTIVO
39320003036;24/06/2021;RICARICA;ATTIVO
39320003037;09/06/2023;CONSUMO;ATTIVO
39320003038;25/09/2021;RICARICA;ATTIVO
39320003039;12/09/2023;CONSUMO;ATTIVO
39320003040;27/09/2023;RICARICA;ATTIVO
39320003041;16/03/2024;CONSUMO;ATTIVO
39320003042;15/06/2024;RICARICA;SOSPESO
39320003043;10/12/2023;CONSUMO;ATTIVO
39320003044;27/05/2021;RICARICA;ATTIVO
39320003045;31/05/2023;CONSUMO;ATTIVO
39320003046;08/03/2026;RICARICA;ATTIVO
39320003047;19/08/2021;CONSUMO;ATTIVO
39320003048;18/05/2023;RICARICA;ATTIVO
39320003049;26/01/2022;CONSUMO;ATTIVO
39320003050;01/05/2024;RICARICA;ATTIVO
39320003051;26/04/2025;CONSUMO;ATTIVO
39320003052;18/12/2022;RICARICA;ATTIVO
39320003053;03/07/2025;CONSUMO;ATTIVO
39320003054;26/10/2021;RICARICA;ATTIVO
39320003055;08/03/2026;CONSUMO;ATTIVO
39320003056;13/02/2022;RICARICA;ATTIVO
39320003057;16/11/2021;CONSUMO;ATTIVO
39320003058;13/10/2025;RICARICA;ATTIVO
39320003059;23/02/2025;CONSUMO;ATTIVO
39320003060;25/06/2024;RICARICA;SOSPESO
39320003061;15/11/2025;CONSUMO;ATTIVO
39320003062;13/08/2022;RICARICA;ATTIVO
39320003063;21/11/2024;CONSUMO;ATTIVO
39320003064;17/09/2022;RICARICA;ATTIVO
39320003065;16/02/2021;CONSUMO;ATTIVO
39320003066;24/02/2025;RICARICA;ATTIVO
39320003067;22/02/2022;CONSUMO;ATTIVO
39320003068;17/03/2025;RICARICA;ATTIVO
39320003069;17/09/2023;CONSUMO;ATTIVO
39320003070;17/10/2021;RICARICA;ATTIVO
39320003071;30/09/2024;CONSUMO;ATTIVO
39320003072;08/04/2024;RICARICA;ATTIVO
39320003073;15/12/2023;CONSUMO;ATTIVO
39320003074;15/12/2021;RICARICA;ATTIVO
39320003075;16/02/2022;CONSUMO;ATTIVO
39320003076;19/06/2024;RICARICA;ATTIVO
39320003077;11/08/2023;CONSUMO;ATTIVO
39320003078;18/01/2021;RICARICA;ATTIVO
39320003079;14/09/2024;CONSUMO;ATTIVO
39320003080;12/10/2025;RICARICA;ATTIVO
39320003081;08/01/2023;CONSUMO;ATTIVO
39320003082;09/02/2021;RICARICA;ATTIVO
39320003083;15/12/2025;CONSUMO;ATTIVO
39320003084;19/04/2022;RICARICA;SOSPESO
39320003085;08/11/2023;CONSUMO;SOSPESO
39320003086;23/07/2021;RICARICA;ATTIVO
39320003087;20/09/2023;CONSUMO;ATTIVO
39320003088;25/12/2023;RICARICA;ATTIVO
39320003089;12/02/2022;CONSUMO;ATTIVO
39320003090;27/07/2023;RICARICA;ATTIVO
39320003091;30/12/2024;CONSUMO;ATTIVO
39320003092;22/05/2022;RICARICA;SOSPESO
39320003093;17/09/2022;CONSUMO;ATTIVO
39320003094;17/03/2023;RICARICA;ATTIVO
39320003095;07/02/2021;CONSUMO;ATTIVO
39320003096;22/12/2022;RICARICA;ATTIVO
39320003097;12/09/2022;CONSUMO;ATTIVO
39320003098;24/10/2023;RICARICA;ATTIVO
39320003099;07/05/2021;CONSUMO;ATTIVO
39320003100;05/12/2025;RICARICA;ATTIVO
39320003101;27/07/2025;CONSUMO;SOSPESO
39320003102;11/02/2024;RICARICA;SOSPESO
39320003103;07/04/2022;CONSUMO;ATTIVO
39320003104;12/01/2026;RICARICA;ATTIVO
39320003105;09/10/2021;CONSUMO;ATTIVO
39320003106;22/02/2023;RICARICA;ATTIVO
39320003107;20/10/2024;CONSUMO;ATTIVO
39320003108;05/07/2024;RICARICA;ATTIVO
39320003109;05/05/2023;CONSUMO;ATTIVO
39320003110;09/11/2021;RICARICA;ATTIVO
39320003111;02/10/2022;CONSUMO;ATTIVO
39320003112;06/11/2022;RICARICA;ATTIVO
39320003113;27/09/2021;CONSUMO;ATTIVO
39320003114;11/10/2021;RICARICA;ATTIVO
39320003115;01/11/2024;CONSUMO;ATTIVO
39320003116;02/11/2025;RICARICA;ATTIVO
39320003117;11/11/2024;CONSUMO;ATTIVO
39320003118;09/12/2023;RICARICA;ATTIVO
39320003119;31/05/2023;CONSUMO;SOSPESO
39320003120;27/04/2025;RICARICA;ATTIVO
39320003121;02/03/2024;CONSUMO;ATTIVO
39320003122;13/10/2022;RICARICA;ATTIVO
39320003123;28/12/2023;CONSUMO;SOSPESO
39320003124;31/08/2021;RICARICA;ATTIVO
39320003125;16/09/2025;CONSUMO;ATTIVO
39320003126;29/01/2025;RICARICA;ATTIVO
39320003127;15/10/2022;CONSUMO;ATTIVO
39320003128;28/04/2023;RICARICA;SOSPESO
39320003129;14/09/2022;CONSUMO;ATTIVO
39320003130;10/08/2025;RICARICA;ATTIVO
39320003131;21/02/2025;CONSUMO;ATTIVO
39320003132;15/05/2025;RICARICA;ATTIVO
39320003133;27/09/2021;CONSUMO;ATTIVO
39320003134;11/04/2025;RICARICA;SOSPESO
39320003135;17/06/2024;CONSUMO;ATTIVO
39320003136;07/03/2024;RICARICA;ATTIVO
39320003137;06/05/2024;CONSUMO;ATTIVO
39320003138;08/11/2024;RICARICA;ATTIVO
39320003139;12/06/2021;CONSUMO;ATTIVO
39320003140;04/09/2023;RICARICA;ATTIVO
39320003141;29/09/2025;CONSUMO;ATTIVO
39320003142;29/12/2024;RICARICA;ATTIVO
39320003143;12/01/2022;CONSUMO;ATTIVO
39320003144;04/10/2023;RICARICA;ATTIVO
39320003145;02/12/2021;CONSUMO;ATTIVO
39320003146;08/03/2021;RICARICA;ATTIVO
39320003147;31/01/2021;CONSUMO;SOSPESO
39320003148;26/04/2023;RICARICA;ATTIVO
39320003149;06/10/2024;CONSUMO;SOSPESO
39320003150;01/04/2025;RICARICA;ATTIVO
39320003151;29/12/2021;CONSUMO;SOSPESO
39320003152;19/06/2023;RICARICA;ATTIVO
39320003153;01/10/2023;CONSUMO;ATTIVO
39320003154;11/11/2025;RICARICA;ATTIVO
39320003155;21/05/2022;CONSUMO;ATTIVO
39320003156;09/05/2025;RICARICA;ATTIVO
39320003157;14/02/2025;CONSUMO;ATTIVO
39320003158;14/01/2025;RICARICA;ATTIVO
39320003159;06/06/2024;CONSUMO;SOSPESO
39320003160;17/03/2024;RICARICA;ATTIVO
39320003161;12/12/2023;CONSUMO;ATTIVO
39320003162;13/12/2024;RICARICA;ATTIVO
39320003163;03/12/2023;CONSUMO;ATTIVO
39320003164;25/07/2023;RICARICA;ATTIVO
39320003165;28/03/2021;CONSUMO;ATTIVO
39320003166;19/05/2022;RICARICA;ATTIVO
39320003167;22/03/2023;CONSUMO;SOSPESO
39320003168;22/03/2021;RICARICA;ATTIVO
39320003169;24/11/2023;CONSUMO;ATTIVO
39320003170;11/04/2021;RICARICA;ATTIVO
39320003171;20/06/2023;CONSUMO;ATTIVO
39320003172;16/09/2022;RICARICA;ATTIVO
39320003173;09/08/2022;CONSUMO;ATTIVO
39320003174;16/05/2023;RICARICA;ATTIVO
39320003175;26/02/2026;CONSUMO;ATTIVO
39320003176;25/11/2023;RICARICA;ATTIVO
39320003177;08/08/2023;CONSUMO;ATTIVO
39320003178;15/07/2023;RICARICA;ATTIVO
39320003179;23/10/2023;CONSUMO;ATTIVO
39320003180;14/05/2025;RICARICA;ATTIVO
39320003181;06/01/2026;CONSUMO;ATTIVO
39320003182;05/10/2021;RICARICA;ATTIVO
39320003183;25/10/2022;CONSUMO;ATTIVO
39320003184;02/01/2022;RICARICA;ATTIVO
39320003185;11/01/2026;CONSUMO;ATTIVO
39320003186;18/02/2022;RICARICA;ATTIVO
39320003187;04/07/2021;CONSUMO;ATTIVO
39320003188;17/11/2024;RICARICA;ATTIVO
39320003189;28/12/2024;CONSUMO;ATTIVO
39320003190;11/01/2025;RICARICA;ATTIVO
39320003191;06/07/2021;CONSUMO;ATTIVO
39320003192;10/07/2023;RICARICA;ATTIVO
39320003193;24/06/2021;CONSUMO;ATTIVO
39320003194;26/02/2023;RICARICA;ATTIVO
39320003195;14/11/2023;CONSUMO;ATTIVO
39320003196;24/11/2021;RICARICA;ATTIVO
39320003197;19/02/2023;CONSUMO;ATTIVO
39320003198;16/12/2021;RICARICA;ATTIVO
39320003199;04/03/2024;CONSUMO;ATTIVO
39320003200;02/11/2025;RICARICA;ATTIVO
39320003201;15/11/2025;CONSUMO;ATTIVO
39320003202;25/04/2025;RICARICA;ATTIVO
39320003203;10/05/2023;CONSUMO;ATTIVO
39320003204;04/02/2025;RICARICA;ATTIVO
39320003205;03/07/2023;CONSUMO;ATTIVO
39320003206;06/01/2022;RICARICA;ATTIVO
39320003207;27/09/2021;CONSUMO;SOSPESO
39320003208;08/01/2021;RICARICA;ATTIVO
39320003209;03/06/2022;CONSUMO;ATTIVO
39320003210;17/10/2023;RICARICA;ATTIVO
39320003211;19/01/2024;CONSUMO;ATTIVO
39320003212;30/05/2024;RICARICA;ATTIVO
39320003213;03/05/2022;CONSUMO;ATTIVO
39320003214;12/09/2024;RICARICA;ATTIVO
39320003215;20/04/2023;CONSUMO;ATTIVO
39320003216;16/05/2024;RICARICA;ATTIVO
39320003217;17/05/2022;CONSUMO;ATTIVO
39320003218;24/07/2022;RICARICA;ATTIVO
39320003219;16/02/2024;CONSUMO;ATTIVO
39320003220;02/03/2022;RICARICA;ATTIVO
39320003221;31/10/2021;CONSUMO;ATTIVO
39320003222;16/12/2022;RICARICA;ATTIVO
39320003223;15/10/2025;CONSUMO;ATTIVO
39320003224;29/03/2024;RICARICA;ATTIVO
39320003225;04/09/2022;CONSUMO;ATTIVO
39320003226;29/06/2021;RICARICA;ATTIVO
39320003227;04/05/2023;CONSUMO;SOSPESO
39320003228;27/11/2021;RICARICA;ATTIVO
39320003229;05/06/2024;CONSUMO;ATTIVO
39320003230;04/12/2024;RICARICA;ATTIVO
39320003231;01/06/2025;CONSUMO;ATTIVO
39320003232;22/07/2023;RICARICA;ATTIVO
39320003233;08/01/2023;CONSUMO;SOSPESO
39320003234;10/07/2021;RICARICA;ATTIVO
39320003235;24/10/2022;CONSUMO;ATTIVO
39320003236;16/02/2023;RICARICA;ATTIVO
39320003237;03/04/2025;CONSUMO;ATTIVO
39320003238;02/02/2024;RICARICA;ATTIVO
39320003239;23/08/2023;CONSUMO;ATTIVO
39320003240;23/11/2024;RICARICA;ATTIVO
39320003241;06/11/2022;CONSUMO;ATTIVO
39320003242;11/12/2023;RICARICA;ATTIVO
39320003243;05/03/2022;CONSUMO;ATTIVO
39320003244;12/08/2021;RICARICA;ATTIVO
39320003245;12/07/2024;CONSUMO;ATTIVO
39320003246;29/06/2021;RICARICA;ATTIVO
39320003247;11/11/2024;CONSUMO;ATTIVO
39320003248;03/06/2025;RICARICA;SOSPESO
39320003249;12/08/2022;CONSUMO;ATTIVO
39320003250;03/10/2025;RICARICA;ATTIVO
39320003251;13/12/2023;CONSUMO;ATTIVO
39320003252;30/06/2024;RICARICA;ATTIVO
39320003253;23/09/2021;CONSUMO;ATTIVO
39320003254;14/10/2023;RICARICA;ATTIVO
39320003255;18/07/2024;CONSUMO;ATTIVO
39320003256;13/07/2025;RICARICA;ATTIVO
39320003257;02/06/2024;CONSUMO;ATTIVO
39320003258;18/08/2022;RICARICA;SOSPESO
39320003259;04/01/2021;CONSUMO;ATTIVO
39320003260;11/08/2023;RICARICA;ATTIVO
39320003261;30/08/2021;CONSUMO;ATTIVO
39320003262;01/03/2022;RICARICA;ATTIVO
39320003263;30/04/2023;CONSUMO;ATTIVO
39320003264;15/11/2022;RICARICA;ATTIVO
39320003265;09/07/2025;CONSUMO;ATTIVO
39320003266;24/01/2021;RICARICA;ATTIVO
39320003267;14/11/2024;CONSUMO;ATTIVO
39320003268;07/06/2025;RICARICA;ATTIVO
39320003269;07/09/2022;CONSUMO;ATTIVO
39320003270;26/10/2022;RICARICA;ATTIVO
39320003271;22/08/2021;CONSUMO;ATTIVO
39320003272;01/12/2022;RICARICA;ATTIVO
39320003273;11/03/2024;CONSUMO;ATTIVO
39320003274;01/03/2021;RICARICA;ATTIVO
39320003275;02/02/2022;CONSUMO;ATTIVO
39320003276;24/11/2022;RICARICA;SOSPESO
39320003277;09/09/2023;CONSUMO;ATTIVO
39320003278;21/06/2025;RICARICA;ATTIVO
39320003279;06/10/2021;CONSUMO;ATTIVO
39320003280;08/07/2024;RICARICA;ATTIVO
39320003281;07/11/2025;CONSUMO;ATTIVO
39320003282;18/11/2022;RICARICA;ATTIVO
39320003283;26/07/2025;CONSUMO;ATTIVO
39320003284;01/03/2025;RICARICA;ATTIVO
39320003285;04/12/2023;CONSUMO;ATTIVO
39320003286;24/01/2025;RICARICA;ATTIVO
39320003287;12/02/2024;CONSUMO;ATTIVO
39320003288;03/03/2022;RICARICA;ATTIVO
39320003289;11/11/2022;CONSUMO;ATTIVO
39320003290;24/12/2025;RICARICA;ATTIVO
39320003291;16/05/2021;CONSUMO;SOSPESO
39320003292;29/07/2022;RICARICA;ATTIVO
39320003293;26/11/2022;CONSUMO;SOSPESO
39320003294;07/07/2024;RICARICA;ATTIVO
39320003295;06/12/2021;CONSUMO;ATTIVO
39320003296;09/03/2023;RICARICA;ATTIVO
39320003297;28/08/2021;CONSUMO;ATTIVO
39320003298;20/03/2025;RICARICA;ATTIVO
39320003299;23/10/2025;CONSUMO;ATTIVO
39320003300;06/03/2021;RICARICA;ATTIVO
39320003301;27/06/2021;CONSUMO;ATTIVO
39320003302;02/05/2022;RICARICA;ATTIVO
39320003303;26/08/2025;CONSUMO;SOSPESO
39320003304;19/03/2022;RICARICA;ATTIVO
39320003305;25/12/2021;CONSUMO;ATTIVO
39320003306;27/05/2025;RICARICA;ATTIVO
39320003307;18/02/2022;CONSUMO;ATTIVO
39320003308;28/06/2023;RICARICA;ATTIVO
39320003309;25/06/2025;CONSUMO;ATTIVO
39320003310;22/10/2023;RICARICA;ATTIVO
39320003311;28/11/2022;CONSUMO;SOSPESO
39320003312;09/02/2025;RICARICA;ATTIVO
39320003313;28/09/2022;CONSUMO;ATTIVO
39320003314;21/10/2021;RICARICA;ATTIVO
39320003315;21/07/2021;CONSUMO;ATTIVO
39320003316;24/11/2023;RICARICA;ATTIVO
39320003317;29/09/2021;CONSUMO;ATTIVO
39320003318;16/03/2021;RICARICA;ATTIVO
39320003319;01/01/2025;CONSUMO;ATTIVO
39320003320;26/08/2021;RICARICA;ATTIVO
39320003321;01/04/2021;CONSUMO;ATTIVO
39320003322;02/05/2024;RICARICA;ATTIVO
39320003323;14/11/2022;CONSUMO;ATTIVO
39320003324;05/04/2021;RICARICA;ATTIVO
39320003325;19/04/2025;CONSUMO;ATTIVO
39320003326;02/10/2022;RICARICA;ATTIVO
39320003327;03/04/2025;CONSUMO;ATTIVO
39320003328;02/01/2026;RICARICA;ATTIVO
39320003329;15/02/2022;CONSUMO;ATTIVO
39320003330;21/07/2022;RICARICA;ATTIVO
39320003331;02/05/2025;CONSUMO;ATTIVO
39320003332;29/08/2021;RICARICA;ATTIVO
39320003333;19/11/2021;CONSUMO;ATTIVO
39320003334;01/02/2021;RICARICA;SOSPESO
39320003335;21/02/2024;CONSUMO;ATTIVO
39320003336;28/02/2022;RICARICA;ATTIVO
39320003337;31/01/2024;CONSUMO;ATTIVO
39320003338;17/10/2021;RICARICA;SOSPESO
39320003339;05/07/2025;CONSUMO;ATTIVO
39320003340;17/05/2022;RICARICA;ATTIVO
39320003341;30/09/2022;CONSUMO;ATTIVO
39320003342;25/11/2022;RICARICA;ATTIVO
39320003343;14/04/2021;CONSUMO;ATTIVO
39320003344;23/08/2023;RICARICA;ATTIVO
39320003345;14/04/2021;CONSUMO;ATTIVO
39320003346;21/04/2021;RICARICA;ATTIVO
39320003347;14/03/2023;CONSUMO;ATTIVO
39320003348;05/05/2024;RICARICA;ATTIVO
39320003349;13/07/2024;CONSUMO;ATTIVO
39320003350;03/12/2024;RICARICA;ATTIVO
39320003351;30/12/2022;CONSUMO;ATTIVO
39320003352;02/08/2025;RICARICA;ATTIVO
39320003353;03/04/2025;CONSUMO;ATTIVO
39320003354;29/12/2023;RICARICA;ATTIVO
39320003355;05/03/2026;CONSUMO;ATTIVO
39320003356;12/08/2023;RICARICA;ATTIVO
39320003357;10/07/2021;CONSUMO;ATTIVO
39320003358;27/02/2026;RICARICA;ATTIVO
39320003359;19/07/2021;CONSUMO;ATTIVO
39320003360;02/11/2024;RICARICA;ATTIVO
39320003361;19/04/2025;CONSUMO;ATTIVO
39320003362;20/04/2022;RICARICA;SOSPESO
39320003363;22/10/2021;CONSUMO;ATTIVO
39320003364;17/06/2024;RICARICA;ATTIVO
39320003365;15/01/2023;CONSUMO;ATTIVO
39320003366;03/12/2024;RICARICA;ATTIVO
39320003367;08/11/2022;CONSUMO;ATTIVO
39320003368;13/12/2025;RICARICA;ATTIVO
39320003369;26/09/2023;CONSUMO;ATTIVO
39320003370;01/09/2023;RICARICA;ATTIVO
39320003371;08/09/2023;CONSUMO;ATTIVO
39320003372;16/12/2021;RICARICA;ATTIVO
39320003373;15/12/2022;CONSUMO;ATTIVO
39320003374;18/09/2021;RICARICA;ATTIVO
39320003375;11/04/2023;CONSUMO;ATTIVO
39320003376;20/06/2025;RICARICA;ATTIVO
39320003377;13/02/2024;CONSUMO;ATTIVO
39320003378;11/06/2025;RICARICA;ATTIVO
39320003379;03/08/2023;CONSUMO;ATTIVO
39320003380;27/04/2023;RICARICA;ATTIVO
39320003381;15/05/2022;CONSUMO;ATTIVO
39320003382;15/09/2023;RICARICA;ATTIVO
39320003383;29/11/2022;CONSUMO;ATTIVO
39320003384;22/11/2024;RICARICA;ATTIVO
39320003385;26/05/2025;CONSUMO;SOSPESO
39320003386;07/03/2024;RICARICA;ATTIVO
39320003387;21/01/2024;CONSUMO;ATTIVO
39320003388;21/12/2021;RICARICA;ATTIVO
39320003389;09/06/2021;CONSUMO;ATTIVO
39320003390;28/12/2024;RICARICA;ATTIVO
39320003391;24/09/2023;CONSUMO;ATTIVO
39320003392;05/05/2024;RICARICA;ATTIVO
39320003393;11/02/2024;CONSUMO;ATTIVO
39320003394;01/07/2023;RICARICA;ATTIVO
39320003395;12/04/2023;CONSUMO;ATTIVO
39320003396;11/08/2021;RICARICA;ATTIVO
39320003397;06/05/2024;CONSUMO;ATTIVO
39320003398;16/02/2023;RICARICA;ATTIVO
39320003399;13/08/2024;CONSUMO;ATTIVO
39320003400;05/07/2021;RICARICA;ATTIVO
39320003401;12/10/2021;CONSUMO;ATTIVO
39320003402;24/01/2026;RICARICA;ATTIVO
39320003403;17/07/2025;CONSUMO;ATTIVO
39320003404;28/10/2021;RICARICA;ATTIVO
39320003405;17/07/2023;CONSUMO;ATTIVO
39320003406;10/03/2023;RICARICA;ATTIVO
39320003407;05/07/2023;CONSUMO;ATTIVO
39320003408;27/10/2024;RICARICA;ATTIVO
39320003409;06/09/2022;CONSUMO;ATTIVO
39320003410;14/02/2026;RICARICA;ATTIVO
39320003411;25/02/2026;CONSUMO;SOSPESO
39320003412;10/06/2023;RICARICA;ATTIVO
39320003413;18/02/2026;CONSUMO;ATTIVO
39320003414;02/07/2021;RICARICA;ATTIVO
39320003415;06/06/2024;CONSUMO;SOSPESO
39320003416;08/04/2023;RICARICA;ATTIVO
39320003417;12/10/2025;CONSUMO;ATTIVO
39320003418;27/01/2023;RICARICA;ATTIVO
39320003419;19/04/2021;CONSUMO;ATTIVO
39320003420;21/02/2024;RICARICA;ATTIVO
39320003421;06/01/2023;CONSUMO;ATTIVO
39320003422;01/08/2022;RICARICA;ATTIVO
39320003423;27/04/2022;CONSUMO;ATTIVO
39320003424;23/04/2024;RICARICA;ATTIVO
39320003425;14/10/2022;CONSUMO;ATTIVO
39320003426;12/04/2023;RICARICA;ATTIVO
39320003427;22/01/2024;CONSUMO;ATTIVO
39320003428;22/12/2021;RICARICA;ATTIVO
39320003429;21/01/2022;CONSUMO;ATTIVO
39320003430;24/09/2025;RICARICA;SOSPESO
39320003431;17/09/2025;CONSUMO;ATTIVO
39320003432;14/08/2022;RICARICA;SOSPESO
39320003433;04/10/2024;CONSUMO;ATTIVO
39320003434;24/01/2021;RICARICA;ATTIVO
39320003435;02/02/2021;CONSUMO;ATTIVO
39320003436;18/12/2025;RICARICA;ATTIVO
39320003437;14/06/2023;CONSUMO;SOSPESO
39320003438;06/10/2021;RICARICA;ATTIVO
39320003439;08/08/2024;CONSUMO;ATTIVO
39320003440;28/10/2025;RICARICA;ATTIVO
39320003441;04/06/2025;CONSUMO;ATTIVO
39320003442;22/05/2023;RICARICA;ATTIVO
39320003443;20/07/2023;CONSUMO;ATTIVO
39320003444;05/02/2024;RICARICA;ATTIVO
39320003445;27/02/2023;CONSUMO;ATTIVO
39320003446;16/01/2022;RICARICA;ATTIVO
39320003447;16/01/2021;CONSUMO;ATTIVO
39320003448;01/10/2025;RICARICA;ATTIVO
39320003449;29/12/2024;CONSUMO;ATTIVO
39320003450;22/04/2023;RICARICA;SOSPESO
39320003451;26/03/2024;CONSUMO;ATTIVO
39320003452;19/03/2021;RICARICA;ATTIVO
39320003453;14/12/2024;CONSUMO;ATTIVO
39320003454;03/04/2024;RICARICA;ATTIVO
39320003455;15/11/2024;CONSUMO;ATTIVO
39320003456;04/02/2025;RICARICA;ATTIVO
39320003457;26/10/2025;CONSUMO;SOSPESO
39320003458;15/05/2025;RICARICA;ATTIVO
39320003459;25/11/2023;CONSUMO;ATTIVO
39320003460;28/12/2025;RICARICA;ATTIVO
39320003461;18/05/2022;CONSUMO;ATTIVO
39320003462;27/02/2025;RICARICA;ATTIVO
39320003463;01/10/2024;CONSUMO;ATTIVO
39320003464;21/07/2024;RICARICA;ATTIVO
39320003465;02/04/2024;CONSUMO;ATTIVO
39320003466;19/04/2021;RICARICA;ATTIVO
39320003467;01/01/2024;CONSUMO;ATTIVO
39320003468;19/08/2023;RICARICA;ATTIVO
39320003469;30/01/2026;CONSUMO;ATTIVO
39320003470;11/02/2025;RICARICA;ATTIVO
39320003471;24/12/2022;CONSUMO;SOSPESO
39320003472;23/06/2025;RICARICA;ATTIVO
39320003473;10/12/2021;CONSUMO;ATTIVO
39320003474;06/03/2026;RICARICA;ATTIVO
39320003475;15/09/2022;CONSUMO;ATTIVO
39320003476;29/02/2024;RICARICA;ATTIVO
39320003477;12/07/2024;CONSUMO;ATTIVO
39320003478;13/12/2021;RICARICA;ATTIVO
39320003479;06/09/2024;CONSUMO;SOSPESO
39320003480;15/07/2025;RICARICA;ATTIVO
39320003481;25/02/2021;CONSUMO;ATTIVO
39320003482;18/06/2021;RICARICA;ATTIVO
39320003483;07/06/2021;CONSUMO;ATTIVO
39320003484;24/07/2022;RICARICA;ATTIVO
39320003485;15/06/2024;CONSUMO;ATTIVO
39320003486;23/10/2025;RICARICA;ATTIVO
39320003487;27/02/2025;CONSUMO;ATTIVO
39320003488;24/12/2021;RICARICA;ATTIVO
39320003489;22/02/2025;CONSUMO;ATTIVO
39320003490;04/07/2023;RICARICA;ATTIVO
39320003491;26/12/2021;CONSUMO;ATTIVO
39320003492;06/12/2024;RICARICA;ATTIVO
39320003493;06/01/2022;CONSUMO;ATTIVO
39320003494;01/11/2025;RICARICA;ATTIVO
39320003495;22/06/2021;CONSUMO;SOSPESO
39320003496;04/05/2024;RICARICA;SOSPESO
39320003497;12/11/2021;CONSUMO;ATTIVO
39320003498;22/03/2025;RICARICA;SOSPESO
39320003499;27/04/2025;CONSUMO;ATTIVO
39320003500;15/09/2024;RICARICA;ATTIVO
39320003501;29/07/2024;CONSUMO;ATTIVO
39320003502;29/03/2024;RICARICA;ATTIVO
39320003503;08/12/2022;CONSUMO;ATTIVO
39320003504;26/06/2022;RICARICA;ATTIVO
39320003505;26/08/2021;CONSUMO;ATTIVO
39320003506;09/08/2023;RICARICA;ATTIVO
39320003507;10/09/2022;CONSUMO;ATTIVO
39320003508;21/03/2025;RICARICA;SOSPESO
39320003509;24/04/2022;CONSUMO;ATTIVO
39320003510;16/12/2024;RICARICA;ATTIVO
39320003511;22/06/2022;CONSUMO;ATTIVO
39320003512;18/11/2025;RICARICA;ATTIVO
39320003513;15/08/2022;CONSUMO;SOSPESO
39320003514;09/07/2023;RICARICA;ATTIVO
39320003515;09/10/2022;CONSUMO;SOSPESO
39320003516;30/10/2024;RICARICA;SOSPESO
39320003517;19/07/2021;CONSUMO;ATTIVO
39320003518;29/07/2024;RICARICA;ATTIVO
39320003519;26/09/2025;CONSUMO;ATTIVO
39320003520;24/02/2026;RICARICA;ATTIVO
39320003521;13/07/2022;CONSUMO;ATTIVO
39320003522;01/07/2022;RICARICA;ATTIVO
39320003523;07/06/2022;CONSUMO;ATTIVO
39320003524;13/03/2023;RICARICA;ATTIVO
39320003525;14/10/2024;CONSUMO;ATTIVO
39320003526;12/02/2025;RICARICA;ATTIVO
39320003527;27/04/2025;CONSUMO;ATTIVO
39320003528;23/11/2022;RICARICA;ATTIVO
39320003529;04/01/2022;CONSUMO;ATTIVO
39320003530;22/01/2021;RICARICA;ATTIVO
39320003531;31/08/2025;CONSUMO;ATTIVO
39320003532;23/04/2023;RICARICA;ATTIVO
39320003533;01/08/2021;CONSUMO;ATTIVO
39320003534;21/12/2022;RICARICA;ATTIVO
39320003535;04/08/2022;CONSUMO;ATTIVO
39320003536;11/03/2021;RICARICA;ATTIVO
39320003537;08/07/2021;CONSUMO;ATTIVO
39320003538;01/05/2024;RICARICA;ATTIVO
39320003539;08/09/2025;CONSUMO;ATTIVO
39320003540;12/05/2024;RICARICA;ATTIVO
39320003541;21/12/2024;CONSUMO;SOSPESO
39320003542;26/06/2021;RICARICA;ATTIVO
39320003543;24/09/2021;CONSUMO;ATTIVO
39320003544;14/04/2025;RICARICA;ATTIVO
39320003545;05/03/2024;CONSUMO;ATTIVO
39320003546;14/01/2022;RICARICA;ATTIVO
39320003547;25/11/2024;CONSUMO;ATTIVO
39320003548;27/08/2022;RICARICA;ATTIVO
39320003549;05/06/2021;CONSUMO;ATTIVO
39320003550;05/03/2026;RICARICA;SOSPESO
39320003551;25/04/2025;CONSUMO;ATTIVO
39320003552;25/01/2026;RICARICA;ATTIVO
39320003553;27/04/2025;CONSUMO;ATTIVO
39320003554;28/11/2021;RICARICA;ATTIVO
39320003555;22/07/2022;CONSUMO;ATTIVO
39320003556;23/02/2023;RICARICA;ATTIVO
39320003557;04/05/2021;CONSUMO;ATTIVO
39320003558;23/07/2025;RICARICA;ATTIVO
39320003559;22/06/2023;CONSUMO;ATTIVO
39320003560;15/02/2022;RICARICA;ATTIVO
39320003561;01/01/2022;CONSUMO;ATTIVO
39320003562;11/08/2021;RICARICA;ATTIVO
39320003563;24/04/2025;CONSUMO;ATTIVO
39320003564;11/06/2024;RICARICA;ATTIVO
39320003565;13/02/2026;CONSUMO;ATTIVO
39320003566;15/06/2022;RICARICA;ATTIVO
39320003567;30/05/2021;CONSUMO;ATTIVO
39320003568;30/01/2025;RICARICA;ATTIVO
39320003569;03/07/2023;CONSUMO;ATTIVO
39320003570;17/10/2023;RICARICA;ATTIVO
39320003571;04/08/2024;CONSUMO;ATTIVO
39320003572;19/03/2021;RICARICA;ATTIVO
39320003573;30/06/2022;CONSUMO;ATTIVO
39320003574;07/11/2022;RICARICA;ATTIVO
39320003575;22/03/2024;CONSUMO;ATTIVO
39320003576;20/12/2024;RICARICA;SOSPESO
39320003577;02/10/2023;CONSUMO;ATTIVO
39320003578;08/04/2023;RICARICA;ATTIVO
39320003579;19/05/2025;CONSUMO;ATTIVO
39320003580;24/05/2021;RICARICA;ATTIVO
39320003581;07/01/2021;CONSUMO;ATTIVO
39320003582;12/11/2024;RICARICA;ATTIVO
39320003583;15/09/2023;CONSUMO;ATTIVO
39320003584;02/01/2024;RICARICA;SOSPESO
39320003585;06/01/2023;CONSUMO;ATTIVO
39320003586;13/09/2022;RICARICA;ATTIVO
39320003587;18/07/2024;CONSUMO;SOSPESO
39320003588;18/08/2024;RICARICA;ATTIVO
39320003589;31/12/2023;CONSUMO;ATTIVO
39320003590;28/11/2022;RICARICA;ATTIVO
39320003591;31/07/2023;CONSUMO;ATTIVO
39320003592;17/08/2022;RICARICA;ATTIVO
39320003593;28/12/2021;CONSUMO;ATTIVO
39320003594;26/02/2023;RICARICA;ATTIVO
39320003595;05/09/2022;CONSUMO;ATTIVO
39320003596;10/01/2026;RICARICA;ATTIVO
39320003597;11/11/2024;CONSUMO;ATTIVO
39320003598;23/06/2021;RICARICA;ATTIVO
39320003599;16/06/2023;CONSUMO;ATTIVO
39320003600;14/10/2021;RICARICA;ATTIVO
39320003601;21/02/2021;CONSUMO;ATTIVO
39320003602;29/04/2024;RICARICA;ATTIVO
39320003603;08/03/2023;CONSUMO;ATTIVO
39320003604;13/01/2024;RICARICA;ATTIVO
39320003605;21/10/2023;CONSUMO;ATTIVO
39320003606;05/09/2025;RICARICA;ATTIVO
39320003607;03/02/2021;CONSUMO;ATTIVO
39320003608;25/04/2021;RICARICA;ATTIVO
39320003609;16/01/2025;CONSUMO;ATTIVO
39320003610;31/08/2021;RICARICA;ATTIVO
39320003611;01/09/2024;CONSUMO;ATTIVO
39320003612;28/07/2023;RICARICA;SOSPESO
39320003613;18/11/2025;CONSUMO;ATTIVO
39320003614;02/11/2021;RICARICA;ATTIVO
39320003615;23/04/2022;CONSUMO;SOSPESO
39320003616;17/03/2021;RICARICA;ATTIVO
39320003617;29/09/2023;CONSUMO;ATTIVO
39320003618;24/08/2023;RICARICA;ATTIVO
39320003619;20/06/2024;CONSUMO;ATTIVO
39320003620;07/12/2024;RICARICA;ATTIVO
39320003621;30/01/2021;CONSUMO;ATTIVO
39320003622;13/04/2021;RICARICA;ATTIVO
39320003623;08/08/2025;CONSUMO;ATTIVO
39320003624;24/07/2023;RICARICA;ATTIVO
39320003625;07/09/2025;CONSUMO;ATTIVO
39320003626;02/08/2025;RICARICA;ATTIVO
39320003627;22/08/2021;CONSUMO;ATTIVO
39320003628;25/06/2025;RICARICA;ATTIVO
39320003629;10/05/2021;CONSUMO;ATTIVO
39320003630;23/05/2023;RICARICA;ATTIVO
39320003631;08/09/2025;CONSUMO;SOSPESO
39320003632;21/10/2024;RICARICA;ATTIVO
39320003633;05/09/2021;CONSUMO;SOSPESO
39320003634;25/03/2024;RICARICA;ATTIVO
39320003635;21/10/2022;CONSUMO;ATTIVO
39320003636;13/06/2025;RICARICA;ATTIVO
39320003637;04/04/2021;CONSUMO;ATTIVO
39320003638;19/11/2022;RICARICA;ATTIVO
39320003639;15/07/2022;CONSUMO;ATTIVO
39320003640;01/05/2023;RICARICA;ATTIVO
39320003641;28/01/2023;CONSUMO;ATTIVO
39320003642;18/06/2023;RICARICA;ATTIVO
39320003643;06/04/2024;CONSUMO;ATTIVO
39320003644;24/07/2021;RICARICA;ATTIVO
39320003645;18/07/2024;CONSUMO;ATTIVO
39320003646;12/05/2025;RICARICA;ATTIVO
39320003647;07/12/2025;CONSUMO;ATTIVO
39320003648;14/01/2021;RICARICA;ATTIVO
39320003649;12/03/2026;CONSUMO;ATTIVO
39320003650;27/08/2024;RICARICA;ATTIVO
39320003651;05/08/2022;CONSUMO;ATTIVO
39320003652;12/07/2025;RICARICA;ATTIVO
39320003653;02/09/2023;CONSUMO;ATTIVO
39320003654;27/02/2022;RICARICA;ATTIVO
39320003655;09/07/2022;CONSUMO;ATTIVO
39320003656;24/04/2023;RICARICA;ATTIVO
39320003657;24/12/2021;CONSUMO;ATTIVO
39320003658;19/03/2021;RICARICA;ATTIVO
39320003659;08/01/2025;CONSUMO;ATTIVO
39320003660;30/06/2021;RICARICA;ATTIVO
39320003661;22/05/2025;CONSUMO;ATTIVO
39320003662;08/05/2023;RICARICA;ATTIVO
39320003663;28/04/2022;CONSUMO;ATTIVO
39320003664;22/12/2023;RICARICA;SOSPESO
39320003665;21/06/2024;CONSUMO;ATTIVO
39320003666;08/04/2025;RICARICA;SOSPESO
39320003667;06/11/2023;CONSUMO;ATTIVO
39320003668;27/04/2025;RICARICA;ATTIVO
39320003669;03/03/2022;CONSUMO;ATTIVO
39320003670;01/02/2022;RICARICA;ATTIVO
39320003671;02/11/2021;CONSUMO;ATTIVO
39320003672;10/02/2026;RICARICA;ATTIVO
39320003673;28/12/2021;CONSUMO;ATTIVO
39320003674;05/03/2026;RICARICA;ATTIVO
39320003675;13/08/2024;CONSUMO;ATTIVO
39320003676;06/03/2022;RICARICA;ATTIVO
39320003677;16/11/2022;CONSUMO;ATTIVO
39320003678;28/12/2025;RICARICA;ATTIVO
39320003679;30/03/2021;CONSUMO;ATTIVO
39320003680;18/04/2021;RICARICA;SOSPESO
39320003681;27/12/2021;CONSUMO;ATTIVO
39320003682;01/03/2021;RICARICA;ATTIVO
39320003683;26/08/2021;CONSUMO;ATTIVO
39320003684;27/04/2022;RICARICA;ATTIVO
39320003685;28/04/2024;CONSUMO;ATTIVO
39320003686;09/05/2023;RICARICA;ATTIVO
39320003687;18/10/2024;CONSUMO;ATTIVO
39320003688;17/04/2022;RICARICA;ATTIVO
39320003689;30/10/2022;CONSUMO;ATTIVO
39320003690;01/05/2022;RICARICA;ATTIVO
39320003691;17/11/2025;CONSUMO;ATTIVO
39320003692;31/12/2025;RICARICA;ATTIVO
39320003693;23/08/2023;CONSUMO;ATTIVO
39320003694;22/04/2021;RICARICA;ATTIVO
39320003695;24/10/2021;CONSUMO;ATTIVO
39320003696;02/06/2024;RICARICA;ATTIVO
39320003697;05/03/2023;CONSUMO;ATTIVO
39320003698;27/07/2023;RICARICA;ATTIVO
39320003699;18/07/2024;CONSUMO;ATTIVO
39320003700;07/07/2022;RICARICA;ATTIVO
39320003701;18/09/2021;CONSUMO;ATTIVO
39320003702;10/03/2024;RICARICA;ATTIVO
39320003703;07/10/2021;CONSUMO;ATTIVO
39320003704;12/08/2023;RICARICA;ATTIVO
39320003705;17/12/2021;CONSUMO;ATTIVO
39320003706;27/03/2022;RICARICA;ATTIVO
39320003707;21/05/2024;CONSUMO;ATTIVO
39320003708;16/06/2025;RICARICA;ATTIVO
39320003709;06/06/2024;CONSUMO;ATTIVO
39320003710;29/03/2024;RICARICA;SOSPESO
39320003711;18/10/2025;CONSUMO;ATTIVO
39320003712;24/04/2023;RICARICA;ATTIVO
39320003713;29/09/2023;CONSUMO;ATTIVO
39320003714;20/03/2022;RICARICA;ATTIVO
39320003715;11/09/2025;CONSUMO;ATTIVO
39320003716;30/01/2021;RICARICA;ATTIVO
39320003717;16/02/2025;CONSUMO;ATTIVO
39320003718;23/05/2022;RICARICA;ATTIVO
39320003719;01/04/2024;CONSUMO;ATTIVO
39320003720;15/03/2026;RICARICA;ATTIVO
39320003721;02/11/2021;CONSUMO;ATTIVO
39320003722;14/01/2026;RICARICA;ATTIVO
39320003723;01/04/2021;CONSUMO;ATTIVO
39320003724;22/08/2023;RICARICA;ATTIVO
39320003725;30/10/2023;CONSUMO;ATTIVO
39320003726;24/12/2023;RICARICA;ATTIVO
39320003727;17/07/2025;CONSUMO;ATTIVO
39320003728;10/08/2025;RICARICA;ATTIVO
39320003729;12/10/2023;CONSUMO;ATTIVO
39320003730;18/02/2024;RICARICA;ATTIVO
39320003731;20/11/2024;CONSUMO;ATTIVO
39320003732;23/03/2022;RICARICA;ATTIVO
39320003733;29/08/2022;CONSUMO;ATTIVO
39320003734;05/07/2021;RICARICA;ATTIVO
39320003735;02/10/2024;CONSUMO;ATTIVO
39320003736;11/12/2024;RICARICA;ATTIVO
39320003737;14/03/2024;CONSUMO;ATTIVO
39320003738;19/02/2021;RICARICA;SOSPESO
39320003739;08/08/2023;CONSUMO;ATTIVO
39320003740;26/11/2025;RICARICA;ATTIVO
39320003741;14/01/2022;CONSUMO;ATTIVO
39320003742;29/01/2023;RICARICA;ATTIVO
39320003743;12/12/2024;CONSUMO;ATTIVO
39320003744;29/10/2025;RICARICA;ATTIVO
39320003745;28/02/2023;CONSUMO;ATTIVO
39320003746;13/11/2022;RICARICA;ATTIVO
39320003747;31/08/2022;CONSUMO;ATTIVO
39320003748;07/07/2022;RICARICA;ATTIVO
39320003749;08/06/2024;CONSUMO;ATTIVO
39320003750;16/06/2025;RICARICA;ATTIVO
39320003751;03/11/2024;CONSUMO;ATTIVO
39320003752;09/12/2025;RICARICA;ATTIVO
39320003753;23/04/2021;CONSUMO;ATTIVO
39320003754;07/02/2026;RICARICA;ATTIVO
39320003755;24/12/2025;CONSUMO;ATTIVO
39320003756;24/02/2023;RICARICA;ATTIVO
39320003757;21/06/2024;CONSUMO;ATTIVO
39320003758;21/01/2023;RICARICA;ATTIVO
39320003759;19/02/2024;CONSUMO;ATTIVO
39320003760;23/02/2024;RICARICA;ATTIVO
39320003761;24/02/2022;CONSUMO;ATTIVO
39320003762;17/11/2022;RICARICA;ATTIVO
39320003763;21/08/2021;CONSUMO;ATTIVO
39320003764;19/02/2025;RICARICA;SOSPESO
39320003765;03/04/2024;CONSUMO;ATTIVO
39320003766;10/12/2024;RICARICA;ATTIVO
39320003767;06/03/2025;CONSUMO;ATTIVO
39320003768;19/10/2022;RICARICA;ATTIVO
39320003769;02/07/2022;CONSUMO;ATTIVO
39320003770;17/05/2023;RICARICA;ATTIVO
39320003771;10/05/2021;CONSUMO;ATTIVO
39320003772;16/07/2023;RICARICA;ATTIVO
39320003773;15/12/2023;CONSUMO;ATTIVO
39320003774;21/08/2023;RICARICA;ATTIVO
39320003775;21/10/2024;CONSUMO;ATTIVO
39320003776;17/01/2026;RICARICA;ATTIVO
39320003777;25/06/2024;CONSUMO;ATTIVO
39320003778;10/10/2024;RICARICA;SOSPESO
39320003779;15/07/2025;CONSUMO;SOSPESO
39320003780;14/12/2025;RICARICA;ATTIVO
39320003781;01/01/2026;CONSUMO;ATTIVO
39320003782;28/06/2021;RICARICA;ATTIVO
39320003783;13/01/2026;CONSUMO;ATTIVO
39320003784;07/06/2021;RICARICA;ATTIVO
39320003785;20/07/2022;CONSUMO;ATTIVO
39320003786;31/10/2021;RICARICA;ATTIVO
39320003787;27/11/2025;CONSUMO;ATTIVO
39320003788;08/07/2024;RICARICA;ATTIVO
39320003789;04/05/2023;CONSUMO;SOSPESO
39320003790;14/01/2024;RICARICA;SOSPESO
39320003791;29/08/2023;CONSUMO;ATTIVO
39320003792;29/06/2023;RICARICA;ATTIVO
39320003793;13/02/2021;CONSUMO;ATTIVO
39320003794;09/05/2021;RICARICA;ATTIVO
39320003795;01/07/2025;CONSUMO;ATTIVO
39320003796;01/12/2023;RICARICA;ATTIVO
39320003797;24/04/2023;CONSUMO;ATTIVO
39320003798;04/09/2024;RICARICA;ATTIVO
39320003799;31/10/2022;CONSUMO;ATTIVO
39320003800;25/09/2024;RICARICA;ATTIVO
39320003801;21/09/2025;CONSUMO;ATTIVO
39320003802;27/07/2023;RICARICA;ATTIVO
39320003803;28/09/2021;CONSUMO;ATTIVO
39320003804;20/09/2022;RICARICA;ATTIVO
39320003805;17/06/2022;CONSUMO;ATTIVO
39320003806;01/02/2023;RICARICA;SOSPESO
39320003807;26/04/2025;CONSUMO;ATTIVO
39320003808;31/10/2021;RICARICA;ATTIVO
39320003809;23/07/2023;CONSUMO;SOSPESO
39320003810;20/06/2024;RICARICA;SOSPESO
39320003811;28/12/2024;CONSUMO;ATTIVO
39320003812;09/01/2022;RICARICA;SOSPESO
39320003813;15/09/2025;CONSUMO;ATTIVO
39320003814;27/01/2026;RICARICA;ATTIVO
39320003815;11/11/2021;CONSUMO;ATTIVO
39320003816;28/08/2021;RICARICA;ATTIVO
39320003817;11/10/2022;CONSUMO;ATTIVO
39320003818;22/06/2023;RICARICA;ATTIVO
39320003819;13/01/2022;CONSUMO;ATTIVO
39320003820;19/12/2024;RICARICA;ATTIVO
39320003821;12/10/2022;CONSUMO;SOSPESO
39320003822;30/10/2021;RICARICA;ATTIVO
39320003823;11/01/2024;CONSUMO;SOSPESO
39320003824;29/12/2023;RICARICA;ATTIVO
39320003825;01/03/2026;CONSUMO;ATTIVO
39320003826;20/10/2023;RICARICA;ATTIVO
39320003827;28/07/2023;CONSUMO;SOSPESO
39320003828;16/11/2021;RICARICA;ATTIVO
39320003829;21/02/2025;CONSUMO;ATTIVO
39320003830;06/11/2023;RICARICA;ATTIVO
39320003831;15/12/2024;CONSUMO;ATTIVO
39320003832;09/01/2026;RICARICA;ATTIVO
39320003833;25/03/2025;CONSUMO;SOSPESO
39320003834;20/03/2024;RICARICA;ATTIVO
39320003835;26/06/2025;CONSUMO;ATTIVO
39320003836;01/02/2026;RICARICA;SOSPESO
39320003837;25/11/2022;CONSUMO;ATTIVO
39320003838;07/02/2025;RICARICA;ATTIVO
39320003839;24/03/2021;CONSUMO;ATTIVO
39320003840;03/02/2024;RICARICA;ATTIVO
39320003841;20/02/2021;CONSUMO;ATTIVO
39320003842;19/09/2025;RICARICA;ATTIVO
39320003843;02/01/2023;CONSUMO;ATTIVO
39320003844;23/04/2021;RICARICA;ATTIVO
39320003845;04/02/2022;CONSUMO;ATTIVO
39320003846;31/03/2022;RICARICA;ATTIVO
39320003847;21/04/2025;CONSUMO;ATTIVO
39320003848;16/02/2021;RICARICA;ATTIVO
39320003849;06/10/2025;CONSUMO;ATTIVO
39320003850;07/10/2024;RICARICA;SOSPESO
39320003851;15/11/2023;CONSUMO;ATTIVO
39320003852;02/10/2023;RICARICA;ATTIVO
39320003853;24/05/2024;CONSUMO;ATTIVO
39320003854;25/04/2021;RICARICA;ATTIVO
39320003855;10/01/2023;CONSUMO;ATTIVO
39320003856;06/01/2025;RICARICA;ATTIVO
39320003857;28/01/2023;CONSUMO;ATTIVO
39320003858;25/01/2021;RICARICA;ATTIVO
39320003859;21/12/2022;CONSUMO;ATTIVO
39320003860;02/07/2023;RICARICA;ATTIVO
39320003861;29/06/2021;CONSUMO;ATTIVO
39320003862;24/12/2025;RICARICA;ATTIVO
39320003863;02/05/2023;CONSUMO;ATTIVO
39320003864;15/08/2022;RICARICA;ATTIVO
39320003865;30/01/2025;CONSUMO;SOSPESO
39320003866;19/05/2023;RICARICA;ATTIVO
39320003867;29/04/2023;CONSUMO;ATTIVO
39320003868;17/04/2024;RICARICA;ATTIVO
39320003869;22/10/2021;CONSUMO;ATTIVO
39320003870;31/08/2023;RICARICA;SOSPESO
39320003871;12/12/2023;CONSUMO;SOSPESO
39320003872;16/05/2021;RICARICA;SOSPESO
39320003873;24/04/2024;CONSUMO;ATTIVO
39320003874;01/07/2021;RICARICA;ATTIVO
39320003875;01/08/2024;CONSUMO;ATTIVO
39320003876;29/04/2023;RICARICA;ATTIVO
39320003877;05/08/2023;CONSUMO;ATTIVO
39320003878;27/03/2025;RICARICA;ATTIVO
39320003879;13/02/2022;CONSUMO;ATTIVO
39320003880;21/02/2023;RICARICA;ATTIVO
39320003881;02/10/2023;CONSUMO;ATTIVO
39320003882;20/08/2025;RICARICA;ATTIVO
39320003883;13/04/2024;CONSUMO;ATTIVO
39320003884;20/02/2024;RICARICA;ATTIVO
39320003885;05/04/2022;CONSUMO;ATTIVO
39320003886;06/01/2021;RICARICA;ATTIVO
39320003887;07/09/2022;CONSUMO;SOSPESO
39320003888;05/09/2025;RICARICA;ATTIVO
39320003889;12/09/2021;CONSUMO;ATTIVO
39320003890;03/01/2026;RICARICA;ATTIVO
39320003891;03/01/2022;CONSUMO;ATTIVO
39320003892;09/11/2024;RICARICA;ATTIVO
39320003893;28/02/2021;CONSUMO;ATTIVO
39320003894;22/07/2022;RICARICA;ATTIVO
39320003895;17/05/2021;CONSUMO;ATTIVO
39320003896;11/01/2023;RICARICA;ATTIVO
39320003897;04/03/2024;CONSUMO;ATTIVO
39320003898;13/06/2022;RICARICA;ATTIVO
39320003899;02/09/2023;CONSUMO;SOSPESO
39320003900;03/08/2025;RICARICA;ATTIVO
39320003901;16/11/2023;CONSUMO;ATTIVO
39320003902;05/02/2021;RICARICA;ATTIVO
39320003903;30/11/2021;CONSUMO;ATTIVO
39320003904;27/10/2021;RICARICA;ATTIVO
39320003905;04/12/2025;CONSUMO;ATTIVO
39320003906;02/01/2023;RICARICA;ATTIVO
39320003907;13/07/2022;CONSUMO;ATTIVO
39320003908;27/07/2024;RICARICA;ATTIVO
39320003909;31/12/2022;CONSUMO;ATTIVO
39320003910;21/08/2022;RICARICA;ATTIVO
39320003911;07/06/2021;CONSUMO;ATTIVO
39320003912;19/04/2025;RICARICA;ATTIVO
39320003913;16/04/2025;CONSUMO;ATTIVO
39320003914;22/03/2025;RICARICA;ATTIVO
39320003915;23/10/2022;CONSUMO;ATTIVO
39320003916;21/08/2025;RICARICA;ATTIVO
39320003917;27/06/2025;CONSUMO;ATTIVO
39320003918;04/11/2024;RICARICA;ATTIVO
39320003919;13/01/2023;CONSUMO;ATTIVO
39320003920;02/04/2024;RICARICA;ATTIVO
39320003921;22/10/2021;CONSUMO;ATTIVO
39320003922;28/11/2023;RICARICA;ATTIVO
39320003923;14/05/2025;CONSUMO;ATTIVO
39320003924;28/11/2022;RICARICA;SOSPESO
39320003925;30/11/2021;CONSUMO;ATTIVO
39320003926;13/11/2021;RICARICA;ATTIVO
39320003927;31/08/2025;CONSUMO;ATTIVO
39320003928;12/01/2026;RICARICA;ATTIVO
39320003929;13/11/2024;CONSUMO;ATTIVO
39320003930;13/12/2023;RICARICA;ATTIVO
39320003931;30/12/2024;CONSUMO;ATTIVO
39320003932;29/03/2025;RICARICA;ATTIVO
39320003933;05/05/2023;CONSUMO;ATTIVO
39320003934;06/06/2021;RICARICA;ATTIVO
39320003935;26/09/2021;CONSUMO;SOSPESO
39320003936;10/09/2023;RICARICA;ATTIVO
39320003937;16/11/2024;CONSUMO;ATTIVO
39320003938;01/08/2025;RICARICA;ATTIVO
39320003939;08/05/2024;CONSUMO;ATTIVO
39320003940;02/12/2022;RICARICA;ATTIVO
39320003941;16/09/2022;CONSUMO;ATTIVO
39320003942;27/07/2025;RICARICA;ATTIVO
39320003943;21/09/2021;CONSUMO;ATTIVO
39320003944;19/10/2021;RICARICA;ATTIVO
39320003945;22/09/2022;CONSUMO;ATTIVO
39320003946;24/09/2021;RICARICA;SOSPESO
39320003947;21/05/2023;CONSUMO;ATTIVO
39320003948;25/05/2025;RICARICA;ATTIVO
39320003949;08/02/2021;CONSUMO;ATTIVO
39320003950;01/04/2025;RICARICA;ATTIVO
39320003951;07/02/2022;CONSUMO;ATTIVO
39320003952;13/06/2025;RICARICA;ATTIVO
39320003953;29/04/2024;CONSUMO;ATTIVO
39320003954;01/09/2021;RICARICA;ATTIVO
39320003955;30/03/2021;CONSUMO;ATTIVO
39320003956;29/09/2024;RICARICA;ATTIVO
39320003957;17/07/2021;CONSUMO;ATTIVO
39320003958;28/02/2026;RICARICA;ATTIVO
39320003959;18/04/2024;CONSUMO;ATTIVO
39320003960;14/01/2022;RICARICA;ATTIVO
39320003961;01/03/2021;CONSUMO;ATTIVO
39320003962;29/09/2025;RICARICA;ATTIVO
39320003963;23/07/2022;CONSUMO;SOSPESO
39320003964;14/12/2022;RICARICA;ATTIVO
39320003965;18/10/2025;CONSUMO;ATTIVO
39320003966;01/02/2025;RICARICA;ATTIVO
39320003967;01/11/2023;CONSUMO;ATTIVO
39320003968;22/07/2021;RICARICA;ATTIVO
39320003969;13/04/2025;CONSUMO;ATTIVO
39320003970;21/03/2022;RICARICA;ATTIVO
39320003971;01/08/2022;CONSUMO;ATTIVO
39320003972;25/03/2025;RICARICA;ATTIVO
39320003973;25/01/2025;CONSUMO;ATTIVO
39320003974;15/03/2022;RICARICA;SOSPESO
39320003975;10/10/2025;CONSUMO;ATTIVO
39320003976;21/01/2023;RICARICA;ATTIVO
39320003977;15/01/2022;CONSUMO;ATTIVO
39320003978;08/08/2021;RICARICA;ATTIVO
39320003979;28/12/2022;CONSUMO;SOSPESO
39320003980;19/05/2023;RICARICA;ATTIVO
39320003981;12/04/2022;CONSUMO;ATTIVO
39320003982;09/04/2025;RICARICA;SOSPESO
39320003983;11/09/2021;CONSUMO;ATTIVO
39320003984;01/12/2023;RICARICA;ATTIVO
39320003985;11/04/2025;CONSUMO;ATTIVO
39320003986;14/08/2022;RICARICA;ATTIVO
39320003987;25/03/2021;CONSUMO;ATTIVO
39320003988;09/10/2023;RICARICA;ATTIVO
39320003989;04/08/2022;CONSUMO;ATTIVO
39320003990;16/02/2025;RICARICA;ATTIVO
39320003991;19/09/2025;CONSUMO;ATTIVO
39320003992;09/02/2024;RICARICA;ATTIVO
39320003993;18/10/2025;CONSUMO;ATTIVO
39320003994;21/10/2025;RICARICA;ATTIVO
39320003995;19/09/2025;CONSUMO;ATTIVO
39320003996;22/10/2024;RICARICA;ATTIVO
39320003997;27/01/2021;CONSUMO;SOSPESO
39320003998;04/10/2023;RICARICA;ATTIVO
39320003999;23/03/2023;CONSUMO;ATTIVO
39320004000;10/09/2024;RICARICA;ATTIVO
39320004001;02/09/2021;CONSUMO;ATTIVO
39320004002;01/04/2023;RICARICA;ATTIVO
39320004003;28/07/2021;CONSUMO;ATTIVO
39320004004;02/01/2026;RICARICA;SOSPESO
39320004005;13/05/2021;CONSUMO;ATTIVO
39320004006;12/02/2022;RICARICA;ATTIVO
39320004007;03/05/2024;CONSUMO;ATTIVO
39320004008;08/04/2023;RICARICA;ATTIVO
39320004009;13/09/2025;CONSUMO;ATTIVO
39320004010;20/10/2023;RICARICA;ATTIVO
39320004011;01/01/2025;CONSUMO;ATTIVO
39320004012;30/04/2024;RICARICA;ATTIVO
39320004013;05/06/2025;CONSUMO;ATTIVO
39320004014;31/03/2023;RICARICA;ATTIVO
39320004015;27/09/2024;CONSUMO;ATTIVO
39320004016;09/04/2023;RICARICA;SOSPESO
39320004017;14/11/2023;CONSUMO;ATTIVO
39320004018;22/04/2025;RICARICA;ATTIVO
39320004019;08/09/2021;CONSUMO;ATTIVO
39320004020;16/10/2023;RICARICA;ATTIVO
39320004021;03/10/2021;CONSUMO;ATTIVO
39320004022;20/02/2025;RICARICA;ATTIVO
39320004023;20/05/2021;CONSUMO;ATTIVO
39320004024;24/02/2021;RICARICA;SOSPESO
39320004025;23/02/2023;CONSUMO;ATTIVO
39320004026;01/11/2022;RICARICA;ATTIVO
39320004027;27/06/2024;CONSUMO;ATTIVO
39320004028;06/04/2025;RICARICA;ATTIVO
39320004029;20/03/2025;CONSUMO;ATTIVO
39320004030;06/10/2023;RICARICA;ATTIVO
39320004031;18/02/2022;CONSUMO;ATTIVO
39320004032;17/10/2023;RICARICA;ATTIVO
39320004033;20/06/2022;CONSUMO;ATTIVO
39320004034;16/07/2025;RICARICA;ATTIVO
39320004035;25/01/2024;CONSUMO;ATTIVO
39320004036;14/04/2025;RICARICA;ATTIVO
39320004037;01/06/2023;CONSUMO;ATTIVO
39320004038;01/09/2021;RICARICA;ATTIVO
39320004039;07/10/2022;CONSUMO;ATTIVO
39320004040;26/06/2023;RICARICA;ATTIVO
39320004041;09/03/2021;CONSUMO;ATTIVO
39320004042;12/09/2024;RICARICA;ATTIVO
39320004043;13/09/2022;CONSUMO;ATTIVO
39320004044;03/12/2021;RICARICA;ATTIVO
39320004045;03/10/2021;CONSUMO;ATTIVO
39320004046;08/03/2023;RICARICA;ATTIVO
39320004047;13/08/2021;CONSUMO;ATTIVO
39320004048;02/10/2023;RICARICA;ATTIVO
39320004049;04/11/2024;CONSUMO;ATTIVO
39320004050;21/08/2023;RICARICA;ATTIVO
39320004051;16/10/2025;CONSUMO;ATTIVO
39320004052;25/04/2021;RICARICA;ATTIVO
39320004053;11/10/2023;CONSUMO;ATTIVO
39320004054;13/02/2023;RICARICA;ATTIVO
39320004055;24/12/2022;CONSUMO;ATTIVO
39320004056;06/08/2022;RICARICA;ATTIVO
39320004057;27/02/2021;CONSUMO;ATTIVO
39320004058;20/09/2021;RICARICA;ATTIVO
39320004059;16/12/2022;CONSUMO;ATTIVO
39320004060;10/04/2024;RICARICA;ATTIVO
39320004061;31/12/2025;CONSUMO;ATTIVO
39320004062;19/02/2023;RICARICA;ATTIVO
39320004063;08/12/2022;CONSUMO;SOSPESO
39320004064;24/04/2023;RICARICA;ATTIVO
39320004065;16/09/2024;CONSUMO;ATTIVO
39320004066;26/04/2022;RICARICA;ATTIVO
39320004067;28/04/2024;CONSUMO;ATTIVO
39320004068;10/11/2024;RICARICA;ATTIVO
39320004069;17/09/2022;CONSUMO;ATTIVO
39320004070;14/12/2021;RICARICA;ATTIVO
39320004071;30/10/2022;CONSUMO;ATTIVO
39320004072;09/09/2024;RICARICA;ATTIVO
39320004073;09/03/2024;CONSUMO;ATTIVO
39320004074;13/05/2023;RICARICA;ATTIVO
39320004075;26/11/2024;CONSUMO;ATTIVO
39320004076;15/02/2021;RICARICA;SOSPESO
39320004077;13/02/2023;CONSUMO;ATTIVO
39320004078;23/10/2022;RICARICA;ATTIVO
39320004079;14/07/2025;CONSUMO;ATTIVO
39320004080;15/11/2024;RICARICA;ATTIVO
39320004081;20/11/2022;CONSUMO;ATTIVO
39320004082;20/07/2025;RICARICA;ATTIVO
39320004083;27/11/2022;CONSUMO;ATTIVO
39320004084;06/09/2022;RICARICA;ATTIVO
39320004085;12/06/2023;CONSUMO;ATTIVO
39320004086;25/07/2024;RICARICA;ATTIVO
39320004087;01/06/2025;CONSUMO;ATTIVO
39320004088;08/10/2025;RICARICA;ATTIVO
39320004089;12/08/2022;CONSUMO;ATTIVO
39320004090;01/09/2022;RICARICA;SOSPESO
39320004091;04/04/2023;CONSUMO;ATTIVO
39320004092;03/07/2024;RICARICA;ATTIVO
39320004093;08/07/2021;CONSUMO;ATTIVO
39320004094;30/03/2024;RICARICA;ATTIVO
39320004095;21/11/2022;CONSUMO;ATTIVO
39320004096;06/03/2024;RICARICA;ATTIVO
39320004097;01/09/2023;CONSUMO;ATTIVO
39320004098;13/12/2022;RICARICA;ATTIVO
39320004099;27/08/2024;CONSUMO;ATTIVO
39320004100;31/10/2023;RICARICA;ATTIVO
39320004101;06/06/2023;CONSUMO;ATTIVO
39320004102;04/10/2022;RICARICA;ATTIVO
39320004103;04/04/2023;CONSUMO;ATTIVO
39320004104;22/11/2023;RICARICA;ATTIVO
39320004105;13/04/2025;CONSUMO;ATTIVO
39320004106;10/12/2025;RICARICA;ATTIVO
39320004107;11/12/2024;CONSUMO;ATTIVO
39320004108;18/01/2022;RICARICA;ATTIVO
39320004109;13/03/2022;CONSUMO;ATTIVO
39320004110;15/08/2025;RICARICA;ATTIVO
39320004111;16/08/2023;CONSUMO;ATTIVO
39320004112;30/07/2024;RICARICA;ATTIVO
39320004113;12/06/2024;CONSUMO;ATTIVO
39320004114;01/02/2026;RICARICA;ATTIVO
39320004115;05/03/2024;CONSUMO;ATTIVO
39320004116;03/05/2021;RICARICA;ATTIVO
39320004117;17/01/2023;CONSUMO;ATTIVO
39320004118;08/05/2022;RICARICA;ATTIVO
39320004119;04/11/2024;CONSUMO;ATTIVO
39320004120;25/09/2025;RICARICA;ATTIVO
39320004121;15/10/2022;CONSUMO;ATTIVO
39320004122;10/02/2026;RICARICA;ATTIVO
39320004123;21/02/2022;CONSUMO;ATTIVO
39320004124;01/07/2022;RICARICA;ATTIVO
39320004125;16/08/2024;CONSUMO;ATTIVO
39320004126;07/11/2024;RICARICA;ATTIVO
39320004127;12/04/2023;CONSUMO;ATTIVO
39320004128;04/11/2021;RICARICA;ATTIVO
39320004129;18/05/2022;CONSUMO;ATTIVO
39320004130;28/09/2022;RICARICA;ATTIVO
39320004131;21/02/2024;CONSUMO;SOSPESO
39320004132;15/05/2023;RICARICA;ATTIVO
39320004133;17/03/2021;CONSUMO;ATTIVO
39320004134;13/07/2022;RICARICA;ATTIVO
39320004135;14/06/2022;CONSUMO;ATTIVO
39320004136;23/07/2022;RICARICA;ATTIVO
39320004137;27/12/2021;CONSUMO;ATTIVO
39320004138;28/03/2021;RICARICA;SOSPESO
39320004139;23/09/2023;CONSUMO;ATTIVO
39320004140;24/04/2021;RICARICA;ATTIVO
39320004141;21/06/2021;CONSUMO;ATTIVO
39320004142;03/09/2022;RICARICA;ATTIVO
39320004143;19/01/2026;CONSUMO;SOSPESO
39320004144;11/01/2026;RICARICA;ATTIVO
39320004145;08/09/2024;CONSUMO;ATTIVO
39320004146;24/03/2023;RICARICA;SOSPESO
39320004147;23/01/2025;CONSUMO;ATTIVO
39320004148;29/04/2022;RICARICA;ATTIVO
39320004149;13/02/2025;CONSUMO;ATTIVO
39320004150;05/09/2021;RICARICA;ATTIVO
39320004151;25/08/2025;CONSUMO;ATTIVO
39320004152;07/05/2025;RICARICA;SOSPESO
39320004153;31/05/2022;CONSUMO;ATTIVO
39320004154;04/07/2021;RICARICA;ATTIVO
39320004155;08/09/2021;CONSUMO;ATTIVO
39320004156;04/10/2022;RICARICA;ATTIVO
39320004157;11/04/2024;CONSUMO;ATTIVO
39320004158;09/07/2025;RICARICA;ATTIVO
39320004159;29/04/2022;CONSUMO;SOSPESO
39320004160;23/03/2022;RICARICA;ATTIVO
39320004161;25/12/2021;CONSUMO;ATTIVO
39320004162;17/07/2022;RICARICA;ATTIVO
39320004163;05/06/2022;CONSUMO;ATTIVO
39320004164;25/04/2021;RICARICA;ATTIVO
39320004165;07/02/2023;CONSUMO;ATTIVO
39320004166;20/08/2021;RICARICA;ATTIVO
39320004167;18/05/2023;CONSUMO;ATTIVO
39320004168;20/05/2022;RICARICA;SOSPESO
39320004169;07/12/2025;CONSUMO;ATTIVO
39320004170;24/10/2021;RICARICA;ATTIVO
39320004171;05/01/2025;CONSUMO;ATTIVO
39320004172;24/09/2022;RICARICA;ATTIVO
39320004173;28/01/2026;CONSUMO;ATTIVO
39320004174;20/09/2025;RICARICA;ATTIVO
39320004175;25/06/2025;CONSUMO;SOSPESO
39320004176;15/11/2024;RICARICA;ATTIVO
39320004177;07/10/2024;CONSUMO;ATTIVO
39320004178;06/02/2024;RICARICA;ATTIVO
39320004179;01/08/2024;CONSUMO;SOSPESO
39320004180;14/01/2023;RICARICA;ATTIVO
39320004181;04/11/2024;CONSUMO;ATTIVO
39320004182;11/11/2025;RICARICA;ATTIVO
39320004183;26/06/2023;CONSUMO;ATTIVO
39320004184;07/02/2026;RICARICA;SOSPESO
39320004185;15/03/2026;CONSUMO;SOSPESO
39320004186;08/06/2022;RICARICA;ATTIVO
39320004187;12/08/2025;CONSUMO;ATTIVO
39320004188;02/09/2022;RICARICA;ATTIVO
39320004189;29/12/2025;CONSUMO;ATTIVO
39320004190;18/06/2023;RICARICA;ATTIVO
39320004191;07/12/2025;CONSUMO;ATTIVO
39320004192;12/08/2024;RICARICA;ATTIVO
39320004193;11/03/2021;CONSUMO;ATTIVO
39320004194;14/06/2021;RICARICA;ATTIVO
39320004195;04/10/2023;CONSUMO;ATTIVO
39320004196;26/04/2023;RICARICA;SOSPESO
39320004197;13/11/2022;CONSUMO;ATTIVO
39320004198;01/12/2025;RICARICA;ATTIVO
39320004199;25/07/2021;CONSUMO;ATTIVO
39320004200;01/12/2024;RICARICA;ATTIVO
39320004201;16/05/2021;CONSUMO;ATTIVO
39320004202;18/05/2024;RICARICA;ATTIVO
39320004203;27/01/2024;CONSUMO;ATTIVO
39320004204;18/07/2023;RICARICA;ATTIVO
39320004205;10/04/2025;CONSUMO;ATTIVO
39320004206;06/08/2024;RICARICA;ATTIVO
39320004207;28/06/2023;CONSUMO;ATTIVO
39320004208;06/10/2021;RICARICA;ATTIVO
39320004209;14/02/2022;CONSUMO;ATTIVO
39320004210;05/10/2022;RICARICA;ATTIVO
39320004211;15/08/2021;CONSUMO;ATTIVO
39320004212;24/11/2023;RICARICA;ATTIVO
39320004213;22/04/2025;CONSUMO;ATTIVO
39320004214;12/04/2025;RICARICA;ATTIVO
39320004215;01/05/2024;CONSUMO;ATTIVO
39320004216;12/06/2025;RICARICA;SOSPESO
39320004217;14/07/2023;CONSUMO;ATTIVO
39320004218;14/02/2025;RICARICA;ATTIVO
39320004219;22/12/2021;CONSUMO;ATTIVO
39320004220;21/08/2025;RICARICA;ATTIVO
39320004221;01/08/2022;CONSUMO;ATTIVO
39320004222;29/04/2023;RICARICA;ATTIVO
39320004223;17/03/2023;CONSUMO;ATTIVO
39320004224;06/09/2025;RICARICA;ATTIVO
39320004225;05/04/2022;CONSUMO;ATTIVO
39320004226;17/02/2021;RICARICA;SOSPESO
39320004227;18/08/2024;CONSUMO;ATTIVO
39320004228;14/04/2022;RICARICA;ATTIVO
39320004229;06/08/2023;CONSUMO;ATTIVO
39320004230;07/12/2024;RICARICA;ATTIVO
39320004231;12/04/2021;CONSUMO;ATTIVO
39320004232;29/05/2023;RICARICA;ATTIVO
39320004233;02/11/2021;CONSUMO;ATTIVO
39320004234;24/01/2023;RICARICA;ATTIVO
39320004235;07/03/2024;CONSUMO;ATTIVO
39320004236;11/01/2025;RICARICA;ATTIVO
39320004237;03/05/2025;CONSUMO;ATTIVO
39320004238;19/07/2023;RICARICA;ATTIVO
39320004239;10/10/2023;CONSUMO;ATTIVO
39320004240;01/01/2025;RICARICA;ATTIVO
39320004241;01/11/2025;CONSUMO;ATTIVO
39320004242;30/06/2022;RICARICA;ATTIVO
39320004243;10/10/2023;CONSUMO;ATTIVO
39320004244;03/06/2023;RICARICA;ATTIVO
39320004245;13/05/2024;CONSUMO;ATTIVO
39320004246;15/08/2025;RICARICA;ATTIVO
39320004247;18/10/2024;CONSUMO;ATTIVO
39320004248;05/01/2022;RICARICA;ATTIVO
39320004249;26/10/2021;CONSUMO;ATTIVO
39320004250;21/06/2022;RICARICA;ATTIVO
39320004251;13/07/2023;CONSUMO;ATTIVO
39320004252;28/01/2023;RICARICA;ATTIVO
39320004253;18/08/2024;CONSUMO;ATTIVO
39320004254;22/01/2021;RICARICA;ATTIVO
39320004255;20/11/2025;CONSUMO;ATTIVO
39320004256;20/11/2024;RICARICA;ATTIVO
39320004257;11/03/2022;CONSUMO;ATTIVO
39320004258;21/12/2024;RICARICA;ATTIVO
39320004259;08/05/2024;CONSUMO;ATTIVO
39320004260;15/07/2021;RICARICA;ATTIVO
39320004261;17/04/2021;CONSUMO;ATTIVO
39320004262;26/04/2022;RICARICA;ATTIVO
39320004263;27/12/2022;CONSUMO;SOSPESO
39320004264;05/10/2024;RICARICA;SOSPESO
39320004265;10/05/2024;CONSUMO;ATTIVO
39320004266;17/07/2025;RICARICA;ATTIVO
39320004267;04/06/2022;CONSUMO;ATTIVO
39320004268;20/02/2023;RICARICA;ATTIVO
39320004269;20/03/2023;CONSUMO;ATTIVO
39320004270;28/09/2021;RICARICA;SOSPESO
39320004271;20/02/2024;CONSUMO;ATTIVO
39320004272;03/01/2022;RICARICA;ATTIVO
39320004273;29/10/2023;CONSUMO;ATTIVO
39320004274;26/11/2022;RICARICA;ATTIVO
39320004275;28/09/2021;CONSUMO;ATTIVO
39320004276;25/12/2024;RICARICA;ATTIVO
39320004277;18/10/2021;CONSUMO;ATTIVO
39320004278;04/10/2022;RICARICA;ATTIVO
39320004279;19/09/2021;CONSUMO;ATTIVO
39320004280;06/09/2025;RICARICA;ATTIVO
39320004281;09/01/2023;CONSUMO;SOSPESO
39320004282;03/08/2022;RICARICA;ATTIVO
39320004283;24/06/2022;CONSUMO;ATTIVO
39320004284;09/04/2025;RICARICA;SOSPESO
39320004285;25/11/2023;CONSUMO;ATTIVO
39320004286;03/01/2026;RICARICA;ATTIVO
39320004287;18/02/2025;CONSUMO;SOSPESO
39320004288;14/04/2025;RICARICA;SOSPESO
39320004289;13/02/2024;CONSUMO;ATTIVO
39320004290;08/09/2024;RICARICA;ATTIVO
39320004291;21/06/2023;CONSUMO;ATTIVO
39320004292;01/11/2021;RICARICA;ATTIVO
39320004293;11/01/2022;CONSUMO;ATTIVO
39320004294;17/06/2022;RICARICA;ATTIVO
39320004295;15/08/2023;CONSUMO;ATTIVO
39320004296;08/01/2026;RICARICA;SOSPESO
39320004297;25/03/2021;CONSUMO;ATTIVO
39320004298;23/12/2024;RICARICA;ATTIVO
39320004299;27/07/2023;CONSUMO;ATTIVO
39320004300;29/09/2025;RICARICA;ATTIVO
39320004301;31/10/2021;CONSUMO;ATTIVO
39320004302;11/07/2021;RICARICA;ATTIVO
39320004303;05/08/2022;CONSUMO;ATTIVO
39320004304;11/12/2021;RICARICA;ATTIVO
39320004305;12/08/2025;CONSUMO;ATTIVO
39320004306;30/12/2025;RICARICA;ATTIVO
39320004307;11/03/2022;CONSUMO;ATTIVO
39320004308;09/01/2021;RICARICA;ATTIVO
39320004309;14/03/2024;CONSUMO;ATTIVO
39320004310;01/03/2026;RICARICA;ATTIVO
39320004311;23/04/2025;CONSUMO;ATTIVO
39320004312;13/07/2021;RICARICA;ATTIVO
39320004313;23/02/2021;CONSUMO;ATTIVO
39320004314;25/10/2024;RICARICA;ATTIVO
39320004315;05/02/2023;CONSUMO;ATTIVO
39320004316;06/08/2021;RICARICA;ATTIVO
39320004317;11/11/2021;CONSUMO;ATTIVO
39320004318;01/08/2023;RICARICA;ATTIVO
39320004319;12/09/2024;CONSUMO;ATTIVO
39320004320;10/07/2024;RICARICA;SOSPESO
39320004321;01/05/2024;CONSUMO;ATTIVO
39320004322;06/11/2022;RICARICA;SOSPESO
39320004323;05/09/2024;CONSUMO;ATTIVO
39320004324;17/07/2023;RICARICA;ATTIVO
39320004325;07/02/2025;CONSUMO;SOSPESO
39320004326;01/02/2026;RICARICA;SOSPESO
39320004327;11/03/2024;CONSUMO;ATTIVO
39320004328;03/11/2025;RICARICA;ATTIVO
39320004329;11/08/2024;CONSUMO;ATTIVO
39320004330;23/06/2025;RICARICA;ATTIVO
39320004331;25/05/2021;CONSUMO;ATTIVO
39320004332;18/05/2024;RICARICA;ATTIVO
39320004333;28/03/2023;CONSUMO;ATTIVO
39320004334;07/05/2022;RICARICA;SOSPESO
39320004335;08/11/2025;CONSUMO;ATTIVO
39320004336;12/02/2021;RICARICA;ATTIVO
39320004337;30/11/2021;CONSUMO;ATTIVO
39320004338;05/04/2023;RICARICA;ATTIVO
39320004339;22/03/2025;CONSUMO;SOSPESO
39320004340;12/11/2021;RICARICA;ATTIVO
39320004341;03/10/2023;CONSUMO;ATTIVO
39320004342;16/02/2025;RICARICA;ATTIVO
39320004343;28/09/2022;CONSUMO;ATTIVO
39320004344;20/05/2024;RICARICA;ATTIVO
39320004345;24/09/2024;CONSUMO;ATTIVO
39320004346;23/01/2023;RICARICA;ATTIVO
39320004347;30/09/2023;CONSUMO;ATTIVO
39320004348;06/03/2023;RICARICA;ATTIVO
39320004349;28/02/2024;CONSUMO;ATTIVO
39320004350;04/07/2021;RICARICA;ATTIVO
39320004351;19/07/2025;CONSUMO;ATTIVO
39320004352;17/01/2022;RICARICA;ATTIVO
39320004353;23/05/2023;CONSUMO;ATTIVO
39320004354;18/11/2023;RICARICA;ATTIVO
39320004355;08/08/2023;CONSUMO;ATTIVO
39320004356;19/08/2024;RICARICA;ATTIVO
39320004357;14/11/2021;CONSUMO;SOSPESO
39320004358;16/12/2023;RICARICA;ATTIVO
39320004359;11/12/2023;CONSUMO;ATTIVO
39320004360;17/08/2023;RICARICA;ATTIVO
39320004361;01/02/2026;CONSUMO;ATTIVO
39320004362;08/09/2022;RICARICA;ATTIVO
39320004363;19/09/2021;CONSUMO;ATTIVO
39320004364;08/09/2022;RICARICA;ATTIVO
39320004365;08/12/2023;CONSUMO;ATTIVO
39320004366;10/03/2024;RICARICA;ATTIVO
39320004367;06/06/2021;CONSUMO;ATTIVO
39320004368;18/11/2023;RICARICA;ATTIVO
39320004369;21/05/2023;CONSUMO;ATTIVO
39320004370;10/08/2023;RICARICA;ATTIVO
39320004371;10/03/2024;CONSUMO;ATTIVO
39320004372;29/12/2022;RICARICA;ATTIVO
39320004373;17/06/2021;CONSUMO;ATTIVO
39320004374;03/02/2021;RICARICA;ATTIVO
39320004375;16/09/2024;CONSUMO;ATTIVO
39320004376;30/05/2025;RICARICA;ATTIVO
39320004377;16/03/2023;CONSUMO;ATTIVO
39320004378;03/05/2023;RICARICA;ATTIVO
39320004379;02/09/2022;CONSUMO;ATTIVO
39320004380;22/01/2025;RICARICA;ATTIVO
39320004381;04/10/2024;CONSUMO;ATTIVO
39320004382;13/07/2025;RICARICA;ATTIVO
39320004383;24/02/2026;CONSUMO;ATTIVO
39320004384;19/01/2022;RICARICA;ATTIVO
39320004385;10/06/2021;CONSUMO;ATTIVO
39320004386;22/05/2024;RICARICA;ATTIVO
39320004387;11/10/2024;CONSUMO;ATTIVO
39320004388;31/12/2023;RICARICA;ATTIVO
39320004389;20/03/2023;CONSUMO;ATTIVO
39320004390;18/12/2021;RICARICA;ATTIVO
39320004391;01/08/2023;CONSUMO;ATTIVO
39320004392;15/11/2025;RICARICA;ATTIVO
39320004393;05/03/2025;CONSUMO;ATTIVO
39320004394;24/09/2023;RICARICA;ATTIVO
39320004395;24/07/2025;CONSUMO;SOSPESO
39320004396;09/01/2023;RICARICA;ATTIVO
39320004397;14/11/2024;CONSUMO;ATTIVO
39320004398;06/07/2025;RICARICA;ATTIVO
39320004399;14/09/2021;CONSUMO;ATTIVO
39320004400;26/01/2022;RICARICA;ATTIVO
39320004401;02/02/2021;CONSUMO;ATTIVO
39320004402;21/01/2022;RICARICA;ATTIVO
39320004403;05/03/2022;CONSUMO;ATTIVO
39320004404;25/10/2021;RICARICA;ATTIVO
39320004405;12/06/2023;CONSUMO;ATTIVO
39320004406;24/10/2025;RICARICA;ATTIVO
39320004407;26/01/2022;CONSUMO;ATTIVO
39320004408;26/04/2025;RICARICA;ATTIVO
39320004409;29/08/2023;CONSUMO;ATTIVO
39320004410;27/08/2021;RICARICA;ATTIVO
39320004411;09/11/2021;CONSUMO;ATTIVO
39320004412;01/07/2023;RICARICA;SOSPESO
39320004413;24/08/2023;CONSUMO;ATTIVO
39320004414;10/07/2023;RICARICA;ATTIVO
39320004415;17/02/2022;CONSUMO;ATTIVO
39320004416;26/08/2025;RICARICA;ATTIVO
39320004417;15/04/2021;CONSUMO;ATTIVO
39320004418;30/07/2021;RICARICA;ATTIVO
39320004419;31/12/2024;CONSUMO;ATTIVO
39320004420;02/05/2023;RICARICA;ATTIVO
39320004421;18/02/2025;CONSUMO;ATTIVO
39320004422;06/02/2025;RICARICA;ATTIVO
39320004423;19/08/2022;CONSUMO;ATTIVO
39320004424;30/03/2023;RICARICA;ATTIVO
39320004425;25/04/2024;CONSUMO;ATTIVO
39320004426;21/10/2024;RICARICA;ATTIVO
39320004427;12/11/2025;CONSUMO;ATTIVO
39320004428;02/01/2025;RICARICA;ATTIVO
39320004429;08/02/2021;CONSUMO;ATTIVO
39320004430;09/10/2022;RICARICA;ATTIVO
39320004431;03/07/2022;CONSUMO;ATTIVO
39320004432;05/05/2023;RICARICA;ATTIVO
39320004433;28/08/2021;CONSUMO;ATTIVO
39320004434;16/08/2024;RICARICA;ATTIVO
39320004435;29/11/2024;CONSUMO;ATTIVO
39320004436;27/11/2021;RICARICA;ATTIVO
39320004437;29/01/2022;CONSUMO;ATTIVO
39320004438;17/06/2023;RICARICA;ATTIVO
39320004439;26/03/2022;CONSUMO;ATTIVO
39320004440;03/11/2024;RICARICA;ATTIVO
39320004441;18/05/2024;CONSUMO;ATTIVO
39320004442;04/01/2025;RICARICA;ATTIVO
39320004443;26/09/2021;CONSUMO;ATTIVO
39320004444;20/01/2025;RICARICA;ATTIVO
39320004445;04/05/2023;CONSUMO;ATTIVO
39320004446;10/10/2024;RICARICA;ATTIVO
39320004447;08/01/2023;CONSUMO;ATTIVO
39320004448;26/06/2025;RICARICA;SOSPESO
39320004449;28/11/2021;CONSUMO;ATTIVO
39320004450;02/08/2022;RICARICA;ATTIVO
39320004451;26/06/2021;CONSUMO;ATTIVO
39320004452;22/09/2021;RICARICA;ATTIVO
39320004453;17/11/2021;CONSUMO;ATTIVO
39320004454;26/07/2021;RICARICA;ATTIVO
39320004455;09/10/2023;CONSUMO;ATTIVO
39320004456;05/03/2022;RICARICA;ATTIVO
39320004457;07/02/2021;CONSUMO;ATTIVO
39320004458;19/06/2022;RICARICA;ATTIVO
39320004459;21/11/2021;CONSUMO;ATTIVO
39320004460;27/10/2025;RICARICA;ATTIVO
39320004461;07/03/2021;CONSUMO;ATTIVO
39320004462;23/11/2022;RICARICA;ATTIVO
39320004463;18/06/2024;CONSUMO;ATTIVO
39320004464;25/02/2024;RICARICA;ATTIVO
39320004465;13/06/2022;CONSUMO;SOSPESO
39320004466;27/05/2025;RICARICA;ATTIVO
39320004467;06/04/2021;CONSUMO;ATTIVO
39320004468;15/02/2024;RICARICA;ATTIVO
39320004469;06/11/2021;CONSUMO;ATTIVO
39320004470;25/11/2025;RICARICA;ATTIVO
39320004471;03/10/2024;CONSUMO;ATTIVO
39320004472;14/04/2021;RICARICA;SOSPESO
39320004473;16/06/2023;CONSUMO;ATTIVO
39320004474;20/09/2025;RICARICA;ATTIVO
39320004475;05/08/2021;CONSUMO;ATTIVO
39320004476;02/06/2024;RICARICA;ATTIVO
39320004477;28/07/2021;CONSUMO;ATTIVO
39320004478;27/03/2021;RICARICA;ATTIVO
39320004479;09/12/2021;CONSUMO;ATTIVO
39320004480;19/11/2025;RICARICA;ATTIVO
39320004481;11/01/2023;CONSUMO;ATTIVO
39320004482;22/08/2022;RICARICA;ATTIVO
39320004483;10/04/2025;CONSUMO;ATTIVO
39320004484;09/02/2025;RICARICA;ATTIVO
39320004485;12/11/2021;CONSUMO;ATTIVO
39320004486;17/11/2022;RICARICA;ATTIVO
39320004487;09/09/2021;CONSUMO;ATTIVO
39320004488;19/06/2023;RICARICA;SOSPESO
39320004489;25/04/2025;CONSUMO;ATTIVO
39320004490;18/05/2022;RICARICA;ATTIVO
39320004491;29/08/2023;CONSUMO;ATTIVO
39320004492;01/11/2023;RICARICA;ATTIVO
39320004493;29/06/2022;CONSUMO;ATTIVO
39320004494;26/03/2025;RICARICA;ATTIVO
39320004495;13/07/2024;CONSUMO;ATTIVO
39320004496;07/11/2021;RICARICA;ATTIVO
39320004497;21/12/2023;CONSUMO;ATTIVO
39320004498;13/04/2022;RICARICA;ATTIVO
39320004499;29/05/2023;CONSUMO;ATTIVO
39320004500;19/04/2023;RICARICA;ATTIVO
39320004501;12/10/2025;CONSUMO;ATTIVO
39320004502;29/10/2024;RICARICA;ATTIVO
39320004503;02/03/2021;CONSUMO;ATTIVO
39320004504;27/04/2025;RICARICA;ATTIVO
39320004505;10/07/2025;CONSUMO;ATTIVO
39320004506;23/05/2021;RICARICA;ATTIVO
39320004507;07/10/2022;CONSUMO;ATTIVO
39320004508;01/05/2025;RICARICA;ATTIVO
39320004509;06/05/2021;CONSUMO;ATTIVO
39320004510;17/03/2021;RICARICA;ATTIVO
39320004511;06/08/2024;CONSUMO;ATTIVO
39320004512;22/03/2024;RICARICA;ATTIVO
39320004513;17/07/2024;CONSUMO;SOSPESO
39320004514;25/06/2025;RICARICA;ATTIVO
39320004515;01/12/2023;CONSUMO;SOSPESO
39320004516;09/05/2023;RICARICA;ATTIVO
39320004517;26/10/2024;CONSUMO;ATTIVO
39320004518;25/11/2025;RICARICA;ATTIVO
39320004519;02/03/2025;CONSUMO;ATTIVO
39320004520;06/12/2022;RICARICA;ATTIVO
39320004521;27/07/2022;CONSUMO;ATTIVO
39320004522;04/06/2024;RICARICA;SOSPESO
39320004523;05/12/2024;CONSUMO;ATTIVO
39320004524;11/08/2024;RICARICA;ATTIVO
39320004525;20/01/2024;CONSUMO;ATTIVO
39320004526;20/06/2024;RICARICA;ATTIVO
39320004527;29/11/2024;CONSUMO;ATTIVO
39320004528;21/07/2025;RICARICA;ATTIVO
39320004529;09/04/2023;CONSUMO;ATTIVO
39320004530;10/12/2025;RICARICA;ATTIVO
39320004531;17/03/2021;CONSUMO;ATTIVO
39320004532;10/03/2023;RICARICA;ATTIVO
39320004533;24/02/2025;CONSUMO;ATTIVO
39320004534;02/12/2023;RICARICA;SOSPESO
39320004535;05/08/2022;CONSUMO;ATTIVO
39320004536;14/11/2023;RICARICA;ATTIVO
39320004537;04/12/2023;CONSUMO;ATTIVO
39320004538;25/07/2024;RICARICA;ATTIVO
39320004539;27/02/2021;CONSUMO;ATTIVO
39320004540;11/01/2024;RICARICA;ATTIVO
39320004541;10/05/2022;CONSUMO;ATTIVO
39320004542;15/09/2022;RICARICA;ATTIVO
39320004543;01/11/2023;CONSUMO;ATTIVO
39320004544;03/05/2021;RICARICA;ATTIVO
39320004545;16/06/2022;CONSUMO;ATTIVO
39320004546;27/12/2022;RICARICA;ATTIVO
39320004547;30/03/2025;CONSUMO;ATTIVO
39320004548;13/09/2021;RICARICA;ATTIVO
39320004549;18/03/2024;CONSUMO;ATTIVO
39320004550;18/07/2023;RICARICA;ATTIVO
39320004551;29/04/2022;CONSUMO;ATTIVO
39320004552;06/04/2024;RICARICA;ATTIVO
39320004553;06/01/2026;CONSUMO;SOSPESO
39320004554;24/09/2024;RICARICA;ATTIVO
39320004555;04/05/2024;CONSUMO;ATTIVO
39320004556;05/09/2022;RICARICA;ATTIVO
39320004557;27/05/2025;CONSUMO;ATTIVO
39320004558;19/03/2024;RICARICA;ATTIVO
39320004559;02/01/2025;CONSUMO;ATTIVO
39320004560;19/02/2025;RICARICA;ATTIVO
39320004561;03/11/2022;CONSUMO;ATTIVO
39320004562;30/01/2022;RICARICA;ATTIVO
39320004563;10/01/2023;CONSUMO;ATTIVO
39320004564;28/10/2021;RICARICA;ATTIVO
39320004565;24/08/2025;CONSUMO;ATTIVO
39320004566;08/07/2021;RICARICA;ATTIVO
39320004567;25/12/2025;CONSUMO;ATTIVO
39320004568;16/03/2022;RICARICA;ATTIVO
39320004569;27/01/2023;CONSUMO;ATTIVO
39320004570;05/04/2023;RICARICA;ATTIVO
39320004571;29/11/2023;CONSUMO;ATTIVO
39320004572;21/11/2025;RICARICA;ATTIVO
39320004573;19/10/2023;CONSUMO;ATTIVO
39320004574;21/06/2023;RICARICA;ATTIVO
39320004575;30/09/2023;CONSUMO;ATTIVO
39320004576;04/05/2023;RICARICA;ATTIVO
39320004577;23/10/2021;CONSUMO;ATTIVO
39320004578;20/09/2023;RICARICA;ATTIVO
39320004579;22/09/2021;CONSUMO;SOSPESO
39320004580;18/11/2023;RICARICA;ATTIVO
39320004581;30/08/2021;CONSUMO;ATTIVO
39320004582;22/07/2023;RICARICA;ATTIVO
39320004583;09/03/2025;CONSUMO;ATTIVO
39320004584;19/02/2024;RICARICA;ATTIVO
39320004585;01/09/2021;CONSUMO;ATTIVO
39320004586;17/04/2023;RICARICA;ATTIVO
39320004587;27/01/2023;CONSUMO;ATTIVO
39320004588;24/03/2021;RICARICA;ATTIVO
39320004589;30/08/2021;CONSUMO;ATTIVO
39320004590;06/02/2023;RICARICA;ATTIVO
39320004591;23/09/2023;CONSUMO;ATTIVO
39320004592;20/10/2021;RICARICA;ATTIVO
39320004593;22/04/2024;CONSUMO;ATTIVO
39320004594;06/01/2026;RICARICA;ATTIVO
39320004595;04/08/2022;CONSUMO;ATTIVO
39320004596;05/08/2025;RICARICA;ATTIVO
39320004597;05/01/2021;CONSUMO;ATTIVO
39320004598;16/12/2022;RICARICA;ATTIVO
39320004599;02/04/2021;CONSUMO;ATTIVO
39320004600;19/03/2024;RICARICA;ATTIVO
39320004601;16/07/2023;CONSUMO;ATTIVO
39320004602;20/05/2025;RICARICA;ATTIVO
39320004603;05/09/2025;CONSUMO;ATTIVO
39320004604;25/05/2024;RICARICA;ATTIVO
39320004605;11/10/2021;CONSUMO;ATTIVO
39320004606;02/08/2023;RICARICA;ATTIVO
39320004607;28/09/2024;CONSUMO;ATTIVO
39320004608;10/11/2025;RICARICA;ATTIVO
39320004609;02/07/2021;CONSUMO;ATTIVO
39320004610;22/09/2024;RICARICA;ATTIVO
39320004611;05/03/2023;CONSUMO;ATTIVO
39320004612;21/03/2023;RICARICA;ATTIVO
39320004613;04/04/2021;CONSUMO;SOSPESO
39320004614;28/12/2025;RICARICA;ATTIVO
39320004615;23/07/2022;CONSUMO;ATTIVO
39320004616;09/11/2025;RICARICA;ATTIVO
39320004617;20/02/2021;CONSUMO;ATTIVO
39320004618;19/06/2025;RICARICA;ATTIVO
39320004619;25/09/2022;CONSUMO;ATTIVO
39320004620;11/09/2021;RICARICA;ATTIVO
39320004621;24/06/2021;CONSUMO;ATTIVO
39320004622;21/06/2024;RICARICA;ATTIVO
39320004623;01/04/2025;CONSUMO;ATTIVO
39320004624;13/03/2024;RICARICA;ATTIVO
39320004625;18/03/2025;CONSUMO;ATTIVO
39320004626;11/01/2026;RICARICA;ATTIVO
39320004627;10/09/2024;CONSUMO;SOSPESO
39320004628;04/01/2022;RICARICA;SOSPESO
39320004629;18/07/2022;CONSUMO;ATTIVO
39320004630;18/05/2022;RICARICA;ATTIVO
39320004631;15/09/2025;CONSUMO;ATTIVO
39320004632;29/06/2023;RICARICA;ATTIVO
39320004633;29/12/2023;CONSUMO;ATTIVO
39320004634;03/04/2023;RICARICA;ATTIVO
39320004635;04/10/2023;CONSUMO;ATTIVO
39320004636;17/02/2021;RICARICA;ATTIVO
39320004637;05/01/2022;CONSUMO;ATTIVO
39320004638;27/10/2025;RICARICA;ATTIVO
39320004639;22/02/2023;CONSUMO;ATTIVO
39320004640;23/08/2021;RICARICA;SOSPESO
39320004641;15/01/2024;CONSUMO;ATTIVO
39320004642;22/10/2021;RICARICA;ATTIVO
39320004643;23/04/2025;CONSUMO;ATTIVO
39320004644;21/09/2022;RICARICA;SOSPESO
39320004645;21/10/2024;CONSUMO;ATTIVO
39320004646;12/06/2024;RICARICA;SOSPESO
39320004647;07/01/2022;CONSUMO;ATTIVO
39320004648;30/04/2021;RICARICA;ATTIVO
39320004649;22/07/2021;CONSUMO;ATTIVO
39320004650;26/04/2023;RICARICA;ATTIVO
39320004651;13/06/2022;CONSUMO;ATTIVO
39320004652;23/08/2025;RICARICA;ATTIVO
39320004653;17/04/2021;CONSUMO;ATTIVO
39320004654;21/03/2025;RICARICA;ATTIVO
39320004655;30/04/2022;CONSUMO;ATTIVO
39320004656;21/03/2025;RICARICA;ATTIVO
39320004657;24/08/2021;CONSUMO;ATTIVO
39320004658;14/10/2022;RICARICA;ATTIVO
39320004659;14/04/2023;CONSUMO;ATTIVO
39320004660;01/03/2021;RICARICA;ATTIVO
39320004661;24/04/2022;CONSUMO;ATTIVO
39320004662;08/02/2021;RICARICA;ATTIVO
39320004663;15/04/2024;CONSUMO;ATTIVO
39320004664;20/05/2022;RICARICA;ATTIVO
39320004665;27/08/2024;CONSUMO;ATTIVO
39320004666;16/09/2022;RICARICA;ATTIVO
39320004667;03/07/2023;CONSUMO;ATTIVO
39320004668;26/07/2024;RICARICA;ATTIVO
39320004669;23/05/2025;CONSUMO;SOSPESO
39320004670;04/02/2023;RICARICA;ATTIVO
39320004671;11/12/2021;CONSUMO;ATTIVO
39320004672;06/01/2024;RICARICA;SOSPESO
39320004673;10/02/2026;CONSUMO;ATTIVO
39320004674;27/03/2021;RICARICA;ATTIVO
39320004675;10/08/2023;CONSUMO;SOSPESO
39320004676;25/06/2024;RICARICA;ATTIVO
39320004677;09/12/2021;CONSUMO;ATTIVO
39320004678;03/03/2026;RICARICA;ATTIVO
39320004679;09/05/2024;CONSUMO;ATTIVO
39320004680;24/10/2024;RICARICA;ATTIVO
39320004681;21/12/2022;CONSUMO;ATTIVO
39320004682;12/03/2022;RICARICA;ATTIVO
39320004683;12/11/2023;CONSUMO;ATTIVO
39320004684;27/11/2021;RICARICA;ATTIVO
39320004685;28/02/2024;CONSUMO;ATTIVO
39320004686;03/07/2021;RICARICA;ATTIVO
39320004687;09/09/2021;CONSUMO;ATTIVO
39320004688;24/01/2025;RICARICA;ATTIVO
39320004689;27/07/2022;CONSUMO;ATTIVO
39320004690;08/03/2022;RICARICA;ATTIVO
39320004691;01/07/2025;CONSUMO;ATTIVO
39320004692;28/10/2024;RICARICA;SOSPESO
39320004693;24/07/2024;CONSUMO;ATTIVO
39320004694;22/03/2025;RICARICA;ATTIVO
39320004695;14/07/2022;CONSUMO;ATTIVO
39320004696;21/10/2022;RICARICA;ATTIVO
39320004697;31/07/2023;CONSUMO;SOSPESO
39320004698;04/11/2022;RICARICA;ATTIVO
39320004699;17/11/2024;CONSUMO;ATTIVO
39320004700;04/03/2026;RICARICA;ATTIVO
39320004701;03/09/2023;CONSUMO;ATTIVO
39320004702;20/01/2021;RICARICA;ATTIVO
39320004703;27/04/2023;CONSUMO;ATTIVO
39320004704;27/11/2024;RICARICA;ATTIVO
39320004705;11/04/2025;CONSUMO;ATTIVO
39320004706;16/06/2021;RICARICA;ATTIVO
39320004707;22/08/2024;CONSUMO;ATTIVO
39320004708;09/01/2024;RICARICA;ATTIVO
39320004709;01/09/2025;CONSUMO;ATTIVO
39320004710;01/07/2023;RICARICA;ATTIVO
39320004711;24/12/2022;CONSUMO;SOSPESO
39320004712;10/02/2023;RICARICA;ATTIVO
39320004713;04/01/2023;CONSUMO;ATTIVO
39320004714;15/09/2025;RICARICA;ATTIVO
39320004715;28/11/2024;CONSUMO;SOSPESO
39320004716;13/09/2021;RICARICA;ATTIVO
39320004717;31/01/2022;CONSUMO;ATTIVO
39320004718;30/03/2022;RICARICA;ATTIVO
39320004719;03/04/2025;CONSUMO;ATTIVO
39320004720;03/03/2026;RICARICA;ATTIVO
39320004721;28/01/2022;CONSUMO;ATTIVO
39320004722;10/06/2024;RICARICA;ATTIVO
39320004723;14/07/2025;CONSUMO;ATTIVO
39320004724;25/04/2022;RICARICA;SOSPESO
39320004725;14/01/2023;CONSUMO;ATTIVO
39320004726;07/10/2023;RICARICA;ATTIVO
39320004727;18/12/2024;CONSUMO;ATTIVO
39320004728;15/01/2021;RICARICA;ATTIVO
39320004729;09/08/2025;CONSUMO;ATTIVO
39320004730;16/08/2021;RICARICA;ATTIVO
39320004731;11/03/2024;CONSUMO;ATTIVO
39320004732;16/12/2021;RICARICA;ATTIVO
39320004733;13/09/2024;CONSUMO;ATTIVO
39320004734;08/10/2024;RICARICA;ATTIVO
39320004735;03/03/2024;CONSUMO;ATTIVO
39320004736;19/04/2024;RICARICA;ATTIVO
39320004737;14/05/2021;CONSUMO;ATTIVO
39320004738;13/03/2024;RICARICA;ATTIVO
39320004739;10/12/2025;CONSUMO;ATTIVO
39320004740;22/05/2025;RICARICA;ATTIVO
39320004741;03/10/2025;CONSUMO;ATTIVO
39320004742;20/11/2024;RICARICA;ATTIVO
39320004743;12/06/2024;CONSUMO;ATTIVO
39320004744;22/02/2024;RICARICA;ATTIVO
39320004745;05/01/2021;CONSUMO;SOSPESO
39320004746;05/08/2024;RICARICA;ATTIVO
39320004747;24/08/2024;CONSUMO;ATTIVO
39320004748;24/10/2022;RICARICA;ATTIVO
39320004749;14/04/2023;CONSUMO;ATTIVO
39320004750;24/10/2024;RICARICA;ATTIVO
39320004751;12/10/2023;CONSUMO;ATTIVO
39320004752;04/04/2025;RICARICA;ATTIVO
39320004753;17/01/2025;CONSUMO;ATTIVO
39320004754;24/07/2022;RICARICA;ATTIVO
39320004755;27/12/2023;CONSUMO;ATTIVO
39320004756;11/01/2021;RICARICA;ATTIVO
39320004757;17/11/2022;CONSUMO;ATTIVO
39320004758;17/03/2024;RICARICA;ATTIVO
39320004759;19/02/2025;CONSUMO;ATTIVO
39320004760;13/11/2024;RICARICA;ATTIVO
39320004761;02/06/2021;CONSUMO;ATTIVO
39320004762;08/02/2022;RICARICA;ATTIVO
39320004763;29/09/2022;CONSUMO;ATTIVO
39320004764;04/07/2024;RICARICA;ATTIVO
39320004765;10/09/2023;CONSUMO;ATTIVO
39320004766;19/02/2021;RICARICA;ATTIVO
39320004767;06/07/2024;CONSUMO;SOSPESO
39320004768;18/09/2025;RICARICA;ATTIVO
39320004769;09/08/2021;CONSUMO;ATTIVO
39320004770;29/11/2022;RICARICA;ATTIVO
39320004771;10/08/2025;CONSUMO;ATTIVO
39320004772;15/06/2025;RICARICA;ATTIVO
39320004773;30/05/2021;CONSUMO;ATTIVO
39320004774;22/06/2024;RICARICA;ATTIVO
39320004775;15/07/2021;CONSUMO;ATTIVO
39320004776;31/03/2024;RICARICA;ATTIVO
39320004777;05/05/2021;CONSUMO;ATTIVO
39320004778;12/02/2023;RICARICA;ATTIVO
39320004779;03/10/2025;CONSUMO;ATTIVO
39320004780;22/05/2025;RICARICA;ATTIVO
39320004781;26/02/2026;CONSUMO;ATTIVO
39320004782;23/04/2021;RICARICA;ATTIVO
39320004783;06/07/2024;CONSUMO;ATTIVO
39320004784;28/07/2021;RICARICA;ATTIVO
39320004785;20/02/2024;CONSUMO;ATTIVO
39320004786;07/10/2025;RICARICA;ATTIVO
39320004787;16/07/2021;CONSUMO;ATTIVO
39320004788;22/04/2023;RICARICA;ATTIVO
39320004789;12/05/2024;CONSUMO;ATTIVO
39320004790;01/07/2024;RICARICA;ATTIVO
39320004791;26/02/2023;CONSUMO;ATTIVO
39320004792;27/05/2023;RICARICA;ATTIVO
39320004793;22/06/2024;CONSUMO;ATTIVO
39320004794;26/08/2024;RICARICA;SOSPESO
39320004795;23/05/2025;CONSUMO;ATTIVO
39320004796;26/11/2023;RICARICA;ATTIVO
39320004797;30/01/2022;CONSUMO;ATTIVO
39320004798;26/01/2021;RICARICA;ATTIVO
39320004799;19/05/2021;CONSUMO;ATTIVO
39320004800;18/09/2025;RICARICA;ATTIVO
39320004801;19/03/2024;CONSUMO;ATTIVO
39320004802;09/11/2023;RICARICA;ATTIVO
39320004803;13/05/2023;CONSUMO;ATTIVO
39320004804;25/06/2024;RICARICA;ATTIVO
39320004805;13/05/2022;CONSUMO;ATTIVO
39320004806;01/04/2021;RICARICA;ATTIVO
39320004807;01/10/2022;CONSUMO;ATTIVO
39320004808;17/11/2023;RICARICA;SOSPESO
39320004809;25/03/2025;CONSUMO;ATTIVO
39320004810;10/04/2024;RICARICA;ATTIVO
39320004811;08/05/2025;CONSUMO;ATTIVO
39320004812;20/08/2023;RICARICA;ATTIVO
39320004813;04/12/2022;CONSUMO;ATTIVO
39320004814;17/01/2021;RICARICA;ATTIVO
39320004815;08/09/2024;CONSUMO;ATTIVO
39320004816;28/04/2021;RICARICA;ATTIVO
39320004817;05/08/2025;CONSUMO;ATTIVO
39320004818;25/10/2025;RICARICA;ATTIVO
39320004819;06/12/2022;CONSUMO;ATTIVO
39320004820;15/02/2022;RICARICA;ATTIVO
39320004821;17/02/2022;CONSUMO;ATTIVO
39320004822;01/12/2022;RICARICA;ATTIVO
39320004823;02/09/2023;CONSUMO;ATTIVO
39320004824;16/08/2023;RICARICA;ATTIVO
39320004825;10/11/2022;CONSUMO;ATTIVO
39320004826;05/03/2024;RICARICA;SOSPESO
39320004827;15/06/2024;CONSUMO;ATTIVO
39320004828;05/11/2022;RICARICA;ATTIVO
39320004829;20/07/2023;CONSUMO;ATTIVO
39320004830;08/02/2026;RICARICA;ATTIVO
39320004831;26/03/2022;CONSUMO;ATTIVO
39320004832;01/08/2024;RICARICA;ATTIVO
39320004833;17/04/2022;CONSUMO;ATTIVO
39320004834;13/03/2022;RICARICA;ATTIVO
39320004835;13/02/2025;CONSUMO;ATTIVO
39320004836;27/07/2025;RICARICA;ATTIVO
39320004837;24/02/2025;CONSUMO;ATTIVO
39320004838;31/03/2023;RICARICA;ATTIVO
39320004839;14/01/2021;CONSUMO;ATTIVO
39320004840;01/06/2021;RICARICA;ATTIVO
39320004841;11/02/2024;CONSUMO;ATTIVO
39320004842;19/08/2022;RICARICA;ATTIVO
39320004843;16/07/2024;CONSUMO;ATTIVO
39320004844;17/04/2025;RICARICA;ATTIVO
39320004845;02/03/2021;CONSUMO;ATTIVO
39320004846;05/08/2022;RICARICA;ATTIVO
39320004847;19/12/2025;CONSUMO;ATTIVO
39320004848;23/12/2021;RICARICA;ATTIVO
39320004849;10/02/2024;CONSUMO;ATTIVO
39320004850;06/02/2022;RICARICA;ATTIVO
39320004851;23/09/2025;CONSUMO;ATTIVO
39320004852;27/07/2021;RICARICA;ATTIVO
39320004853;19/10/2024;CONSUMO;ATTIVO
39320004854;03/09/2024;RICARICA;ATTIVO
39320004855;16/08/2021;CONSUMO;ATTIVO
39320004856;07/03/2022;RICARICA;ATTIVO
39320004857;07/05/2022;CONSUMO;ATTIVO
39320004858;02/02/2023;RICARICA;ATTIVO
39320004859;16/12/2023;CONSUMO;SOSPESO
39320004860;30/06/2024;RICARICA;ATTIVO
39320004861;04/12/2025;CONSUMO;ATTIVO
39320004862;31/08/2021;RICARICA;ATTIVO
39320004863;08/03/2026;CONSUMO;ATTIVO
39320004864;24/01/2022;RICARICA;ATTIVO
39320004865;14/02/2023;CONSUMO;ATTIVO
39320004866;14/10/2022;RICARICA;ATTIVO
39320004867;26/07/2024;CONSUMO;ATTIVO
39320004868;05/04/2021;RICARICA;ATTIVO
39320004869;17/04/2024;CONSUMO;ATTIVO
39320004870;02/01/2024;RICARICA;ATTIVO
39320004871;01/11/2021;CONSUMO;ATTIVO
39320004872;20/04/2021;RICARICA;ATTIVO
39320004873;28/07/2022;CONSUMO;ATTIVO
39320004874;10/10/2025;RICARICA;ATTIVO
39320004875;11/04/2024;CONSUMO;ATTIVO
39320004876;05/03/2022;RICARICA;ATTIVO
39320004877;26/05/2025;CONSUMO;ATTIVO
39320004878;20/09/2024;RICARICA;ATTIVO
39320004879;09/12/2021;CONSUMO;ATTIVO
39320004880;19/03/2025;RICARICA;ATTIVO
39320004881;19/03/2025;CONSUMO;ATTIVO
39320004882;19/10/2023;RICARICA;ATTIVO
39320004883;02/01/2022;CONSUMO;ATTIVO
39320004884;05/02/2023;RICARICA;ATTIVO
39320004885;17/09/2023;CONSUMO;ATTIVO
39320004886;11/10/2023;RICARICA;ATTIVO
39320004887;05/04/2024;CONSUMO;ATTIVO
39320004888;02/03/2026;RICARICA;ATTIVO
39320004889;23/08/2024;CONSUMO;ATTIVO
39320004890;26/03/2022;RICARICA;ATTIVO
39320004891;15/07/2023;CONSUMO;ATTIVO
39320004892;22/03/2023;RICARICA;ATTIVO
39320004893;21/05/2023;CONSUMO;ATTIVO
39320004894;16/03/2024;RICARICA;ATTIVO
39320004895;22/09/2025;CONSUMO;ATTIVO
39320004896;02/02/2024;RICARICA;ATTIVO
39320004897;20/03/2025;CONSUMO;ATTIVO
39320004898;30/06/2023;RICARICA;ATTIVO
39320004899;17/04/2022;CONSUMO;ATTIVO
39320004900;11/08/2023;RICARICA;ATTIVO
39320004901;20/11/2022;CONSUMO;ATTIVO
39320004902;16/08/2023;RICARICA;ATTIVO
39320004903;23/01/2023;CONSUMO;ATTIVO
39320004904;12/10/2022;RICARICA;ATTIVO
39320004905;20/02/2021;CONSUMO;ATTIVO
39320004906;24/04/2022;RICARICA;ATTIVO
39320004907;05/06/2021;CONSUMO;ATTIVO
39320004908;18/06/2021;RICARICA;ATTIVO
39320004909;25/10/2023;CONSUMO;ATTIVO
39320004910;11/08/2024;RICARICA;ATTIVO
39320004911;21/07/2022;CONSUMO;SOSPESO
39320004912;21/07/2021;RICARICA;ATTIVO
39320004913;08/01/2023;CONSUMO;ATTIVO
39320004914;15/02/2022;RICARICA;ATTIVO
39320004915;14/10/2024;CONSUMO;ATTIVO
39320004916;12/09/2022;RICARICA;ATTIVO
39320004917;23/04/2025;CONSUMO;ATTIVO
39320004918;17/07/2022;RICARICA;ATTIVO
39320004919;22/05/2024;CONSUMO;SOSPESO
39320004920;18/10/2025;RICARICA;ATTIVO
39320004921;24/02/2025;CONSUMO;ATTIVO
39320004922;19/06/2022;RICARICA;ATTIVO
39320004923;06/09/2022;CONSUMO;ATTIVO
39320004924;11/12/2022;RICARICA;ATTIVO
39320004925;08/04/2023;CONSUMO;SOSPESO
39320004926;11/08/2025;RICARICA;ATTIVO
39320004927;04/09/2024;CONSUMO;ATTIVO
39320004928;01/09/2024;RICARICA;ATTIVO
39320004929;08/04/2025;CONSUMO;SOSPESO
39320004930;08/11/2025;RICARICA;ATTIVO
39320004931;10/04/2022;CONSUMO;ATTIVO
39320004932;06/03/2022;RICARICA;ATTIVO
39320004933;23/11/2023;CONSUMO;ATTIVO
39320004934;06/02/2024;RICARICA;ATTIVO
39320004935;19/01/2025;CONSUMO;ATTIVO
39320004936;29/11/2022;RICARICA;ATTIVO
39320004937;04/10/2022;CONSUMO;ATTIVO
39320004938;29/05/2023;RICARICA;ATTIVO
39320004939;30/11/2024;CONSUMO;ATTIVO
39320004940;18/06/2023;RICARICA;ATTIVO
39320004941;18/02/2024;CONSUMO;ATTIVO
39320004942;12/10/2021;RICARICA;ATTIVO
39320004943;20/09/2021;CONSUMO;ATTIVO
39320004944;20/02/2025;RICARICA;ATTIVO
39320004945;18/07/2025;CONSUMO;ATTIVO
39320004946;28/12/2022;RICARICA;ATTIVO
39320004947;09/05/2023;CONSUMO;ATTIVO
39320004948;22/03/2025;RICARICA;ATTIVO
39320004949;14/05/2025;CONSUMO;ATTIVO
39320004950;06/09/2022;RICARICA;ATTIVO
39320004951;17/02/2021;CONSUMO;ATTIVO
39320004952;07/03/2021;RICARICA;SOSPESO
39320004953;11/11/2021;CONSUMO;SOSPESO
39320004954;08/11/2022;RICARICA;ATTIVO
39320004955;25/06/2025;CONSUMO;ATTIVO
39320004956;29/05/2024;RICARICA;ATTIVO
39320004957;12/03/2023;CONSUMO;SOSPESO
39320004958;23/02/2022;RICARICA;SOSPESO
39320004959;11/05/2021;CONSUMO;ATTIVO
39320004960;21/01/2022;RICARICA;ATTIVO
39320004961;05/11/2022;CONSUMO;ATTIVO
39320004962;14/07/2023;RICARICA;ATTIVO
39320004963;16/09/2022;CONSUMO;ATTIVO
39320004964;02/08/2021;RICARICA;ATTIVO
39320004965;30/12/2021;CONSUMO;ATTIVO
39320004966;12/11/2024;RICARICA;ATTIVO
39320004967;24/02/2021;CONSUMO;ATTIVO
39320004968;23/05/2021;RICARICA;ATTIVO
39320004969;02/03/2023;CONSUMO;ATTIVO
39320004970;23/04/2022;RICARICA;ATTIVO
39320004971;10/12/2023;CONSUMO;ATTIVO
39320004972;28/04/2021;RICARICA;ATTIVO
39320004973;23/01/2021;CONSUMO;ATTIVO
39320004974;27/10/2025;RICARICA;ATTIVO
39320004975;12/03/2023;CONSUMO;ATTIVO
39320004976;15/08/2021;RICARICA;ATTIVO
39320004977;07/05/2023;CONSUMO;ATTIVO
39320004978;21/05/2021;RICARICA;ATTIVO
39320004979;25/01/2026;CONSUMO;ATTIVO
39320004980;24/09/2021;RICARICA;ATTIVO
39320004981;27/09/2022;CONSUMO;ATTIVO
39320004982;24/12/2024;RICARICA;ATTIVO
39320004983;22/11/2021;CONSUMO;ATTIVO
39320004984;28/09/2022;RICARICA;ATTIVO
39320004985;27/10/2023;CONSUMO;ATTIVO
39320004986;29/07/2023;RICARICA;ATTIVO
39320004987;16/01/2021;CONSUMO;SOSPESO
39320004988;02/07/2023;RICARICA;ATTIVO
39320004989;29/03/2023;CONSUMO;ATTIVO
39320004990;21/05/2022;RICARICA;ATTIVO
39320004991;08/02/2026;CONSUMO;ATTIVO
39320004992;03/10/2023;RICARICA;ATTIVO
39320004993;25/03/2024;CONSUMO;ATTIVO
39320004994;06/07/2021;RICARICA;ATTIVO
39320004995;10/12/2025;CONSUMO;ATTIVO
39320004996;12/12/2022;RICARICA;ATTIVO
39320004997;28/12/2024;CONSUMO;ATTIVO
39320004998;12/03/2023;RICARICA;ATTIVO
39320004999;17/07/2025;CONSUMO;ATTIVO
39320005000;01/05/2023;RICARICA;ATTIVO
39320005001;18/01/2026;CONSUMO;ATTIVO
39320005002;04/06/2023;RICARICA;ATTIVO
39320005003;09/02/2026;CONSUMO;ATTIVO
39320005004;01/12/2024;RICARICA;ATTIVO
39320005005;17/03/2023;CONSUMO;ATTIVO
39320005006;31/03/2021;RICARICA;ATTIVO
39320005007;18/11/2025;CONSUMO;ATTIVO
39320005008;13/12/2025;RICARICA;ATTIVO
39320005009;21/08/2022;CONSUMO;ATTIVO
39320005010;17/05/2021;RICARICA;ATTIVO
39320005011;19/01/2025;CONSUMO;ATTIVO
39320005012;05/02/2026;RICARICA;ATTIVO
39320005013;10/04/2025;CONSUMO;ATTIVO
39320005014;26/01/2023;RICARICA;ATTIVO
39320005015;04/08/2021;CONSUMO;ATTIVO
39320005016;16/05/2025;RICARICA;ATTIVO
39320005017;13/07/2023;CONSUMO;ATTIVO
39320005018;01/03/2022;RICARICA;ATTIVO
39320005019;05/08/2023;CONSUMO;ATTIVO
39320005020;01/08/2024;RICARICA;ATTIVO
39320005021;16/03/2025;CONSUMO;ATTIVO
39320005022;05/12/2022;RICARICA;ATTIVO
39320005023;19/10/2025;CONSUMO;ATTIVO
39320005024;19/03/2021;RICARICA;ATTIVO
39320005025;23/08/2021;CONSUMO;ATTIVO
39320005026;07/10/2021;RICARICA;ATTIVO
39320005027;14/03/2025;CONSUMO;ATTIVO
39320005028;03/08/2023;RICARICA;ATTIVO
39320005029;29/01/2024;CONSUMO;ATTIVO
39320005030;01/01/2025;RICARICA;SOSPESO
39320005031;15/10/2021;CONSUMO;ATTIVO
39320005032;26/07/2022;RICARICA;ATTIVO
39320005033;16/12/2021;CONSUMO;ATTIVO
39320005034;28/05/2024;RICARICA;ATTIVO
39320005035;26/08/2022;CONSUMO;ATTIVO
39320005036;27/02/2025;RICARICA;ATTIVO
39320005037;08/06/2021;CONSUMO;ATTIVO
39320005038;23/01/2021;RICARICA;ATTIVO
39320005039;11/11/2021;CONSUMO;ATTIVO
39320005040;31/12/2021;RICARICA;ATTIVO
39320005041;12/03/2021;CONSUMO;ATTIVO
39320005042;27/12/2023;RICARICA;ATTIVO
39320005043;27/11/2024;CONSUMO;ATTIVO
39320005044;24/07/2024;RICARICA;ATTIVO
39320005045;05/08/2024;CONSUMO;ATTIVO
39320005046;13/09/2024;RICARICA;ATTIVO
39320005047;11/03/2023;CONSUMO;ATTIVO
39320005048;29/06/2023;RICARICA;ATTIVO
39320005049;10/01/2021;CONSUMO;ATTIVO
39320005050;12/02/2023;RICARICA;ATTIVO
39320005051;27/05/2022;CONSUMO;ATTIVO
39320005052;04/05/2022;RICARICA;ATTIVO
39320005053;02/02/2021;CONSUMO;ATTIVO
39320005054;30/01/2021;RICARICA;ATTIVO
39320005055;29/01/2022;CONSUMO;ATTIVO
39320005056;10/05/2021;RICARICA;ATTIVO
39320005057;12/12/2025;CONSUMO;ATTIVO
39320005058;07/09/2025;RICARICA;ATTIVO
39320005059;10/12/2021;CONSUMO;ATTIVO
39320005060;01/04/2021;RICARICA;ATTIVO
39320005061;09/08/2021;CONSUMO;ATTIVO
39320005062;23/10/2022;RICARICA;ATTIVO
39320005063;24/01/2022;CONSUMO;ATTIVO
39320005064;15/01/2024;RICARICA;ATTIVO
39320005065;27/05/2023;CONSUMO;ATTIVO
39320005066;14/03/2022;RICARICA;ATTIVO
39320005067;25/10/2022;CONSUMO;ATTIVO
39320005068;04/04/2023;RICARICA;ATTIVO
39320005069;25/01/2021;CONSUMO;ATTIVO
39320005070;29/07/2023;RICARICA;ATTIVO
39320005071;09/09/2024;CONSUMO;ATTIVO
39320005072;24/08/2024;RICARICA;ATTIVO
39320005073;31/03/2021;CONSUMO;ATTIVO
39320005074;24/03/2022;RICARICA;ATTIVO
39320005075;21/04/2025;CONSUMO;ATTIVO
39320005076;28/07/2021;RICARICA;ATTIVO
39320005077;09/06/2025;CONSUMO;SOSPESO
39320005078;08/10/2025;RICARICA;ATTIVO
39320005079;31/05/2022;CONSUMO;SOSPESO
39320005080;13/05/2024;RICARICA;ATTIVO
39320005081;16/07/2024;CONSUMO;ATTIVO
39320005082;20/10/2024;RICARICA;SOSPESO
39320005083;29/04/2025;CONSUMO;ATTIVO
39320005084;12/11/2022;RICARICA;ATTIVO
39320005085;09/04/2025;CONSUMO;ATTIVO
39320005086;14/10/2022;RICARICA;SOSPESO
39320005087;26/09/2024;CONSUMO;ATTIVO
39320005088;18/11/2022;RICARICA;ATTIVO
39320005089;11/02/2026;CONSUMO;ATTIVO
39320005090;23/02/2023;RICARICA;ATTIVO
39320005091;28/02/2025;CONSUMO;ATTIVO
39320005092;18/04/2024;RICARICA;ATTIVO
39320005093;28/01/2021;CONSUMO;ATTIVO
39320005094;16/06/2024;RICARICA;ATTIVO
39320005095;12/09/2021;CONSUMO;ATTIVO
39320005096;20/02/2025;RICARICA;ATTIVO
39320005097;14/05/2022;CONSUMO;ATTIVO
39320005098;03/05/2021;RICARICA;ATTIVO
39320005099;19/10/2023;CONSUMO;ATTIVO
39320005100;07/11/2021;RICARICA;ATTIVO
39320005101;07/08/2024;CONSUMO;ATTIVO
39320005102;07/03/2026;RICARICA;ATTIVO
39320005103;28/06/2023;CONSUMO;ATTIVO
39320005104;05/11/2022;RICARICA;ATTIVO
39320005105;13/10/2022;CONSUMO;ATTIVO
39320005106;07/04/2025;RICARICA;ATTIVO
39320005107;10/06/2025;CONSUMO;SOSPESO
39320005108;20/08/2024;RICARICA;ATTIVO
39320005109;18/03/2025;CONSUMO;ATTIVO
39320005110;01/10/2025;RICARICA;ATTIVO
39320005111;03/12/2022;CONSUMO;ATTIVO
39320005112;10/01/2024;RICARICA;ATTIVO
39320005113;23/02/2026;CONSUMO;ATTIVO
39320005114;24/05/2022;RICARICA;ATTIVO
39320005115;26/11/2024;CONSUMO;ATTIVO
39320005116;30/05/2024;RICARICA;ATTIVO
39320005117;04/12/2023;CONSUMO;ATTIVO
39320005118;25/06/2023;RICARICA;ATTIVO
39320005119;13/05/2021;CONSUMO;ATTIVO
39320005120;24/05/2021;RICARICA;SOSPESO
39320005121;17/04/2021;CONSUMO;ATTIVO
39320005122;17/10/2021;RICARICA;SOSPESO
39320005123;15/09/2021;CONSUMO;ATTIVO
39320005124;28/04/2024;RICARICA;ATTIVO
39320005125;17/06/2025;CONSUMO;SOSPESO
39320005126;29/04/2022;RICARICA;ATTIVO
39320005127;23/05/2023;CONSUMO;ATTIVO
39320005128;30/09/2022;RICARICA;ATTIVO
39320005129;09/02/2022;CONSUMO;ATTIVO
39320005130;28/12/2021;RICARICA;ATTIVO
39320005131;13/09/2022;CONSUMO;ATTIVO
39320005132;08/07/2023;RICARICA;SOSPESO
39320005133;17/02/2022;CONSUMO;ATTIVO
39320005134;20/05/2025;RICARICA;ATTIVO
39320005135;07/01/2023;CONSUMO;ATTIVO
39320005136;10/12/2021;RICARICA;ATTIVO
39320005137;16/05/2023;CONSUMO;ATTIVO
39320005138;14/02/2025;RICARICA;ATTIVO
39320005139;16/11/2021;CONSUMO;ATTIVO
39320005140;14/06/2025;RICARICA;ATTIVO
39320005141;10/04/2025;CONSUMO;ATTIVO
39320005142;16/10/2025;RICARICA;ATTIVO
39320005143;31/01/2026;CONSUMO;SOSPESO
39320005144;03/05/2024;RICARICA;ATTIVO
39320005145;07/02/2024;CONSUMO;ATTIVO
39320005146;11/06/2022;RICARICA;ATTIVO
39320005147;19/09/2022;CONSUMO;ATTIVO
39320005148;08/02/2023;RICARICA;ATTIVO
39320005149;12/09/2023;CONSUMO;ATTIVO
39320005150;07/10/2021;RICARICA;ATTIVO
39320005151;05/02/2022;CONSUMO;ATTIVO
39320005152;24/01/2022;RICARICA;ATTIVO
39320005153;31/10/2025;CONSUMO;ATTIVO
39320005154;25/01/2025;RICARICA;ATTIVO
39320005155;09/04/2023;CONSUMO;SOSPESO
39320005156;20/03/2023;RICARICA;SOSPESO
39320005157;04/02/2023;CONSUMO;ATTIVO
39320005158;23/09/2022;RICARICA;ATTIVO
39320005159;19/04/2024;CONSUMO;ATTIVO
39320005160;18/12/2025;RICARICA;ATTIVO
39320005161;03/03/2026;CONSUMO;ATTIVO
39320005162;04/03/2024;RICARICA;ATTIVO
39320005163;12/04/2025;CONSUMO;ATTIVO
39320005164;07/06/2022;RICARICA;ATTIVO
39320005165;20/03/2025;CONSUMO;ATTIVO
39320005166;10/11/2023;RICARICA;ATTIVO
39320005167;24/07/2024;CONSUMO;ATTIVO
39320005168;27/11/2024;RICARICA;ATTIVO
39320005169;01/03/2023;CONSUMO;SOSPESO
39320005170;15/02/2025;RICARICA;ATTIVO
39320005171;06/09/2023;CONSUMO;ATTIVO
39320005172;24/07/2025;RICARICA;ATTIVO
39320005173;18/12/2024;CONSUMO;ATTIVO
39320005174;29/11/2024;RICARICA;ATTIVO
39320005175;30/10/2021;CONSUMO;ATTIVO
39320005176;22/07/2023;RICARICA;SOSPESO
39320005177;29/10/2021;CONSUMO;ATTIVO
39320005178;18/05/2024;RICARICA;ATTIVO
39320005179;19/09/2024;CONSUMO;ATTIVO
39320005180;26/01/2021;RICARICA;ATTIVO
39320005181;09/07/2021;CONSUMO;ATTIVO
39320005182;21/02/2026;RICARICA;ATTIVO
39320005183;17/12/2024;CONSUMO;ATTIVO
39320005184;20/01/2026;RICARICA;ATTIVO
39320005185;07/02/2026;CONSUMO;ATTIVO
39320005186;17/05/2023;RICARICA;ATTIVO
39320005187;25/05/2023;CONSUMO;ATTIVO
39320005188;11/09/2022;RICARICA;ATTIVO
39320005189;28/12/2023;CONSUMO;ATTIVO
39320005190;23/02/2023;RICARICA;ATTIVO
39320005191;12/02/2025;CONSUMO;ATTIVO
39320005192;30/11/2025;RICARICA;SOSPESO
39320005193;16/11/2025;CONSUMO;ATTIVO
39320005194;26/07/2024;RICARICA;ATTIVO
39320005195;22/06/2025;CONSUMO;ATTIVO
39320005196;20/10/2021;RICARICA;ATTIVO
39320005197;06/03/2022;CONSUMO;SOSPESO
39320005198;27/03/2023;RICARICA;ATTIVO
39320005199;14/01/2021;CONSUMO;SOSPESO
39320005200;30/07/2025;RICARICA;ATTIVO
39320005201;18/07/2021;CONSUMO;ATTIVO
39320005202;27/11/2024;RICARICA;ATTIVO
39320005203;04/05/2023;CONSUMO;ATTIVO
39320005204;10/02/2025;RICARICA;ATTIVO
39320005205;28/12/2021;CONSUMO;ATTIVO
39320005206;12/12/2024;RICARICA;ATTIVO
39320005207;24/09/2023;CONSUMO;ATTIVO
39320005208;14/08/2021;RICARICA;ATTIVO
39320005209;26/07/2025;CONSUMO;ATTIVO
39320005210;16/02/2022;RICARICA;ATTIVO
39320005211;10/01/2022;CONSUMO;ATTIVO
39320005212;28/01/2022;RICARICA;ATTIVO
39320005213;22/01/2026;CONSUMO;ATTIVO
39320005214;22/06/2023;RICARICA;ATTIVO
39320005215;02/07/2024;CONSUMO;ATTIVO
39320005216;27/07/2024;RICARICA;ATTIVO
39320005217;24/08/2022;CONSUMO;ATTIVO
39320005218;13/09/2021;RICARICA;ATTIVO
39320005219;02/12/2022;CONSUMO;ATTIVO
39320005220;26/04/2022;RICARICA;ATTIVO
39320005221;09/10/2024;CONSUMO;ATTIVO
39320005222;20/01/2021;RICARICA;ATTIVO
39320005223;20/03/2025;CONSUMO;SOSPESO
39320005224;24/09/2024;RICARICA;ATTIVO
39320005225;27/03/2021;CONSUMO;ATTIVO
39320005226;06/12/2023;RICARICA;ATTIVO
39320005227;09/02/2023;CONSUMO;ATTIVO
39320005228;09/04/2025;RICARICA;ATTIVO
39320005229;23/09/2023;CONSUMO;ATTIVO
39320005230;22/11/2022;RICARICA;ATTIVO
39320005231;21/11/2022;CONSUMO;ATTIVO
39320005232;29/12/2025;RICARICA;ATTIVO
39320005233;08/10/2022;CONSUMO;ATTIVO
39320005234;10/01/2023;RICARICA;ATTIVO
39320005235;15/02/2023;CONSUMO;ATTIVO
39320005236;31/12/2022;RICARICA;ATTIVO
39320005237;10/07/2025;CONSUMO;ATTIVO
39320005238;25/07/2023;RICARICA;ATTIVO
39320005239;03/04/2023;CONSUMO;ATTIVO
39320005240;24/12/2025;RICARICA;SOSPESO
39320005241;22/02/2021;CONSUMO;ATTIVO
39320005242;15/11/2025;RICARICA;ATTIVO
39320005243;03/12/2024;CONSUMO;ATTIVO
39320005244;25/05/2022;RICARICA;ATTIVO
39320005245;20/06/2024;CONSUMO;ATTIVO
39320005246;17/11/2025;RICARICA;ATTIVO
39320005247;27/04/2023;CONSUMO;ATTIVO
39320005248;07/01/2021;RICARICA;SOSPESO
39320005249;23/07/2025;CONSUMO;ATTIVO
39320005250;21/07/2024;RICARICA;ATTIVO
39320005251;04/04/2021;CONSUMO;SOSPESO
39320005252;15/02/2025;RICARICA;ATTIVO
39320005253;29/06/2023;CONSUMO;ATTIVO
39320005254;20/09/2023;RICARICA;ATTIVO
39320005255;08/06/2024;CONSUMO;ATTIVO
39320005256;15/12/2022;RICARICA;ATTIVO
39320005257;03/09/2023;CONSUMO;SOSPESO
39320005258;22/10/2025;RICARICA;ATTIVO
39320005259;25/07/2021;CONSUMO;ATTIVO
39320005260;25/08/2022;RICARICA;ATTIVO
39320005261;29/12/2024;CONSUMO;ATTIVO
39320005262;02/12/2023;RICARICA;ATTIVO
39320005263;27/05/2025;CONSUMO;ATTIVO
39320005264;31/10/2023;RICARICA;ATTIVO
39320005265;17/10/2023;CONSUMO;ATTIVO
39320005266;10/09/2022;RICARICA;ATTIVO
39320005267;29/01/2024;CONSUMO;SOSPESO
39320005268;15/08/2023;RICARICA;ATTIVO
39320005269;03/07/2023;CONSUMO;SOSPESO
39320005270;15/09/2023;RICARICA;ATTIVO
39320005271;09/05/2022;CONSUMO;ATTIVO
39320005272;16/12/2021;RICARICA;ATTIVO
39320005273;13/09/2024;CONSUMO;ATTIVO
39320005274;05/08/2021;RICARICA;ATTIVO
39320005275;05/01/2025;CONSUMO;ATTIVO
39320005276;31/10/2022;RICARICA;ATTIVO
39320005277;19/04/2025;CONSUMO;ATTIVO
39320005278;12/01/2025;RICARICA;ATTIVO
39320005279;03/09/2023;CONSUMO;SOSPESO
39320005280;05/10/2024;RICARICA;ATTIVO
39320005281;06/10/2021;CONSUMO;SOSPESO
39320005282;21/07/2024;RICARICA;ATTIVO
39320005283;05/07/2021;CONSUMO;ATTIVO
39320005284;13/11/2022;RICARICA;ATTIVO
39320005285;25/03/2024;CONSUMO;ATTIVO
39320005286;15/05/2024;RICARICA;ATTIVO
39320005287;04/12/2022;CONSUMO;ATTIVO
39320005288;09/01/2025;RICARICA;ATTIVO
39320005289;24/01/2025;CONSUMO;ATTIVO
39320005290;08/08/2024;RICARICA;ATTIVO
39320005291;20/10/2025;CONSUMO;ATTIVO
39320005292;23/04/2022;RICARICA;ATTIVO
39320005293;25/08/2021;CONSUMO;ATTIVO
39320005294;17/08/2021;RICARICA;ATTIVO
39320005295;25/02/2025;CONSUMO;ATTIVO
39320005296;21/01/2022;RICARICA;ATTIVO
39320005297;26/08/2021;CONSUMO;ATTIVO
39320005298;18/09/2021;RICARICA;ATTIVO
39320005299;18/02/2023;CONSUMO;ATTIVO
39320005300;04/01/2021;RICARICA;ATTIVO
39320005301;23/04/2024;CONSUMO;ATTIVO
39320005302;01/10/2025;RICARICA;ATTIVO
39320005303;18/05/2023;CONSUMO;ATTIVO
39320005304;18/01/2023;RICARICA;ATTIVO
39320005305;20/06/2025;CONSUMO;ATTIVO
39320005306;21/09/2024;RICARICA;ATTIVO
39320005307;31/03/2022;CONSUMO;ATTIVO
39320005308;19/01/2021;RICARICA;ATTIVO
39320005309;02/08/2023;CONSUMO;ATTIVO
39320005310;30/07/2025;RICARICA;SOSPESO
39320005311;11/09/2025;CONSUMO;ATTIVO
39320005312;24/10/2024;RICARICA;ATTIVO
39320005313;16/05/2024;CONSUMO;ATTIVO
39320005314;10/03/2025;RICARICA;ATTIVO
39320005315;30/06/2025;CONSUMO;ATTIVO
39320005316;12/03/2021;RICARICA;ATTIVO
39320005317;25/09/2022;CONSUMO;ATTIVO
39320005318;11/11/2024;RICARICA;ATTIVO
39320005319;03/10/2025;CONSUMO;ATTIVO
39320005320;07/09/2023;RICARICA;ATTIVO
39320005321;18/03/2022;CONSUMO;ATTIVO
39320005322;13/12/2024;RICARICA;SOSPESO
39320005323;01/05/2021;CONSUMO;SOSPESO
39320005324;14/11/2022;RICARICA;ATTIVO
39320005325;07/01/2025;CONSUMO;ATTIVO
39320005326;09/02/2025;RICARICA;SOSPESO
39320005327;06/04/2022;CONSUMO;ATTIVO
39320005328;18/04/2021;RICARICA;SOSPESO
39320005329;09/05/2025;CONSUMO;ATTIVO
39320005330;26/09/2023;RICARICA;ATTIVO
39320005331;05/09/2022;CONSUMO;SOSPESO
39320005332;12/09/2024;RICARICA;ATTIVO
39320005333;23/11/2021;CONSUMO;SOSPESO
39320005334;28/01/2024;RICARICA;ATTIVO
39320005335;16/05/2023;CONSUMO;ATTIVO
39320005336;15/12/2022;RICARICA;ATTIVO
39320005337;12/03/2023;CONSUMO;ATTIVO
39320005338;28/01/2025;RICARICA;ATTIVO
39320005339;27/11/2024;CONSUMO;SOSPESO
39320005340;06/12/2024;RICARICA;ATTIVO
39320005341;18/03/2023;CONSUMO;ATTIVO
39320005342;25/10/2022;RICARICA;ATTIVO
39320005343;03/04/2024;CONSUMO;ATTIVO
39320005344;21/04/2021;RICARICA;ATTIVO
39320005345;24/12/2024;CONSUMO;ATTIVO
39320005346;02/09/2024;RICARICA;ATTIVO
39320005347;09/10/2021;CONSUMO;ATTIVO
39320005348;16/09/2023;RICARICA;ATTIVO
39320005349;24/10/2021;CONSUMO;ATTIVO
39320005350;06/07/2025;RICARICA;ATTIVO
39320005351;14/02/2025;CONSUMO;ATTIVO
39320005352;12/01/2023;RICARICA;ATTIVO
39320005353;24/03/2024;CONSUMO;ATTIVO
39320005354;28/05/2025;RICARICA;SOSPESO
39320005355;30/10/2021;CONSUMO;ATTIVO
39320005356;25/05/2023;RICARICA;ATTIVO
39320005357;11/12/2021;CONSUMO;SOSPESO
39320005358;16/07/2021;RICARICA;ATTIVO
39320005359;29/08/2023;CONSUMO;ATTIVO
39320005360;18/04/2021;RICARICA;ATTIVO
39320005361;22/11/2023;CONSUMO;ATTIVO
39320005362;30/04/2024;RICARICA;ATTIVO
39320005363;01/11/2021;CONSUMO;ATTIVO
39320005364;08/04/2023;RICARICA;ATTIVO
39320005365;01/09/2021;CONSUMO;ATTIVO
39320005366;28/09/2023;RICARICA;ATTIVO
39320005367;05/05/2024;CONSUMO;SOSPESO
39320005368;29/08/2024;RICARICA;ATTIVO
39320005369;08/05/2025;CONSUMO;ATTIVO
39320005370;17/06/2025;RICARICA;ATTIVO
39320005371;03/07/2021;CONSUMO;ATTIVO
39320005372;07/11/2025;RICARICA;ATTIVO
39320005373;22/02/2023;CONSUMO;ATTIVO
39320005374;30/08/2024;RICARICA;ATTIVO
39320005375;24/01/2021;CONSUMO;ATTIVO
39320005376;19/06/2021;RICARICA;ATTIVO
39320005377;06/08/2024;CONSUMO;ATTIVO
39320005378;10/11/2023;RICARICA;ATTIVO
39320005379;16/04/2024;CONSUMO;ATTIVO
39320005380;18/03/2024;RICARICA;ATTIVO
39320005381;21/11/2024;CONSUMO;ATTIVO
39320005382;15/06/2025;RICARICA;ATTIVO
39320005383;26/02/2023;CONSUMO;ATTIVO
39320005384;13/08/2024;RICARICA;ATTIVO
39320005385;04/09/2022;CONSUMO;ATTIVO
39320005386;23/07/2021;RICARICA;ATTIVO
39320005387;01/01/2025;CONSUMO;ATTIVO
39320005388;17/06/2025;RICARICA;ATTIVO
39320005389;11/04/2023;CONSUMO;ATTIVO
39320005390;10/02/2021;RICARICA;ATTIVO
39320005391;02/08/2025;CONSUMO;ATTIVO
39320005392;22/07/2025;RICARICA;ATTIVO
39320005393;11/05/2021;CONSUMO;ATTIVO
39320005394;12/04/2024;RICARICA;ATTIVO
39320005395;04/08/2025;CONSUMO;ATTIVO
39320005396;12/09/2021;RICARICA;ATTIVO
39320005397;01/03/2022;CONSUMO;SOSPESO
39320005398;13/01/2026;RICARICA;ATTIVO
39320005399;01/11/2025;CONSUMO;ATTIVO
39320005400;04/01/2022;RICARICA;ATTIVO
39320005401;05/07/2023;CONSUMO;ATTIVO
39320005402;09/09/2021;RICARICA;ATTIVO
39320005403;23/03/2024;CONSUMO;ATTIVO
39320005404;27/11/2021;RICARICA;ATTIVO
39320005405;10/06/2022;CONSUMO;ATTIVO
39320005406;13/03/2021;RICARICA;ATTIVO
39320005407;13/09/2021;CONSUMO;ATTIVO
39320005408;15/01/2023;RICARICA;SOSPESO
39320005409;18/12/2021;CONSUMO;ATTIVO
39320005410;09/09/2024;RICARICA;ATTIVO
39320005411;08/09/2022;CONSUMO;ATTIVO
39320005412;30/11/2023;RICARICA;ATTIVO
39320005413;24/08/2022;CONSUMO;ATTIVO
39320005414;01/07/2023;RICARICA;ATTIVO
39320005415;02/10/2023;CONSUMO;ATTIVO
39320005416;07/12/2023;RICARICA;ATTIVO
39320005417;23/12/2022;CONSUMO;ATTIVO
39320005418;12/11/2023;RICARICA;ATTIVO
39320005419;22/07/2021;CONSUMO;ATTIVO
39320005420;02/04/2021;RICARICA;ATTIVO
39320005421;21/01/2022;CONSUMO;ATTIVO
39320005422;20/10/2025;RICARICA;ATTIVO
39320005423;02/10/2021;CONSUMO;ATTIVO
39320005424;19/03/2022;RICARICA;ATTIVO
39320005425;23/07/2022;CONSUMO;ATTIVO
39320005426;28/06/2024;RICARICA;ATTIVO
39320005427;01/02/2024;CONSUMO;ATTIVO
39320005428;21/02/2023;RICARICA;ATTIVO
39320005429;01/12/2021;CONSUMO;ATTIVO
39320005430;20/06/2021;RICARICA;SOSPESO
39320005431;17/10/2024;CONSUMO;ATTIVO
39320005432;23/11/2024;RICARICA;ATTIVO
39320005433;22/02/2022;CONSUMO;ATTIVO
39320005434;09/02/2025;RICARICA;ATTIVO
39320005435;20/07/2024;CONSUMO;ATTIVO
39320005436;30/01/2022;RICARICA;ATTIVO
39320005437;29/02/2024;CONSUMO;ATTIVO
39320005438;08/08/2025;RICARICA;ATTIVO
39320005439;02/12/2021;CONSUMO;ATTIVO
39320005440;11/11/2021;RICARICA;ATTIVO
39320005441;02/06/2025;CONSUMO;ATTIVO
39320005442;23/02/2021;RICARICA;SOSPESO
39320005443;22/05/2022;CONSUMO;ATTIVO
39320005444;13/09/2021;RICARICA;ATTIVO
39320005445;01/11/2024;CONSUMO;ATTIVO
39320005446;16/05/2021;RICARICA;ATTIVO
39320005447;02/07/2021;CONSUMO;ATTIVO
39320005448;15/11/2022;RICARICA;ATTIVO
39320005449;27/10/2021;CONSUMO;ATTIVO
39320005450;08/04/2022;RICARICA;ATTIVO
39320005451;20/07/2021;CONSUMO;ATTIVO
39320005452;01/04/2022;RICARICA;ATTIVO
39320005453;04/08/2021;CONSUMO;ATTIVO
39320005454;10/09/2021;RICARICA;ATTIVO
39320005455;31/01/2025;CONSUMO;ATTIVO
39320005456;20/04/2024;RICARICA;ATTIVO
39320005457;30/09/2023;CONSUMO;ATTIVO
39320005458;16/12/2022;RICARICA;ATTIVO
39320005459;08/11/2025;CONSUMO;ATTIVO
39320005460;10/07/2022;RICARICA;ATTIVO
39320005461;11/01/2026;CONSUMO;ATTIVO
39320005462;14/10/2022;RICARICA;SOSPESO
39320005463;09/03/2023;CONSUMO;ATTIVO
39320005464;09/07/2025;RICARICA;ATTIVO
39320005465;04/06/2025;CONSUMO;ATTIVO
39320005466;02/05/2024;RICARICA;ATTIVO
39320005467;05/04/2023;CONSUMO;ATTIVO
39320005468;19/09/2021;RICARICA;ATTIVO
39320005469;07/11/2024;CONSUMO;ATTIVO
39320005470;15/11/2021;RICARICA;ATTIVO
39320005471;20/10/2021;CONSUMO;ATTIVO
39320005472;15/02/2025;RICARICA;ATTIVO
39320005473;24/02/2026;CONSUMO;ATTIVO
39320005474;29/01/2023;RICARICA;ATTIVO
39320005475;26/05/2022;CONSUMO;ATTIVO
39320005476;07/05/2023;RICARICA;ATTIVO
39320005477;10/01/2022;CONSUMO;ATTIVO
39320005478;26/12/2022;RICARICA;ATTIVO
39320005479;26/10/2023;CONSUMO;ATTIVO
39320005480;27/05/2023;RICARICA;ATTIVO
39320005481;11/01/2025;CONSUMO;ATTIVO
39320005482;26/07/2025;RICARICA;ATTIVO
39320005483;25/07/2024;CONSUMO;ATTIVO
39320005484;18/09/2022;RICARICA;ATTIVO
39320005485;03/10/2022;CONSUMO;ATTIVO
39320005486;23/07/2024;RICARICA;ATTIVO
39320005487;03/02/2025;CONSUMO;ATTIVO
39320005488;11/07/2021;RICARICA;ATTIVO
39320005489;28/04/2021;CONSUMO;ATTIVO
39320005490;09/08/2022;RICARICA;ATTIVO
39320005491;07/10/2023;CONSUMO;ATTIVO
39320005492;22/01/2021;RICARICA;SOSPESO
39320005493;19/05/2023;CONSUMO;ATTIVO
39320005494;05/02/2025;RICARICA;ATTIVO
39320005495;17/10/2023;CONSUMO;ATTIVO
39320005496;18/10/2024;RICARICA;ATTIVO
39320005497;30/11/2024;CONSUMO;ATTIVO
39320005498;29/01/2021;RICARICA;ATTIVO
39320005499;09/02/2026;CONSUMO;ATTIVO
39320005500;15/01/2021;RICARICA;ATTIVO
39320005501;09/12/2024;CONSUMO;ATTIVO
39320005502;08/12/2022;RICARICA;ATTIVO
39320005503;22/02/2025;CONSUMO;ATTIVO
39320005504;01/03/2026;RICARICA;ATTIVO
39320005505;08/12/2025;CONSUMO;SOSPESO
39320005506;01/11/2024;RICARICA;ATTIVO
39320005507;28/05/2024;CONSUMO;ATTIVO
39320005508;12/12/2021;RICARICA;ATTIVO
39320005509;12/12/2025;CONSUMO;ATTIVO
39320005510;25/01/2026;RICARICA;ATTIVO
39320005511;03/06/2021;CONSUMO;ATTIVO
39320005512;01/10/2021;RICARICA;ATTIVO
39320005513;15/04/2021;CONSUMO;ATTIVO
39320005514;16/02/2023;RICARICA;ATTIVO
39320005515;20/08/2021;CONSUMO;ATTIVO
39320005516;22/10/2024;RICARICA;ATTIVO
39320005517;10/01/2024;CONSUMO;ATTIVO
39320005518;23/10/2025;RICARICA;ATTIVO
39320005519;05/09/2022;CONSUMO;ATTIVO
39320005520;27/06/2022;RICARICA;ATTIVO
39320005521;20/02/2025;CONSUMO;ATTIVO
39320005522;18/03/2023;RICARICA;ATTIVO
39320005523;17/09/2022;CONSUMO;SOSPESO
39320005524;09/08/2024;RICARICA;ATTIVO
39320005525;04/01/2026;CONSUMO;ATTIVO
39320005526;07/08/2023;RICARICA;ATTIVO
39320005527;04/10/2025;CONSUMO;ATTIVO
39320005528;30/12/2022;RICARICA;ATTIVO
39320005529;01/08/2023;CONSUMO;ATTIVO
39320005530;26/12/2022;RICARICA;ATTIVO
39320005531;18/12/2022;CONSUMO;ATTIVO
39320005532;17/01/2022;RICARICA;ATTIVO
39320005533;19/01/2021;CONSUMO;ATTIVO
39320005534;05/10/2023;RICARICA;ATTIVO
39320005535;20/12/2023;CONSUMO;ATTIVO
39320005536;11/11/2021;RICARICA;ATTIVO
39320005537;14/02/2026;CONSUMO;ATTIVO
39320005538;15/11/2021;RICARICA;ATTIVO
39320005539;28/05/2022;CONSUMO;ATTIVO
39320005540;21/03/2023;RICARICA;ATTIVO
39320005541;17/01/2023;CONSUMO;ATTIVO
39320005542;09/01/2022;RICARICA;ATTIVO
39320005543;06/07/2022;CONSUMO;ATTIVO
39320005544;18/06/2023;RICARICA;ATTIVO
39320005545;19/06/2023;CONSUMO;ATTIVO
39320005546;26/12/2022;RICARICA;ATTIVO
39320005547;12/01/2021;CONSUMO;ATTIVO
39320005548;18/11/2025;RICARICA;ATTIVO
39320005549;15/08/2021;CONSUMO;ATTIVO
39320005550;24/03/2021;RICARICA;ATTIVO
39320005551;13/05/2023;CONSUMO;ATTIVO
39320005552;20/01/2026;RICARICA;ATTIVO
39320005553;26/09/2024;CONSUMO;ATTIVO
39320005554;09/09/2023;RICARICA;SOSPESO
39320005555;29/06/2022;CONSUMO;ATTIVO
39320005556;29/09/2023;RICARICA;ATTIVO
39320005557;27/06/2025;CONSUMO;ATTIVO
39320005558;18/09/2021;RICARICA;ATTIVO
39320005559;15/04/2025;CONSUMO;ATTIVO
39320005560;30/03/2023;RICARICA;ATTIVO
39320005561;07/03/2026;CONSUMO;ATTIVO
39320005562;18/08/2025;RICARICA;ATTIVO
39320005563;13/08/2021;CONSUMO;SOSPESO
39320005564;12/06/2025;RICARICA;ATTIVO
39320005565;15/11/2021;CONSUMO;ATTIVO
39320005566;28/01/2021;RICARICA;ATTIVO
39320005567;30/04/2022;CONSUMO;ATTIVO
39320005568;27/08/2025;RICARICA;ATTIVO
39320005569;07/05/2024;CONSUMO;ATTIVO
39320005570;09/06/2023;RICARICA;ATTIVO
39320005571;01/08/2022;CONSUMO;ATTIVO
39320005572;08/04/2025;RICARICA;ATTIVO
39320005573;18/06/2024;CONSUMO;ATTIVO
39320005574;14/11/2023;RICARICA;ATTIVO
39320005575;30/07/2022;CONSUMO;ATTIVO
39320005576;05/11/2025;RICARICA;ATTIVO
39320005577;06/12/2024;CONSUMO;ATTIVO
39320005578;08/08/2025;RICARICA;ATTIVO
39320005579;29/08/2023;CONSUMO;ATTIVO
39320005580;17/07/2025;RICARICA;ATTIVO
39320005581;04/02/2025;CONSUMO;ATTIVO
39320005582;07/01/2022;RICARICA;ATTIVO
39320005583;17/10/2025;CONSUMO;ATTIVO
39320005584;23/07/2024;RICARICA;ATTIVO
39320005585;04/09/2021;CONSUMO;ATTIVO
39320005586;20/03/2021;RICARICA;ATTIVO
39320005587;29/01/2022;CONSUMO;SOSPESO
39320005588;24/05/2023;RICARICA;ATTIVO
39320005589;13/02/2022;CONSUMO;ATTIVO
39320005590;15/04/2021;RICARICA;ATTIVO
39320005591;12/12/2023;CONSUMO;ATTIVO
39320005592;21/07/2024;RICARICA;SOSPESO
39320005593;31/03/2022;CONSUMO;ATTIVO
39320005594;09/09/2023;RICARICA;ATTIVO
39320005595;25/05/2023;CONSUMO;ATTIVO
39320005596;16/09/2022;RICARICA;ATTIVO
39320005597;15/01/2023;CONSUMO;ATTIVO
39320005598;20/12/2022;RICARICA;ATTIVO
39320005599;21/05/2022;CONSUMO;ATTIVO
39320005600;08/04/2021;RICARICA;ATTIVO
39320005601;02/01/2021;CONSUMO;ATTIVO
39320005602;06/03/2025;RICARICA;ATTIVO
39320005603;08/08/2022;CONSUMO;ATTIVO
39320005604;04/02/2026;RICARICA;ATTIVO
39320005605;02/06/2023;CONSUMO;ATTIVO
39320005606;04/10/2023;RICARICA;ATTIVO
39320005607;16/09/2022;CONSUMO;ATTIVO
39320005608;02/10/2024;RICARICA;ATTIVO
39320005609;05/02/2024;CONSUMO;ATTIVO
39320005610;24/09/2021;RICARICA;ATTIVO
39320005611;27/02/2025;CONSUMO;ATTIVO
39320005612;02/03/2025;RICARICA;ATTIVO
39320005613;20/12/2023;CONSUMO;ATTIVO
39320005614;03/05/2022;RICARICA;ATTIVO
39320005615;07/03/2022;CONSUMO;ATTIVO
39320005616;28/06/2021;RICARICA;ATTIVO
39320005617;25/09/2021;CONSUMO;ATTIVO
39320005618;17/05/2024;RICARICA;ATTIVO
39320005619;16/04/2024;CONSUMO;SOSPESO
39320005620;16/12/2025;RICARICA;ATTIVO
39320005621;26/01/2022;CONSUMO;ATTIVO
39320005622;02/07/2023;RICARICA;SOSPESO
39320005623;03/06/2021;CONSUMO;SOSPESO
39320005624;21/06/2024;RICARICA;ATTIVO
39320005625;25/01/2025;CONSUMO;ATTIVO
39320005626;08/04/2025;RICARICA;ATTIVO
39320005627;16/01/2025;CONSUMO;ATTIVO
39320005628;19/09/2021;RICARICA;ATTIVO
39320005629;02/02/2024;CONSUMO;ATTIVO
39320005630;31/12/2025;RICARICA;ATTIVO
39320005631;14/10/2025;CONSUMO;ATTIVO
39320005632;22/02/2024;RICARICA;SOSPESO
39320005633;07/01/2026;CONSUMO;ATTIVO
39320005634;13/07/2024;RICARICA;ATTIVO
39320005635;09/02/2026;CONSUMO;ATTIVO
39320005636;16/09/2023;RICARICA;ATTIVO
39320005637;29/10/2023;CONSUMO;ATTIVO
39320005638;08/12/2021;RICARICA;ATTIVO
39320005639;27/11/2024;CONSUMO;SOSPESO
39320005640;17/08/2022;RICARICA;ATTIVO
39320005641;05/03/2024;CONSUMO;ATTIVO
39320005642;21/11/2024;RICARICA;ATTIVO
39320005643;27/07/2025;CONSUMO;ATTIVO
39320005644;03/11/2024;RICARICA;ATTIVO
39320005645;18/11/2023;CONSUMO;SOSPESO
39320005646;05/12/2021;RICARICA;ATTIVO
39320005647;10/11/2023;CONSUMO;ATTIVO
39320005648;16/05/2025;RICARICA;ATTIVO
39320005649;28/05/2024;CONSUMO;ATTIVO
39320005650;12/01/2022;RICARICA;ATTIVO
39320005651;17/03/2024;CONSUMO;ATTIVO
39320005652;27/11/2024;RICARICA;ATTIVO
39320005653;08/06/2025;CONSUMO;ATTIVO
39320005654;29/10/2023;RICARICA;ATTIVO
39320005655;12/12/2023;CONSUMO;ATTIVO
39320005656;12/10/2025;RICARICA;ATTIVO
39320005657;21/12/2024;CONSUMO;ATTIVO
39320005658;01/09/2021;RICARICA;ATTIVO
39320005659;04/04/2021;CONSUMO;ATTIVO
39320005660;21/08/2022;RICARICA;ATTIVO
39320005661;31/10/2021;CONSUMO;SOSPESO
39320005662;23/07/2022;RICARICA;SOSPESO
39320005663;08/07/2022;CONSUMO;ATTIVO
39320005664;16/04/2021;RICARICA;ATTIVO
39320005665;25/05/2022;CONSUMO;SOSPESO
39320005666;07/03/2022;RICARICA;ATTIVO
39320005667;03/01/2021;CONSUMO;ATTIVO
39320005668;19/07/2024;RICARICA;ATTIVO
39320005669;26/01/2023;CONSUMO;ATTIVO
39320005670;15/12/2024;RICARICA;ATTIVO
39320005671;25/06/2022;CONSUMO;ATTIVO
39320005672;17/04/2023;RICARICA;ATTIVO
39320005673;27/08/2022;CONSUMO;ATTIVO
39320005674;28/04/2021;RICARICA;ATTIVO
39320005675;22/01/2021;CONSUMO;ATTIVO
39320005676;26/03/2022;RICARICA;ATTIVO
39320005677;27/07/2022;CONSUMO;ATTIVO
39320005678;02/02/2021;RICARICA;ATTIVO
39320005679;13/11/2025;CONSUMO;ATTIVO
39320005680;18/05/2025;RICARICA;ATTIVO
39320005681;19/01/2025;CONSUMO;ATTIVO
39320005682;22/02/2023;RICARICA;SOSPESO
39320005683;12/06/2022;CONSUMO;ATTIVO
39320005684;23/07/2024;RICARICA;ATTIVO
39320005685;27/02/2022;CONSUMO;ATTIVO
39320005686;28/03/2022;RICARICA;ATTIVO
39320005687;22/02/2022;CONSUMO;ATTIVO
39320005688;13/07/2025;RICARICA;ATTIVO
39320005689;21/03/2023;CONSUMO;ATTIVO
39320005690;20/04/2022;RICARICA;ATTIVO
39320005691;08/06/2023;CONSUMO;ATTIVO
39320005692;22/01/2026;RICARICA;ATTIVO
39320005693;13/10/2023;CONSUMO;ATTIVO
39320005694;14/01/2022;RICARICA;ATTIVO
39320005695;27/12/2021;CONSUMO;ATTIVO
39320005696;02/10/2023;RICARICA;SOSPESO
39320005697;05/01/2022;CONSUMO;ATTIVO
39320005698;13/02/2021;RICARICA;ATTIVO
39320005699;18/12/2025;CONSUMO;ATTIVO
39320005700;19/03/2023;RICARICA;ATTIVO
39320005701;20/01/2022;CONSUMO;ATTIVO
39320005702;28/05/2021;RICARICA;ATTIVO
39320005703;21/07/2023;CONSUMO;ATTIVO
39320005704;05/04/2023;RICARICA;ATTIVO
39320005705;15/12/2023;CONSUMO;ATTIVO
39320005706;17/03/2025;RICARICA;ATTIVO
39320005707;20/05/2024;CONSUMO;ATTIVO
39320005708;26/02/2023;RICARICA;ATTIVO
39320005709;20/08/2025;CONSUMO;ATTIVO
39320005710;28/08/2025;RICARICA;ATTIVO
39320005711;31/03/2021;CONSUMO;ATTIVO
39320005712;27/04/2025;RICARICA;ATTIVO
39320005713;20/10/2021;CONSUMO;SOSPESO
39320005714;13/05/2024;RICARICA;ATTIVO
39320005715;20/01/2021;CONSUMO;SOSPESO
39320005716;06/08/2021;RICARICA;ATTIVO
39320005717;03/08/2025;CONSUMO;ATTIVO
39320005718;19/12/2024;RICARICA;ATTIVO
39320005719;13/10/2021;CONSUMO;ATTIVO
39320005720;27/02/2024;RICARICA;ATTIVO
39320005721;29/07/2025;CONSUMO;ATTIVO
39320005722;11/11/2022;RICARICA;ATTIVO
39320005723;15/05/2022;CONSUMO;ATTIVO
39320005724;18/11/2024;RICARICA;ATTIVO
39320005725;19/01/2024;CONSUMO;ATTIVO
39320005726;17/08/2025;RICARICA;ATTIVO
39320005727;21/01/2024;CONSUMO;ATTIVO
39320005728;14/11/2023;RICARICA;ATTIVO
39320005729;01/05/2023;CONSUMO;ATTIVO
39320005730;12/02/2026;RICARICA;ATTIVO
39320005731;10/04/2022;CONSUMO;ATTIVO
39320005732;29/10/2021;RICARICA;ATTIVO
39320005733;11/08/2022;CONSUMO;ATTIVO
39320005734;06/12/2025;RICARICA;ATTIVO
39320005735;07/11/2024;CONSUMO;ATTIVO
39320005736;13/08/2025;RICARICA;ATTIVO
39320005737;05/10/2023;CONSUMO;ATTIVO
39320005738;14/08/2021;RICARICA;ATTIVO
39320005739;01/08/2022;CONSUMO;ATTIVO
39320005740;14/06/2024;RICARICA;ATTIVO
39320005741;09/01/2023;CONSUMO;SOSPESO
39320005742;27/02/2026;RICARICA;ATTIVO
39320005743;30/03/2021;CONSUMO;ATTIVO
39320005744;31/12/2021;RICARICA;ATTIVO
39320005745;17/11/2022;CONSUMO;ATTIVO
39320005746;23/10/2024;RICARICA;ATTIVO
39320005747;04/01/2026;CONSUMO;ATTIVO
39320005748;10/09/2022;RICARICA;ATTIVO
39320005749;11/08/2022;CONSUMO;ATTIVO
39320005750;01/08/2021;RICARICA;ATTIVO
39320005751;20/10/2023;CONSUMO;ATTIVO
39320005752;28/06/2022;RICARICA;ATTIVO
39320005753;27/12/2024;CONSUMO;ATTIVO
39320005754;04/06/2025;RICARICA;ATTIVO
39320005755;01/11/2021;CONSUMO;ATTIVO
39320005756;28/10/2021;RICARICA;ATTIVO
39320005757;11/03/2023;CONSUMO;ATTIVO
39320005758;20/06/2025;RICARICA;ATTIVO
39320005759;07/09/2023;CONSUMO;ATTIVO
39320005760;20/08/2021;RICARICA;ATTIVO
39320005761;28/01/2025;CONSUMO;ATTIVO
39320005762;05/07/2021;RICARICA;ATTIVO
39320005763;19/09/2021;CONSUMO;ATTIVO
39320005764;28/02/2023;RICARICA;ATTIVO
39320005765;10/10/2023;CONSUMO;ATTIVO
39320005766;21/11/2024;RICARICA;SOSPESO
39320005767;17/05/2024;CONSUMO;ATTIVO
39320005768;14/11/2022;RICARICA;ATTIVO
39320005769;01/09/2024;CONSUMO;SOSPESO
39320005770;24/02/2023;RICARICA;ATTIVO
39320005771;16/10/2023;CONSUMO;ATTIVO
39320005772;06/10/2023;RICARICA;ATTIVO
39320005773;10/08/2025;CONSUMO;ATTIVO
39320005774;21/06/2021;RICARICA;ATTIVO
39320005775;14/05/2023;CONSUMO;ATTIVO
39320005776;10/05/2025;RICARICA;ATTIVO
39320005777;13/03/2025;CONSUMO;ATTIVO
39320005778;28/06/2021;RICARICA;ATTIVO
39320005779;06/01/2021;CONSUMO;ATTIVO
39320005780;09/10/2025;RICARICA;ATTIVO
39320005781;18/02/2024;CONSUMO;ATTIVO
39320005782;01/10/2021;RICARICA;SOSPESO
39320005783;03/05/2021;CONSUMO;ATTIVO
39320005784;10/01/2023;RICARICA;ATTIVO
39320005785;11/11/2025;CONSUMO;ATTIVO
39320005786;13/10/2021;RICARICA;ATTIVO
39320005787;23/10/2021;CONSUMO;ATTIVO
39320005788;04/02/2024;RICARICA;SOSPESO
39320005789;13/02/2026;CONSUMO;ATTIVO
39320005790;08/03/2022;RICARICA;ATTIVO
39320005791;25/04/2021;CONSUMO;ATTIVO
39320005792;29/08/2021;RICARICA;SOSPESO
39320005793;12/12/2024;CONSUMO;ATTIVO
39320005794;10/02/2025;RICARICA;ATTIVO
39320005795;20/05/2023;CONSUMO;ATTIVO
39320005796;07/12/2024;RICARICA;ATTIVO
39320005797;06/04/2024;CONSUMO;ATTIVO
39320005798;12/09/2025;RICARICA;ATTIVO
39320005799;20/11/2021;CONSUMO;ATTIVO
39320005800;19/01/2023;RICARICA;ATTIVO
39320005801;17/05/2022;CONSUMO;ATTIVO
39320005802;11/03/2024;RICARICA;ATTIVO
39320005803;03/05/2023;CONSUMO;ATTIVO
39320005804;09/01/2022;RICARICA;ATTIVO
39320005805;14/10/2021;CONSUMO;ATTIVO
39320005806;01/12/2024;RICARICA;SOSPESO
39320005807;21/08/2023;CONSUMO;ATTIVO
39320005808;22/11/2022;RICARICA;ATTIVO
39320005809;13/08/2024;CONSUMO;ATTIVO
39320005810;11/08/2022;RICARICA;ATTIVO
39320005811;03/05/2021;CONSUMO;ATTIVO
39320005812;07/03/2021;RICARICA;ATTIVO
39320005813;22/12/2021;CONSUMO;ATTIVO
39320005814;23/01/2021;RICARICA;ATTIVO
39320005815;18/05/2023;CONSUMO;ATTIVO
39320005816;29/11/2025;RICARICA;ATTIVO
39320005817;27/12/2024;CONSUMO;ATTIVO
39320005818;26/02/2026;RICARICA;ATTIVO
39320005819;19/09/2022;CONSUMO;ATTIVO
39320005820;18/05/2023;RICARICA;SOSPESO
39320005821;11/07/2022;CONSUMO;SOSPESO
39320005822;05/12/2023;RICARICA;ATTIVO
39320005823;14/09/2021;CONSUMO;ATTIVO
39320005824;01/04/2023;RICARICA;ATTIVO
39320005825;25/03/2022;CONSUMO;ATTIVO
39320005826;12/08/2025;RICARICA;ATTIVO
39320005827;20/02/2024;CONSUMO;ATTIVO
39320005828;08/06/2021;RICARICA;ATTIVO
39320005829;18/08/2023;CONSUMO;ATTIVO
39320005830;29/08/2024;RICARICA;ATTIVO
39320005831;22/08/2025;CONSUMO;ATTIVO
39320005832;22/04/2021;RICARICA;ATTIVO
39320005833;17/08/2024;CONSUMO;ATTIVO
39320005834;07/07/2022;RICARICA;ATTIVO
39320005835;09/06/2021;CONSUMO;ATTIVO
39320005836;14/05/2025;RICARICA;ATTIVO
39320005837;27/02/2021;CONSUMO;ATTIVO
39320005838;30/11/2021;RICARICA;ATTIVO
39320005839;14/05/2021;CONSUMO;ATTIVO
39320005840;23/01/2021;RICARICA;ATTIVO
39320005841;26/09/2022;CONSUMO;ATTIVO
39320005842;18/02/2022;RICARICA;ATTIVO
39320005843;08/03/2021;CONSUMO;ATTIVO
39320005844;24/06/2021;RICARICA;SOSPESO
39320005845;02/03/2024;CONSUMO;ATTIVO
39320005846;07/06/2025;RICARICA;ATTIVO
39320005847;09/04/2021;CONSUMO;ATTIVO
39320005848;25/09/2022;RICARICA;ATTIVO
39320005849;01/01/2023;CONSUMO;ATTIVO
39320005850;27/03/2023;RICARICA;ATTIVO
39320005851;07/10/2022;CONSUMO;ATTIVO
39320005852;26/01/2025;RICARICA;ATTIVO
39320005853;23/09/2021;CONSUMO;ATTIVO
39320005854;19/07/2021;RICARICA;ATTIVO
39320005855;11/01/2026;CONSUMO;ATTIVO
39320005856;26/07/2021;RICARICA;ATTIVO
39320005857;07/05/2025;CONSUMO;ATTIVO
39320005858;17/04/2024;RICARICA;ATTIVO
39320005859;04/09/2023;CONSUMO;ATTIVO
39320005860;11/10/2025;RICARICA;ATTIVO
39320005861;27/11/2021;CONSUMO;ATTIVO
39320005862;07/08/2023;RICARICA;ATTIVO
39320005863;05/07/2024;CONSUMO;ATTIVO
39320005864;11/01/2025;RICARICA;ATTIVO
39320005865;18/03/2022;CONSUMO;ATTIVO
39320005866;01/09/2024;RICARICA;ATTIVO
39320005867;11/01/2025;CONSUMO;ATTIVO
39320005868;25/10/2023;RICARICA;ATTIVO
39320005869;01/02/2025;CONSUMO;ATTIVO
39320005870;08/12/2023;RICARICA;SOSPESO
39320005871;01/12/2022;CONSUMO;ATTIVO
39320005872;26/09/2021;RICARICA;ATTIVO
39320005873;08/01/2023;CONSUMO;ATTIVO
39320005874;02/06/2023;RICARICA;ATTIVO
39320005875;30/12/2024;CONSUMO;ATTIVO
39320005876;05/03/2023;RICARICA;ATTIVO
39320005877;04/06/2024;CONSUMO;ATTIVO
39320005878;09/11/2021;RICARICA;ATTIVO
39320005879;16/10/2023;CONSUMO;ATTIVO
39320005880;31/01/2021;RICARICA;ATTIVO
39320005881;18/11/2025;CONSUMO;ATTIVO
39320005882;12/11/2025;RICARICA;SOSPESO
39320005883;20/05/2025;CONSUMO;ATTIVO
39320005884;19/10/2023;RICARICA;ATTIVO
39320005885;05/10/2022;CONSUMO;ATTIVO
39320005886;29/08/2022;RICARICA;ATTIVO
39320005887;28/07/2022;CONSUMO;ATTIVO
39320005888;25/12/2022;RICARICA;ATTIVO
39320005889;02/01/2022;CONSUMO;ATTIVO
39320005890;02/08/2023;RICARICA;ATTIVO
39320005891;28/08/2023;CONSUMO;SOSPESO
39320005892;12/04/2025;RICARICA;ATTIVO
39320005893;24/08/2024;CONSUMO;SOSPESO
39320005894;11/09/2021;RICARICA;SOSPESO
39320005895;27/09/2023;CONSUMO;ATTIVO
39320005896;26/10/2025;RICARICA;ATTIVO
39320005897;18/04/2023;CONSUMO;ATTIVO
39320005898;22/02/2026;RICARICA;ATTIVO
39320005899;22/06/2023;CONSUMO;ATTIVO
39320005900;27/09/2025;RICARICA;ATTIVO
39320005901;05/10/2022;CONSUMO;ATTIVO
39320005902;29/10/2024;RICARICA;ATTIVO
39320005903;11/07/2023;CONSUMO;ATTIVO
39320005904;29/11/2025;RICARICA;SOSPESO
39320005905;29/03/2021;CONSUMO;ATTIVO
39320005906;11/08/2024;RICARICA;ATTIVO
39320005907;08/06/2025;CONSUMO;ATTIVO
39320005908;09/08/2025;RICARICA;ATTIVO
39320005909;13/11/2021;CONSUMO;ATTIVO
39320005910;19/08/2022;RICARICA;ATTIVO
39320005911;13/03/2024;CONSUMO;ATTIVO
39320005912;30/05/2021;RICARICA;ATTIVO
39320005913;26/11/2025;CONSUMO;ATTIVO
39320005914;11/07/2021;RICARICA;ATTIVO
39320005915;18/08/2023;CONSUMO;ATTIVO
39320005916;18/01/2026;RICARICA;ATTIVO
39320005917;12/08/2021;CONSUMO;ATTIVO
39320005918;07/02/2025;RICARICA;ATTIVO
39320005919;05/03/2026;CONSUMO;ATTIVO
39320005920;07/06/2023;RICARICA;ATTIVO
39320005921;05/11/2022;CONSUMO;ATTIVO
39320005922;03/12/2022;RICARICA;SOSPESO
39320005923;23/09/2023;CONSUMO;ATTIVO
39320005924;27/02/2025;RICARICA;ATTIVO
39320005925;25/07/2022;CONSUMO;ATTIVO
39320005926;22/01/2024;RICARICA;ATTIVO
39320005927;21/08/2023;CONSUMO;ATTIVO
39320005928;14/03/2022;RICARICA;ATTIVO
39320005929;06/03/2021;CONSUMO;SOSPESO
39320005930;05/05/2025;RICARICA;ATTIVO
39320005931;14/07/2025;CONSUMO;ATTIVO
39320005932;31/05/2023;RICARICA;SOSPESO
39320005933;14/03/2022;CONSUMO;ATTIVO
39320005934;13/11/2025;RICARICA;ATTIVO
39320005935;03/04/2025;CONSUMO;ATTIVO
39320005936;07/07/2022;RICARICA;ATTIVO
39320005937;27/12/2021;CONSUMO;ATTIVO
39320005938;22/05/2021;RICARICA;ATTIVO
39320005939;17/06/2021;CONSUMO;ATTIVO
39320005940;29/12/2024;RICARICA;ATTIVO
39320005941;10/05/2023;CONSUMO;ATTIVO
39320005942;03/10/2024;RICARICA;ATTIVO
39320005943;12/01/2022;CONSUMO;ATTIVO
39320005944;09/07/2021;RICARICA;ATTIVO
39320005945;28/05/2023;CONSUMO;ATTIVO
39320005946;23/03/2025;RICARICA;ATTIVO
39320005947;11/02/2022;CONSUMO;ATTIVO
39320005948;09/05/2023;RICARICA;ATTIVO
39320005949;02/01/2024;CONSUMO;ATTIVO
39320005950;26/11/2021;RICARICA;SOSPESO
39320005951;14/06/2023;CONSUMO;ATTIVO
39320005952;20/11/2024;RICARICA;ATTIVO
39320005953;13/08/2025;CONSUMO;ATTIVO
39320005954;23/05/2025;RICARICA;ATTIVO
39320005955;11/02/2022;CONSUMO;ATTIVO
39320005956;29/09/2024;RICARICA;ATTIVO
39320005957;24/10/2021;CONSUMO;ATTIVO
39320005958;14/08/2025;RICARICA;SOSPESO
39320005959;02/03/2025;CONSUMO;ATTIVO
39320005960;10/02/2025;RICARICA;ATTIVO
39320005961;05/11/2021;CONSUMO;ATTIVO
39320005962;30/10/2021;RICARICA;ATTIVO
39320005963;11/10/2022;CONSUMO;ATTIVO
39320005964;12/10/2024;RICARICA;ATTIVO
39320005965;03/12/2023;CONSUMO;ATTIVO
39320005966;12/07/2023;RICARICA;SOSPESO
39320005967;22/10/2025;CONSUMO;ATTIVO
39320005968;10/07/2023;RICARICA;ATTIVO
39320005969;30/03/2024;CONSUMO;ATTIVO
39320005970;24/03/2022;RICARICA;ATTIVO
39320005971;20/01/2022;CONSUMO;ATTIVO
39320005972;24/01/2024;RICARICA;ATTIVO
39320005973;15/05/2024;CONSUMO;ATTIVO
39320005974;14/12/2022;RICARICA;ATTIVO
39320005975;27/01/2022;CONSUMO;SOSPESO
39320005976;27/03/2024;RICARICA;SOSPESO
39320005977;29/01/2023;CONSUMO;ATTIVO
39320005978;03/02/2021;RICARICA;ATTIVO
39320005979;21/09/2022;CONSUMO;ATTIVO
39320005980;13/11/2025;RICARICA;ATTIVO
39320005981;20/10/2023;CONSUMO;ATTIVO
39320005982;23/07/2023;RICARICA;ATTIVO
39320005983;22/12/2022;CONSUMO;ATTIVO
39320005984;16/01/2024;RICARICA;ATTIVO
39320005985;16/04/2025;CONSUMO;ATTIVO
39320005986;13/03/2026;RICARICA;ATTIVO
39320005987;28/05/2023;CONSUMO;ATTIVO
39320005988;07/02/2024;RICARICA;ATTIVO
39320005989;17/01/2024;CONSUMO;ATTIVO
39320005990;07/08/2022;RICARICA;ATTIVO
39320005991;11/11/2024;CONSUMO;ATTIVO
39320005992;22/07/2024;RICARICA;ATTIVO
39320005993;24/06/2024;CONSUMO;SOSPESO
39320005994;30/01/2026;RICARICA;ATTIVO
39320005995;29/06/2021;CONSUMO;ATTIVO
39320005996;01/08/2021;RICARICA;ATTIVO
39320005997;03/02/2021;CONSUMO;ATTIVO
39320005998;23/04/2023;RICARICA;ATTIVO
39320005999;16/03/2025;CONSUMO;ATTIVO
39320006000;14/03/2026;RICARICA;ATTIVO
39320006001;21/07/2024;CONSUMO;ATTIVO
39320006002;05/04/2024;RICARICA;ATTIVO
39320006003;29/09/2024;CONSUMO;ATTIVO
39320006004;12/05/2023;RICARICA;ATTIVO
39320006005;11/05/2025;CONSUMO;ATTIVO
39320006006;20/02/2023;RICARICA;ATTIVO
39320006007;20/10/2025;CONSUMO;ATTIVO
39320006008;12/09/2021;RICARICA;ATTIVO
39320006009;14/06/2025;CONSUMO;ATTIVO
39320006010;26/04/2023;RICARICA;ATTIVO
39320006011;13/08/2024;CONSUMO;ATTIVO
39320006012;26/02/2025;RICARICA;ATTIVO
39320006013;07/02/2023;CONSUMO;ATTIVO
39320006014;06/11/2023;RICARICA;ATTIVO
39320006015;07/12/2025;CONSUMO;ATTIVO
39320006016;22/09/2022;RICARICA;ATTIVO
39320006017;17/06/2025;CONSUMO;ATTIVO
39320006018;10/10/2024;RICARICA;ATTIVO
39320006019;18/01/2026;CONSUMO;ATTIVO
39320006020;08/03/2021;RICARICA;ATTIVO
39320006021;11/11/2021;CONSUMO;ATTIVO
39320006022;18/09/2025;RICARICA;ATTIVO
39320006023;07/08/2025;CONSUMO;ATTIVO
39320006024;13/10/2022;RICARICA;ATTIVO
39320006025;17/03/2024;CONSUMO;SOSPESO
39320006026;11/05/2022;RICARICA;ATTIVO
39320006027;13/03/2023;CONSUMO;ATTIVO
39320006028;12/08/2024;RICARICA;ATTIVO
39320006029;16/04/2021;CONSUMO;ATTIVO
39320006030;29/03/2024;RICARICA;ATTIVO
39320006031;27/07/2024;CONSUMO;ATTIVO
39320006032;31/01/2025;RICARICA;ATTIVO
39320006033;26/01/2026;CONSUMO;ATTIVO
39320006034;21/11/2021;RICARICA;ATTIVO
39320006035;23/07/2021;CONSUMO;ATTIVO
39320006036;16/09/2021;RICARICA;ATTIVO
39320006037;17/07/2024;CONSUMO;ATTIVO
39320006038;14/03/2023;RICARICA;ATTIVO
39320006039;08/07/2024;CONSUMO;ATTIVO
39320006040;11/09/2025;RICARICA;ATTIVO
39320006041;23/10/2022;CONSUMO;ATTIVO
39320006042;11/07/2021;RICARICA;ATTIVO
39320006043;24/01/2021;CONSUMO;ATTIVO
39320006044;30/04/2024;RICARICA;ATTIVO
39320006045;19/06/2024;CONSUMO;ATTIVO
39320006046;01/03/2026;RICARICA;SOSPESO
39320006047;17/03/2024;CONSUMO;ATTIVO
39320006048;01/03/2025;RICARICA;ATTIVO
39320006049;19/07/2023;CONSUMO;ATTIVO
39320006050;12/05/2025;RICARICA;ATTIVO
39320006051;06/05/2022;CONSUMO;ATTIVO
39320006052;31/03/2022;RICARICA;ATTIVO
39320006053;02/01/2024;CONSUMO;ATTIVO
39320006054;27/01/2025;RICARICA;ATTIVO
39320006055;29/05/2025;CONSUMO;ATTIVO
39320006056;18/06/2022;RICARICA;ATTIVO
39320006057;18/07/2022;CONSUMO;ATTIVO
39320006058;22/10/2021;RICARICA;ATTIVO
39320006059;31/07/2024;CONSUMO;SOSPESO
39320006060;11/11/2025;RICARICA;ATTIVO
39320006061;30/07/2023;CONSUMO;SOSPESO
39320006062;09/09/2021;RICARICA;ATTIVO
39320006063;02/08/2022;CONSUMO;ATTIVO
39320006064;05/01/2022;RICARICA;ATTIVO
39320006065;10/10/2023;CONSUMO;ATTIVO
39320006066;13/02/2026;RICARICA;ATTIVO
39320006067;12/03/2023;CONSUMO;ATTIVO
39320006068;18/06/2025;RICARICA;ATTIVO
39320006069;31/05/2021;CONSUMO;ATTIVO
39320006070;05/07/2024;RICARICA;ATTIVO
39320006071;08/11/2024;CONSUMO;ATTIVO
39320006072;28/12/2025;RICARICA;ATTIVO
39320006073;04/02/2026;CONSUMO;ATTIVO
39320006074;26/11/2021;RICARICA;ATTIVO
39320006075;21/01/2021;CONSUMO;ATTIVO
39320006076;12/09/2024;RICARICA;ATTIVO
39320006077;27/05/2024;CONSUMO;ATTIVO
39320006078;29/08/2021;RICARICA;SOSPESO
39320006079;12/12/2022;CONSUMO;ATTIVO
39320006080;11/06/2024;RICARICA;ATTIVO
39320006081;11/01/2021;CONSUMO;ATTIVO
39320006082;27/02/2025;RICARICA;ATTIVO
39320006083;07/09/2021;CONSUMO;ATTIVO
39320006084;02/03/2021;RICARICA;ATTIVO
39320006085;27/11/2023;CONSUMO;ATTIVO
39320006086;09/11/2021;RICARICA;ATTIVO
39320006087;18/01/2023;CONSUMO;ATTIVO
39320006088;21/03/2022;RICARICA;ATTIVO
39320006089;11/10/2021;CONSUMO;ATTIVO
39320006090;30/01/2025;RICARICA;ATTIVO
39320006091;17/09/2021;CONSUMO;ATTIVO
39320006092;14/09/2023;RICARICA;ATTIVO
39320006093;08/07/2021;CONSUMO;ATTIVO
39320006094;04/02/2024;RICARICA;ATTIVO
39320006095;15/08/2023;CONSUMO;ATTIVO
39320006096;13/10/2023;RICARICA;ATTIVO
39320006097;31/03/2023;CONSUMO;SOSPESO
39320006098;28/05/2022;RICARICA;ATTIVO
39320006099;08/11/2024;CONSUMO;ATTIVO
39320006100;09/01/2025;RICARICA;ATTIVO
39320006101;16/03/2023;CONSUMO;ATTIVO
39320006102;13/06/2025;RICARICA;ATTIVO
39320006103;01/10/2022;CONSUMO;ATTIVO
39320006104;26/02/2022;RICARICA;SOSPESO
39320006105;27/09/2023;CONSUMO;ATTIVO
39320006106;03/07/2023;RICARICA;ATTIVO
39320006107;11/03/2025;CONSUMO;ATTIVO
39320006108;15/10/2022;RICARICA;ATTIVO
39320006109;28/05/2024;CONSUMO;ATTIVO
39320006110;14/02/2022;RICARICA;ATTIVO
39320006111;05/02/2023;CONSUMO;ATTIVO
39320006112;06/08/2025;RICARICA;ATTIVO
39320006113;09/12/2021;CONSUMO;ATTIVO
39320006114;14/11/2023;RICARICA;ATTIVO
39320006115;20/04/2023;CONSUMO;ATTIVO
39320006116;21/08/2025;RICARICA;ATTIVO
39320006117;23/12/2023;CONSUMO;ATTIVO
39320006118;03/03/2021;RICARICA;ATTIVO
39320006119;15/07/2025;CONSUMO;ATTIVO
39320006120;08/06/2025;RICARICA;ATTIVO
39320006121;18/05/2022;CONSUMO;ATTIVO
39320006122;07/09/2024;RICARICA;ATTIVO
39320006123;25/10/2021;CONSUMO;ATTIVO
39320006124;08/09/2021;RICARICA;ATTIVO
39320006125;10/11/2024;CONSUMO;ATTIVO
39320006126;05/11/2022;RICARICA;ATTIVO
39320006127;08/03/2024;CONSUMO;ATTIVO
39320006128;15/01/2026;RICARICA;ATTIVO
39320006129;16/05/2021;CONSUMO;ATTIVO
39320006130;17/05/2024;RICARICA;ATTIVO
39320006131;22/03/2022;CONSUMO;ATTIVO
39320006132;24/07/2022;RICARICA;ATTIVO
39320006133;15/12/2025;CONSUMO;ATTIVO
39320006134;06/10/2024;RICARICA;ATTIVO
39320006135;03/01/2026;CONSUMO;ATTIVO
39320006136;29/10/2024;RICARICA;ATTIVO
39320006137;13/10/2022;CONSUMO;ATTIVO
39320006138;10/02/2022;RICARICA;ATTIVO
39320006139;02/07/2025;CONSUMO;ATTIVO
39320006140;06/04/2021;RICARICA;SOSPESO
39320006141;13/05/2023;CONSUMO;ATTIVO
39320006142;17/07/2023;RICARICA;ATTIVO
39320006143;01/11/2022;CONSUMO;ATTIVO
39320006144;30/04/2022;RICARICA;ATTIVO
39320006145;07/08/2022;CONSUMO;ATTIVO
39320006146;24/05/2025;RICARICA;ATTIVO
39320006147;10/01/2021;CONSUMO;ATTIVO
39320006148;06/08/2022;RICARICA;ATTIVO
39320006149;05/04/2023;CONSUMO;ATTIVO
39320006150;29/12/2023;RICARICA;ATTIVO
39320006151;22/03/2021;CONSUMO;ATTIVO
39320006152;03/02/2021;RICARICA;ATTIVO
39320006153;14/07/2021;CONSUMO;ATTIVO
39320006154;01/05/2023;RICARICA;ATTIVO
39320006155;17/07/2022;CONSUMO;ATTIVO
39320006156;10/12/2022;RICARICA;ATTIVO
39320006157;14/02/2024;CONSUMO;ATTIVO
39320006158;09/10/2023;RICARICA;ATTIVO
39320006159;17/03/2023;CONSUMO;ATTIVO
39320006160;20/07/2023;RICARICA;ATTIVO
39320006161;05/08/2024;CONSUMO;SOSPESO
39320006162;06/09/2021;RICARICA;ATTIVO
39320006163;19/06/2024;CONSUMO;ATTIVO
39320006164;04/04/2022;RICARICA;ATTIVO
39320006165;22/01/2021;CONSUMO;ATTIVO
39320006166;24/10/2022;RICARICA;ATTIVO
39320006167;23/01/2025;CONSUMO;ATTIVO
39320006168;15/12/2021;RICARICA;ATTIVO
39320006169;22/01/2025;CONSUMO;ATTIVO
39320006170;26/01/2023;RICARICA;ATTIVO
39320006171;06/01/2024;CONSUMO;SOSPESO
39320006172;10/11/2024;RICARICA;ATTIVO
39320006173;16/06/2022;CONSUMO;ATTIVO
39320006174;30/03/2021;RICARICA;ATTIVO
39320006175;16/09/2022;CONSUMO;ATTIVO
39320006176;06/11/2022;RICARICA;ATTIVO
39320006177;10/06/2025;CONSUMO;ATTIVO
39320006178;07/07/2022;RICARICA;ATTIVO
39320006179;10/03/2026;CONSUMO;ATTIVO
39320006180;02/08/2023;RICARICA;ATTIVO
39320006181;16/10/2022;CONSUMO;ATTIVO
39320006182;23/03/2025;RICARICA;ATTIVO
39320006183;08/10/2025;CONSUMO;SOSPESO
39320006184;27/04/2023;RICARICA;ATTIVO
39320006185;30/09/2024;CONSUMO;ATTIVO
39320006186;17/12/2023;RICARICA;ATTIVO
39320006187;06/09/2023;CONSUMO;ATTIVO
39320006188;29/07/2022;RICARICA;ATTIVO
39320006189;05/02/2025;CONSUMO;ATTIVO
39320006190;08/07/2021;RICARICA;ATTIVO
39320006191;30/08/2022;CONSUMO;ATTIVO
39320006192;24/12/2022;RICARICA;ATTIVO
39320006193;23/11/2025;CONSUMO;ATTIVO
39320006194;18/08/2024;RICARICA;ATTIVO
39320006195;26/02/2022;CONSUMO;ATTIVO
39320006196;03/06/2021;RICARICA;SOSPESO
39320006197;04/05/2021;CONSUMO;ATTIVO
39320006198;05/10/2024;RICARICA;ATTIVO
39320006199;04/08/2025;CONSUMO;ATTIVO
39320006200;26/09/2023;RICARICA;ATTIVO
39320006201;04/03/2022;CONSUMO;ATTIVO
39320006202;09/04/2025;RICARICA;ATTIVO
39320006203;25/10/2025;CONSUMO;ATTIVO
39320006204;01/10/2022;RICARICA;ATTIVO
39320006205;04/09/2024;CONSUMO;ATTIVO
39320006206;31/10/2023;RICARICA;ATTIVO
39320006207;24/09/2021;CONSUMO;ATTIVO
39320006208;15/01/2023;RICARICA;ATTIVO
39320006209;16/07/2023;CONSUMO;ATTIVO
39320006210;18/11/2023;RICARICA;ATTIVO
39320006211;31/03/2023;CONSUMO;ATTIVO
39320006212;24/07/2022;RICARICA;ATTIVO
39320006213;06/11/2024;CONSUMO;ATTIVO
39320006214;17/11/2025;RICARICA;ATTIVO
39320006215;29/07/2021;CONSUMO;ATTIVO
39320006216;30/11/2025;RICARICA;ATTIVO
39320006217;14/08/2021;CONSUMO;ATTIVO
39320006218;06/01/2026;RICARICA;ATTIVO
39320006219;01/07/2022;CONSUMO;ATTIVO
39320006220;17/09/2024;RICARICA;ATTIVO
39320006221;22/12/2022;CONSUMO;ATTIVO
39320006222;14/03/2026;RICARICA;ATTIVO
39320006223;27/12/2022;CONSUMO;ATTIVO
39320006224;05/11/2021;RICARICA;ATTIVO
39320006225;02/06/2023;CONSUMO;ATTIVO
39320006226;19/04/2021;RICARICA;ATTIVO
39320006227;28/01/2023;CONSUMO;ATTIVO
39320006228;21/08/2024;RICARICA;ATTIVO
39320006229;16/03/2026;CONSUMO;ATTIVO
39320006230;26/08/2022;RICARICA;ATTIVO
39320006231;28/12/2021;CONSUMO;ATTIVO
39320006232;21/12/2023;RICARICA;ATTIVO
39320006233;29/11/2023;CONSUMO;ATTIVO
39320006234;27/10/2024;RICARICA;ATTIVO
39320006235;25/05/2022;CONSUMO;SOSPESO
39320006236;26/03/2022;RICARICA;ATTIVO
39320006237;08/01/2026;CONSUMO;ATTIVO
39320006238;30/06/2022;RICARICA;ATTIVO
39320006239;26/12/2023;CONSUMO;ATTIVO
39320006240;09/04/2022;RICARICA;ATTIVO
39320006241;03/12/2024;CONSUMO;ATTIVO
39320006242;14/03/2023;RICARICA;ATTIVO
39320006243;27/03/2022;CONSUMO;ATTIVO
39320006244;07/12/2025;RICARICA;ATTIVO
39320006245;12/10/2023;CONSUMO;ATTIVO
39320006246;29/05/2025;RICARICA;ATTIVO
39320006247;28/07/2024;CONSUMO;ATTIVO
39320006248;06/05/2024;RICARICA;ATTIVO
39320006249;07/01/2021;CONSUMO;ATTIVO
39320006250;28/10/2023;RICARICA;ATTIVO
39320006251;28/06/2024;CONSUMO;ATTIVO
39320006252;18/09/2022;RICARICA;ATTIVO
39320006253;09/11/2024;CONSUMO;ATTIVO
39320006254;08/10/2022;RICARICA;ATTIVO
39320006255;08/12/2021;CONSUMO;ATTIVO
39320006256;17/01/2026;RICARICA;ATTIVO
39320006257;27/01/2021;CONSUMO;ATTIVO
39320006258;27/05/2023;RICARICA;ATTIVO
39320006259;30/12/2021;CONSUMO;SOSPESO
39320006260;10/12/2025;RICARICA;ATTIVO
39320006261;23/10/2024;CONSUMO;ATTIVO
39320006262;20/01/2021;RICARICA;ATTIVO
39320006263;29/08/2023;CONSUMO;ATTIVO
39320006264;28/09/2023;RICARICA;ATTIVO
39320006265;26/08/2023;CONSUMO;ATTIVO
39320006266;05/08/2025;RICARICA;ATTIVO
39320006267;24/10/2024;CONSUMO;SOSPESO
39320006268;07/09/2025;RICARICA;ATTIVO
39320006269;28/10/2023;CONSUMO;ATTIVO
39320006270;28/10/2021;RICARICA;ATTIVO
39320006271;24/07/2021;CONSUMO;ATTIVO
39320006272;16/02/2025;RICARICA;ATTIVO
39320006273;02/10/2023;CONSUMO;ATTIVO
39320006274;23/01/2024;RICARICA;ATTIVO
39320006275;24/09/2023;CONSUMO;ATTIVO
39320006276;29/07/2023;RICARICA;ATTIVO
39320006277;24/12/2022;CONSUMO;ATTIVO
39320006278;15/11/2022;RICARICA;ATTIVO
39320006279;06/05/2025;CONSUMO;ATTIVO
39320006280;07/11/2025;RICARICA;ATTIVO
39320006281;05/05/2024;CONSUMO;ATTIVO
39320006282;07/07/2022;RICARICA;ATTIVO
39320006283;31/01/2025;CONSUMO;ATTIVO
39320006284;30/10/2021;RICARICA;SOSPESO
39320006285;20/10/2025;CONSUMO;ATTIVO
39320006286;18/10/2021;RICARICA;ATTIVO
39320006287;05/03/2021;CONSUMO;ATTIVO
39320006288;26/02/2025;RICARICA;ATTIVO
39320006289;02/06/2023;CONSUMO;ATTIVO
39320006290;05/03/2025;RICARICA;ATTIVO
39320006291;01/03/2026;CONSUMO;SOSPESO
39320006292;01/08/2024;RICARICA;ATTIVO
39320006293;15/07/2022;CONSUMO;ATTIVO
39320006294;22/10/2024;RICARICA;ATTIVO
39320006295;12/02/2026;CONSUMO;ATTIVO
39320006296;30/11/2025;RICARICA;ATTIVO
39320006297;28/06/2022;CONSUMO;ATTIVO
39320006298;16/12/2022;RICARICA;ATTIVO
39320006299;12/03/2023;CONSUMO;ATTIVO
39320006300;20/07/2022;RICARICA;ATTIVO
39320006301;26/03/2021;CONSUMO;ATTIVO
39320006302;08/12/2024;RICARICA;ATTIVO
39320006303;08/06/2024;CONSUMO;ATTIVO
39320006304;17/06/2025;RICARICA;ATTIVO
39320006305;12/06/2025;CONSUMO;ATTIVO
39320006306;14/08/2022;RICARICA;ATTIVO
39320006307;18/01/2021;CONSUMO;ATTIVO
39320006308;04/11/2024;RICARICA;ATTIVO
39320006309;26/10/2024;CONSUMO;ATTIVO
39320006310;17/08/2022;RICARICA;ATTIVO
39320006311;22/09/2024;CONSUMO;ATTIVO
39320006312;25/09/2023;RICARICA;ATTIVO
39320006313;26/06/2025;CONSUMO;ATTIVO
39320006314;19/07/2023;RICARICA;ATTIVO
39320006315;03/08/2022;CONSUMO;ATTIVO
39320006316;10/09/2021;RICARICA;ATTIVO
39320006317;19/09/2022;CONSUMO;ATTIVO
39320006318;23/12/2022;RICARICA;ATTIVO
39320006319;02/01/2021;CONSUMO;ATTIVO
39320006320;10/10/2021;RICARICA;ATTIVO
39320006321;04/08/2022;CONSUMO;ATTIVO
39320006322;26/10/2023;RICARICA;ATTIVO
39320006323;24/04/2025;CONSUMO;ATTIVO
39320006324;26/06/2021;RICARICA;ATTIVO
39320006325;20/10/2021;CONSUMO;SOSPESO
39320006326;07/02/2022;RICARICA;ATTIVO
39320006327;24/02/2026;CONSUMO;ATTIVO
39320006328;25/03/2022;RICARICA;ATTIVO
39320006329;28/12/2022;CONSUMO;ATTIVO
39320006330;21/10/2024;RICARICA;ATTIVO
39320006331;16/05/2023;CONSUMO;ATTIVO
39320006332;26/01/2026;RICARICA;ATTIVO
39320006333;20/06/2022;CONSUMO;SOSPESO
39320006334;07/05/2024;RICARICA;ATTIVO
39320006335;29/02/2024;CONSUMO;ATTIVO
39320006336;29/11/2025;RICARICA;ATTIVO
39320006337;30/03/2024;CONSUMO;ATTIVO
39320006338;22/04/2025;RICARICA;ATTIVO
39320006339;05/10/2021;CONSUMO;ATTIVO
39320006340;13/02/2022;RICARICA;ATTIVO
39320006341;25/06/2021;CONSUMO;ATTIVO
39320006342;14/03/2026;RICARICA;ATTIVO
39320006343;23/01/2024;CONSUMO;ATTIVO
39320006344;22/05/2025;RICARICA;ATTIVO
39320006345;14/06/2023;CONSUMO;ATTIVO
39320006346;15/12/2023;RICARICA;ATTIVO
39320006347;04/10/2022;CONSUMO;ATTIVO
39320006348;04/11/2024;RICARICA;ATTIVO
39320006349;18/08/2023;CONSUMO;ATTIVO
39320006350;14/08/2023;RICARICA;ATTIVO
39320006351;21/04/2023;CONSUMO;ATTIVO
39320006352;12/02/2026;RICARICA;ATTIVO
39320006353;20/04/2025;CONSUMO;ATTIVO
39320006354;28/03/2025;RICARICA;ATTIVO
39320006355;01/02/2026;CONSUMO;ATTIVO
39320006356;12/05/2022;RICARICA;ATTIVO
39320006357;04/02/2023;CONSUMO;ATTIVO
39320006358;18/01/2024;RICARICA;ATTIVO
39320006359;03/12/2025;CONSUMO;ATTIVO
39320006360;27/03/2025;RICARICA;ATTIVO
39320006361;15/09/2021;CONSUMO;ATTIVO
39320006362;13/01/2021;RICARICA;ATTIVO
39320006363;12/04/2025;CONSUMO;ATTIVO
39320006364;01/08/2023;RICARICA;ATTIVO
39320006365;23/06/2021;CONSUMO;ATTIVO
39320006366;27/08/2025;RICARICA;SOSPESO
39320006367;08/08/2021;CONSUMO;ATTIVO
39320006368;19/07/2021;RICARICA;ATTIVO
39320006369;04/03/2024;CONSUMO;ATTIVO
39320006370;10/11/2022;RICARICA;ATTIVO
39320006371;06/09/2021;CONSUMO;ATTIVO
39320006372;13/10/2024;RICARICA;ATTIVO
39320006373;08/01/2025;CONSUMO;ATTIVO
39320006374;24/02/2022;RICARICA;ATTIVO
39320006375;26/02/2024;CONSUMO;ATTIVO
39320006376;12/10/2023;RICARICA;ATTIVO
39320006377;08/01/2026;CONSUMO;ATTIVO
39320006378;12/10/2025;RICARICA;ATTIVO
39320006379;10/07/2024;CONSUMO;ATTIVO
39320006380;14/01/2021;RICARICA;ATTIVO
39320006381;01/07/2024;CONSUMO;ATTIVO
39320006382;23/08/2021;RICARICA;ATTIVO
39320006383;10/11/2021;CONSUMO;ATTIVO
39320006384;05/09/2021;RICARICA;ATTIVO
39320006385;22/05/2022;CONSUMO;ATTIVO
39320006386;29/08/2023;RICARICA;ATTIVO
39320006387;02/11/2023;CONSUMO;ATTIVO
39320006388;24/04/2021;RICARICA;SOSPESO
39320006389;07/09/2022;CONSUMO;ATTIVO
39320006390;12/01/2022;RICARICA;ATTIVO
39320006391;20/09/2025;CONSUMO;ATTIVO
39320006392;18/06/2022;RICARICA;ATTIVO
39320006393;27/10/2024;CONSUMO;ATTIVO
39320006394;09/09/2024;RICARICA;ATTIVO
39320006395;05/06/2023;CONSUMO;ATTIVO
39320006396;14/02/2021;RICARICA;ATTIVO
39320006397;04/08/2025;CONSUMO;ATTIVO
39320006398;08/05/2022;RICARICA;ATTIVO
39320006399;27/02/2025;CONSUMO;ATTIVO
39320006400;15/02/2022;RICARICA;ATTIVO
39320006401;17/08/2022;CONSUMO;ATTIVO
39320006402;24/07/2021;RICARICA;SOSPESO
39320006403;07/10/2023;CONSUMO;ATTIVO
39320006404;18/07/2022;RICARICA;ATTIVO
39320006405;29/11/2024;CONSUMO;ATTIVO
39320006406;09/08/2023;RICARICA;ATTIVO
39320006407;21/05/2023;CONSUMO;ATTIVO
39320006408;04/08/2022;RICARICA;ATTIVO
39320006409;01/03/2024;CONSUMO;ATTIVO
39320006410;03/04/2024;RICARICA;ATTIVO
39320006411;14/08/2024;CONSUMO;ATTIVO
39320006412;07/09/2024;RICARICA;ATTIVO
39320006413;29/03/2021;CONSUMO;ATTIVO
39320006414;28/12/2022;RICARICA;SOSPESO
39320006415;17/08/2023;CONSUMO;ATTIVO
39320006416;28/07/2023;RICARICA;ATTIVO
39320006417;21/11/2021;CONSUMO;ATTIVO
39320006418;19/10/2025;RICARICA;ATTIVO
39320006419;08/03/2022;CONSUMO;ATTIVO
39320006420;17/12/2024;RICARICA;ATTIVO
39320006421;17/11/2023;CONSUMO;ATTIVO
39320006422;05/09/2024;RICARICA;ATTIVO
39320006423;05/09/2024;CONSUMO;ATTIVO
39320006424;26/11/2022;RICARICA;ATTIVO
39320006425;25/10/2025;CONSUMO;ATTIVO
39320006426;25/07/2022;RICARICA;ATTIVO
39320006427;10/09/2024;CONSUMO;ATTIVO
39320006428;18/03/2023;RICARICA;ATTIVO
39320006429;15/09/2025;CONSUMO;ATTIVO
39320006430;11/02/2023;RICARICA;SOSPESO
39320006431;25/05/2024;CONSUMO;ATTIVO
39320006432;25/03/2024;RICARICA;ATTIVO
39320006433;05/11/2023;CONSUMO;ATTIVO
39320006434;13/12/2023;RICARICA;ATTIVO
39320006435;30/11/2024;CONSUMO;ATTIVO
39320006436;04/04/2024;RICARICA;ATTIVO
39320006437;18/06/2024;CONSUMO;ATTIVO
39320006438;19/05/2021;RICARICA;ATTIVO
39320006439;11/10/2025;CONSUMO;ATTIVO
39320006440;20/04/2022;RICARICA;ATTIVO
39320006441;06/08/2021;CONSUMO;ATTIVO
39320006442;23/10/2024;RICARICA;ATTIVO
39320006443;06/04/2025;CONSUMO;ATTIVO
39320006444;30/04/2025;RICARICA;ATTIVO
39320006445;09/02/2025;CONSUMO;ATTIVO
39320006446;04/08/2021;RICARICA;ATTIVO
39320006447;23/12/2021;CONSUMO;ATTIVO
39320006448;26/02/2023;RICARICA;ATTIVO
39320006449;11/05/2023;CONSUMO;SOSPESO
39320006450;07/05/2021;RICARICA;ATTIVO
39320006451;23/08/2021;CONSUMO;ATTIVO
39320006452;16/03/2025;RICARICA;ATTIVO
39320006453;13/04/2025;CONSUMO;ATTIVO
39320006454;16/07/2024;RICARICA;ATTIVO
39320006455;07/03/2026;CONSUMO;ATTIVO
39320006456;09/08/2021;RICARICA;ATTIVO
39320006457;13/02/2023;CONSUMO;ATTIVO
39320006458;29/07/2024;RICARICA;ATTIVO
39320006459;14/02/2022;CONSUMO;ATTIVO
39320006460;03/10/2023;RICARICA;ATTIVO
39320006461;09/08/2022;CONSUMO;ATTIVO
39320006462;28/02/2025;RICARICA;ATTIVO
39320006463;25/07/2025;CONSUMO;ATTIVO
39320006464;06/06/2025;RICARICA;ATTIVO
39320006465;07/04/2024;CONSUMO;ATTIVO
39320006466;01/10/2024;RICARICA;ATTIVO
39320006467;10/03/2021;CONSUMO;ATTIVO
39320006468;04/01/2026;RICARICA;ATTIVO
39320006469;05/05/2025;CONSUMO;ATTIVO
39320006470;25/01/2024;RICARICA;ATTIVO
39320006471;29/11/2022;CONSUMO;ATTIVO
39320006472;03/02/2025;RICARICA;SOSPESO
39320006473;31/01/2025;CONSUMO;ATTIVO
39320006474;14/10/2023;RICARICA;ATTIVO
39320006475;01/03/2022;CONSUMO;ATTIVO
39320006476;29/08/2023;RICARICA;ATTIVO
39320006477;01/01/2023;CONSUMO;ATTIVO
39320006478;19/02/2024;RICARICA;ATTIVO
39320006479;30/06/2025;CONSUMO;ATTIVO
39320006480;26/05/2023;RICARICA;ATTIVO
39320006481;25/11/2025;CONSUMO;ATTIVO
39320006482;10/06/2021;RICARICA;ATTIVO
39320006483;26/11/2023;CONSUMO;ATTIVO
39320006484;30/08/2021;RICARICA;ATTIVO
39320006485;16/04/2021;CONSUMO;ATTIVO
39320006486;09/11/2022;RICARICA;ATTIVO
39320006487;10/08/2025;CONSUMO;SOSPESO
39320006488;04/03/2026;RICARICA;ATTIVO
39320006489;11/03/2023;CONSUMO;ATTIVO
39320006490;20/05/2021;RICARICA;ATTIVO
39320006491;20/11/2021;CONSUMO;SOSPESO
39320006492;03/06/2021;RICARICA;ATTIVO
39320006493;10/05/2022;CONSUMO;ATTIVO
39320006494;05/06/2024;RICARICA;ATTIVO
39320006495;29/03/2023;CONSUMO;ATTIVO
39320006496;24/01/2024;RICARICA;ATTIVO
39320006497;16/08/2021;CONSUMO;ATTIVO
39320006498;22/02/2026;RICARICA;SOSPESO
39320006499;30/08/2024;CONSUMO;ATTIVO
39320006500;24/11/2022;RICARICA;ATTIVO
39320006501;15/02/2022;CONSUMO;ATTIVO
39320006502;16/04/2025;RICARICA;ATTIVO
39320006503;23/02/2022;CONSUMO;ATTIVO
39320006504;11/02/2025;RICARICA;ATTIVO
39320006505;01/04/2025;CONSUMO;ATTIVO
39320006506;04/12/2025;RICARICA;ATTIVO
39320006507;08/10/2023;CONSUMO;ATTIVO
39320006508;29/02/2024;RICARICA;ATTIVO
39320006509;10/12/2024;CONSUMO;ATTIVO
39320006510;12/07/2025;RICARICA;ATTIVO
39320006511;25/05/2021;CONSUMO;SOSPESO
39320006512;10/05/2024;RICARICA;ATTIVO
39320006513;15/06/2021;CONSUMO;ATTIVO
39320006514;08/09/2023;RICARICA;SOSPESO
39320006515;09/07/2022;CONSUMO;ATTIVO
39320006516;02/08/2021;RICARICA;ATTIVO
39320006517;06/11/2023;CONSUMO;ATTIVO
39320006518;19/12/2022;RICARICA;ATTIVO
39320006519;14/09/2022;CONSUMO;ATTIVO
39320006520;30/11/2025;RICARICA;SOSPESO
39320006521;13/02/2021;CONSUMO;SOSPESO
39320006522;23/02/2021;RICARICA;ATTIVO
39320006523;20/07/2025;CONSUMO;ATTIVO
39320006524;30/05/2024;RICARICA;ATTIVO
39320006525;28/10/2024;CONSUMO;ATTIVO
39320006526;07/02/2021;RICARICA;ATTIVO
39320006527;17/04/2021;CONSUMO;ATTIVO
39320006528;12/02/2023;RICARICA;ATTIVO
39320006529;31/05/2023;CONSUMO;ATTIVO
39320006530;31/01/2024;RICARICA;ATTIVO
39320006531;16/06/2023;CONSUMO;ATTIVO
39320006532;14/06/2024;RICARICA;SOSPESO
39320006533;24/01/2023;CONSUMO;ATTIVO
39320006534;04/12/2022;RICARICA;ATTIVO
39320006535;29/04/2021;CONSUMO;ATTIVO
39320006536;08/07/2021;RICARICA;ATTIVO
39320006537;11/04/2022;CONSUMO;ATTIVO
39320006538;22/03/2025;RICARICA;ATTIVO
39320006539;13/06/2025;CONSUMO;ATTIVO
39320006540;04/04/2021;RICARICA;SOSPESO
39320006541;31/01/2021;CONSUMO;ATTIVO
39320006542;27/05/2022;RICARICA;ATTIVO
39320006543;06/06/2021;CONSUMO;ATTIVO
39320006544;18/06/2023;RICARICA;ATTIVO
39320006545;31/03/2021;CONSUMO;ATTIVO
39320006546;18/05/2024;RICARICA;ATTIVO
39320006547;16/05/2022;CONSUMO;SOSPESO
39320006548;23/09/2021;RICARICA;ATTIVO
39320006549;08/09/2023;CONSUMO;ATTIVO
39320006550;06/09/2024;RICARICA;ATTIVO
39320006551;28/05/2022;CONSUMO;SOSPESO
39320006552;26/02/2022;RICARICA;ATTIVO
39320006553;14/02/2025;CONSUMO;ATTIVO
39320006554;13/01/2026;RICARICA;ATTIVO
39320006555;28/03/2022;CONSUMO;ATTIVO
39320006556;12/09/2022;RICARICA;SOSPESO
39320006557;17/05/2025;CONSUMO;ATTIVO
39320006558;15/11/2025;RICARICA;ATTIVO
39320006559;15/12/2023;CONSUMO;ATTIVO
39320006560;16/10/2022;RICARICA;ATTIVO
39320006561;29/10/2023;CONSUMO;ATTIVO
39320006562;11/12/2022;RICARICA;ATTIVO
39320006563;15/12/2024;CONSUMO;SOSPESO
39320006564;23/09/2023;RICARICA;ATTIVO
39320006565;21/02/2022;CONSUMO;ATTIVO
39320006566;20/09/2025;RICARICA;SOSPESO
39320006567;18/04/2022;CONSUMO;ATTIVO
39320006568;07/02/2024;RICARICA;ATTIVO
39320006569;02/02/2023;CONSUMO;ATTIVO
39320006570;02/06/2025;RICARICA;ATTIVO
39320006571;27/04/2022;CONSUMO;ATTIVO
39320006572;24/08/2024;RICARICA;ATTIVO
39320006573;22/08/2021;CONSUMO;ATTIVO
39320006574;09/09/2025;RICARICA;ATTIVO
39320006575;24/07/2022;CONSUMO;ATTIVO
39320006576;08/09/2022;RICARICA;ATTIVO
39320006577;23/06/2021;CONSUMO;ATTIVO
39320006578;17/10/2025;RICARICA;ATTIVO
39320006579;12/10/2023;CONSUMO;ATTIVO
39320006580;23/02/2023;RICARICA;ATTIVO
39320006581;01/04/2021;CONSUMO;ATTIVO
39320006582;16/02/2023;RICARICA;ATTIVO
39320006583;02/06/2023;CONSUMO;ATTIVO
39320006584;14/09/2024;RICARICA;ATTIVO
39320006585;15/01/2024;CONSUMO;ATTIVO
39320006586;23/02/2021;RICARICA;ATTIVO
39320006587;26/03/2025;CONSUMO;ATTIVO
39320006588;05/03/2026;RICARICA;ATTIVO
39320006589;22/06/2022;CONSUMO;ATTIVO
39320006590;25/04/2024;RICARICA;ATTIVO
39320006591;26/02/2021;CONSUMO;ATTIVO
39320006592;26/08/2025;RICARICA;ATTIVO
39320006593;09/11/2025;CONSUMO;ATTIVO
39320006594;02/02/2025;RICARICA;SOSPESO
39320006595;21/03/2025;CONSUMO;ATTIVO
39320006596;12/08/2021;RICARICA;ATTIVO
39320006597;17/01/2025;CONSUMO;SOSPESO
39320006598;12/08/2022;RICARICA;ATTIVO
39320006599;01/01/2024;CONSUMO;ATTIVO
39320006600;18/03/2024;RICARICA;ATTIVO
39320006601;24/04/2025;CONSUMO;ATTIVO
39320006602;29/11/2021;RICARICA;SOSPESO
39320006603;16/08/2023;CONSUMO;ATTIVO
39320006604;09/03/2026;RICARICA;ATTIVO
39320006605;02/02/2026;CONSUMO;ATTIVO
39320006606;26/06/2025;RICARICA;ATTIVO
39320006607;16/07/2022;CONSUMO;ATTIVO
39320006608;27/05/2022;RICARICA;ATTIVO
39320006609;29/08/2022;CONSUMO;ATTIVO
39320006610;20/03/2023;RICARICA;ATTIVO
39320006611;16/07/2022;CONSUMO;ATTIVO
39320006612;12/09/2024;RICARICA;ATTIVO
39320006613;30/08/2024;CONSUMO;ATTIVO
39320006614;30/05/2024;RICARICA;ATTIVO
39320006615;21/09/2022;CONSUMO;ATTIVO
39320006616;20/10/2022;RICARICA;ATTIVO
39320006617;02/10/2025;CONSUMO;ATTIVO
39320006618;06/08/2023;RICARICA;ATTIVO
39320006619;19/01/2021;CONSUMO;ATTIVO
39320006620;05/01/2023;RICARICA;ATTIVO
39320006621;26/09/2025;CONSUMO;ATTIVO
39320006622;17/04/2023;RICARICA;ATTIVO
39320006623;12/06/2021;CONSUMO;ATTIVO
39320006624;03/06/2024;RICARICA;ATTIVO
39320006625;12/05/2021;CONSUMO;ATTIVO
39320006626;13/06/2022;RICARICA;ATTIVO
39320006627;20/07/2022;CONSUMO;ATTIVO
39320006628;11/10/2023;RICARICA;ATTIVO
39320006629;14/07/2024;CONSUMO;ATTIVO
39320006630;20/11/2025;RICARICA;ATTIVO
39320006631;12/04/2021;CONSUMO;ATTIVO
39320006632;02/09/2024;RICARICA;ATTIVO
39320006633;02/11/2024;CONSUMO;ATTIVO
39320006634;21/06/2023;RICARICA;ATTIVO
39320006635;27/03/2021;CONSUMO;ATTIVO
39320006636;12/04/2022;RICARICA;ATTIVO
39320006637;03/01/2025;CONSUMO;SOSPESO
39320006638;12/06/2022;RICARICA;ATTIVO
39320006639;27/09/2025;CONSUMO;ATTIVO
39320006640;25/12/2022;RICARICA;ATTIVO
39320006641;02/04/2021;CONSUMO;ATTIVO
39320006642;18/12/2022;RICARICA;ATTIVO
39320006643;05/11/2023;CONSUMO;ATTIVO
39320006644;13/11/2023;RICARICA;ATTIVO
39320006645;22/02/2022;CONSUMO;ATTIVO
39320006646;31/01/2023;RICARICA;ATTIVO
39320006647;26/10/2024;CONSUMO;ATTIVO
39320006648;07/08/2024;RICARICA;ATTIVO
39320006649;03/08/2022;CONSUMO;ATTIVO
39320006650;31/10/2022;RICARICA;ATTIVO
39320006651;08/01/2023;CONSUMO;ATTIVO
39320006652;16/04/2023;RICARICA;ATTIVO
39320006653;07/02/2023;CONSUMO;ATTIVO
39320006654;26/08/2022;RICARICA;ATTIVO
39320006655;25/11/2021;CONSUMO;ATTIVO
39320006656;19/08/2022;RICARICA;SOSPESO
39320006657;11/02/2026;CONSUMO;ATTIVO
39320006658;06/08/2021;RICARICA;ATTIVO
39320006659;13/07/2025;CONSUMO;ATTIVO
39320006660;05/01/2025;RICARICA;ATTIVO
39320006661;07/11/2023;CONSUMO;ATTIVO
39320006662;30/12/2024;RICARICA;ATTIVO
39320006663;17/03/2022;CONSUMO;ATTIVO
39320006664;08/04/2024;RICARICA;ATTIVO
39320006665;27/01/2025;CONSUMO;ATTIVO
39320006666;11/04/2025;RICARICA;SOSPESO
39320006667;10/06/2021;CONSUMO;SOSPESO
39320006668;05/04/2022;RICARICA;ATTIVO
39320006669;22/03/2024;CONSUMO;ATTIVO
39320006670;12/02/2025;RICARICA;ATTIVO
39320006671;10/02/2025;CONSUMO;ATTIVO
39320006672;05/12/2025;RICARICA;ATTIVO
39320006673;16/04/2021;CONSUMO;ATTIVO
39320006674;12/09/2024;RICARICA;ATTIVO
39320006675;23/06/2023;CONSUMO;ATTIVO
39320006676;04/02/2022;RICARICA;ATTIVO
39320006677;24/08/2022;CONSUMO;ATTIVO
39320006678;05/11/2022;RICARICA;ATTIVO
39320006679;22/04/2025;CONSUMO;SOSPESO
39320006680;18/04/2022;RICARICA;ATTIVO
39320006681;13/03/2025;CONSUMO;SOSPESO
39320006682;20/11/2024;RICARICA;ATTIVO
39320006683;09/02/2025;CONSUMO;SOSPESO
39320006684;20/04/2023;RICARICA;ATTIVO
39320006685;22/12/2022;CONSUMO;ATTIVO
39320006686;06/06/2021;RICARICA;ATTIVO
39320006687;31/08/2024;CONSUMO;ATTIVO
39320006688;17/04/2022;RICARICA;ATTIVO
39320006689;08/05/2023;CONSUMO;ATTIVO
39320006690;23/08/2025;RICARICA;ATTIVO
39320006691;14/09/2021;CONSUMO;SOSPESO
39320006692;17/05/2022;RICARICA;ATTIVO
39320006693;15/04/2023;CONSUMO;ATTIVO
39320006694;25/09/2024;RICARICA;ATTIVO
39320006695;18/06/2022;CONSUMO;ATTIVO
39320006696;01/12/2022;RICARICA;ATTIVO
39320006697;16/06/2021;CONSUMO;ATTIVO
39320006698;01/11/2023;RICARICA;SOSPESO
39320006699;25/03/2024;CONSUMO;ATTIVO
39320006700;11/12/2025;RICARICA;ATTIVO
39320006701;17/01/2026;CONSUMO;ATTIVO
39320006702;19/07/2023;RICARICA;ATTIVO
39320006703;05/09/2021;CONSUMO;ATTIVO
39320006704;17/04/2025;RICARICA;ATTIVO
39320006705;21/08/2023;CONSUMO;ATTIVO
39320006706;16/09/2021;RICARICA;ATTIVO
39320006707;04/09/2025;CONSUMO;ATTIVO
39320006708;14/11/2024;RICARICA;ATTIVO
39320006709;30/05/2021;CONSUMO;ATTIVO
39320006710;11/11/2025;RICARICA;ATTIVO
39320006711;06/03/2023;CONSUMO;ATTIVO
39320006712;27/12/2022;RICARICA;ATTIVO
39320006713;28/11/2024;CONSUMO;ATTIVO
39320006714;29/12/2024;RICARICA;ATTIVO
39320006715;21/11/2022;CONSUMO;ATTIVO
39320006716;14/01/2026;RICARICA;ATTIVO
39320006717;31/05/2024;CONSUMO;ATTIVO
39320006718;19/01/2025;RICARICA;ATTIVO
39320006719;21/02/2025;CONSUMO;SOSPESO
39320006720;09/07/2023;RICARICA;ATTIVO
39320006721;15/07/2024;CONSUMO;ATTIVO
39320006722;06/09/2025;RICARICA;ATTIVO
39320006723;01/04/2025;CONSUMO;ATTIVO
39320006724;03/10/2021;RICARICA;ATTIVO
39320006725;22/01/2025;CONSUMO;ATTIVO
39320006726;20/02/2026;RICARICA;ATTIVO
39320006727;10/11/2023;CONSUMO;ATTIVO
39320006728;09/01/2026;RICARICA;ATTIVO
39320006729;29/04/2024;CONSUMO;ATTIVO
39320006730;22/08/2024;RICARICA;ATTIVO
39320006731;19/10/2022;CONSUMO;ATTIVO
39320006732;08/11/2023;RICARICA;ATTIVO
39320006733;27/07/2022;CONSUMO;SOSPESO
39320006734;18/07/2021;RICARICA;ATTIVO
39320006735;08/10/2023;CONSUMO;ATTIVO
39320006736;01/03/2024;RICARICA;ATTIVO
39320006737;12/12/2023;CONSUMO;ATTIVO
39320006738;25/09/2025;RICARICA;SOSPESO
39320006739;08/08/2022;CONSUMO;ATTIVO
39320006740;15/10/2022;RICARICA;ATTIVO
39320006741;21/10/2021;CONSUMO;ATTIVO
39320006742;13/02/2025;RICARICA;ATTIVO
39320006743;06/02/2025;CONSUMO;ATTIVO
39320006744;30/11/2023;RICARICA;ATTIVO
39320006745;07/12/2025;CONSUMO;ATTIVO
39320006746;23/07/2021;RICARICA;ATTIVO
39320006747;06/12/2021;CONSUMO;ATTIVO
39320006748;15/07/2022;RICARICA;ATTIVO
39320006749;04/04/2022;CONSUMO;ATTIVO
39320006750;14/08/2022;RICARICA;SOSPESO
39320006751;16/06/2022;CONSUMO;SOSPESO
39320006752;24/03/2025;RICARICA;ATTIVO
39320006753;20/04/2022;CONSUMO;ATTIVO
39320006754;16/10/2021;RICARICA;ATTIVO
39320006755;05/02/2024;CONSUMO;ATTIVO
39320006756;26/03/2025;RICARICA;ATTIVO
39320006757;10/05/2024;CONSUMO;ATTIVO
39320006758;30/12/2025;RICARICA;ATTIVO
39320006759;25/06/2025;CONSUMO;ATTIVO
39320006760;28/09/2023;RICARICA;ATTIVO
39320006761;22/02/2021;CONSUMO;ATTIVO
39320006762;01/08/2022;RICARICA;SOSPESO
39320006763;15/03/2024;CONSUMO;ATTIVO
39320006764;01/07/2023;RICARICA;ATTIVO
39320006765;29/08/2025;CONSUMO;ATTIVO
39320006766;24/02/2026;RICARICA;ATTIVO
39320006767;17/12/2024;CONSUMO;ATTIVO
39320006768;03/09/2021;RICARICA;ATTIVO
39320006769;05/06/2023;CONSUMO;ATTIVO
39320006770;27/06/2021;RICARICA;ATTIVO
39320006771;25/07/2022;CONSUMO;ATTIVO
39320006772;27/08/2021;RICARICA;SOSPESO
39320006773;04/07/2025;CONSUMO;ATTIVO
39320006774;13/06/2025;RICARICA;ATTIVO
39320006775;02/06/2021;CONSUMO;ATTIVO
39320006776;05/11/2023;RICARICA;ATTIVO
39320006777;18/07/2023;CONSUMO;ATTIVO
39320006778;17/11/2023;RICARICA;ATTIVO
39320006779;01/06/2021;CONSUMO;ATTIVO
39320006780;07/10/2022;RICARICA;ATTIVO
39320006781;20/03/2021;CONSUMO;ATTIVO
39320006782;15/12/2024;RICARICA;ATTIVO
39320006783;13/10/2022;CONSUMO;ATTIVO
39320006784;18/02/2024;RICARICA;ATTIVO
39320006785;03/12/2025;CONSUMO;ATTIVO
39320006786;23/07/2024;RICARICA;ATTIVO
39320006787;19/05/2022;CONSUMO;ATTIVO
39320006788;10/02/2023;RICARICA;ATTIVO
39320006789;27/03/2022;CONSUMO;ATTIVO
39320006790;28/06/2022;RICARICA;ATTIVO
39320006791;20/09/2023;CONSUMO;ATTIVO
39320006792;11/02/2025;RICARICA;ATTIVO
39320006793;27/09/2021;CONSUMO;ATTIVO
39320006794;29/11/2025;RICARICA;ATTIVO
39320006795;24/11/2023;CONSUMO;ATTIVO
39320006796;15/03/2025;RICARICA;ATTIVO
39320006797;09/06/2023;CONSUMO;ATTIVO
39320006798;17/02/2024;RICARICA;ATTIVO
39320006799;25/12/2024;CONSUMO;ATTIVO
39320006800;07/05/2023;RICARICA;ATTIVO
39320006801;10/06/2024;CONSUMO;ATTIVO
39320006802;10/04/2024;RICARICA;ATTIVO
39320006803;16/12/2022;CONSUMO;ATTIVO
39320006804;07/09/2024;RICARICA;SOSPESO
39320006805;03/12/2025;CONSUMO;ATTIVO
39320006806;20/04/2022;RICARICA;ATTIVO
39320006807;30/09/2024;CONSUMO;ATTIVO
39320006808;20/06/2025;RICARICA;ATTIVO
39320006809;09/05/2024;CONSUMO;ATTIVO
39320006810;13/09/2023;RICARICA;ATTIVO
39320006811;25/03/2022;CONSUMO;ATTIVO
39320006812;10/12/2025;RICARICA;ATTIVO
39320006813;14/04/2025;CONSUMO;ATTIVO
39320006814;05/07/2023;RICARICA;ATTIVO
39320006815;18/09/2024;CONSUMO;ATTIVO
39320006816;27/12/2021;RICARICA;ATTIVO
39320006817;16/10/2022;CONSUMO;ATTIVO
39320006818;13/12/2022;RICARICA;ATTIVO
39320006819;14/12/2024;CONSUMO;ATTIVO
39320006820;12/12/2025;RICARICA;ATTIVO
39320006821;07/07/2025;CONSUMO;ATTIVO
39320006822;15/05/2024;RICARICA;ATTIVO
39320006823;26/04/2022;CONSUMO;ATTIVO
39320006824;03/07/2022;RICARICA;ATTIVO
39320006825;28/12/2025;CONSUMO;ATTIVO
39320006826;18/04/2023;RICARICA;ATTIVO
39320006827;30/04/2025;CONSUMO;ATTIVO
39320006828;14/10/2024;RICARICA;ATTIVO
39320006829;13/03/2023;CONSUMO;ATTIVO
39320006830;21/05/2023;RICARICA;ATTIVO
39320006831;12/02/2026;CONSUMO;ATTIVO
39320006832;22/09/2023;RICARICA;ATTIVO
39320006833;27/11/2022;CONSUMO;ATTIVO
39320006834;04/04/2021;RICARICA;ATTIVO
39320006835;20/04/2023;CONSUMO;ATTIVO
39320006836;29/11/2025;RICARICA;ATTIVO
39320006837;27/02/2022;CONSUMO;ATTIVO
39320006838;14/08/2021;RICARICA;SOSPESO
39320006839;10/06/2024;CONSUMO;ATTIVO
39320006840;22/09/2021;RICARICA;ATTIVO
39320006841;10/02/2021;CONSUMO;SOSPESO
39320006842;13/02/2021;RICARICA;ATTIVO
39320006843;04/07/2021;CONSUMO;ATTIVO
39320006844;14/11/2022;RICARICA;ATTIVO
39320006845;20/04/2025;CONSUMO;ATTIVO
39320006846;10/05/2021;RICARICA;ATTIVO
39320006847;29/11/2023;CONSUMO;ATTIVO
39320006848;02/01/2024;RICARICA;ATTIVO
39320006849;18/11/2021;CONSUMO;ATTIVO
39320006850;22/03/2023;RICARICA;ATTIVO
39320006851;15/04/2022;CONSUMO;ATTIVO
39320006852;27/11/2021;RICARICA;ATTIVO
39320006853;10/11/2022;CONSUMO;ATTIVO
39320006854;07/02/2024;RICARICA;ATTIVO
39320006855;28/01/2021;CONSUMO;ATTIVO
39320006856;11/02/2021;RICARICA;ATTIVO
39320006857;15/12/2023;CONSUMO;ATTIVO
39320006858;26/03/2023;RICARICA;ATTIVO
39320006859;28/03/2021;CONSUMO;ATTIVO
39320006860;10/09/2022;RICARICA;ATTIVO
39320006861;17/07/2024;CONSUMO;ATTIVO
39320006862;22/05/2022;RICARICA;ATTIVO
39320006863;16/03/2025;CONSUMO;ATTIVO
39320006864;25/05/2025;RICARICA;ATTIVO
39320006865;01/04/2023;CONSUMO;ATTIVO
39320006866;25/02/2025;RICARICA;ATTIVO
39320006867;01/11/2025;CONSUMO;ATTIVO
39320006868;01/06/2021;RICARICA;ATTIVO
39320006869;11/12/2024;CONSUMO;ATTIVO
39320006870;01/05/2023;RICARICA;ATTIVO
39320006871;01/03/2025;CONSUMO;ATTIVO
39320006872;23/05/2024;RICARICA;ATTIVO
39320006873;15/07/2021;CONSUMO;ATTIVO
39320006874;12/06/2025;RICARICA;ATTIVO
39320006875;30/08/2025;CONSUMO;ATTIVO
39320006876;02/10/2022;RICARICA;ATTIVO
39320006877;21/05/2023;CONSUMO;ATTIVO
39320006878;17/02/2021;RICARICA;ATTIVO
39320006879;29/07/2023;CONSUMO;ATTIVO
39320006880;26/06/2022;RICARICA;SOSPESO
39320006881;26/03/2024;CONSUMO;ATTIVO
39320006882;20/08/2022;RICARICA;ATTIVO
39320006883;01/04/2022;CONSUMO;SOSPESO
39320006884;23/02/2024;RICARICA;ATTIVO
39320006885;06/08/2022;CONSUMO;ATTIVO
39320006886;29/12/2023;RICARICA;ATTIVO
39320006887;23/02/2023;CONSUMO;ATTIVO
39320006888;15/10/2023;RICARICA;ATTIVO
39320006889;03/02/2023;CONSUMO;ATTIVO
39320006890;03/01/2025;RICARICA;ATTIVO
39320006891;04/04/2022;CONSUMO;ATTIVO
39320006892;20/02/2021;RICARICA;ATTIVO
39320006893;21/04/2022;CONSUMO;ATTIVO
39320006894;04/09/2023;RICARICA;ATTIVO
39320006895;09/08/2024;CONSUMO;ATTIVO
39320006896;22/10/2021;RICARICA;ATTIVO
39320006897;21/06/2021;CONSUMO;ATTIVO
39320006898;13/12/2021;RICARICA;ATTIVO
39320006899;01/10/2023;CONSUMO;ATTIVO
39320006900;21/06/2021;RICARICA;ATTIVO
39320006901;16/06/2024;CONSUMO;ATTIVO
39320006902;08/12/2023;RICARICA;ATTIVO
39320006903;06/03/2024;CONSUMO;ATTIVO
39320006904;01/05/2021;RICARICA;ATTIVO
39320006905;01/06/2022;CONSUMO;ATTIVO
39320006906;25/02/2025;RICARICA;ATTIVO
39320006907;05/11/2021;CONSUMO;ATTIVO
39320006908;12/11/2024;RICARICA;ATTIVO
39320006909;13/04/2023;CONSUMO;ATTIVO
39320006910;04/07/2022;RICARICA;ATTIVO
39320006911;27/03/2025;CONSUMO;ATTIVO
39320006912;28/09/2023;RICARICA;ATTIVO
39320006913;04/10/2022;CONSUMO;SOSPESO
39320006914;28/04/2022;RICARICA;ATTIVO
39320006915;22/12/2024;CONSUMO;ATTIVO
39320006916;11/02/2024;RICARICA;ATTIVO
39320006917;10/02/2025;CONSUMO;ATTIVO
39320006918;04/08/2021;RICARICA;ATTIVO
39320006919;08/06/2021;CONSUMO;ATTIVO
39320006920;31/03/2025;RICARICA;ATTIVO
39320006921;01/12/2023;CONSUMO;ATTIVO
39320006922;07/12/2021;RICARICA;ATTIVO
39320006923;17/11/2025;CONSUMO;SOSPESO
39320006924;21/03/2021;RICARICA;ATTIVO
39320006925;12/10/2023;CONSUMO;ATTIVO
39320006926;03/07/2025;RICARICA;ATTIVO
39320006927;14/10/2021;CONSUMO;ATTIVO
39320006928;26/01/2024;RICARICA;ATTIVO
39320006929;19/01/2021;CONSUMO;ATTIVO
39320006930;11/06/2023;RICARICA;SOSPESO
39320006931;14/01/2025;CONSUMO;SOSPESO
39320006932;17/10/2024;RICARICA;ATTIVO
39320006933;23/10/2022;CONSUMO;ATTIVO
39320006934;01/02/2023;RICARICA;ATTIVO
39320006935;06/12/2021;CONSUMO;ATTIVO
39320006936;08/12/2023;RICARICA;ATTIVO
39320006937;03/07/2025;CONSUMO;ATTIVO
39320006938;03/01/2025;RICARICA;ATTIVO
39320006939;23/05/2024;CONSUMO;ATTIVO
39320006940;06/08/2023;RICARICA;ATTIVO
39320006941;08/11/2022;CONSUMO;SOSPESO
39320006942;14/01/2025;RICARICA;SOSPESO
39320006943;16/03/2026;CONSUMO;ATTIVO
39320006944;10/12/2023;RICARICA;ATTIVO
39320006945;29/08/2023;CONSUMO;ATTIVO
39320006946;03/05/2023;RICARICA;ATTIVO
39320006947;22/08/2023;CONSUMO;ATTIVO
39320006948;12/01/2021;RICARICA;ATTIVO
39320006949;20/01/2022;CONSUMO;ATTIVO
39320006950;12/07/2021;RICARICA;ATTIVO
39320006951;09/11/2022;CONSUMO;ATTIVO
39320006952;03/07/2024;RICARICA;ATTIVO
39320006953;17/11/2021;CONSUMO;ATTIVO
39320006954;27/07/2024;RICARICA;ATTIVO
39320006955;08/04/2022;CONSUMO;ATTIVO
39320006956;29/01/2021;RICARICA;SOSPESO
39320006957;17/07/2022;CONSUMO;ATTIVO
39320006958;10/02/2026;RICARICA;ATTIVO
39320006959;11/04/2024;CONSUMO;ATTIVO
39320006960;23/01/2023;RICARICA;ATTIVO
39320006961;06/04/2023;CONSUMO;SOSPESO
39320006962;24/02/2024;RICARICA;ATTIVO
39320006963;12/09/2024;CONSUMO;ATTIVO
39320006964;28/04/2024;RICARICA;ATTIVO
39320006965;05/02/2025;CONSUMO;ATTIVO
39320006966;01/01/2022;RICARICA;ATTIVO
39320006967;29/07/2021;CONSUMO;ATTIVO
39320006968;06/12/2023;RICARICA;ATTIVO
39320006969;18/04/2025;CONSUMO;ATTIVO
39320006970;24/03/2024;RICARICA;ATTIVO
39320006971;27/04/2024;CONSUMO;ATTIVO
39320006972;12/07/2025;RICARICA;ATTIVO
39320006973;15/06/2024;CONSUMO;ATTIVO
39320006974;28/08/2023;RICARICA;ATTIVO
39320006975;06/01/2021;CONSUMO;ATTIVO
39320006976;20/03/2022;RICARICA;ATTIVO
39320006977;04/07/2025;CONSUMO;ATTIVO
39320006978;21/10/2021;RICARICA;ATTIVO
39320006979;27/11/2025;CONSUMO;ATTIVO
39320006980;09/06/2021;RICARICA;ATTIVO
39320006981;17/04/2021;CONSUMO;ATTIVO
39320006982;12/07/2025;RICARICA;ATTIVO
39320006983;23/09/2024;CONSUMO;ATTIVO
39320006984;12/09/2022;RICARICA;ATTIVO
39320006985;29/08/2021;CONSUMO;ATTIVO
39320006986;17/03/2023;RICARICA;ATTIVO
39320006987;01/03/2023;CONSUMO;ATTIVO
39320006988;29/12/2022;RICARICA;ATTIVO
39320006989;06/12/2023;CONSUMO;ATTIVO
39320006990;10/06/2021;RICARICA;ATTIVO
39320006991;21/09/2025;CONSUMO;ATTIVO
39320006992;07/12/2021;RICARICA;SOSPESO
39320006993;04/09/2025;CONSUMO;ATTIVO
39320006994;20/10/2021;RICARICA;ATTIVO
39320006995;22/02/2024;CONSUMO;ATTIVO
39320006996;24/11/2024;RICARICA;ATTIVO
39320006997;04/11/2024;CONSUMO;ATTIVO
39320006998;17/01/2026;RICARICA;ATTIVO
39320006999;15/12/2022;CONSUMO;ATTIVO
39320007000;09/11/2025;RICARICA;ATTIVO
39320007001;13/08/2023;CONSUMO;ATTIVO
39320007002;10/12/2022;RICARICA;ATTIVO
39320007003;14/03/2022;CONSUMO;ATTIVO
39320007004;30/11/2025;RICARICA;SOSPESO
39320007005;27/01/2022;CONSUMO;ATTIVO
39320007006;02/01/2022;RICARICA;SOSPESO
39320007007;22/01/2021;CONSUMO;ATTIVO
39320007008;10/01/2023;RICARICA;ATTIVO
39320007009;12/01/2021;CONSUMO;ATTIVO
39320007010;04/11/2022;RICARICA;ATTIVO
39320007011;26/01/2023;CONSUMO;ATTIVO
39320007012;27/10/2023;RICARICA;SOSPESO
39320007013;27/05/2024;CONSUMO;ATTIVO
39320007014;18/08/2024;RICARICA;ATTIVO
39320007015;08/09/2023;CONSUMO;ATTIVO
39320007016;25/11/2024;RICARICA;ATTIVO
39320007017;16/07/2022;CONSUMO;ATTIVO
39320007018;17/03/2024;RICARICA;ATTIVO
39320007019;03/11/2025;CONSUMO;ATTIVO
39320007020;23/08/2023;RICARICA;SOSPESO
39320007021;18/07/2024;CONSUMO;ATTIVO
39320007022;22/12/2021;RICARICA;ATTIVO
39320007023;27/11/2025;CONSUMO;ATTIVO
39320007024;23/01/2024;RICARICA;ATTIVO
39320007025;20/03/2021;CONSUMO;ATTIVO
39320007026;09/06/2024;RICARICA;ATTIVO
39320007027;10/11/2021;CONSUMO;ATTIVO
39320007028;29/12/2021;RICARICA;ATTIVO
39320007029;27/09/2021;CONSUMO;ATTIVO
39320007030;05/09/2025;RICARICA;ATTIVO
39320007031;25/04/2021;CONSUMO;ATTIVO
39320007032;26/12/2024;RICARICA;ATTIVO
39320007033;19/07/2021;CONSUMO;ATTIVO
39320007034;23/07/2022;RICARICA;SOSPESO
39320007035;02/02/2022;CONSUMO;ATTIVO
39320007036;19/02/2025;RICARICA;ATTIVO
39320007037;11/09/2025;CONSUMO;ATTIVO
39320007038;17/01/2026;RICARICA;ATTIVO
39320007039;23/12/2024;CONSUMO;ATTIVO
39320007040;16/04/2024;RICARICA;ATTIVO
39320007041;21/01/2023;CONSUMO;ATTIVO
39320007042;22/09/2024;RICARICA;ATTIVO
39320007043;12/09/2025;CONSUMO;ATTIVO
39320007044;06/05/2021;RICARICA;ATTIVO
39320007045;17/08/2025;CONSUMO;ATTIVO
39320007046;30/10/2021;RICARICA;ATTIVO
39320007047;21/06/2021;CONSUMO;ATTIVO
39320007048;02/04/2021;RICARICA;ATTIVO
39320007049;11/02/2022;CONSUMO;ATTIVO
39320007050;19/04/2023;RICARICA;ATTIVO
39320007051;10/03/2025;CONSUMO;ATTIVO
39320007052;07/01/2021;RICARICA;ATTIVO
39320007053;23/02/2024;CONSUMO;ATTIVO
39320007054;01/12/2022;RICARICA;ATTIVO
39320007055;09/09/2025;CONSUMO;ATTIVO
39320007056;05/03/2024;RICARICA;SOSPESO
39320007057;30/06/2021;CONSUMO;ATTIVO
39320007058;05/07/2021;RICARICA;ATTIVO
39320007059;26/06/2021;CONSUMO;ATTIVO
39320007060;25/04/2024;RICARICA;ATTIVO
39320007061;11/02/2021;CONSUMO;ATTIVO
39320007062;04/06/2025;RICARICA;ATTIVO
39320007063;30/07/2024;CONSUMO;ATTIVO
39320007064;16/06/2021;RICARICA;ATTIVO
39320007065;21/05/2022;CONSUMO;ATTIVO
39320007066;26/10/2024;RICARICA;ATTIVO
39320007067;21/01/2026;CONSUMO;ATTIVO
39320007068;11/03/2025;RICARICA;ATTIVO
39320007069;29/09/2021;CONSUMO;ATTIVO
39320007070;16/02/2023;RICARICA;ATTIVO
39320007071;31/12/2021;CONSUMO;ATTIVO
39320007072;03/03/2024;RICARICA;ATTIVO
39320007073;08/04/2022;CONSUMO;ATTIVO
39320007074;13/07/2022;RICARICA;ATTIVO
39320007075;29/12/2021;CONSUMO;SOSPESO
39320007076;16/06/2022;RICARICA;ATTIVO
39320007077;26/06/2022;CONSUMO;ATTIVO
39320007078;29/12/2022;RICARICA;ATTIVO
39320007079;16/12/2022;CONSUMO;ATTIVO
39320007080;08/12/2023;RICARICA;ATTIVO
39320007081;16/07/2024;CONSUMO;ATTIVO
39320007082;16/12/2021;RICARICA;ATTIVO
39320007083;06/09/2025;CONSUMO;ATTIVO
39320007084;15/11/2021;RICARICA;ATTIVO
39320007085;08/03/2022;CONSUMO;SOSPESO
39320007086;08/06/2023;RICARICA;ATTIVO
39320007087;19/07/2025;CONSUMO;ATTIVO
39320007088;15/08/2022;RICARICA;ATTIVO
39320007089;03/12/2024;CONSUMO;SOSPESO
39320007090;04/02/2024;RICARICA;ATTIVO
39320007091;15/06/2025;CONSUMO;ATTIVO
39320007092;18/11/2023;RICARICA;ATTIVO
39320007093;13/06/2022;CONSUMO;ATTIVO
39320007094;19/06/2022;RICARICA;ATTIVO
39320007095;25/08/2021;CONSUMO;ATTIVO
39320007096;16/07/2024;RICARICA;ATTIVO
39320007097;14/10/2021;CONSUMO;ATTIVO
39320007098;24/10/2022;RICARICA;ATTIVO
39320007099;13/02/2023;CONSUMO;ATTIVO
39320007100;20/01/2026;RICARICA;ATTIVO
39320007101;07/12/2024;CONSUMO;ATTIVO
39320007102;05/01/2023;RICARICA;ATTIVO
39320007103;17/01/2021;CONSUMO;ATTIVO
39320007104;01/09/2023;RICARICA;ATTIVO
39320007105;19/08/2024;CONSUMO;ATTIVO
39320007106;19/01/2022;RICARICA;ATTIVO
39320007107;20/09/2022;CONSUMO;ATTIVO
39320007108;25/01/2024;RICARICA;ATTIVO
39320007109;14/02/2021;CONSUMO;ATTIVO
39320007110;16/06/2024;RICARICA;ATTIVO
39320007111;25/03/2024;CONSUMO;ATTIVO
39320007112;05/02/2025;RICARICA;ATTIVO
39320007113;05/09/2025;CONSUMO;ATTIVO
39320007114;21/01/2025;RICARICA;ATTIVO
39320007115;23/11/2022;CONSUMO;ATTIVO
39320007116;02/04/2023;RICARICA;ATTIVO
39320007117;02/12/2025;CONSUMO;ATTIVO
39320007118;19/01/2026;RICARICA;SOSPESO
39320007119;09/08/2021;CONSUMO;ATTIVO
39320007120;05/05/2025;RICARICA;ATTIVO
39320007121;28/03/2024;CONSUMO;ATTIVO
39320007122;28/02/2021;RICARICA;ATTIVO
39320007123;07/12/2021;CONSUMO;SOSPESO
39320007124;21/12/2025;RICARICA;ATTIVO
39320007125;29/11/2024;CONSUMO;SOSPESO
39320007126;11/02/2022;RICARICA;SOSPESO
39320007127;09/03/2024;CONSUMO;ATTIVO
39320007128;24/09/2021;RICARICA;ATTIVO
39320007129;03/06/2025;CONSUMO;SOSPESO
39320007130;05/07/2021;RICARICA;ATTIVO
39320007131;18/04/2025;CONSUMO;ATTIVO
39320007132;10/12/2022;RICARICA;ATTIVO
39320007133;05/12/2021;CONSUMO;ATTIVO
39320007134;10/09/2024;RICARICA;ATTIVO
39320007135;14/12/2025;CONSUMO;ATTIVO
39320007136;22/09/2022;RICARICA;ATTIVO
39320007137;29/04/2022;CONSUMO;ATTIVO
39320007138;14/06/2023;RICARICA;ATTIVO
39320007139;17/05/2022;CONSUMO;ATTIVO
39320007140;12/02/2024;RICARICA;ATTIVO
39320007141;06/02/2023;CONSUMO;ATTIVO
39320007142;23/11/2021;RICARICA;ATTIVO
39320007143;23/08/2023;CONSUMO;ATTIVO
39320007144;19/03/2023;RICARICA;ATTIVO
39320007145;13/02/2026;CONSUMO;ATTIVO
39320007146;10/02/2023;RICARICA;ATTIVO
39320007147;17/12/2024;CONSUMO;ATTIVO
39320007148;21/02/2026;RICARICA;ATTIVO
39320007149;21/09/2021;CONSUMO;ATTIVO
39320007150;01/10/2021;RICARICA;ATTIVO
39320007151;01/11/2022;CONSUMO;ATTIVO
39320007152;06/08/2025;RICARICA;ATTIVO
39320007153;23/11/2025;CONSUMO;ATTIVO
39320007154;18/03/2023;RICARICA;ATTIVO
39320007155;12/12/2022;CONSUMO;ATTIVO
39320007156;25/02/2025;RICARICA;SOSPESO
39320007157;25/02/2021;CONSUMO;ATTIVO
39320007158;31/05/2024;RICARICA;ATTIVO
39320007159;27/04/2022;CONSUMO;ATTIVO
39320007160;28/11/2022;RICARICA;ATTIVO
39320007161;04/01/2021;CONSUMO;ATTIVO
39320007162;20/03/2025;RICARICA;ATTIVO
39320007163;08/06/2021;CONSUMO;ATTIVO
39320007164;10/10/2021;RICARICA;ATTIVO
39320007165;01/04/2021;CONSUMO;ATTIVO
39320007166;11/06/2023;RICARICA;ATTIVO
39320007167;26/02/2023;CONSUMO;ATTIVO
39320007168;22/05/2023;RICARICA;ATTIVO
39320007169;30/09/2022;CONSUMO;ATTIVO
39320007170;09/08/2025;RICARICA;ATTIVO
39320007171;19/06/2022;CONSUMO;SOSPESO
39320007172;14/05/2023;RICARICA;ATTIVO
39320007173;27/03/2023;CONSUMO;ATTIVO
39320007174;05/09/2025;RICARICA;ATTIVO
39320007175;10/07/2025;CONSUMO;ATTIVO
39320007176;06/11/2024;RICARICA;ATTIVO
39320007177;05/09/2024;CONSUMO;ATTIVO
39320007178;04/07/2025;RICARICA;ATTIVO
39320007179;26/11/2021;CONSUMO;ATTIVO
39320007180;22/03/2024;RICARICA;ATTIVO
39320007181;06/11/2024;CONSUMO;ATTIVO
39320007182;23/09/2023;RICARICA;ATTIVO
39320007183;04/10/2024;CONSUMO;ATTIVO
39320007184;29/04/2025;RICARICA;ATTIVO
39320007185;21/05/2023;CONSUMO;ATTIVO
39320007186;22/07/2024;RICARICA;ATTIVO
39320007187;11/07/2025;CONSUMO;ATTIVO
39320007188;12/07/2023;RICARICA;ATTIVO
39320007189;19/05/2025;CONSUMO;ATTIVO
39320007190;18/11/2022;RICARICA;ATTIVO
39320007191;18/01/2023;CONSUMO;ATTIVO
39320007192;02/01/2022;RICARICA;SOSPESO
39320007193;25/12/2023;CONSUMO;ATTIVO
39320007194;18/11/2025;RICARICA;ATTIVO
39320007195;04/11/2021;CONSUMO;ATTIVO
39320007196;20/12/2024;RICARICA;ATTIVO
39320007197;09/02/2022;CONSUMO;ATTIVO
39320007198;12/06/2024;RICARICA;ATTIVO
39320007199;21/07/2023;CONSUMO;ATTIVO
39320007200;10/08/2023;RICARICA;ATTIVO
39320007201;06/09/2021;CONSUMO;ATTIVO
39320007202;01/08/2023;RICARICA;ATTIVO
39320007203;27/12/2025;CONSUMO;ATTIVO
39320007204;27/01/2023;RICARICA;ATTIVO
39320007205;23/11/2022;CONSUMO;ATTIVO
39320007206;20/04/2025;RICARICA;ATTIVO
39320007207;17/01/2024;CONSUMO;ATTIVO
39320007208;24/08/2022;RICARICA;ATTIVO
39320007209;05/02/2021;CONSUMO;ATTIVO
39320007210;02/09/2022;RICARICA;ATTIVO
39320007211;05/05/2024;CONSUMO;ATTIVO
39320007212;07/02/2025;RICARICA;ATTIVO
39320007213;21/02/2025;CONSUMO;ATTIVO
39320007214;25/12/2021;RICARICA;ATTIVO
39320007215;13/07/2021;CONSUMO;ATTIVO
39320007216;24/10/2021;RICARICA;ATTIVO
39320007217;02/06/2023;CONSUMO;ATTIVO
39320007218;09/12/2022;RICARICA;SOSPESO
39320007219;12/11/2024;CONSUMO;ATTIVO
39320007220;25/02/2026;RICARICA;ATTIVO
39320007221;06/09/2025;CONSUMO;SOSPESO
39320007222;08/08/2025;RICARICA;ATTIVO
39320007223;28/07/2023;CONSUMO;ATTIVO
39320007224;31/10/2022;RICARICA;ATTIVO
39320007225;28/10/2021;CONSUMO;ATTIVO
39320007226;22/01/2025;RICARICA;ATTIVO
39320007227;12/12/2025;CONSUMO;ATTIVO
39320007228;16/11/2023;RICARICA;SOSPESO
39320007229;11/06/2021;CONSUMO;ATTIVO
39320007230;28/07/2024;RICARICA;ATTIVO
39320007231;16/05/2023;CONSUMO;ATTIVO
39320007232;12/01/2022;RICARICA;SOSPESO
39320007233;11/06/2022;CONSUMO;ATTIVO
39320007234;02/03/2025;RICARICA;ATTIVO
39320007235;10/09/2025;CONSUMO;ATTIVO
39320007236;27/08/2021;RICARICA;ATTIVO
39320007237;15/03/2024;CONSUMO;ATTIVO
39320007238;13/09/2022;RICARICA;ATTIVO
39320007239;10/01/2024;CONSUMO;ATTIVO
39320007240;15/05/2022;RICARICA;ATTIVO
39320007241;11/04/2021;CONSUMO;ATTIVO
39320007242;27/08/2023;RICARICA;ATTIVO
39320007243;14/06/2023;CONSUMO;ATTIVO
39320007244;11/11/2024;RICARICA;ATTIVO
39320007245;21/07/2022;CONSUMO;ATTIVO
39320007246;04/04/2021;RICARICA;ATTIVO
39320007247;07/02/2026;CONSUMO;ATTIVO
39320007248;07/08/2022;RICARICA;ATTIVO
39320007249;14/04/2023;CONSUMO;ATTIVO
39320007250;21/05/2025;RICARICA;ATTIVO
39320007251;23/09/2021;CONSUMO;ATTIVO
39320007252;06/08/2023;RICARICA;ATTIVO
39320007253;24/07/2024;CONSUMO;ATTIVO
39320007254;30/03/2022;RICARICA;ATTIVO
39320007255;23/12/2024;CONSUMO;ATTIVO
39320007256;11/05/2021;RICARICA;ATTIVO
39320007257;31/01/2025;CONSUMO;ATTIVO
39320007258;21/08/2025;RICARICA;ATTIVO
39320007259;12/05/2023;CONSUMO;ATTIVO
39320007260;05/11/2022;RICARICA;ATTIVO
39320007261;02/09/2023;CONSUMO;SOSPESO
39320007262;26/01/2021;RICARICA;ATTIVO
39320007263;17/10/2022;CONSUMO;ATTIVO
39320007264;30/06/2023;RICARICA;ATTIVO
39320007265;16/10/2025;CONSUMO;ATTIVO
39320007266;08/03/2022;RICARICA;ATTIVO
39320007267;15/12/2021;CONSUMO;ATTIVO
39320007268;08/06/2022;RICARICA;ATTIVO
39320007269;15/09/2024;CONSUMO;ATTIVO
39320007270;10/06/2021;RICARICA;ATTIVO
39320007271;24/02/2024;CONSUMO;SOSPESO
39320007272;20/06/2021;RICARICA;ATTIVO
39320007273;21/12/2023;CONSUMO;ATTIVO
39320007274;21/08/2022;RICARICA;ATTIVO
39320007275;14/07/2023;CONSUMO;ATTIVO
39320007276;02/03/2021;RICARICA;ATTIVO
39320007277;12/04/2024;CONSUMO;ATTIVO
39320007278;22/12/2022;RICARICA;ATTIVO
39320007279;01/05/2023;CONSUMO;SOSPESO
39320007280;17/02/2021;RICARICA;ATTIVO
39320007281;05/08/2022;CONSUMO;ATTIVO
39320007282;03/10/2023;RICARICA;SOSPESO
39320007283;08/02/2023;CONSUMO;SOSPESO
39320007284;27/09/2021;RICARICA;ATTIVO
39320007285;07/10/2025;CONSUMO;ATTIVO
39320007286;22/03/2023;RICARICA;ATTIVO
39320007287;15/08/2021;CONSUMO;ATTIVO
39320007288;01/01/2022;RICARICA;ATTIVO
39320007289;20/04/2025;CONSUMO;ATTIVO
39320007290;13/02/2025;RICARICA;SOSPESO
39320007291;01/02/2024;CONSUMO;ATTIVO
39320007292;19/03/2025;RICARICA;ATTIVO
39320007293;19/01/2026;CONSUMO;ATTIVO
39320007294;17/10/2022;RICARICA;ATTIVO
39320007295;14/07/2024;CONSUMO;ATTIVO
39320007296;17/12/2025;RICARICA;ATTIVO
39320007297;20/07/2024;CONSUMO;ATTIVO
39320007298;13/10/2022;RICARICA;ATTIVO
39320007299;27/12/2023;CONSUMO;ATTIVO
39320007300;26/10/2025;RICARICA;ATTIVO
39320007301;30/03/2025;CONSUMO;ATTIVO
39320007302;19/08/2025;RICARICA;SOSPESO
39320007303;18/11/2021;CONSUMO;SOSPESO
39320007304;30/12/2021;RICARICA;ATTIVO
39320007305;07/01/2021;CONSUMO;ATTIVO
39320007306;16/11/2022;RICARICA;ATTIVO
39320007307;05/09/2024;CONSUMO;ATTIVO
39320007308;02/02/2026;RICARICA;ATTIVO
39320007309;03/04/2024;CONSUMO;ATTIVO
39320007310;07/05/2023;RICARICA;ATTIVO
39320007311;27/07/2024;CONSUMO;ATTIVO
39320007312;05/04/2022;RICARICA;ATTIVO
39320007313;23/06/2024;CONSUMO;ATTIVO
39320007314;14/06/2021;RICARICA;ATTIVO
39320007315;08/02/2025;CONSUMO;ATTIVO
39320007316;16/02/2021;RICARICA;ATTIVO
39320007317;27/05/2022;CONSUMO;ATTIVO
39320007318;05/07/2024;RICARICA;ATTIVO
39320007319;06/07/2021;CONSUMO;SOSPESO
39320007320;16/02/2021;RICARICA;ATTIVO
39320007321;15/12/2025;CONSUMO;ATTIVO
39320007322;09/03/2023;RICARICA;ATTIVO
39320007323;04/11/2025;CONSUMO;ATTIVO
39320007324;14/02/2026;RICARICA;ATTIVO
39320007325;26/01/2023;CONSUMO;ATTIVO
39320007326;06/05/2022;RICARICA;ATTIVO
39320007327;30/12/2024;CONSUMO;SOSPESO
39320007328;23/10/2022;RICARICA;ATTIVO
39320007329;13/05/2021;CONSUMO;ATTIVO
39320007330;28/02/2022;RICARICA;ATTIVO
39320007331;30/07/2023;CONSUMO;ATTIVO
39320007332;20/05/2024;RICARICA;ATTIVO
39320007333;11/05/2022;CONSUMO;ATTIVO
39320007334;03/08/2023;RICARICA;ATTIVO
39320007335;16/08/2021;CONSUMO;ATTIVO
39320007336;12/09/2025;RICARICA;ATTIVO
39320007337;28/02/2026;CONSUMO;ATTIVO
39320007338;17/05/2022;RICARICA;ATTIVO
39320007339;24/05/2021;CONSUMO;ATTIVO
39320007340;08/03/2021;RICARICA;ATTIVO
39320007341;13/04/2023;CONSUMO;ATTIVO
39320007342;21/08/2023;RICARICA;ATTIVO
39320007343;25/05/2021;CONSUMO;ATTIVO
39320007344;17/06/2022;RICARICA;ATTIVO
39320007345;06/01/2024;CONSUMO;ATTIVO
39320007346;10/05/2025;RICARICA;ATTIVO
39320007347;30/12/2023;CONSUMO;ATTIVO
39320007348;18/06/2023;RICARICA;ATTIVO
39320007349;26/01/2025;CONSUMO;ATTIVO
39320007350;21/07/2025;RICARICA;ATTIVO
39320007351;12/08/2025;CONSUMO;ATTIVO
39320007352;23/03/2021;RICARICA;ATTIVO
39320007353;07/01/2025;CONSUMO;SOSPESO
39320007354;12/07/2024;RICARICA;ATTIVO
39320007355;28/05/2023;CONSUMO;ATTIVO
39320007356;01/08/2021;RICARICA;ATTIVO
39320007357;22/06/2022;CONSUMO;ATTIVO
39320007358;02/04/2024;RICARICA;ATTIVO
39320007359;17/08/2021;CONSUMO;ATTIVO
39320007360;21/01/2023;RICARICA;ATTIVO
39320007361;27/11/2022;CONSUMO;ATTIVO
39320007362;13/05/2022;RICARICA;ATTIVO
39320007363;07/03/2022;CONSUMO;ATTIVO
39320007364;07/11/2022;RICARICA;ATTIVO
39320007365;01/06/2021;CONSUMO;ATTIVO
39320007366;23/12/2024;RICARICA;ATTIVO
39320007367;17/05/2022;CONSUMO;ATTIVO
39320007368;03/12/2022;RICARICA;ATTIVO
39320007369;30/06/2023;CONSUMO;ATTIVO
39320007370;12/07/2023;RICARICA;ATTIVO
39320007371;09/03/2024;CONSUMO;ATTIVO
39320007372;15/03/2021;RICARICA;ATTIVO
39320007373;31/10/2021;CONSUMO;ATTIVO
39320007374;23/02/2021;RICARICA;ATTIVO
39320007375;30/01/2023;CONSUMO;ATTIVO
39320007376;01/01/2025;RICARICA;ATTIVO
39320007377;06/01/2025;CONSUMO;ATTIVO
39320007378;22/07/2024;RICARICA;ATTIVO
39320007379;31/12/2024;CONSUMO;ATTIVO
39320007380;27/08/2022;RICARICA;ATTIVO
39320007381;08/07/2025;CONSUMO;ATTIVO
39320007382;28/10/2021;RICARICA;ATTIVO
39320007383;26/10/2025;CONSUMO;ATTIVO
39320007384;28/07/2024;RICARICA;ATTIVO
39320007385;09/10/2025;CONSUMO;ATTIVO
39320007386;13/09/2022;RICARICA;ATTIVO
39320007387;25/01/2021;CONSUMO;ATTIVO
39320007388;16/01/2025;RICARICA;ATTIVO
39320007389;18/11/2025;CONSUMO;SOSPESO
39320007390;12/04/2023;RICARICA;ATTIVO
39320007391;18/01/2026;CONSUMO;ATTIVO
39320007392;06/12/2022;RICARICA;ATTIVO
39320007393;17/04/2024;CONSUMO;ATTIVO
39320007394;06/10/2022;RICARICA;ATTIVO
39320007395;14/02/2023;CONSUMO;ATTIVO
39320007396;21/09/2023;RICARICA;ATTIVO
39320007397;19/11/2025;CONSUMO;ATTIVO
39320007398;26/12/2021;RICARICA;ATTIVO
39320007399;17/02/2023;CONSUMO;ATTIVO
39320007400;13/05/2021;RICARICA;ATTIVO
39320007401;26/09/2022;CONSUMO;ATTIVO
39320007402;04/11/2021;RICARICA;ATTIVO
39320007403;13/05/2025;CONSUMO;ATTIVO
39320007404;02/09/2021;RICARICA;ATTIVO
39320007405;01/01/2023;CONSUMO;ATTIVO
39320007406;12/03/2024;RICARICA;ATTIVO
39320007407;31/01/2026;CONSUMO;ATTIVO
39320007408;09/03/2025;RICARICA;ATTIVO
39320007409;23/05/2025;CONSUMO;ATTIVO
39320007410;14/01/2026;RICARICA;ATTIVO
39320007411;19/02/2022;CONSUMO;ATTIVO
39320007412;09/03/2021;RICARICA;ATTIVO
39320007413;22/07/2021;CONSUMO;SOSPESO
39320007414;06/11/2023;RICARICA;ATTIVO
39320007415;08/02/2024;CONSUMO;SOSPESO
39320007416;30/09/2025;RICARICA;ATTIVO
39320007417;23/11/2025;CONSUMO;ATTIVO
39320007418;23/06/2025;RICARICA;ATTIVO
39320007419;06/03/2024;CONSUMO;ATTIVO
39320007420;17/05/2022;RICARICA;ATTIVO
39320007421;23/02/2025;CONSUMO;ATTIVO
39320007422;25/08/2024;RICARICA;ATTIVO
39320007423;13/04/2022;CONSUMO;ATTIVO
39320007424;24/07/2023;RICARICA;ATTIVO
39320007425;01/06/2024;CONSUMO;ATTIVO
39320007426;23/07/2022;RICARICA;ATTIVO
39320007427;25/01/2022;CONSUMO;ATTIVO
39320007428;22/02/2026;RICARICA;ATTIVO
39320007429;24/01/2026;CONSUMO;ATTIVO
39320007430;13/09/2022;RICARICA;ATTIVO
39320007431;12/04/2022;CONSUMO;ATTIVO
39320007432;09/04/2025;RICARICA;ATTIVO
39320007433;09/08/2023;CONSUMO;ATTIVO
39320007434;11/12/2025;RICARICA;ATTIVO
39320007435;16/10/2022;CONSUMO;ATTIVO
39320007436;30/05/2021;RICARICA;ATTIVO
39320007437;27/08/2021;CONSUMO;ATTIVO
39320007438;02/09/2023;RICARICA;ATTIVO
39320007439;16/01/2024;CONSUMO;ATTIVO
39320007440;10/05/2024;RICARICA;ATTIVO
39320007441;11/03/2024;CONSUMO;ATTIVO
39320007442;31/05/2023;RICARICA;ATTIVO
39320007443;17/08/2021;CONSUMO;ATTIVO
39320007444;26/06/2023;RICARICA;ATTIVO
39320007445;03/02/2022;CONSUMO;ATTIVO
39320007446;24/07/2024;RICARICA;ATTIVO
39320007447;24/07/2023;CONSUMO;SOSPESO
39320007448;31/05/2022;RICARICA;ATTIVO
39320007449;16/05/2024;CONSUMO;ATTIVO
39320007450;16/07/2024;RICARICA;ATTIVO
39320007451;05/11/2023;CONSUMO;ATTIVO
39320007452;05/08/2022;RICARICA;SOSPESO
39320007453;06/09/2022;CONSUMO;ATTIVO
39320007454;26/12/2023;RICARICA;ATTIVO
39320007455;18/07/2022;CONSUMO;ATTIVO
39320007456;28/10/2023;RICARICA;ATTIVO
39320007457;21/06/2023;CONSUMO;ATTIVO
39320007458;30/03/2025;RICARICA;SOSPESO
39320007459;26/09/2023;CONSUMO;ATTIVO
39320007460;04/01/2026;RICARICA;SOSPESO
39320007461;22/08/2023;CONSUMO;ATTIVO
39320007462;02/01/2022;RICARICA;ATTIVO
39320007463;04/06/2023;CONSUMO;ATTIVO
39320007464;13/07/2021;RICARICA;SOSPESO
39320007465;27/06/2023;CONSUMO;ATTIVO
39320007466;07/11/2024;RICARICA;ATTIVO
39320007467;10/01/2022;CONSUMO;ATTIVO
39320007468;11/08/2021;RICARICA;ATTIVO
39320007469;13/03/2022;CONSUMO;ATTIVO
39320007470;18/09/2022;RICARICA;ATTIVO
39320007471;23/12/2023;CONSUMO;ATTIVO
39320007472;03/11/2024;RICARICA;ATTIVO
39320007473;02/06/2024;CONSUMO;ATTIVO
39320007474;08/10/2024;RICARICA;ATTIVO
39320007475;17/11/2021;CONSUMO;ATTIVO
39320007476;23/03/2023;RICARICA;ATTIVO
39320007477;12/10/2025;CONSUMO;ATTIVO
39320007478;18/09/2024;RICARICA;ATTIVO
39320007479;24/11/2023;CONSUMO;SOSPESO
39320007480;31/08/2024;RICARICA;ATTIVO
39320007481;04/05/2023;CONSUMO;ATTIVO
39320007482;06/07/2022;RICARICA;ATTIVO
39320007483;23/06/2022;CONSUMO;ATTIVO
39320007484;20/10/2025;RICARICA;ATTIVO
39320007485;30/01/2023;CONSUMO;ATTIVO
39320007486;15/11/2022;RICARICA;ATTIVO
39320007487;26/08/2025;CONSUMO;ATTIVO
39320007488;11/07/2023;RICARICA;ATTIVO
39320007489;28/02/2024;CONSUMO;ATTIVO
39320007490;05/05/2023;RICARICA;ATTIVO
39320007491;08/04/2023;CONSUMO;ATTIVO
39320007492;18/04/2023;RICARICA;ATTIVO
39320007493;08/07/2025;CONSUMO;ATTIVO
39320007494;25/07/2023;RICARICA;ATTIVO
39320007495;09/02/2021;CONSUMO;ATTIVO
39320007496;19/02/2022;RICARICA;ATTIVO
39320007497;07/01/2025;CONSUMO;ATTIVO
39320007498;02/09/2025;RICARICA;ATTIVO
39320007499;22/10/2022;CONSUMO;ATTIVO
39320007500;23/02/2023;RICARICA;ATTIVO
39320007501;21/02/2024;CONSUMO;ATTIVO
39320007502;22/06/2025;RICARICA;ATTIVO
39320007503;28/10/2023;CONSUMO;ATTIVO
39320007504;16/07/2022;RICARICA;ATTIVO
39320007505;13/05/2022;CONSUMO;ATTIVO
39320007506;20/01/2025;RICARICA;ATTIVO
39320007507;17/01/2025;CONSUMO;ATTIVO
39320007508;05/04/2021;RICARICA;ATTIVO
39320007509;10/03/2023;CONSUMO;ATTIVO
39320007510;05/02/2026;RICARICA;ATTIVO
39320007511;27/05/2022;CONSUMO;ATTIVO
39320007512;27/05/2024;RICARICA;ATTIVO
39320007513;02/05/2021;CONSUMO;ATTIVO
39320007514;02/08/2024;RICARICA;ATTIVO
39320007515;07/01/2024;CONSUMO;ATTIVO
39320007516;07/03/2026;RICARICA;ATTIVO
39320007517;25/08/2023;CONSUMO;ATTIVO
39320007518;16/03/2025;RICARICA;ATTIVO
39320007519;07/05/2025;CONSUMO;ATTIVO
39320007520;16/08/2025;RICARICA;ATTIVO
39320007521;05/11/2021;CONSUMO;ATTIVO
39320007522;21/03/2024;RICARICA;ATTIVO
39320007523;30/06/2021;CONSUMO;ATTIVO
39320007524;03/11/2022;RICARICA;ATTIVO
39320007525;12/04/2025;CONSUMO;ATTIVO
39320007526;15/02/2024;RICARICA;ATTIVO
39320007527;20/08/2022;CONSUMO;ATTIVO
39320007528;15/10/2021;RICARICA;ATTIVO
39320007529;20/05/2021;CONSUMO;ATTIVO
39320007530;03/12/2024;RICARICA;ATTIVO
39320007531;05/10/2022;CONSUMO;SOSPESO
39320007532;10/01/2023;RICARICA;ATTIVO
39320007533;03/07/2023;CONSUMO;ATTIVO
39320007534;16/03/2022;RICARICA;ATTIVO
39320007535;18/08/2023;CONSUMO;ATTIVO
39320007536;12/01/2023;RICARICA;ATTIVO
39320007537;19/10/2024;CONSUMO;SOSPESO
39320007538;15/06/2022;RICARICA;ATTIVO
39320007539;12/03/2025;CONSUMO;SOSPESO
39320007540;15/10/2021;RICARICA;ATTIVO
39320007541;22/04/2023;CONSUMO;ATTIVO
39320007542;09/07/2025;RICARICA;ATTIVO
39320007543;09/04/2021;CONSUMO;ATTIVO
39320007544;04/05/2021;RICARICA;ATTIVO
39320007545;16/11/2023;CONSUMO;ATTIVO
39320007546;04/03/2024;RICARICA;ATTIVO
39320007547;07/03/2021;CONSUMO;SOSPESO
39320007548;24/11/2025;RICARICA;ATTIVO
39320007549;07/06/2025;CONSUMO;ATTIVO
39320007550;02/08/2022;RICARICA;ATTIVO
39320007551;23/07/2024;CONSUMO;ATTIVO
39320007552;04/06/2021;RICARICA;ATTIVO
39320007553;18/02/2024;CONSUMO;ATTIVO
39320007554;26/12/2023;RICARICA;ATTIVO
39320007555;18/11/2023;CONSUMO;ATTIVO
39320007556;29/06/2021;RICARICA;ATTIVO
39320007557;18/08/2023;CONSUMO;ATTIVO
39320007558;26/01/2022;RICARICA;ATTIVO
39320007559;21/04/2025;CONSUMO;ATTIVO
39320007560;02/08/2025;RICARICA;ATTIVO
39320007561;14/07/2023;CONSUMO;ATTIVO
39320007562;22/02/2025;RICARICA;ATTIVO
39320007563;08/11/2022;CONSUMO;ATTIVO
39320007564;19/08/2024;RICARICA;ATTIVO
39320007565;19/07/2023;CONSUMO;ATTIVO
39320007566;19/11/2024;RICARICA;ATTIVO
39320007567;05/06/2023;CONSUMO;ATTIVO
39320007568;03/04/2023;RICARICA;ATTIVO
39320007569;14/01/2021;CONSUMO;ATTIVO
39320007570;10/03/2023;RICARICA;ATTIVO
39320007571;07/04/2022;CONSUMO;ATTIVO
39320007572;05/11/2021;RICARICA;ATTIVO
39320007573;02/04/2022;CONSUMO;ATTIVO
39320007574;22/04/2025;RICARICA;ATTIVO
39320007575;27/07/2023;CONSUMO;ATTIVO
39320007576;15/02/2022;RICARICA;ATTIVO
39320007577;22/03/2024;CONSUMO;SOSPESO
39320007578;04/01/2026;RICARICA;ATTIVO
39320007579;12/11/2025;CONSUMO;ATTIVO
39320007580;22/01/2022;RICARICA;ATTIVO
39320007581;27/02/2022;CONSUMO;ATTIVO
39320007582;26/07/2021;RICARICA;ATTIVO
39320007583;17/05/2024;CONSUMO;SOSPESO
39320007584;22/03/2021;RICARICA;ATTIVO
39320007585;12/01/2024;CONSUMO;ATTIVO
39320007586;22/05/2021;RICARICA;ATTIVO
39320007587;08/10/2022;CONSUMO;SOSPESO
39320007588;09/09/2024;RICARICA;ATTIVO
39320007589;13/09/2022;CONSUMO;ATTIVO
39320007590;10/07/2022;RICARICA;ATTIVO
39320007591;27/02/2026;CONSUMO;ATTIVO
39320007592;29/12/2022;RICARICA;ATTIVO
39320007593;03/12/2025;CONSUMO;ATTIVO
39320007594;20/06/2023;RICARICA;ATTIVO
39320007595;08/02/2023;CONSUMO;ATTIVO
39320007596;12/11/2025;RICARICA;ATTIVO
39320007597;24/02/2025;CONSUMO;ATTIVO
39320007598;11/04/2021;RICARICA;ATTIVO
39320007599;29/03/2023;CONSUMO;ATTIVO
39320007600;28/04/2025;RICARICA;ATTIVO
39320007601;27/07/2025;CONSUMO;ATTIVO
39320007602;25/12/2021;RICARICA;ATTIVO
39320007603;30/03/2024;CONSUMO;ATTIVO
39320007604;07/09/2021;RICARICA;ATTIVO
39320007605;06/03/2022;CONSUMO;ATTIVO
39320007606;29/09/2023;RICARICA;ATTIVO
39320007607;04/01/2023;CONSUMO;ATTIVO
39320007608;11/10/2022;RICARICA;ATTIVO
39320007609;07/03/2022;CONSUMO;SOSPESO
39320007610;26/06/2025;RICARICA;ATTIVO
39320007611;06/09/2023;CONSUMO;ATTIVO
39320007612;18/08/2021;RICARICA;SOSPESO
39320007613;03/02/2021;CONSUMO;ATTIVO
39320007614;04/07/2025;RICARICA;ATTIVO
39320007615;23/10/2025;CONSUMO;ATTIVO
39320007616;09/01/2023;RICARICA;SOSPESO
39320007617;10/09/2025;CONSUMO;ATTIVO
39320007618;03/10/2025;RICARICA;ATTIVO
39320007619;15/04/2022;CONSUMO;SOSPESO
39320007620;22/06/2021;RICARICA;ATTIVO
39320007621;18/07/2025;CONSUMO;ATTIVO
39320007622;24/08/2023;RICARICA;ATTIVO
39320007623;17/07/2022;CONSUMO;ATTIVO
39320007624;12/01/2026;RICARICA;ATTIVO
39320007625;16/10/2021;CONSUMO;ATTIVO
39320007626;30/12/2021;RICARICA;ATTIVO
39320007627;20/09/2021;CONSUMO;ATTIVO
39320007628;15/10/2021;RICARICA;ATTIVO
39320007629;11/04/2025;CONSUMO;ATTIVO
39320007630;06/05/2024;RICARICA;ATTIVO
39320007631;10/11/2025;CONSUMO;ATTIVO
39320007632;24/08/2022;RICARICA;ATTIVO
39320007633;30/04/2023;CONSUMO;ATTIVO
39320007634;09/05/2023;RICARICA;ATTIVO
39320007635;29/11/2023;CONSUMO;SOSPESO
39320007636;28/02/2025;RICARICA;ATTIVO
39320007637;01/10/2024;CONSUMO;ATTIVO
39320007638;06/12/2025;RICARICA;SOSPESO
39320007639;30/05/2025;CONSUMO;ATTIVO
39320007640;16/10/2023;RICARICA;ATTIVO
39320007641;07/04/2023;CONSUMO;ATTIVO
39320007642;05/02/2026;RICARICA;ATTIVO
39320007643;27/06/2024;CONSUMO;ATTIVO
39320007644;24/05/2025;RICARICA;ATTIVO
39320007645;28/02/2021;CONSUMO;ATTIVO
39320007646;12/03/2021;RICARICA;ATTIVO
39320007647;23/10/2021;CONSUMO;ATTIVO
39320007648;06/04/2021;RICARICA;ATTIVO
39320007649;11/04/2025;CONSUMO;ATTIVO
39320007650;12/12/2023;RICARICA;ATTIVO
39320007651;25/07/2021;CONSUMO;ATTIVO
39320007652;12/01/2026;RICARICA;ATTIVO
39320007653;10/05/2023;CONSUMO;SOSPESO
39320007654;19/08/2021;RICARICA;SOSPESO
39320007655;10/08/2023;CONSUMO;SOSPESO
39320007656;20/10/2025;RICARICA;ATTIVO
39320007657;21/06/2023;CONSUMO;ATTIVO
39320007658;20/05/2024;RICARICA;ATTIVO
39320007659;02/01/2021;CONSUMO;ATTIVO
39320007660;20/08/2023;RICARICA;ATTIVO
39320007661;11/06/2022;CONSUMO;ATTIVO
39320007662;06/09/2024;RICARICA;ATTIVO
39320007663;10/06/2024;CONSUMO;ATTIVO
39320007664;17/07/2021;RICARICA;ATTIVO
39320007665;14/03/2025;CONSUMO;ATTIVO
39320007666;15/03/2024;RICARICA;ATTIVO
39320007667;26/03/2022;CONSUMO;ATTIVO
39320007668;08/07/2025;RICARICA;SOSPESO
39320007669;07/04/2022;CONSUMO;ATTIVO
39320007670;03/03/2025;RICARICA;ATTIVO
39320007671;08/04/2023;CONSUMO;ATTIVO
39320007672;13/06/2024;RICARICA;ATTIVO
39320007673;09/04/2022;CONSUMO;ATTIVO
39320007674;04/02/2025;RICARICA;ATTIVO
39320007675;05/11/2022;CONSUMO;ATTIVO
39320007676;05/08/2023;RICARICA;ATTIVO
39320007677;01/12/2023;CONSUMO;ATTIVO
39320007678;15/12/2025;RICARICA;ATTIVO
39320007679;17/01/2026;CONSUMO;ATTIVO
39320007680;15/05/2023;RICARICA;ATTIVO
39320007681;25/10/2021;CONSUMO;ATTIVO
39320007682;09/10/2025;RICARICA;ATTIVO
39320007683;30/01/2026;CONSUMO;ATTIVO
39320007684;18/07/2024;RICARICA;ATTIVO
39320007685;10/02/2022;CONSUMO;SOSPESO
39320007686;30/01/2021;RICARICA;ATTIVO
39320007687;11/03/2021;CONSUMO;ATTIVO
39320007688;03/05/2022;RICARICA;ATTIVO
39320007689;23/10/2022;CONSUMO;ATTIVO
39320007690;12/09/2023;RICARICA;ATTIVO
39320007691;06/12/2022;CONSUMO;ATTIVO
39320007692;16/11/2025;RICARICA;ATTIVO
39320007693;28/03/2024;CONSUMO;ATTIVO
39320007694;16/03/2022;RICARICA;ATTIVO
39320007695;23/06/2022;CONSUMO;ATTIVO
39320007696;30/08/2021;RICARICA;ATTIVO
39320007697;04/09/2024;CONSUMO;ATTIVO
39320007698;08/03/2026;RICARICA;ATTIVO
39320007699;02/01/2026;CONSUMO;ATTIVO
39320007700;30/11/2022;RICARICA;ATTIVO
39320007701;26/09/2023;CONSUMO;ATTIVO
39320007702;24/07/2023;RICARICA;ATTIVO
39320007703;30/09/2024;CONSUMO;ATTIVO
39320007704;13/04/2025;RICARICA;ATTIVO
39320007705;10/05/2021;CONSUMO;ATTIVO
39320007706;24/05/2023;RICARICA;ATTIVO
39320007707;18/01/2024;CONSUMO;ATTIVO
39320007708;11/04/2022;RICARICA;SOSPESO
39320007709;27/08/2025;CONSUMO;ATTIVO
39320007710;02/02/2024;RICARICA;ATTIVO
39320007711;16/09/2021;CONSUMO;ATTIVO
39320007712;21/09/2022;RICARICA;ATTIVO
39320007713;08/02/2024;CONSUMO;SOSPESO
39320007714;19/06/2021;RICARICA;SOSPESO
39320007715;31/10/2023;CONSUMO;ATTIVO
39320007716;07/08/2025;RICARICA;SOSPESO
39320007717;13/11/2023;CONSUMO;ATTIVO
39320007718;17/09/2025;RICARICA;ATTIVO
39320007719;09/05/2025;CONSUMO;ATTIVO
39320007720;11/02/2025;RICARICA;ATTIVO
39320007721;13/12/2023;CONSUMO;ATTIVO
39320007722;07/11/2021;RICARICA;ATTIVO
39320007723;23/12/2023;CONSUMO;ATTIVO
39320007724;27/06/2025;RICARICA;ATTIVO
39320007725;10/01/2024;CONSUMO;ATTIVO
39320007726;24/12/2023;RICARICA;ATTIVO
39320007727;22/11/2021;CONSUMO;ATTIVO
39320007728;06/12/2021;RICARICA;ATTIVO
39320007729;26/10/2025;CONSUMO;ATTIVO
39320007730;23/09/2025;RICARICA;SOSPESO
39320007731;06/01/2025;CONSUMO;ATTIVO
39320007732;02/06/2024;RICARICA;ATTIVO
39320007733;19/02/2022;CONSUMO;ATTIVO
39320007734;01/04/2023;RICARICA;ATTIVO
39320007735;20/01/2026;CONSUMO;ATTIVO
39320007736;13/05/2023;RICARICA;ATTIVO
39320007737;17/08/2023;CONSUMO;ATTIVO
39320007738;17/01/2025;RICARICA;SOSPESO
39320007739;01/01/2021;CONSUMO;ATTIVO
39320007740;21/12/2024;RICARICA;ATTIVO
39320007741;01/10/2022;CONSUMO;ATTIVO
39320007742;11/02/2025;RICARICA;ATTIVO
39320007743;17/05/2021;CONSUMO;ATTIVO
39320007744;21/04/2023;RICARICA;ATTIVO
39320007745;12/09/2023;CONSUMO;ATTIVO
39320007746;15/04/2025;RICARICA;SOSPESO
39320007747;12/05/2022;CONSUMO;ATTIVO
39320007748;23/11/2021;RICARICA;ATTIVO
39320007749;12/03/2023;CONSUMO;ATTIVO
39320007750;25/05/2022;RICARICA;ATTIVO
39320007751;25/05/2021;CONSUMO;ATTIVO
39320007752;20/07/2022;RICARICA;ATTIVO
39320007753;03/04/2023;CONSUMO;ATTIVO
39320007754;23/02/2025;RICARICA;ATTIVO
39320007755;08/10/2024;CONSUMO;ATTIVO
39320007756;28/06/2023;RICARICA;ATTIVO
39320007757;19/07/2022;CONSUMO;ATTIVO
39320007758;23/01/2021;RICARICA;ATTIVO
39320007759;03/12/2023;CONSUMO;ATTIVO
39320007760;30/07/2021;RICARICA;ATTIVO
39320007761;10/05/2024;CONSUMO;ATTIVO
39320007762;14/09/2024;RICARICA;ATTIVO
39320007763;11/08/2025;CONSUMO;ATTIVO
39320007764;02/03/2025;RICARICA;ATTIVO
39320007765;11/11/2021;CONSUMO;ATTIVO
39320007766;25/03/2025;RICARICA;ATTIVO
39320007767;01/12/2022;CONSUMO;ATTIVO
39320007768;25/03/2021;RICARICA;ATTIVO
39320007769;31/12/2025;CONSUMO;ATTIVO
39320007770;07/07/2024;RICARICA;ATTIVO
39320007771;13/04/2024;CONSUMO;ATTIVO
39320007772;24/12/2024;RICARICA;ATTIVO
39320007773;16/06/2025;CONSUMO;ATTIVO
39320007774;20/08/2022;RICARICA;ATTIVO
39320007775;31/07/2021;CONSUMO;ATTIVO
39320007776;07/02/2025;RICARICA;ATTIVO
39320007777;11/05/2024;CONSUMO;ATTIVO
39320007778;10/05/2022;RICARICA;ATTIVO
39320007779;23/09/2024;CONSUMO;ATTIVO
39320007780;07/12/2024;RICARICA;SOSPESO
39320007781;14/05/2023;CONSUMO;ATTIVO
39320007782;04/08/2021;RICARICA;ATTIVO
39320007783;28/07/2022;CONSUMO;ATTIVO
39320007784;09/02/2025;RICARICA;ATTIVO
39320007785;31/05/2022;CONSUMO;ATTIVO
39320007786;05/11/2022;RICARICA;ATTIVO
39320007787;09/09/2025;CONSUMO;ATTIVO
39320007788;01/01/2023;RICARICA;ATTIVO
39320007789;27/07/2021;CONSUMO;ATTIVO
39320007790;22/09/2023;RICARICA;ATTIVO
39320007791;11/10/2023;CONSUMO;ATTIVO
39320007792;08/06/2023;RICARICA;ATTIVO
39320007793;01/08/2021;CONSUMO;SOSPESO
39320007794;20/08/2025;RICARICA;ATTIVO
39320007795;23/02/2024;CONSUMO;ATTIVO
39320007796;04/03/2024;RICARICA;ATTIVO
39320007797;29/11/2023;CONSUMO;ATTIVO
39320007798;29/09/2024;RICARICA;ATTIVO
39320007799;17/05/2024;CONSUMO;ATTIVO
39320007800;13/09/2025;RICARICA;ATTIVO
39320007801;21/07/2021;CONSUMO;ATTIVO
39320007802;29/08/2021;RICARICA;SOSPESO
39320007803;04/05/2022;CONSUMO;ATTIVO
39320007804;09/10/2024;RICARICA;ATTIVO
39320007805;21/05/2024;CONSUMO;ATTIVO
39320007806;18/03/2023;RICARICA;ATTIVO
39320007807;23/03/2021;CONSUMO;ATTIVO
39320007808;03/06/2025;RICARICA;ATTIVO
39320007809;02/08/2023;CONSUMO;ATTIVO
39320007810;07/12/2023;RICARICA;ATTIVO
39320007811;28/03/2023;CONSUMO;ATTIVO
39320007812;10/07/2024;RICARICA;ATTIVO
39320007813;04/06/2023;CONSUMO;ATTIVO
39320007814;22/02/2021;RICARICA;ATTIVO
39320007815;06/01/2022;CONSUMO;ATTIVO
39320007816;05/11/2022;RICARICA;ATTIVO
39320007817;01/03/2026;CONSUMO;ATTIVO
39320007818;28/02/2021;RICARICA;ATTIVO
39320007819;06/10/2025;CONSUMO;ATTIVO
39320007820;05/01/2023;RICARICA;ATTIVO
39320007821;06/12/2022;CONSUMO;ATTIVO
39320007822;25/05/2022;RICARICA;ATTIVO
39320007823;25/05/2025;CONSUMO;ATTIVO
39320007824;28/07/2023;RICARICA;ATTIVO
39320007825;24/07/2024;CONSUMO;ATTIVO
39320007826;14/06/2025;RICARICA;ATTIVO
39320007827;18/02/2024;CONSUMO;ATTIVO
39320007828;26/01/2024;RICARICA;ATTIVO
39320007829;25/02/2025;CONSUMO;ATTIVO
39320007830;15/12/2022;RICARICA;ATTIVO
39320007831;19/12/2021;CONSUMO;ATTIVO
39320007832;21/10/2025;RICARICA;ATTIVO
39320007833;22/12/2022;CONSUMO;ATTIVO
39320007834;24/02/2025;RICARICA;ATTIVO
39320007835;12/04/2022;CONSUMO;ATTIVO
39320007836;19/09/2022;RICARICA;ATTIVO
39320007837;18/01/2025;CONSUMO;ATTIVO
39320007838;12/04/2023;RICARICA;ATTIVO
39320007839;16/10/2023;CONSUMO;ATTIVO
39320007840;30/03/2025;RICARICA;ATTIVO
39320007841;27/06/2022;CONSUMO;ATTIVO
39320007842;22/09/2023;RICARICA;ATTIVO
39320007843;09/07/2025;CONSUMO;ATTIVO
39320007844;11/01/2023;RICARICA;ATTIVO
39320007845;12/12/2021;CONSUMO;ATTIVO
39320007846;17/08/2021;RICARICA;ATTIVO
39320007847;28/09/2022;CONSUMO;ATTIVO
39320007848;05/12/2024;RICARICA;ATTIVO
39320007849;30/08/2022;CONSUMO;ATTIVO
39320007850;08/01/2024;RICARICA;ATTIVO
39320007851;20/06/2024;CONSUMO;ATTIVO
39320007852;11/02/2022;RICARICA;ATTIVO
39320007853;28/12/2024;CONSUMO;ATTIVO
39320007854;01/12/2025;RICARICA;ATTIVO
39320007855;12/10/2025;CONSUMO;ATTIVO
39320007856;06/01/2025;RICARICA;ATTIVO
39320007857;26/12/2022;CONSUMO;ATTIVO
39320007858;02/03/2026;RICARICA;ATTIVO
39320007859;27/09/2025;CONSUMO;SOSPESO
39320007860;27/07/2025;RICARICA;ATTIVO
39320007861;24/06/2025;CONSUMO;ATTIVO
39320007862;13/03/2024;RICARICA;SOSPESO
39320007863;26/10/2022;CONSUMO;SOSPESO
39320007864;26/06/2023;RICARICA;ATTIVO
39320007865;19/05/2022;CONSUMO;ATTIVO
39320007866;29/09/2024;RICARICA;SOSPESO
39320007867;23/02/2021;CONSUMO;ATTIVO
39320007868;03/09/2025;RICARICA;ATTIVO
39320007869;25/03/2022;CONSUMO;ATTIVO
39320007870;08/04/2022;RICARICA;ATTIVO
39320007871;21/07/2025;CONSUMO;ATTIVO
39320007872;26/01/2021;RICARICA;ATTIVO
39320007873;12/02/2021;CONSUMO;ATTIVO
39320007874;17/09/2023;RICARICA;ATTIVO
39320007875;29/04/2023;CONSUMO;ATTIVO
39320007876;09/03/2024;RICARICA;ATTIVO
39320007877;17/01/2022;CONSUMO;ATTIVO
39320007878;04/04/2024;RICARICA;ATTIVO
39320007879;24/03/2024;CONSUMO;ATTIVO
39320007880;04/03/2023;RICARICA;ATTIVO
39320007881;18/12/2024;CONSUMO;ATTIVO
39320007882;16/01/2023;RICARICA;ATTIVO
39320007883;24/06/2022;CONSUMO;ATTIVO
39320007884;17/01/2023;RICARICA;ATTIVO
39320007885;26/04/2022;CONSUMO;ATTIVO
39320007886;02/01/2023;RICARICA;ATTIVO
39320007887;20/11/2024;CONSUMO;ATTIVO
39320007888;28/10/2025;RICARICA;ATTIVO
39320007889;09/12/2024;CONSUMO;ATTIVO
39320007890;08/01/2024;RICARICA;ATTIVO
39320007891;17/07/2021;CONSUMO;SOSPESO
39320007892;26/05/2025;RICARICA;SOSPESO
39320007893;21/12/2024;CONSUMO;ATTIVO
39320007894;05/10/2022;RICARICA;ATTIVO
39320007895;20/08/2025;CONSUMO;ATTIVO
39320007896;14/01/2025;RICARICA;ATTIVO
39320007897;08/12/2024;CONSUMO;ATTIVO
39320007898;09/02/2024;RICARICA;ATTIVO
39320007899;04/04/2022;CONSUMO;ATTIVO
39320007900;22/03/2024;RICARICA;ATTIVO
39320007901;01/08/2023;CONSUMO;ATTIVO
39320007902;16/10/2023;RICARICA;ATTIVO
39320007903;13/05/2021;CONSUMO;SOSPESO
39320007904;17/12/2021;RICARICA;ATTIVO
39320007905;08/07/2023;CONSUMO;ATTIVO
39320007906;28/04/2021;RICARICA;ATTIVO
39320007907;04/09/2023;CONSUMO;ATTIVO
39320007908;30/10/2021;RICARICA;ATTIVO
39320007909;27/12/2022;CONSUMO;ATTIVO
39320007910;12/01/2025;RICARICA;ATTIVO
39320007911;01/06/2022;CONSUMO;SOSPESO
39320007912;30/01/2025;RICARICA;ATTIVO
39320007913;09/05/2024;CONSUMO;ATTIVO
39320007914;13/12/2024;RICARICA;ATTIVO
39320007915;01/10/2021;CONSUMO;SOSPESO
39320007916;17/03/2022;RICARICA;ATTIVO
39320007917;27/09/2022;CONSUMO;ATTIVO
39320007918;13/10/2024;RICARICA;ATTIVO
39320007919;22/04/2022;CONSUMO;ATTIVO
39320007920;29/11/2025;RICARICA;ATTIVO
39320007921;14/04/2023;CONSUMO;ATTIVO
39320007922;11/01/2024;RICARICA;SOSPESO
39320007923;16/04/2024;CONSUMO;ATTIVO
39320007924;14/01/2021;RICARICA;SOSPESO
39320007925;19/04/2021;CONSUMO;ATTIVO
39320007926;04/01/2023;RICARICA;ATTIVO
39320007927;06/05/2025;CONSUMO;SOSPESO
39320007928;11/06/2024;RICARICA;ATTIVO
39320007929;28/04/2023;CONSUMO;ATTIVO
39320007930;09/02/2025;RICARICA;ATTIVO
39320007931;16/05/2024;CONSUMO;ATTIVO
39320007932;03/01/2022;RICARICA;ATTIVO
39320007933;02/03/2021;CONSUMO;ATTIVO
39320007934;11/10/2023;RICARICA;ATTIVO
39320007935;11/11/2022;CONSUMO;ATTIVO
39320007936;07/04/2023;RICARICA;ATTIVO
39320007937;04/11/2024;CONSUMO;ATTIVO
39320007938;15/04/2023;RICARICA;ATTIVO
39320007939;30/08/2023;CONSUMO;ATTIVO
39320007940;05/12/2022;RICARICA;ATTIVO
39320007941;30/09/2022;CONSUMO;ATTIVO
39320007942;19/12/2024;RICARICA;ATTIVO
39320007943;01/06/2022;CONSUMO;ATTIVO
39320007944;13/01/2022;RICARICA;ATTIVO
39320007945;15/02/2022;CONSUMO;ATTIVO
39320007946;18/08/2024;RICARICA;ATTIVO
39320007947;27/11/2022;CONSUMO;ATTIVO
39320007948;12/07/2021;RICARICA;ATTIVO
39320007949;11/02/2021;CONSUMO;ATTIVO
39320007950;05/05/2021;RICARICA;SOSPESO
39320007951;02/05/2021;CONSUMO;ATTIVO
39320007952;15/07/2021;RICARICA;ATTIVO
39320007953;20/12/2023;CONSUMO;ATTIVO
39320007954;01/11/2022;RICARICA;ATTIVO
39320007955;26/02/2021;CONSUMO;ATTIVO
39320007956;09/03/2024;RICARICA;ATTIVO
39320007957;26/10/2025;CONSUMO;ATTIVO
39320007958;20/12/2021;RICARICA;ATTIVO
39320007959;25/06/2024;CONSUMO;ATTIVO
39320007960;02/01/2024;RICARICA;ATTIVO
39320007961;09/12/2022;CONSUMO;ATTIVO
39320007962;31/10/2024;RICARICA;ATTIVO
39320007963;13/05/2024;CONSUMO;ATTIVO
39320007964;29/12/2021;RICARICA;ATTIVO
39320007965;17/12/2024;CONSUMO;ATTIVO
39320007966;01/05/2025;RICARICA;ATTIVO
39320007967;01/11/2021;CONSUMO;ATTIVO
39320007968;01/07/2023;RICARICA;ATTIVO
39320007969;21/03/2021;CONSUMO;SOSPESO
39320007970;25/12/2025;RICARICA;SOSPESO
39320007971;04/09/2021;CONSUMO;ATTIVO
39320007972;01/10/2022;RICARICA;SOSPESO
39320007973;09/08/2021;CONSUMO;ATTIVO
39320007974;05/01/2022;RICARICA;ATTIVO
39320007975;09/12/2021;CONSUMO;ATTIVO
39320007976;17/10/2023;RICARICA;ATTIVO
39320007977;14/11/2021;CONSUMO;SOSPESO
39320007978;28/02/2026;RICARICA;ATTIVO
39320007979;21/07/2023;CONSUMO;SOSPESO
39320007980;28/01/2024;RICARICA;ATTIVO
39320007981;25/05/2025;CONSUMO;ATTIVO
39320007982;27/08/2021;RICARICA;ATTIVO
39320007983;15/05/2021;CONSUMO;ATTIVO
39320007984;19/01/2023;RICARICA;ATTIVO
39320007985;02/08/2025;CONSUMO;ATTIVO
39320007986;15/06/2025;RICARICA;ATTIVO
39320007987;04/01/2023;CONSUMO;ATTIVO
39320007988;02/03/2026;RICARICA;ATTIVO
39320007989;24/09/2025;CONSUMO;ATTIVO
39320007990;20/12/2024;RICARICA;ATTIVO
39320007991;25/04/2024;CONSUMO;ATTIVO
39320007992;01/12/2023;RICARICA;ATTIVO
39320007993;03/09/2024;CONSUMO;ATTIVO
39320007994;16/12/2023;RICARICA;ATTIVO
39320007995;09/12/2024;CONSUMO;ATTIVO
39320007996;19/03/2023;RICARICA;ATTIVO
39320007997;10/08/2024;CONSUMO;ATTIVO
39320007998;19/10/2022;RICARICA;ATTIVO
39320007999;13/04/2025;CONSUMO;ATTIVO
39320008000;06/07/2024;RICARICA;ATTIVO
39320008001;11/06/2023;CONSUMO;ATTIVO
39320008002;02/10/2023;RICARICA;ATTIVO
39320008003;02/08/2021;CONSUMO;ATTIVO
39320008004;19/09/2023;RICARICA;ATTIVO
39320008005;19/09/2022;CONSUMO;ATTIVO
39320008006;30/05/2025;RICARICA;ATTIVO
39320008007;28/04/2025;CONSUMO;ATTIVO
39320008008;23/04/2021;RICARICA;ATTIVO
39320008009;27/03/2021;CONSUMO;ATTIVO
39320008010;02/07/2021;RICARICA;ATTIVO
39320008011;18/04/2024;CONSUMO;ATTIVO
39320008012;15/03/2024;RICARICA;ATTIVO
39320008013;05/08/2024;CONSUMO;ATTIVO
39320008014;09/04/2021;RICARICA;ATTIVO
39320008015;07/04/2021;CONSUMO;SOSPESO
39320008016;28/02/2023;RICARICA;ATTIVO
39320008017;07/01/2024;CONSUMO;ATTIVO
39320008018;18/08/2025;RICARICA;ATTIVO
39320008019;08/06/2023;CONSUMO;ATTIVO
39320008020;10/12/2023;RICARICA;ATTIVO
39320008021;08/11/2023;CONSUMO;ATTIVO
39320008022;02/12/2024;RICARICA;ATTIVO
39320008023;16/03/2022;CONSUMO;ATTIVO
39320008024;16/01/2022;RICARICA;ATTIVO
39320008025;30/12/2024;CONSUMO;ATTIVO
39320008026;02/01/2025;RICARICA;ATTIVO
39320008027;28/02/2022;CONSUMO;ATTIVO
39320008028;09/06/2024;RICARICA;ATTIVO
39320008029;04/03/2026;CONSUMO;ATTIVO
39320008030;18/01/2026;RICARICA;ATTIVO
39320008031;08/03/2026;CONSUMO;ATTIVO
39320008032;27/01/2026;RICARICA;ATTIVO
39320008033;25/07/2025;CONSUMO;ATTIVO
39320008034;09/11/2022;RICARICA;SOSPESO
39320008035;10/03/2023;CONSUMO;ATTIVO
39320008036;01/02/2023;RICARICA;ATTIVO
39320008037;04/04/2023;CONSUMO;ATTIVO
39320008038;18/10/2021;RICARICA;ATTIVO
39320008039;27/06/2024;CONSUMO;ATTIVO
39320008040;12/12/2025;RICARICA;SOSPESO
39320008041;25/10/2024;CONSUMO;ATTIVO
39320008042;04/11/2025;RICARICA;ATTIVO
39320008043;27/09/2022;CONSUMO;ATTIVO
39320008044;05/12/2025;RICARICA;ATTIVO
39320008045;15/02/2026;CONSUMO;ATTIVO
39320008046;14/11/2024;RICARICA;ATTIVO
39320008047;14/08/2025;CONSUMO;ATTIVO
39320008048;24/07/2022;RICARICA;ATTIVO
39320008049;24/01/2022;CONSUMO;ATTIVO
39320008050;27/09/2023;RICARICA;ATTIVO
39320008051;22/01/2021;CONSUMO;ATTIVO
39320008052;21/03/2023;RICARICA;ATTIVO
39320008053;21/04/2025;CONSUMO;ATTIVO
39320008054;19/09/2024;RICARICA;ATTIVO
39320008055;25/05/2021;CONSUMO;ATTIVO
39320008056;25/08/2021;RICARICA;ATTIVO
39320008057;09/06/2025;CONSUMO;ATTIVO
39320008058;11/01/2022;RICARICA;ATTIVO
39320008059;09/12/2021;CONSUMO;SOSPESO
39320008060;10/06/2022;RICARICA;SOSPESO
39320008061;04/01/2025;CONSUMO;SOSPESO
39320008062;27/03/2023;RICARICA;ATTIVO
39320008063;10/08/2022;CONSUMO;ATTIVO
39320008064;13/03/2024;RICARICA;ATTIVO
39320008065;08/04/2025;CONSUMO;ATTIVO
39320008066;13/08/2025;RICARICA;ATTIVO
39320008067;18/02/2022;CONSUMO;SOSPESO
39320008068;11/02/2024;RICARICA;ATTIVO
39320008069;16/02/2022;CONSUMO;ATTIVO
39320008070;15/03/2021;RICARICA;ATTIVO
39320008071;12/08/2021;CONSUMO;ATTIVO
39320008072;19/03/2021;RICARICA;ATTIVO
39320008073;13/01/2022;CONSUMO;ATTIVO
39320008074;21/11/2024;RICARICA;ATTIVO
39320008075;11/05/2022;CONSUMO;ATTIVO
39320008076;30/01/2023;RICARICA;ATTIVO
39320008077;20/10/2021;CONSUMO;ATTIVO
39320008078;25/04/2025;RICARICA;ATTIVO
39320008079;29/10/2023;CONSUMO;ATTIVO
39320008080;23/01/2022;RICARICA;ATTIVO
39320008081;24/01/2025;CONSUMO;ATTIVO
39320008082;10/03/2024;RICARICA;ATTIVO
39320008083;09/11/2021;CONSUMO;ATTIVO
39320008084;29/05/2022;RICARICA;SOSPESO
39320008085;19/12/2022;CONSUMO;ATTIVO
39320008086;21/01/2026;RICARICA;ATTIVO
39320008087;13/03/2023;CONSUMO;ATTIVO
39320008088;21/08/2022;RICARICA;ATTIVO
39320008089;07/04/2022;CONSUMO;ATTIVO
39320008090;03/02/2022;RICARICA;ATTIVO
39320008091;16/01/2025;CONSUMO;ATTIVO
39320008092;20/11/2025;RICARICA;ATTIVO
39320008093;24/09/2025;CONSUMO;ATTIVO
39320008094;19/12/2023;RICARICA;ATTIVO
39320008095;26/11/2021;CONSUMO;ATTIVO
39320008096;13/10/2022;RICARICA;ATTIVO
39320008097;03/11/2024;CONSUMO;ATTIVO
39320008098;27/11/2023;RICARICA;ATTIVO
39320008099;20/06/2024;CONSUMO;ATTIVO
39320008100;22/01/2025;RICARICA;SOSPESO
39320008101;29/01/2023;CONSUMO;ATTIVO
39320008102;21/01/2026;RICARICA;ATTIVO
39320008103;24/04/2022;CONSUMO;ATTIVO
39320008104;08/01/2021;RICARICA;ATTIVO
39320008105;25/07/2025;CONSUMO;ATTIVO
39320008106;07/03/2024;RICARICA;ATTIVO
39320008107;05/04/2022;CONSUMO;ATTIVO
39320008108;14/03/2021;RICARICA;ATTIVO
39320008109;01/06/2021;CONSUMO;ATTIVO
39320008110;15/08/2025;RICARICA;ATTIVO
39320008111;16/03/2024;CONSUMO;ATTIVO
39320008112;02/08/2022;RICARICA;ATTIVO
39320008113;04/03/2023;CONSUMO;ATTIVO
39320008114;13/03/2025;RICARICA;ATTIVO
39320008115;02/10/2023;CONSUMO;ATTIVO
39320008116;08/12/2022;RICARICA;SOSPESO
39320008117;27/07/2024;CONSUMO;ATTIVO
39320008118;26/02/2026;RICARICA;ATTIVO
39320008119;20/07/2023;CONSUMO;ATTIVO
39320008120;08/01/2023;RICARICA;ATTIVO
39320008121;11/08/2022;CONSUMO;ATTIVO
39320008122;24/12/2021;RICARICA;SOSPESO
39320008123;07/03/2023;CONSUMO;SOSPESO
39320008124;12/12/2025;RICARICA;ATTIVO
39320008125;24/02/2025;CONSUMO;ATTIVO
39320008126;08/07/2025;RICARICA;ATTIVO
39320008127;29/03/2021;CONSUMO;ATTIVO
39320008128;26/12/2024;RICARICA;ATTIVO
39320008129;11/10/2025;CONSUMO;ATTIVO
39320008130;04/04/2023;RICARICA;ATTIVO
39320008131;07/07/2024;CONSUMO;ATTIVO
39320008132;12/04/2023;RICARICA;ATTIVO
39320008133;06/05/2023;CONSUMO;ATTIVO
39320008134;16/07/2023;RICARICA;ATTIVO
39320008135;07/03/2023;CONSUMO;ATTIVO
39320008136;23/11/2022;RICARICA;ATTIVO
39320008137;28/03/2023;CONSUMO;ATTIVO
39320008138;22/12/2023;RICARICA;ATTIVO
39320008139;21/03/2022;CONSUMO;ATTIVO
39320008140;10/03/2024;RICARICA;ATTIVO
39320008141;25/11/2025;CONSUMO;ATTIVO
39320008142;25/05/2025;RICARICA;ATTIVO
39320008143;18/01/2026;CONSUMO;ATTIVO
39320008144;02/11/2025;RICARICA;ATTIVO
39320008145;17/04/2023;CONSUMO;ATTIVO
39320008146;21/09/2022;RICARICA;ATTIVO
39320008147;17/10/2021;CONSUMO;ATTIVO
39320008148;17/01/2024;RICARICA;ATTIVO
39320008149;08/09/2022;CONSUMO;ATTIVO
39320008150;06/05/2025;RICARICA;ATTIVO
39320008151;25/04/2023;CONSUMO;ATTIVO
39320008152;21/03/2022;RICARICA;ATTIVO
39320008153;28/12/2025;CONSUMO;ATTIVO
39320008154;27/02/2023;RICARICA;SOSPESO
39320008155;04/06/2023;CONSUMO;ATTIVO
39320008156;27/06/2023;RICARICA;ATTIVO
39320008157;27/02/2022;CONSUMO;ATTIVO
39320008158;28/09/2024;RICARICA;ATTIVO
39320008159;08/03/2025;CONSUMO;ATTIVO
39320008160;25/04/2025;RICARICA;ATTIVO
39320008161;04/04/2023;CONSUMO;ATTIVO
39320008162;29/06/2025;RICARICA;ATTIVO
39320008163;23/04/2023;CONSUMO;ATTIVO
39320008164;19/05/2022;RICARICA;ATTIVO
39320008165;25/09/2021;CONSUMO;ATTIVO
39320008166;24/09/2023;RICARICA;ATTIVO
39320008167;13/04/2025;CONSUMO;ATTIVO
39320008168;14/02/2025;RICARICA;ATTIVO
39320008169;14/03/2021;CONSUMO;ATTIVO
39320008170;31/05/2025;RICARICA;ATTIVO
39320008171;13/02/2021;CONSUMO;ATTIVO
39320008172;01/11/2025;RICARICA;ATTIVO
39320008173;10/11/2022;CONSUMO;ATTIVO
39320008174;04/10/2022;RICARICA;SOSPESO
39320008175;01/01/2023;CONSUMO;ATTIVO
39320008176;05/11/2021;RICARICA;SOSPESO
39320008177;22/09/2022;CONSUMO;ATTIVO
39320008178;14/01/2023;RICARICA;ATTIVO
39320008179;09/10/2022;CONSUMO;ATTIVO
39320008180;24/08/2025;RICARICA;ATTIVO
39320008181;25/11/2022;CONSUMO;ATTIVO
39320008182;17/08/2022;RICARICA;ATTIVO
39320008183;02/07/2025;CONSUMO;ATTIVO
39320008184;19/01/2026;RICARICA;ATTIVO
39320008185;01/12/2021;CONSUMO;ATTIVO
39320008186;27/12/2023;RICARICA;ATTIVO
39320008187;20/04/2023;CONSUMO;ATTIVO
39320008188;06/02/2024;RICARICA;ATTIVO
39320008189;04/12/2024;CONSUMO;SOSPESO
39320008190;14/11/2024;RICARICA;ATTIVO
39320008191;26/05/2022;CONSUMO;SOSPESO
39320008192;21/09/2024;RICARICA;SOSPESO
39320008193;06/02/2026;CONSUMO;ATTIVO
39320008194;28/03/2025;RICARICA;ATTIVO
39320008195;08/12/2025;CONSUMO;ATTIVO
39320008196;16/02/2023;RICARICA;ATTIVO
39320008197;21/04/2025;CONSUMO;ATTIVO
39320008198;10/11/2024;RICARICA;SOSPESO
39320008199;13/01/2023;CONSUMO;SOSPESO
39320008200;12/04/2024;RICARICA;ATTIVO
39320008201;06/07/2023;CONSUMO;ATTIVO
39320008202;05/10/2023;RICARICA;SOSPESO
39320008203;06/03/2024;CONSUMO;ATTIVO
39320008204;27/11/2022;RICARICA;SOSPESO
39320008205;21/12/2025;CONSUMO;ATTIVO
39320008206;29/12/2021;RICARICA;ATTIVO
39320008207;07/09/2022;CONSUMO;ATTIVO
39320008208;21/02/2026;RICARICA;ATTIVO
39320008209;08/06/2025;CONSUMO;SOSPESO
39320008210;08/02/2022;RICARICA;SOSPESO
39320008211;19/10/2022;CONSUMO;ATTIVO
39320008212;12/06/2025;RICARICA;SOSPESO
39320008213;20/06/2021;CONSUMO;ATTIVO
39320008214;26/06/2025;RICARICA;ATTIVO
39320008215;27/06/2024;CONSUMO;ATTIVO
39320008216;06/05/2023;RICARICA;SOSPESO
39320008217;18/01/2023;CONSUMO;ATTIVO
39320008218;29/01/2022;RICARICA;ATTIVO
39320008219;02/12/2023;CONSUMO;ATTIVO
39320008220;18/02/2021;RICARICA;ATTIVO
39320008221;30/01/2026;CONSUMO;ATTIVO
39320008222;22/08/2024;RICARICA;ATTIVO
39320008223;20/09/2022;CONSUMO;ATTIVO
39320008224;06/06/2023;RICARICA;ATTIVO
39320008225;13/07/2022;CONSUMO;ATTIVO
39320008226;05/04/2025;RICARICA;ATTIVO
39320008227;12/09/2024;CONSUMO;ATTIVO
39320008228;04/02/2024;RICARICA;ATTIVO
39320008229;21/11/2025;CONSUMO;SOSPESO
39320008230;02/07/2024;RICARICA;ATTIVO
39320008231;20/03/2024;CONSUMO;ATTIVO
39320008232;19/02/2023;RICARICA;ATTIVO
39320008233;21/08/2023;CONSUMO;ATTIVO
39320008234;15/03/2021;RICARICA;ATTIVO
39320008235;08/07/2022;CONSUMO;ATTIVO
39320008236;19/11/2022;RICARICA;ATTIVO
39320008237;16/11/2023;CONSUMO;ATTIVO
39320008238;25/05/2025;RICARICA;ATTIVO
39320008239;19/12/2024;CONSUMO;ATTIVO
39320008240;11/12/2022;RICARICA;ATTIVO
39320008241;06/02/2024;CONSUMO;ATTIVO
39320008242;31/07/2022;RICARICA;ATTIVO
39320008243;14/02/2026;CONSUMO;ATTIVO
39320008244;07/10/2024;RICARICA;ATTIVO
39320008245;26/09/2024;CONSUMO;ATTIVO
39320008246;31/10/2025;RICARICA;ATTIVO
39320008247;21/08/2021;CONSUMO;ATTIVO
39320008248;21/09/2021;RICARICA;ATTIVO
39320008249;08/08/2021;CONSUMO;ATTIVO
39320008250;29/12/2021;RICARICA;ATTIVO
39320008251;12/11/2021;CONSUMO;ATTIVO
39320008252;01/05/2022;RICARICA;ATTIVO
39320008253;04/11/2025;CONSUMO;ATTIVO
39320008254;20/01/2025;RICARICA;ATTIVO
39320008255;11/07/2025;CONSUMO;ATTIVO
39320008256;05/02/2026;RICARICA;ATTIVO
39320008257;16/11/2021;CONSUMO;ATTIVO
39320008258;20/11/2025;RICARICA;SOSPESO
39320008259;16/07/2024;CONSUMO;ATTIVO
39320008260;29/05/2025;RICARICA;ATTIVO
39320008261;08/06/2024;CONSUMO;ATTIVO
39320008262;13/12/2024;RICARICA;ATTIVO
39320008263;24/02/2026;CONSUMO;ATTIVO
39320008264;16/06/2021;RICARICA;ATTIVO
39320008265;10/01/2025;CONSUMO;SOSPESO
39320008266;08/01/2021;RICARICA;ATTIVO
39320008267;05/11/2024;CONSUMO;ATTIVO
39320008268;13/04/2021;RICARICA;ATTIVO
39320008269;04/03/2023;CONSUMO;ATTIVO
39320008270;21/12/2023;RICARICA;ATTIVO
39320008271;02/08/2025;CONSUMO;ATTIVO
39320008272;12/10/2023;RICARICA;ATTIVO
39320008273;17/01/2022;CONSUMO;ATTIVO
39320008274;07/02/2025;RICARICA;ATTIVO
39320008275;07/11/2025;CONSUMO;ATTIVO
39320008276;26/06/2023;RICARICA;ATTIVO
39320008277;13/01/2021;CONSUMO;ATTIVO
39320008278;09/02/2022;RICARICA;ATTIVO
39320008279;04/12/2025;CONSUMO;ATTIVO
39320008280;23/01/2022;RICARICA;ATTIVO
39320008281;10/12/2024;CONSUMO;ATTIVO
39320008282;21/01/2022;RICARICA;ATTIVO
39320008283;21/10/2022;CONSUMO;ATTIVO
39320008284;12/04/2022;RICARICA;ATTIVO
39320008285;25/07/2024;CONSUMO;ATTIVO
39320008286;31/08/2022;RICARICA;ATTIVO
39320008287;04/11/2023;CONSUMO;ATTIVO
39320008288;23/03/2022;RICARICA;ATTIVO
39320008289;16/08/2025;CONSUMO;ATTIVO
39320008290;09/05/2022;RICARICA;ATTIVO
39320008291;03/09/2024;CONSUMO;ATTIVO
39320008292;31/10/2024;RICARICA;ATTIVO
39320008293;25/03/2025;CONSUMO;ATTIVO
39320008294;07/05/2021;RICARICA;ATTIVO
39320008295;06/12/2022;CONSUMO;ATTIVO
39320008296;04/05/2021;RICARICA;ATTIVO
39320008297;02/08/2025;CONSUMO;ATTIVO
39320008298;12/10/2024;RICARICA;ATTIVO
39320008299;06/01/2025;CONSUMO;ATTIVO
39320008300;05/03/2025;RICARICA;ATTIVO
39320008301;15/10/2022;CONSUMO;ATTIVO
39320008302;20/02/2026;RICARICA;ATTIVO
39320008303;30/11/2024;CONSUMO;ATTIVO
39320008304;20/10/2024;RICARICA;SOSPESO
39320008305;11/03/2024;CONSUMO;ATTIVO
39320008306;16/09/2025;RICARICA;ATTIVO
39320008307;04/01/2023;CONSUMO;ATTIVO
39320008308;11/09/2023;RICARICA;ATTIVO
39320008309;07/09/2022;CONSUMO;ATTIVO
39320008310;04/10/2022;RICARICA;ATTIVO
39320008311;06/03/2025;CONSUMO;ATTIVO
39320008312;17/04/2024;RICARICA;ATTIVO
39320008313;15/11/2024;CONSUMO;ATTIVO
39320008314;11/08/2023;RICARICA;ATTIVO
39320008315;27/10/2022;CONSUMO;SOSPESO
39320008316;30/09/2025;RICARICA;SOSPESO
39320008317;06/04/2023;CONSUMO;ATTIVO
39320008318;16/01/2026;RICARICA;ATTIVO
39320008319;09/11/2021;CONSUMO;ATTIVO
39320008320;18/03/2025;RICARICA;ATTIVO
39320008321;20/02/2021;CONSUMO;ATTIVO
39320008322;03/06/2025;RICARICA;ATTIVO
39320008323;18/11/2025;CONSUMO;ATTIVO
39320008324;30/03/2023;RICARICA;ATTIVO
39320008325;09/06/2023;CONSUMO;ATTIVO
39320008326;17/09/2024;RICARICA;ATTIVO
39320008327;06/11/2021;CONSUMO;ATTIVO
39320008328;12/01/2022;RICARICA;ATTIVO
39320008329;03/02/2021;CONSUMO;ATTIVO
39320008330;03/11/2021;RICARICA;ATTIVO
39320008331;10/02/2022;CONSUMO;ATTIVO
39320008332;15/03/2023;RICARICA;ATTIVO
39320008333;27/08/2025;CONSUMO;SOSPESO
39320008334;31/01/2024;RICARICA;ATTIVO
39320008335;25/01/2022;CONSUMO;ATTIVO
39320008336;22/01/2025;RICARICA;ATTIVO
39320008337;11/06/2023;CONSUMO;SOSPESO
39320008338;24/11/2021;RICARICA;ATTIVO
39320008339;25/09/2024;CONSUMO;ATTIVO
39320008340;06/08/2021;RICARICA;ATTIVO
39320008341;25/10/2022;CONSUMO;ATTIVO
39320008342;29/05/2024;RICARICA;ATTIVO
39320008343;27/04/2022;CONSUMO;ATTIVO
39320008344;10/10/2023;RICARICA;ATTIVO
39320008345;03/05/2023;CONSUMO;ATTIVO
39320008346;23/09/2022;RICARICA;ATTIVO
39320008347;25/11/2022;CONSUMO;ATTIVO
39320008348;01/11/2024;RICARICA;ATTIVO
39320008349;06/06/2024;CONSUMO;ATTIVO
39320008350;23/09/2021;RICARICA;ATTIVO
39320008351;30/11/2022;CONSUMO;ATTIVO
39320008352;11/07/2025;RICARICA;ATTIVO
39320008353;20/09/2021;CONSUMO;ATTIVO
39320008354;28/08/2023;RICARICA;ATTIVO
39320008355;05/07/2023;CONSUMO;ATTIVO
39320008356;20/05/2022;RICARICA;ATTIVO
39320008357;31/10/2022;CONSUMO;ATTIVO
39320008358;07/02/2026;RICARICA;ATTIVO
39320008359;03/10/2022;CONSUMO;ATTIVO
39320008360;21/01/2026;RICARICA;SOSPESO
39320008361;31/05/2025;CONSUMO;ATTIVO
39320008362;29/11/2022;RICARICA;ATTIVO
39320008363;10/11/2022;CONSUMO;ATTIVO
39320008364;22/01/2026;RICARICA;ATTIVO
39320008365;22/10/2022;CONSUMO;ATTIVO
39320008366;18/03/2024;RICARICA;SOSPESO
39320008367;14/04/2022;CONSUMO;ATTIVO
39320008368;02/06/2024;RICARICA;ATTIVO
39320008369;06/08/2025;CONSUMO;ATTIVO
39320008370;28/02/2024;RICARICA;ATTIVO
39320008371;09/02/2021;CONSUMO;ATTIVO
39320008372;09/12/2025;RICARICA;ATTIVO
39320008373;17/03/2025;CONSUMO;ATTIVO
39320008374;21/10/2022;RICARICA;ATTIVO
39320008375;03/10/2023;CONSUMO;ATTIVO
39320008376;19/01/2026;RICARICA;ATTIVO
39320008377;30/01/2025;CONSUMO;ATTIVO
39320008378;10/07/2023;RICARICA;ATTIVO
39320008379;31/01/2022;CONSUMO;ATTIVO
39320008380;20/07/2022;RICARICA;ATTIVO
39320008381;16/01/2023;CONSUMO;ATTIVO
39320008382;01/05/2021;RICARICA;ATTIVO
39320008383;03/04/2022;CONSUMO;ATTIVO
39320008384;02/11/2022;RICARICA;ATTIVO
39320008385;25/06/2024;CONSUMO;ATTIVO
39320008386;27/10/2021;RICARICA;ATTIVO
39320008387;18/10/2022;CONSUMO;ATTIVO
39320008388;06/10/2022;RICARICA;ATTIVO
39320008389;04/01/2024;CONSUMO;ATTIVO
39320008390;19/07/2025;RICARICA;ATTIVO
39320008391;07/03/2026;CONSUMO;ATTIVO
39320008392;04/09/2021;RICARICA;ATTIVO
39320008393;05/05/2021;CONSUMO;ATTIVO
39320008394;04/02/2022;RICARICA;ATTIVO
39320008395;30/10/2023;CONSUMO;ATTIVO
39320008396;08/06/2025;RICARICA;ATTIVO
39320008397;05/12/2024;CONSUMO;ATTIVO
39320008398;23/01/2021;RICARICA;ATTIVO
39320008399;23/02/2022;CONSUMO;ATTIVO
39320008400;21/02/2021;RICARICA;ATTIVO
39320008401;11/08/2024;CONSUMO;ATTIVO
39320008402;11/06/2021;RICARICA;ATTIVO
39320008403;08/05/2025;CONSUMO;ATTIVO
39320008404;30/10/2021;RICARICA;ATTIVO
39320008405;22/02/2023;CONSUMO;ATTIVO
39320008406;01/05/2024;RICARICA;ATTIVO
39320008407;06/10/2022;CONSUMO;ATTIVO
39320008408;15/07/2022;RICARICA;ATTIVO
39320008409;10/02/2022;CONSUMO;ATTIVO
39320008410;18/07/2023;RICARICA;ATTIVO
39320008411;16/04/2024;CONSUMO;ATTIVO
39320008412;04/02/2021;RICARICA;ATTIVO
39320008413;13/11/2025;CONSUMO;ATTIVO
39320008414;05/09/2023;RICARICA;ATTIVO
39320008415;08/10/2022;CONSUMO;ATTIVO
39320008416;08/02/2023;RICARICA;ATTIVO
39320008417;11/07/2024;CONSUMO;ATTIVO
39320008418;26/10/2022;RICARICA;ATTIVO
39320008419;31/10/2022;CONSUMO;ATTIVO
39320008420;07/04/2025;RICARICA;ATTIVO
39320008421;03/08/2022;CONSUMO;ATTIVO
39320008422;30/03/2025;RICARICA;ATTIVO
39320008423;14/12/2025;CONSUMO;ATTIVO
39320008424;20/01/2025;RICARICA;ATTIVO
39320008425;28/09/2021;CONSUMO;ATTIVO
39320008426;14/03/2026;RICARICA;ATTIVO
39320008427;07/11/2021;CONSUMO;ATTIVO
39320008428;01/12/2021;RICARICA;SOSPESO
39320008429;27/04/2022;CONSUMO;ATTIVO
39320008430;08/01/2023;RICARICA;SOSPESO
39320008431;24/11/2022;CONSUMO;ATTIVO
39320008432;05/12/2022;RICARICA;ATTIVO
39320008433;06/10/2023;CONSUMO;ATTIVO
39320008434;08/05/2021;RICARICA;ATTIVO
39320008435;07/08/2024;CONSUMO;ATTIVO
39320008436;23/11/2024;RICARICA;ATTIVO
39320008437;13/08/2025;CONSUMO;ATTIVO
39320008438;01/03/2022;RICARICA;ATTIVO
39320008439;25/08/2021;CONSUMO;ATTIVO
39320008440;15/11/2025;RICARICA;ATTIVO
39320008441;06/05/2022;CONSUMO;ATTIVO
39320008442;31/10/2024;RICARICA;ATTIVO
39320008443;18/04/2021;CONSUMO;ATTIVO
39320008444;29/11/2024;RICARICA;ATTIVO
39320008445;28/03/2021;CONSUMO;ATTIVO
39320008446;03/04/2025;RICARICA;ATTIVO
39320008447;09/11/2021;CONSUMO;SOSPESO
39320008448;09/10/2021;RICARICA;ATTIVO
39320008449;24/10/2022;CONSUMO;ATTIVO
39320008450;23/07/2024;RICARICA;ATTIVO
39320008451;09/02/2021;CONSUMO;ATTIVO
39320008452;17/08/2022;RICARICA;ATTIVO
39320008453;03/10/2024;CONSUMO;ATTIVO
39320008454;30/04/2023;RICARICA;ATTIVO
39320008455;24/03/2021;CONSUMO;ATTIVO
39320008456;15/03/2021;RICARICA;ATTIVO
39320008457;08/04/2024;CONSUMO;ATTIVO
39320008458;17/12/2022;RICARICA;ATTIVO
39320008459;06/04/2024;CONSUMO;ATTIVO
39320008460;09/11/2023;RICARICA;ATTIVO
39320008461;03/12/2021;CONSUMO;ATTIVO
39320008462;08/11/2021;RICARICA;ATTIVO
39320008463;18/02/2026;CONSUMO;ATTIVO
39320008464;29/06/2024;RICARICA;ATTIVO
39320008465;14/02/2024;CONSUMO;ATTIVO
39320008466;07/03/2023;RICARICA;ATTIVO
39320008467;17/02/2022;CONSUMO;ATTIVO
39320008468;09/06/2022;RICARICA;ATTIVO
39320008469;01/11/2022;CONSUMO;ATTIVO
39320008470;16/03/2023;RICARICA;ATTIVO
39320008471;08/08/2022;CONSUMO;ATTIVO
39320008472;02/07/2023;RICARICA;ATTIVO
39320008473;27/08/2024;CONSUMO;ATTIVO
39320008474;26/04/2025;RICARICA;ATTIVO
39320008475;14/01/2022;CONSUMO;ATTIVO
39320008476;05/03/2023;RICARICA;ATTIVO
39320008477;02/03/2025;CONSUMO;SOSPESO
39320008478;26/02/2022;RICARICA;ATTIVO
39320008479;13/03/2024;CONSUMO;ATTIVO
39320008480;04/09/2022;RICARICA;ATTIVO
39320008481;12/10/2024;CONSUMO;ATTIVO
39320008482;29/04/2024;RICARICA;ATTIVO
39320008483;10/01/2023;CONSUMO;ATTIVO
39320008484;19/08/2024;RICARICA;ATTIVO
39320008485;06/03/2024;CONSUMO;ATTIVO
39320008486;24/09/2025;RICARICA;ATTIVO
39320008487;13/11/2023;CONSUMO;ATTIVO
39320008488;26/01/2021;RICARICA;ATTIVO
39320008489;06/01/2022;CONSUMO;ATTIVO
39320008490;27/02/2022;RICARICA;ATTIVO
39320008491;14/01/2025;CONSUMO;ATTIVO
39320008492;02/11/2022;RICARICA;ATTIVO
39320008493;12/03/2023;CONSUMO;ATTIVO
39320008494;05/12/2021;RICARICA;SOSPESO
39320008495;11/09/2023;CONSUMO;ATTIVO
39320008496;08/08/2022;RICARICA;ATTIVO
39320008497;28/09/2024;CONSUMO;ATTIVO
39320008498;24/05/2022;RICARICA;ATTIVO
39320008499;08/08/2021;CONSUMO;ATTIVO
39320008500;13/10/2025;RICARICA;ATTIVO
39320008501;13/04/2021;CONSUMO;ATTIVO
39320008502;16/07/2022;RICARICA;SOSPESO
39320008503;14/09/2022;CONSUMO;ATTIVO
39320008504;01/02/2025;RICARICA;ATTIVO
39320008505;23/11/2021;CONSUMO;ATTIVO
39320008506;24/01/2023;RICARICA;ATTIVO
39320008507;26/01/2022;CONSUMO;SOSPESO
39320008508;28/02/2025;RICARICA;ATTIVO
39320008509;05/06/2021;CONSUMO;ATTIVO
39320008510;31/08/2024;RICARICA;ATTIVO
39320008511;27/04/2025;CONSUMO;ATTIVO
39320008512;03/09/2021;RICARICA;ATTIVO
39320008513;23/06/2022;CONSUMO;ATTIVO
39320008514;23/12/2025;RICARICA;SOSPESO
39320008515;17/02/2026;CONSUMO;ATTIVO
39320008516;26/02/2026;RICARICA;ATTIVO
39320008517;28/10/2024;CONSUMO;ATTIVO
39320008518;08/12/2025;RICARICA;SOSPESO
39320008519;03/09/2023;CONSUMO;ATTIVO
39320008520;19/08/2021;RICARICA;ATTIVO
39320008521;26/04/2022;CONSUMO;ATTIVO
39320008522;21/12/2025;RICARICA;ATTIVO
39320008523;16/02/2024;CONSUMO;ATTIVO
39320008524;16/02/2021;RICARICA;ATTIVO
39320008525;10/09/2023;CONSUMO;ATTIVO
39320008526;17/11/2024;RICARICA;ATTIVO
39320008527;14/05/2021;CONSUMO;ATTIVO
39320008528;12/02/2023;RICARICA;ATTIVO
39320008529;16/10/2023;CONSUMO;ATTIVO
39320008530;12/08/2023;RICARICA;ATTIVO
39320008531;28/01/2021;CONSUMO;ATTIVO
39320008532;01/04/2021;RICARICA;ATTIVO
39320008533;26/04/2025;CONSUMO;ATTIVO
39320008534;24/12/2024;RICARICA;ATTIVO
39320008535;09/09/2023;CONSUMO;ATTIVO
39320008536;02/07/2022;RICARICA;ATTIVO
39320008537;11/07/2022;CONSUMO;SOSPESO
39320008538;21/01/2022;RICARICA;ATTIVO
39320008539;07/07/2023;CONSUMO;ATTIVO
39320008540;24/08/2024;RICARICA;ATTIVO
39320008541;28/02/2024;CONSUMO;ATTIVO
39320008542;11/06/2023;RICARICA;ATTIVO
39320008543;10/12/2024;CONSUMO;ATTIVO
39320008544;20/04/2022;RICARICA;ATTIVO
39320008545;01/03/2025;CONSUMO;ATTIVO
39320008546;16/01/2023;RICARICA;ATTIVO
39320008547;23/01/2023;CONSUMO;ATTIVO
39320008548;26/08/2023;RICARICA;ATTIVO
39320008549;04/02/2023;CONSUMO;ATTIVO
39320008550;31/01/2023;RICARICA;ATTIVO
39320008551;13/01/2024;CONSUMO;ATTIVO
39320008552;14/02/2025;RICARICA;ATTIVO
39320008553;14/04/2023;CONSUMO;ATTIVO
39320008554;03/04/2023;RICARICA;ATTIVO
39320008555;13/12/2022;CONSUMO;ATTIVO
39320008556;30/10/2021;RICARICA;ATTIVO
39320008557;20/03/2025;CONSUMO;ATTIVO
39320008558;15/10/2024;RICARICA;ATTIVO
39320008559;08/01/2023;CONSUMO;SOSPESO
39320008560;27/06/2021;RICARICA;ATTIVO
39320008561;18/12/2025;CONSUMO;ATTIVO
39320008562;09/03/2026;RICARICA;ATTIVO
39320008563;14/08/2023;CONSUMO;ATTIVO
39320008564;10/01/2024;RICARICA;ATTIVO
39320008565;03/12/2021;CONSUMO;ATTIVO
39320008566;05/12/2022;RICARICA;ATTIVO
39320008567;27/10/2025;CONSUMO;SOSPESO
39320008568;25/10/2021;RICARICA;ATTIVO
39320008569;12/01/2024;CONSUMO;ATTIVO
39320008570;06/03/2025;RICARICA;ATTIVO
39320008571;24/06/2025;CONSUMO;ATTIVO
39320008572;30/07/2025;RICARICA;ATTIVO
39320008573;16/08/2025;CONSUMO;ATTIVO
39320008574;17/06/2021;RICARICA;ATTIVO
39320008575;09/12/2025;CONSUMO;ATTIVO
39320008576;24/10/2023;RICARICA;ATTIVO
39320008577;01/12/2023;CONSUMO;ATTIVO
39320008578;09/01/2021;RICARICA;ATTIVO
39320008579;02/02/2024;CONSUMO;ATTIVO
39320008580;04/12/2021;RICARICA;ATTIVO
39320008581;01/11/2024;CONSUMO;ATTIVO
39320008582;17/11/2022;RICARICA;ATTIVO
39320008583;29/10/2022;CONSUMO;ATTIVO
39320008584;21/06/2025;RICARICA;ATTIVO
39320008585;20/03/2023;CONSUMO;ATTIVO
39320008586;06/08/2025;RICARICA;ATTIVO
39320008587;27/03/2024;CONSUMO;ATTIVO
39320008588;16/04/2023;RICARICA;ATTIVO
39320008589;06/08/2021;CONSUMO;ATTIVO
39320008590;11/08/2024;RICARICA;ATTIVO
39320008591;05/09/2025;CONSUMO;ATTIVO
39320008592;23/03/2025;RICARICA;ATTIVO
39320008593;02/01/2021;CONSUMO;ATTIVO
39320008594;31/10/2023;RICARICA;ATTIVO
39320008595;12/10/2023;CONSUMO;ATTIVO
39320008596;28/05/2021;RICARICA;ATTIVO
39320008597;20/09/2022;CONSUMO;ATTIVO
39320008598;12/04/2023;RICARICA;ATTIVO
39320008599;05/03/2022;CONSUMO;ATTIVO
39320008600;17/07/2021;RICARICA;SOSPESO
39320008601;27/01/2022;CONSUMO;ATTIVO
39320008602;05/03/2021;RICARICA;ATTIVO
39320008603;01/03/2022;CONSUMO;ATTIVO
39320008604;09/05/2025;RICARICA;ATTIVO
39320008605;18/05/2021;CONSUMO;ATTIVO
39320008606;01/09/2021;RICARICA;ATTIVO
39320008607;03/01/2023;CONSUMO;ATTIVO
39320008608;22/01/2021;RICARICA;ATTIVO
39320008609;07/09/2022;CONSUMO;ATTIVO
39320008610;07/02/2023;RICARICA;ATTIVO
39320008611;28/05/2023;CONSUMO;ATTIVO
39320008612;27/02/2026;RICARICA;ATTIVO
39320008613;13/06/2024;CONSUMO;ATTIVO
39320008614;22/10/2024;RICARICA;ATTIVO
39320008615;06/03/2021;CONSUMO;ATTIVO
39320008616;21/12/2022;RICARICA;ATTIVO
39320008617;05/12/2024;CONSUMO;ATTIVO
39320008618;22/06/2025;RICARICA;ATTIVO
39320008619;09/01/2024;CONSUMO;ATTIVO
39320008620;16/05/2023;RICARICA;ATTIVO
39320008621;24/06/2024;CONSUMO;ATTIVO
39320008622;03/11/2024;RICARICA;ATTIVO
39320008623;25/02/2021;CONSUMO;ATTIVO
39320008624;26/09/2023;RICARICA;ATTIVO
39320008625;27/06/2021;CONSUMO;ATTIVO
39320008626;19/01/2024;RICARICA;ATTIVO
39320008627;18/05/2022;CONSUMO;ATTIVO
39320008628;05/01/2025;RICARICA;ATTIVO
39320008629;12/07/2021;CONSUMO;ATTIVO
39320008630;15/03/2025;RICARICA;ATTIVO
39320008631;21/05/2024;CONSUMO;SOSPESO
39320008632;12/03/2021;RICARICA;ATTIVO
39320008633;06/02/2024;CONSUMO;ATTIVO
39320008634;17/10/2025;RICARICA;ATTIVO
39320008635;10/06/2024;CONSUMO;ATTIVO
39320008636;22/01/2021;RICARICA;ATTIVO
39320008637;30/04/2024;CONSUMO;ATTIVO
39320008638;19/05/2025;RICARICA;ATTIVO
39320008639;03/11/2023;CONSUMO;ATTIVO
39320008640;26/10/2023;RICARICA;ATTIVO
39320008641;17/07/2022;CONSUMO;ATTIVO
39320008642;06/03/2023;RICARICA;ATTIVO
39320008643;03/01/2024;CONSUMO;ATTIVO
39320008644;10/04/2021;RICARICA;ATTIVO
39320008645;29/08/2021;CONSUMO;ATTIVO
39320008646;03/10/2023;RICARICA;ATTIVO
39320008647;15/07/2023;CONSUMO;ATTIVO
39320008648;30/11/2021;RICARICA;ATTIVO
39320008649;16/05/2024;CONSUMO;ATTIVO
39320008650;13/08/2021;RICARICA;ATTIVO
39320008651;11/09/2025;CONSUMO;ATTIVO
39320008652;15/09/2023;RICARICA;ATTIVO
39320008653;12/01/2021;CONSUMO;ATTIVO
39320008654;05/03/2025;RICARICA;ATTIVO
39320008655;29/01/2026;CONSUMO;ATTIVO
39320008656;11/02/2023;RICARICA;ATTIVO
39320008657;10/01/2022;CONSUMO;ATTIVO
39320008658;08/11/2025;RICARICA;ATTIVO
39320008659;28/09/2025;CONSUMO;ATTIVO
39320008660;01/01/2025;RICARICA;ATTIVO
39320008661;06/12/2024;CONSUMO;SOSPESO
39320008662;26/08/2021;RICARICA;ATTIVO
39320008663;13/10/2021;CONSUMO;ATTIVO
39320008664;24/05/2024;RICARICA;ATTIVO
39320008665;17/06/2023;CONSUMO;ATTIVO
39320008666;15/06/2025;RICARICA;ATTIVO
39320008667;12/02/2021;CONSUMO;ATTIVO
39320008668;13/01/2026;RICARICA;ATTIVO
39320008669;24/07/2024;CONSUMO;ATTIVO
39320008670;08/05/2023;RICARICA;ATTIVO
39320008671;26/07/2022;CONSUMO;ATTIVO
39320008672;08/12/2024;RICARICA;ATTIVO
39320008673;14/05/2021;CONSUMO;ATTIVO
39320008674;03/12/2025;RICARICA;SOSPESO
39320008675;03/01/2023;CONSUMO;ATTIVO
39320008676;05/11/2023;RICARICA;ATTIVO
39320008677;31/01/2026;CONSUMO;SOSPESO
39320008678;09/10/2021;RICARICA;ATTIVO
39320008679;28/11/2021;CONSUMO;ATTIVO
39320008680;18/01/2022;RICARICA;ATTIVO
39320008681;03/07/2023;CONSUMO;ATTIVO
39320008682;24/01/2024;RICARICA;ATTIVO
39320008683;23/06/2022;CONSUMO;ATTIVO
39320008684;06/06/2025;RICARICA;ATTIVO
39320008685;07/04/2024;CONSUMO;ATTIVO
39320008686;21/02/2024;RICARICA;ATTIVO
39320008687;19/02/2022;CONSUMO;ATTIVO
39320008688;30/09/2021;RICARICA;ATTIVO
39320008689;12/03/2023;CONSUMO;ATTIVO
39320008690;03/05/2021;RICARICA;ATTIVO
39320008691;25/01/2021;CONSUMO;ATTIVO
39320008692;25/09/2024;RICARICA;ATTIVO
39320008693;23/12/2023;CONSUMO;ATTIVO
39320008694;09/12/2025;RICARICA;ATTIVO
39320008695;17/10/2022;CONSUMO;SOSPESO
39320008696;29/10/2025;RICARICA;ATTIVO
39320008697;14/03/2022;CONSUMO;ATTIVO
39320008698;31/08/2023;RICARICA;ATTIVO
39320008699;15/03/2022;CONSUMO;ATTIVO
39320008700;06/03/2023;RICARICA;ATTIVO
39320008701;08/07/2024;CONSUMO;ATTIVO
39320008702;05/07/2025;RICARICA;ATTIVO
39320008703;28/09/2024;CONSUMO;ATTIVO
39320008704;11/11/2023;RICARICA;ATTIVO
39320008705;07/04/2025;CONSUMO;ATTIVO
39320008706;18/11/2023;RICARICA;SOSPESO
39320008707;29/05/2021;CONSUMO;ATTIVO
39320008708;21/05/2022;RICARICA;ATTIVO
39320008709;27/04/2023;CONSUMO;ATTIVO
39320008710;11/01/2023;RICARICA;SOSPESO
39320008711;23/08/2025;CONSUMO;ATTIVO
39320008712;03/05/2021;RICARICA;ATTIVO
39320008713;29/03/2021;CONSUMO;ATTIVO
39320008714;18/05/2025;RICARICA;ATTIVO
39320008715;30/01/2022;CONSUMO;ATTIVO
39320008716;05/02/2023;RICARICA;ATTIVO
39320008717;26/05/2024;CONSUMO;ATTIVO
39320008718;06/04/2022;RICARICA;ATTIVO
39320008719;18/09/2021;CONSUMO;ATTIVO
39320008720;07/06/2025;RICARICA;ATTIVO
39320008721;13/04/2023;CONSUMO;ATTIVO
39320008722;28/03/2025;RICARICA;ATTIVO
39320008723;10/05/2022;CONSUMO;ATTIVO
39320008724;13/08/2022;RICARICA;ATTIVO
39320008725;03/06/2021;CONSUMO;ATTIVO
39320008726;05/03/2021;RICARICA;ATTIVO
39320008727;25/02/2024;CONSUMO;ATTIVO
39320008728;01/01/2026;RICARICA;ATTIVO
39320008729;02/05/2025;CONSUMO;ATTIVO
39320008730;27/01/2023;RICARICA;ATTIVO
39320008731;30/07/2022;CONSUMO;ATTIVO
39320008732;11/07/2025;RICARICA;SOSPESO
39320008733;01/12/2022;CONSUMO;ATTIVO
39320008734;02/01/2024;RICARICA;ATTIVO
39320008735;26/02/2026;CONSUMO;ATTIVO
39320008736;21/08/2023;RICARICA;ATTIVO
39320008737;02/03/2023;CONSUMO;ATTIVO
39320008738;16/09/2025;RICARICA;ATTIVO
39320008739;24/11/2024;CONSUMO;ATTIVO
39320008740;29/10/2024;RICARICA;ATTIVO
39320008741;15/09/2024;CONSUMO;ATTIVO
39320008742;09/10/2021;RICARICA;ATTIVO
39320008743;06/07/2021;CONSUMO;ATTIVO
39320008744;03/12/2022;RICARICA;ATTIVO
39320008745;16/06/2024;CONSUMO;ATTIVO
39320008746;31/05/2022;RICARICA;ATTIVO
39320008747;10/07/2022;CONSUMO;ATTIVO
39320008748;02/05/2024;RICARICA;ATTIVO
39320008749;04/10/2022;CONSUMO;SOSPESO
39320008750;26/10/2022;RICARICA;ATTIVO
39320008751;05/03/2024;CONSUMO;ATTIVO
39320008752;20/09/2022;RICARICA;ATTIVO
39320008753;18/11/2022;CONSUMO;ATTIVO
39320008754;23/04/2023;RICARICA;ATTIVO
39320008755;09/05/2024;CONSUMO;ATTIVO
39320008756;11/09/2024;RICARICA;ATTIVO
39320008757;09/06/2024;CONSUMO;ATTIVO
39320008758;13/10/2021;RICARICA;ATTIVO
39320008759;10/11/2024;CONSUMO;ATTIVO
39320008760;08/11/2024;RICARICA;ATTIVO
39320008761;30/12/2024;CONSUMO;ATTIVO
39320008762;20/10/2022;RICARICA;ATTIVO
39320008763;06/08/2023;CONSUMO;ATTIVO
39320008764;22/12/2021;RICARICA;ATTIVO
39320008765;20/01/2025;CONSUMO;ATTIVO
39320008766;31/07/2024;RICARICA;ATTIVO
39320008767;09/05/2024;CONSUMO;ATTIVO
39320008768;28/08/2025;RICARICA;ATTIVO
39320008769;23/12/2025;CONSUMO;ATTIVO
39320008770;15/10/2023;RICARICA;ATTIVO
39320008771;14/03/2023;CONSUMO;ATTIVO
39320008772;09/07/2022;RICARICA;SOSPESO
39320008773;30/07/2023;CONSUMO;ATTIVO
39320008774;27/10/2021;RICARICA;ATTIVO
39320008775;28/05/2021;CONSUMO;ATTIVO
39320008776;11/02/2023;RICARICA;ATTIVO
39320008777;17/03/2023;CONSUMO;ATTIVO
39320008778;22/01/2022;RICARICA;ATTIVO
39320008779;06/06/2022;CONSUMO;SOSPESO
39320008780;21/07/2023;RICARICA;SOSPESO
39320008781;02/02/2024;CONSUMO;ATTIVO
39320008782;22/07/2022;RICARICA;ATTIVO
39320008783;12/05/2023;CONSUMO;ATTIVO
39320008784;15/04/2021;RICARICA;SOSPESO
39320008785;10/07/2024;CONSUMO;SOSPESO
39320008786;04/05/2024;RICARICA;ATTIVO
39320008787;15/06/2023;CONSUMO;ATTIVO
39320008788;02/09/2021;RICARICA;ATTIVO
39320008789;09/09/2021;CONSUMO;ATTIVO
39320008790;30/06/2025;RICARICA;SOSPESO
39320008791;26/03/2021;CONSUMO;ATTIVO
39320008792;23/07/2022;RICARICA;ATTIVO
39320008793;02/01/2024;CONSUMO;ATTIVO
39320008794;25/05/2025;RICARICA;ATTIVO
39320008795;02/03/2025;CONSUMO;ATTIVO
39320008796;24/02/2022;RICARICA;ATTIVO
39320008797;14/09/2024;CONSUMO;ATTIVO
39320008798;21/01/2021;RICARICA;ATTIVO
39320008799;02/07/2024;CONSUMO;ATTIVO
39320008800;06/08/2022;RICARICA;ATTIVO
39320008801;18/04/2022;CONSUMO;ATTIVO
39320008802;21/05/2024;RICARICA;ATTIVO
39320008803;01/07/2022;CONSUMO;SOSPESO
39320008804;26/12/2022;RICARICA;ATTIVO
39320008805;07/11/2021;CONSUMO;ATTIVO
39320008806;11/04/2024;RICARICA;ATTIVO
39320008807;27/03/2022;CONSUMO;ATTIVO
39320008808;17/08/2025;RICARICA;ATTIVO
39320008809;15/01/2024;CONSUMO;ATTIVO
39320008810;25/11/2021;RICARICA;ATTIVO
39320008811;25/02/2025;CONSUMO;ATTIVO
39320008812;07/07/2022;RICARICA;ATTIVO
39320008813;13/09/2021;CONSUMO;ATTIVO
39320008814;28/09/2025;RICARICA;ATTIVO
39320008815;11/05/2022;CONSUMO;ATTIVO
39320008816;06/12/2021;RICARICA;ATTIVO
39320008817;23/02/2026;CONSUMO;ATTIVO
39320008818;08/08/2021;RICARICA;ATTIVO
39320008819;06/10/2024;CONSUMO;ATTIVO
39320008820;02/04/2024;RICARICA;ATTIVO
39320008821;06/10/2025;CONSUMO;ATTIVO
39320008822;14/03/2022;RICARICA;ATTIVO
39320008823;02/10/2025;CONSUMO;ATTIVO
39320008824;30/12/2024;RICARICA;ATTIVO
39320008825;04/11/2021;CONSUMO;ATTIVO
39320008826;27/02/2023;RICARICA;ATTIVO
39320008827;18/03/2025;CONSUMO;ATTIVO
39320008828;14/01/2024;RICARICA;ATTIVO
39320008829;25/02/2022;CONSUMO;ATTIVO
39320008830;04/10/2023;RICARICA;ATTIVO
39320008831;28/11/2025;CONSUMO;ATTIVO
39320008832;22/10/2022;RICARICA;ATTIVO
39320008833;06/11/2023;CONSUMO;ATTIVO
39320008834;13/09/2025;RICARICA;ATTIVO
39320008835;25/02/2022;CONSUMO;ATTIVO
39320008836;11/12/2024;RICARICA;ATTIVO
39320008837;11/09/2025;CONSUMO;ATTIVO
39320008838;13/02/2023;RICARICA;ATTIVO
39320008839;08/04/2023;CONSUMO;ATTIVO
39320008840;06/10/2022;RICARICA;ATTIVO
39320008841;16/07/2022;CONSUMO;ATTIVO
39320008842;19/08/2022;RICARICA;ATTIVO
39320008843;17/02/2023;CONSUMO;ATTIVO
39320008844;20/08/2023;RICARICA;SOSPESO
39320008845;06/11/2024;CONSUMO;SOSPESO
39320008846;15/05/2022;RICARICA;ATTIVO
39320008847;13/05/2021;CONSUMO;ATTIVO
39320008848;27/06/2025;RICARICA;ATTIVO
39320008849;16/03/2024;CONSUMO;ATTIVO
39320008850;20/02/2023;RICARICA;ATTIVO
39320008851;13/06/2023;CONSUMO;ATTIVO
39320008852;06/02/2026;RICARICA;ATTIVO
39320008853;15/06/2023;CONSUMO;ATTIVO
39320008854;14/04/2022;RICARICA;ATTIVO
39320008855;10/02/2026;CONSUMO;SOSPESO
39320008856;08/09/2023;RICARICA;ATTIVO
39320008857;25/03/2022;CONSUMO;ATTIVO
39320008858;13/08/2024;RICARICA;ATTIVO
39320008859;24/12/2023;CONSUMO;ATTIVO
39320008860;29/09/2025;RICARICA;ATTIVO
39320008861;21/02/2023;CONSUMO;ATTIVO
39320008862;07/04/2025;RICARICA;ATTIVO
39320008863;19/12/2024;CONSUMO;ATTIVO
39320008864;09/07/2021;RICARICA;ATTIVO
39320008865;07/02/2024;CONSUMO;ATTIVO
39320008866;12/06/2021;RICARICA;ATTIVO
39320008867;07/06/2022;CONSUMO;ATTIVO
39320008868;24/08/2022;RICARICA;ATTIVO
39320008869;12/06/2023;CONSUMO;ATTIVO
39320008870;19/02/2026;RICARICA;ATTIVO
39320008871;19/04/2023;CONSUMO;ATTIVO
39320008872;03/12/2023;RICARICA;ATTIVO
39320008873;21/11/2025;CONSUMO;ATTIVO
39320008874;17/04/2021;RICARICA;ATTIVO
39320008875;23/05/2025;CONSUMO;ATTIVO
39320008876;11/11/2025;RICARICA;SOSPESO
39320008877;27/12/2021;CONSUMO;ATTIVO
39320008878;22/08/2023;RICARICA;SOSPESO
39320008879;07/01/2026;CONSUMO;ATTIVO
39320008880;05/02/2021;RICARICA;ATTIVO
39320008881;05/02/2022;CONSUMO;ATTIVO
39320008882;07/06/2021;RICARICA;ATTIVO
39320008883;27/07/2021;CONSUMO;ATTIVO
39320008884;23/05/2025;RICARICA;ATTIVO
39320008885;12/09/2021;CONSUMO;ATTIVO
39320008886;08/02/2024;RICARICA;ATTIVO
39320008887;21/01/2025;CONSUMO;ATTIVO
39320008888;29/12/2023;RICARICA;SOSPESO
39320008889;19/05/2022;CONSUMO;ATTIVO
39320008890;29/10/2022;RICARICA;ATTIVO
39320008891;19/04/2025;CONSUMO;ATTIVO
39320008892;24/07/2025;RICARICA;ATTIVO
39320008893;31/10/2023;CONSUMO;ATTIVO
39320008894;18/03/2023;RICARICA;ATTIVO
39320008895;10/04/2021;CONSUMO;ATTIVO
39320008896;30/09/2025;RICARICA;ATTIVO
39320008897;31/10/2025;CONSUMO;ATTIVO
39320008898;23/01/2023;RICARICA;ATTIVO
39320008899;26/07/2022;CONSUMO;ATTIVO
39320008900;21/07/2023;RICARICA;ATTIVO
39320008901;14/08/2021;CONSUMO;ATTIVO
39320008902;28/11/2021;RICARICA;ATTIVO
39320008903;26/03/2025;CONSUMO;ATTIVO
39320008904;12/02/2023;RICARICA;ATTIVO
39320008905;12/08/2022;CONSUMO;ATTIVO
39320008906;25/06/2025;RICARICA;ATTIVO
39320008907;25/03/2025;CONSUMO;ATTIVO
39320008908;14/01/2024;RICARICA;ATTIVO
39320008909;26/12/2025;CONSUMO;ATTIVO
39320008910;18/08/2024;RICARICA;SOSPESO
39320008911;26/12/2022;CONSUMO;ATTIVO
39320008912;28/03/2024;RICARICA;ATTIVO
39320008913;15/03/2025;CONSUMO;ATTIVO
39320008914;30/05/2022;RICARICA;ATTIVO
39320008915;15/04/2023;CONSUMO;ATTIVO
39320008916;24/10/2025;RICARICA;ATTIVO
39320008917;07/07/2025;CONSUMO;ATTIVO
39320008918;31/05/2021;RICARICA;ATTIVO
39320008919;23/01/2023;CONSUMO;ATTIVO
39320008920;25/08/2021;RICARICA;ATTIVO
39320008921;25/04/2023;CONSUMO;ATTIVO
39320008922;06/09/2022;RICARICA;ATTIVO
39320008923;07/10/2022;CONSUMO;ATTIVO
39320008924;17/03/2025;RICARICA;ATTIVO
39320008925;11/06/2023;CONSUMO;ATTIVO
39320008926;17/03/2025;RICARICA;ATTIVO
39320008927;07/11/2025;CONSUMO;ATTIVO
39320008928;03/04/2025;RICARICA;ATTIVO
39320008929;22/08/2024;CONSUMO;ATTIVO
39320008930;23/03/2023;RICARICA;ATTIVO
39320008931;03/02/2021;CONSUMO;ATTIVO
39320008932;25/01/2026;RICARICA;ATTIVO
39320008933;24/09/2023;CONSUMO;ATTIVO
39320008934;30/12/2024;RICARICA;ATTIVO
39320008935;13/12/2025;CONSUMO;ATTIVO
39320008936;25/09/2021;RICARICA;ATTIVO
39320008937;16/04/2021;CONSUMO;ATTIVO
39320008938;26/10/2021;RICARICA;ATTIVO
39320008939;05/03/2026;CONSUMO;ATTIVO
39320008940;06/02/2023;RICARICA;ATTIVO
39320008941;11/08/2023;CONSUMO;ATTIVO
39320008942;22/12/2025;RICARICA;ATTIVO
39320008943;07/06/2023;CONSUMO;ATTIVO
39320008944;26/08/2022;RICARICA;ATTIVO
39320008945;16/11/2023;CONSUMO;ATTIVO
39320008946;24/03/2021;RICARICA;SOSPESO
39320008947;14/11/2025;CONSUMO;ATTIVO
39320008948;19/05/2021;RICARICA;ATTIVO
39320008949;01/02/2022;CONSUMO;ATTIVO
39320008950;04/11/2023;RICARICA;ATTIVO
39320008951;27/07/2021;CONSUMO;ATTIVO
39320008952;27/12/2024;RICARICA;ATTIVO
39320008953;03/05/2021;CONSUMO;ATTIVO
39320008954;24/03/2022;RICARICA;ATTIVO
39320008955;31/01/2023;CONSUMO;ATTIVO
39320008956;07/04/2023;RICARICA;ATTIVO
39320008957;09/06/2024;CONSUMO;ATTIVO
39320008958;27/06/2024;RICARICA;ATTIVO
39320008959;24/01/2023;CONSUMO;ATTIVO
39320008960;25/11/2023;RICARICA;ATTIVO
39320008961;15/12/2025;CONSUMO;ATTIVO
39320008962;26/09/2023;RICARICA;ATTIVO
39320008963;19/11/2023;CONSUMO;ATTIVO
39320008964;16/05/2025;RICARICA;ATTIVO
39320008965;14/03/2025;CONSUMO;ATTIVO
39320008966;18/05/2021;RICARICA;SOSPESO
39320008967;11/11/2021;CONSUMO;SOSPESO
39320008968;13/02/2023;RICARICA;ATTIVO
39320008969;02/01/2025;CONSUMO;ATTIVO
39320008970;19/01/2025;RICARICA;ATTIVO
39320008971;22/10/2021;CONSUMO;ATTIVO
39320008972;17/02/2026;RICARICA;ATTIVO
39320008973;17/06/2024;CONSUMO;ATTIVO
39320008974;19/03/2023;RICARICA;ATTIVO
39320008975;01/04/2021;CONSUMO;ATTIVO
39320008976;30/09/2021;RICARICA;ATTIVO
39320008977;11/03/2024;CONSUMO;ATTIVO
39320008978;26/06/2025;RICARICA;ATTIVO
39320008979;07/11/2021;CONSUMO;ATTIVO
39320008980;09/03/2024;RICARICA;ATTIVO
39320008981;20/02/2026;CONSUMO;ATTIVO
39320008982;16/05/2021;RICARICA;ATTIVO
39320008983;18/03/2021;CONSUMO;ATTIVO
39320008984;16/09/2023;RICARICA;ATTIVO
39320008985;25/03/2022;CONSUMO;ATTIVO
39320008986;06/12/2021;RICARICA;SOSPESO
39320008987;08/10/2023;CONSUMO;ATTIVO
39320008988;02/10/2024;RICARICA;ATTIVO
39320008989;16/01/2026;CONSUMO;ATTIVO
39320008990;30/01/2025;RICARICA;SOSPESO
39320008991;09/10/2025;CONSUMO;ATTIVO
39320008992;13/06/2022;RICARICA;ATTIVO
39320008993;28/01/2024;CONSUMO;ATTIVO
39320008994;26/07/2025;RICARICA;ATTIVO
39320008995;17/07/2024;CONSUMO;ATTIVO
39320008996;15/12/2023;RICARICA;ATTIVO
39320008997;28/10/2024;CONSUMO;ATTIVO
39320008998;22/04/2024;RICARICA;ATTIVO
39320008999;26/07/2022;CONSUMO;ATTIVO
39320009000;13/05/2025;RICARICA;ATTIVO
39320009001;09/04/2022;CONSUMO;ATTIVO
39320009002;08/06/2023;RICARICA;ATTIVO
39320009003;04/11/2022;CONSUMO;SOSPESO
39320009004;08/09/2022;RICARICA;ATTIVO
39320009005;23/01/2025;CONSUMO;SOSPESO
39320009006;16/04/2021;RICARICA;SOSPESO
39320009007;08/09/2022;CONSUMO;ATTIVO
39320009008;12/06/2022;RICARICA;ATTIVO
39320009009;31/10/2021;CONSUMO;ATTIVO
39320009010;26/09/2025;RICARICA;ATTIVO
39320009011;09/12/2025;CONSUMO;SOSPESO
39320009012;09/08/2023;RICARICA;ATTIVO
39320009013;12/03/2026;CONSUMO;ATTIVO
39320009014;16/01/2024;RICARICA;ATTIVO
39320009015;26/04/2023;CONSUMO;ATTIVO
39320009016;09/05/2023;RICARICA;ATTIVO
39320009017;05/09/2022;CONSUMO;ATTIVO
39320009018;29/11/2021;RICARICA;ATTIVO
39320009019;19/09/2024;CONSUMO;ATTIVO
39320009020;05/10/2022;RICARICA;SOSPESO
39320009021;27/04/2021;CONSUMO;ATTIVO
39320009022;28/07/2025;RICARICA;ATTIVO
39320009023;29/04/2023;CONSUMO;ATTIVO
39320009024;04/03/2021;RICARICA;ATTIVO
39320009025;29/01/2023;CONSUMO;ATTIVO
39320009026;28/04/2022;RICARICA;ATTIVO
39320009027;05/10/2023;CONSUMO;SOSPESO
39320009028;23/03/2023;RICARICA;ATTIVO
39320009029;11/04/2023;CONSUMO;ATTIVO
39320009030;27/04/2022;RICARICA;ATTIVO
39320009031;04/06/2024;CONSUMO;ATTIVO
39320009032;20/11/2022;RICARICA;ATTIVO
39320009033;01/11/2022;CONSUMO;ATTIVO
39320009034;14/10/2025;RICARICA;ATTIVO
39320009035;18/06/2021;CONSUMO;ATTIVO
39320009036;19/02/2025;RICARICA;ATTIVO
39320009037;12/01/2024;CONSUMO;ATTIVO
39320009038;11/01/2026;RICARICA;ATTIVO
39320009039;14/06/2025;CONSUMO;ATTIVO
39320009040;20/08/2024;RICARICA;ATTIVO
39320009041;16/04/2021;CONSUMO;ATTIVO
39320009042;30/12/2021;RICARICA;ATTIVO
39320009043;20/08/2022;CONSUMO;SOSPESO
39320009044;22/01/2023;RICARICA;ATTIVO
39320009045;24/02/2026;CONSUMO;ATTIVO
39320009046;02/01/2023;RICARICA;ATTIVO
39320009047;29/06/2021;CONSUMO;ATTIVO
39320009048;03/01/2026;RICARICA;ATTIVO
39320009049;24/07/2021;CONSUMO;ATTIVO
39320009050;08/04/2024;RICARICA;ATTIVO
39320009051;22/03/2021;CONSUMO;ATTIVO
39320009052;10/08/2025;RICARICA;SOSPESO
39320009053;05/06/2025;CONSUMO;ATTIVO
39320009054;12/03/2023;RICARICA;ATTIVO
39320009055;02/10/2023;CONSUMO;ATTIVO
39320009056;30/04/2024;RICARICA;ATTIVO
39320009057;10/09/2025;CONSUMO;ATTIVO
39320009058;31/08/2025;RICARICA;ATTIVO
39320009059;11/10/2021;CONSUMO;ATTIVO
39320009060;26/05/2024;RICARICA;ATTIVO
39320009061;19/11/2021;CONSUMO;ATTIVO
39320009062;04/12/2024;RICARICA;ATTIVO
39320009063;14/10/2023;CONSUMO;ATTIVO
39320009064;12/11/2024;RICARICA;ATTIVO
39320009065;17/03/2023;CONSUMO;ATTIVO
39320009066;23/09/2024;RICARICA;ATTIVO
39320009067;27/08/2023;CONSUMO;ATTIVO
39320009068;05/01/2023;RICARICA;SOSPESO
39320009069;20/09/2022;CONSUMO;ATTIVO
39320009070;16/12/2024;RICARICA;ATTIVO
39320009071;07/05/2023;CONSUMO;ATTIVO
39320009072;27/04/2022;RICARICA;ATTIVO
39320009073;01/10/2025;CONSUMO;ATTIVO
39320009074;31/10/2022;RICARICA;ATTIVO
39320009075;03/08/2023;CONSUMO;ATTIVO
39320009076;14/11/2021;RICARICA;ATTIVO
39320009077;01/05/2021;CONSUMO;ATTIVO
39320009078;30/08/2021;RICARICA;ATTIVO
39320009079;09/07/2023;CONSUMO;ATTIVO
39320009080;20/01/2025;RICARICA;ATTIVO
39320009081;27/04/2025;CONSUMO;ATTIVO
39320009082;18/10/2022;RICARICA;ATTIVO
39320009083;11/01/2025;CONSUMO;ATTIVO
39320009084;20/04/2023;RICARICA;ATTIVO
39320009085;12/08/2024;CONSUMO;ATTIVO
39320009086;07/10/2024;RICARICA;ATTIVO
39320009087;18/04/2024;CONSUMO;ATTIVO
39320009088;23/12/2024;RICARICA;ATTIVO
39320009089;28/08/2023;CONSUMO;ATTIVO
39320009090;16/01/2023;RICARICA;ATTIVO
39320009091;28/01/2022;CONSUMO;ATTIVO
39320009092;11/04/2021;RICARICA;ATTIVO
39320009093;14/10/2025;CONSUMO;ATTIVO
39320009094;09/03/2023;RICARICA;ATTIVO
39320009095;17/10/2023;CONSUMO;ATTIVO
39320009096;26/03/2023;RICARICA;ATTIVO
39320009097;02/11/2025;CONSUMO;ATTIVO
39320009098;30/09/2021;RICARICA;ATTIVO
39320009099;07/03/2025;CONSUMO;SOSPESO
39320009100;15/05/2023;RICARICA;ATTIVO
39320009101;18/02/2026;CONSUMO;ATTIVO
39320009102;13/11/2025;RICARICA;ATTIVO
39320009103;16/01/2021;CONSUMO;ATTIVO
39320009104;03/12/2021;RICARICA;SOSPESO
39320009105;02/05/2023;CONSUMO;ATTIVO
39320009106;29/11/2025;RICARICA;SOSPESO
39320009107;31/10/2021;CONSUMO;ATTIVO
39320009108;15/10/2021;RICARICA;ATTIVO
39320009109;21/05/2024;CONSUMO;ATTIVO
39320009110;24/07/2022;RICARICA;ATTIVO
39320009111;16/01/2025;CONSUMO;ATTIVO
39320009112;20/03/2021;RICARICA;ATTIVO
39320009113;17/07/2024;CONSUMO;ATTIVO
39320009114;04/12/2022;RICARICA;ATTIVO
39320009115;03/02/2023;CONSUMO;ATTIVO
39320009116;03/08/2021;RICARICA;ATTIVO
39320009117;16/08/2025;CONSUMO;SOSPESO
39320009118;18/02/2022;RICARICA;ATTIVO
39320009119;12/11/2022;CONSUMO;ATTIVO
39320009120;23/10/2025;RICARICA;ATTIVO
39320009121;01/11/2023;CONSUMO;ATTIVO
39320009122;12/03/2023;RICARICA;ATTIVO
39320009123;24/04/2024;CONSUMO;ATTIVO
39320009124;07/06/2024;RICARICA;ATTIVO
39320009125;26/04/2025;CONSUMO;SOSPESO
39320009126;27/06/2025;RICARICA;ATTIVO
39320009127;12/01/2025;CONSUMO;ATTIVO
39320009128;18/08/2022;RICARICA;ATTIVO
39320009129;28/03/2025;CONSUMO;ATTIVO
39320009130;06/08/2022;RICARICA;ATTIVO
39320009131;15/04/2023;CONSUMO;ATTIVO
39320009132;10/06/2025;RICARICA;ATTIVO
39320009133;26/08/2025;CONSUMO;ATTIVO
39320009134;08/08/2023;RICARICA;ATTIVO
39320009135;31/05/2024;CONSUMO;ATTIVO
39320009136;06/03/2026;RICARICA;ATTIVO
39320009137;25/04/2024;CONSUMO;ATTIVO
39320009138;27/06/2022;RICARICA;ATTIVO
39320009139;28/08/2024;CONSUMO;ATTIVO
39320009140;31/07/2025;RICARICA;ATTIVO
39320009141;27/01/2026;CONSUMO;ATTIVO
39320009142;20/03/2023;RICARICA;ATTIVO
39320009143;23/12/2023;CONSUMO;ATTIVO
39320009144;31/03/2022;RICARICA;SOSPESO
39320009145;10/07/2023;CONSUMO;ATTIVO
39320009146;05/01/2021;RICARICA;ATTIVO
39320009147;05/06/2021;CONSUMO;ATTIVO
39320009148;15/07/2022;RICARICA;ATTIVO
39320009149;17/01/2026;CONSUMO;ATTIVO
39320009150;04/05/2023;RICARICA;ATTIVO
39320009151;14/11/2025;CONSUMO;SOSPESO
39320009152;16/06/2025;RICARICA;ATTIVO
39320009153;02/06/2025;CONSUMO;ATTIVO
39320009154;14/05/2024;RICARICA;ATTIVO
39320009155;15/10/2023;CONSUMO;SOSPESO
39320009156;14/03/2022;RICARICA;ATTIVO
39320009157;06/02/2024;CONSUMO;ATTIVO
39320009158;26/08/2021;RICARICA;ATTIVO
39320009159;11/03/2026;CONSUMO;SOSPESO
39320009160;23/02/2024;RICARICA;ATTIVO
39320009161;29/12/2021;CONSUMO;ATTIVO
39320009162;15/02/2022;RICARICA;ATTIVO
39320009163;30/05/2023;CONSUMO;ATTIVO
39320009164;17/08/2024;RICARICA;ATTIVO
39320009165;10/09/2023;CONSUMO;ATTIVO
39320009166;23/09/2021;RICARICA;SOSPESO
39320009167;06/02/2025;CONSUMO;ATTIVO
39320009168;08/09/2024;RICARICA;ATTIVO
39320009169;11/06/2022;CONSUMO;ATTIVO
39320009170;30/01/2026;RICARICA;ATTIVO
39320009171;02/02/2025;CONSUMO;ATTIVO
39320009172;19/07/2021;RICARICA;ATTIVO
39320009173;15/08/2022;CONSUMO;ATTIVO
39320009174;16/01/2024;RICARICA;ATTIVO
39320009175;01/08/2024;CONSUMO;ATTIVO
39320009176;15/11/2021;RICARICA;ATTIVO
39320009177;14/10/2025;CONSUMO;SOSPESO
39320009178;06/05/2022;RICARICA;ATTIVO
39320009179;27/04/2025;CONSUMO;ATTIVO
39320009180;08/07/2022;RICARICA;SOSPESO
39320009181;21/08/2021;CONSUMO;ATTIVO
39320009182;23/11/2022;RICARICA;ATTIVO
39320009183;18/04/2025;CONSUMO;ATTIVO
39320009184;31/12/2023;RICARICA;ATTIVO
39320009185;08/09/2021;CONSUMO;ATTIVO
39320009186;12/06/2024;RICARICA;ATTIVO
39320009187;20/06/2021;CONSUMO;ATTIVO
39320009188;08/07/2021;RICARICA;ATTIVO
39320009189;06/03/2023;CONSUMO;ATTIVO
39320009190;22/01/2024;RICARICA;SOSPESO
39320009191;25/01/2025;CONSUMO;ATTIVO
39320009192;15/02/2026;RICARICA;ATTIVO
39320009193;13/06/2025;CONSUMO;ATTIVO
39320009194;10/05/2021;RICARICA;ATTIVO
39320009195;02/12/2022;CONSUMO;ATTIVO
39320009196;28/07/2025;RICARICA;ATTIVO
39320009197;02/02/2022;CONSUMO;ATTIVO
39320009198;09/03/2026;RICARICA;ATTIVO
39320009199;21/12/2022;CONSUMO;ATTIVO
39320009200;14/10/2025;RICARICA;ATTIVO
39320009201;30/03/2025;CONSUMO;ATTIVO
39320009202;12/07/2025;RICARICA;ATTIVO
39320009203;21/07/2025;CONSUMO;ATTIVO
39320009204;10/12/2021;RICARICA;ATTIVO
39320009205;29/07/2024;CONSUMO;ATTIVO
39320009206;15/04/2024;RICARICA;ATTIVO
39320009207;18/05/2021;CONSUMO;SOSPESO
39320009208;06/03/2025;RICARICA;ATTIVO
39320009209;07/09/2024;CONSUMO;SOSPESO
39320009210;19/05/2025;RICARICA;ATTIVO
39320009211;28/04/2025;CONSUMO;ATTIVO
39320009212;22/10/2022;RICARICA;ATTIVO
39320009213;12/02/2022;CONSUMO;ATTIVO
39320009214;16/03/2021;RICARICA;ATTIVO
39320009215;08/01/2021;CONSUMO;ATTIVO
39320009216;05/02/2021;RICARICA;SOSPESO
39320009217;02/02/2023;CONSUMO;ATTIVO
39320009218;02/05/2023;RICARICA;ATTIVO
39320009219;16/01/2021;CONSUMO;SOSPESO
39320009220;01/11/2025;RICARICA;ATTIVO
39320009221;02/10/2021;CONSUMO;ATTIVO
39320009222;02/05/2024;RICARICA;ATTIVO
39320009223;19/04/2025;CONSUMO;ATTIVO
39320009224;06/10/2021;RICARICA;ATTIVO
39320009225;08/02/2024;CONSUMO;SOSPESO
39320009226;26/01/2025;RICARICA;ATTIVO
39320009227;03/09/2021;CONSUMO;ATTIVO
39320009228;08/03/2021;RICARICA;ATTIVO
39320009229;30/07/2024;CONSUMO;ATTIVO
39320009230;02/10/2022;RICARICA;ATTIVO
39320009231;22/05/2023;CONSUMO;ATTIVO
39320009232;25/10/2025;RICARICA;ATTIVO
39320009233;07/09/2022;CONSUMO;ATTIVO
39320009234;08/10/2021;RICARICA;ATTIVO
39320009235;29/07/2025;CONSUMO;ATTIVO
39320009236;10/11/2021;RICARICA;ATTIVO
39320009237;07/10/2025;CONSUMO;ATTIVO
39320009238;02/06/2021;RICARICA;SOSPESO
39320009239;16/01/2023;CONSUMO;ATTIVO
39320009240;24/09/2022;RICARICA;ATTIVO
39320009241;14/04/2023;CONSUMO;ATTIVO
39320009242;07/08/2022;RICARICA;ATTIVO
39320009243;28/12/2024;CONSUMO;ATTIVO
39320009244;09/10/2021;RICARICA;SOSPESO
39320009245;19/05/2024;CONSUMO;ATTIVO
39320009246;25/07/2021;RICARICA;ATTIVO
39320009247;14/07/2021;CONSUMO;SOSPESO
39320009248;22/04/2025;RICARICA;ATTIVO
39320009249;25/12/2025;CONSUMO;ATTIVO
39320009250;26/03/2024;RICARICA;ATTIVO
39320009251;28/06/2025;CONSUMO;ATTIVO
39320009252;11/04/2021;RICARICA;ATTIVO
39320009253;20/09/2025;CONSUMO;ATTIVO
39320009254;26/03/2025;RICARICA;ATTIVO
39320009255;26/10/2025;CONSUMO;ATTIVO
39320009256;30/12/2024;RICARICA;ATTIVO
39320009257;28/03/2024;CONSUMO;ATTIVO
39320009258;24/01/2024;RICARICA;ATTIVO
39320009259;06/02/2024;CONSUMO;ATTIVO
39320009260;25/07/2021;RICARICA;ATTIVO
39320009261;21/03/2025;CONSUMO;SOSPESO
39320009262;01/10/2022;RICARICA;ATTIVO
39320009263;11/05/2023;CONSUMO;ATTIVO
39320009264;14/11/2022;RICARICA;ATTIVO
39320009265;17/04/2021;CONSUMO;ATTIVO
39320009266;13/07/2021;RICARICA;SOSPESO
39320009267;19/04/2024;CONSUMO;ATTIVO
39320009268;31/12/2025;RICARICA;ATTIVO
39320009269;19/08/2023;CONSUMO;ATTIVO
39320009270;12/04/2023;RICARICA;ATTIVO
39320009271;26/06/2022;CONSUMO;ATTIVO
39320009272;24/02/2024;RICARICA;ATTIVO
39320009273;23/05/2022;CONSUMO;ATTIVO
39320009274;11/12/2021;RICARICA;ATTIVO
39320009275;24/02/2026;CONSUMO;ATTIVO
39320009276;10/11/2025;RICARICA;ATTIVO
39320009277;22/07/2025;CONSUMO;ATTIVO
39320009278;24/03/2022;RICARICA;ATTIVO
39320009279;17/09/2021;CONSUMO;ATTIVO
39320009280;11/08/2025;RICARICA;ATTIVO
39320009281;10/11/2023;CONSUMO;ATTIVO
39320009282;16/04/2023;RICARICA;ATTIVO
39320009283;08/12/2023;CONSUMO;ATTIVO
39320009284;27/03/2024;RICARICA;ATTIVO
39320009285;09/05/2025;CONSUMO;ATTIVO
39320009286;06/10/2023;RICARICA;ATTIVO
39320009287;02/05/2021;CONSUMO;ATTIVO
39320009288;09/06/2024;RICARICA;ATTIVO
39320009289;30/01/2022;CONSUMO;ATTIVO
39320009290;23/08/2022;RICARICA;ATTIVO
39320009291;09/04/2023;CONSUMO;SOSPESO
39320009292;23/04/2023;RICARICA;ATTIVO
39320009293;13/08/2022;CONSUMO;ATTIVO
39320009294;16/06/2024;RICARICA;ATTIVO
39320009295;13/09/2021;CONSUMO;ATTIVO
39320009296;07/06/2022;RICARICA;ATTIVO
39320009297;17/10/2023;CONSUMO;ATTIVO
39320009298;23/08/2021;RICARICA;ATTIVO
39320009299;27/01/2022;CONSUMO;ATTIVO
39320009300;16/11/2024;RICARICA;ATTIVO
39320009301;13/01/2022;CONSUMO;ATTIVO
39320009302;03/04/2024;RICARICA;ATTIVO
39320009303;06/10/2024;CONSUMO;ATTIVO
39320009304;27/12/2024;RICARICA;ATTIVO
39320009305;27/05/2022;CONSUMO;ATTIVO
39320009306;06/02/2025;RICARICA;ATTIVO
39320009307;20/03/2023;CONSUMO;ATTIVO
39320009308;23/03/2022;RICARICA;ATTIVO
39320009309;19/08/2021;CONSUMO;ATTIVO
39320009310;27/08/2024;RICARICA;ATTIVO
39320009311;15/08/2021;CONSUMO;ATTIVO
39320009312;29/01/2021;RICARICA;ATTIVO
39320009313;01/12/2022;CONSUMO;ATTIVO
39320009314;23/10/2021;RICARICA;ATTIVO
39320009315;20/08/2024;CONSUMO;ATTIVO
39320009316;15/11/2025;RICARICA;ATTIVO
39320009317;22/04/2023;CONSUMO;ATTIVO
39320009318;29/11/2023;RICARICA;ATTIVO
39320009319;28/06/2023;CONSUMO;ATTIVO
39320009320;23/10/2025;RICARICA;ATTIVO
39320009321;28/02/2022;CONSUMO;ATTIVO
39320009322;21/01/2022;RICARICA;ATTIVO
39320009323;24/10/2025;CONSUMO;SOSPESO
39320009324;13/05/2022;RICARICA;ATTIVO
39320009325;15/07/2022;CONSUMO;ATTIVO
39320009326;01/06/2022;RICARICA;ATTIVO
39320009327;08/08/2023;CONSUMO;ATTIVO
39320009328;20/05/2025;RICARICA;ATTIVO
39320009329;03/05/2021;CONSUMO;ATTIVO
39320009330;10/12/2023;RICARICA;ATTIVO
39320009331;27/04/2023;CONSUMO;ATTIVO
39320009332;12/08/2022;RICARICA;ATTIVO
39320009333;27/07/2022;CONSUMO;ATTIVO
39320009334;25/04/2025;RICARICA;ATTIVO
39320009335;29/05/2025;CONSUMO;ATTIVO
39320009336;14/05/2021;RICARICA;ATTIVO
39320009337;14/12/2022;CONSUMO;ATTIVO
39320009338;05/04/2022;RICARICA;ATTIVO
39320009339;10/11/2024;CONSUMO;ATTIVO
39320009340;16/09/2025;RICARICA;ATTIVO
39320009341;11/03/2023;CONSUMO;ATTIVO
39320009342;11/09/2023;RICARICA;ATTIVO
39320009343;28/01/2026;CONSUMO;ATTIVO
39320009344;19/05/2025;RICARICA;ATTIVO
39320009345;23/09/2023;CONSUMO;ATTIVO
39320009346;04/02/2024;RICARICA;ATTIVO
39320009347;24/10/2021;CONSUMO;ATTIVO
39320009348;17/01/2025;RICARICA;ATTIVO
39320009349;06/06/2022;CONSUMO;ATTIVO
39320009350;11/07/2022;RICARICA;ATTIVO
39320009351;24/11/2023;CONSUMO;ATTIVO
39320009352;09/03/2025;RICARICA;ATTIVO
39320009353;09/05/2021;CONSUMO;ATTIVO
39320009354;18/12/2025;RICARICA;ATTIVO
39320009355;15/01/2026;CONSUMO;ATTIVO
39320009356;17/07/2025;RICARICA;ATTIVO
39320009357;30/09/2024;CONSUMO;SOSPESO
39320009358;19/10/2025;RICARICA;ATTIVO
39320009359;25/06/2025;CONSUMO;SOSPESO
39320009360;03/03/2026;RICARICA;ATTIVO
39320009361;15/10/2023;CONSUMO;SOSPESO
39320009362;07/01/2021;RICARICA;ATTIVO
39320009363;10/02/2021;CONSUMO;ATTIVO
39320009364;13/11/2024;RICARICA;ATTIVO
39320009365;10/05/2023;CONSUMO;ATTIVO
39320009366;03/01/2021;RICARICA;ATTIVO
39320009367;19/01/2022;CONSUMO;ATTIVO
39320009368;20/09/2022;RICARICA;ATTIVO
39320009369;21/05/2023;CONSUMO;ATTIVO
39320009370;06/07/2025;RICARICA;ATTIVO
39320009371;13/02/2022;CONSUMO;ATTIVO
39320009372;03/10/2024;RICARICA;ATTIVO
39320009373;17/05/2024;CONSUMO;ATTIVO
39320009374;01/01/2023;RICARICA;ATTIVO
39320009375;25/08/2023;CONSUMO;ATTIVO
39320009376;29/12/2025;RICARICA;ATTIVO
39320009377;04/04/2021;CONSUMO;ATTIVO
39320009378;01/01/2023;RICARICA;ATTIVO
39320009379;09/05/2022;CONSUMO;ATTIVO
39320009380;07/10/2023;RICARICA;ATTIVO
39320009381;26/02/2024;CONSUMO;ATTIVO
39320009382;06/06/2021;RICARICA;ATTIVO
39320009383;09/01/2026;CONSUMO;ATTIVO
39320009384;22/04/2023;RICARICA;ATTIVO
39320009385;24/02/2022;CONSUMO;ATTIVO
39320009386;01/01/2024;RICARICA;SOSPESO
39320009387;29/05/2021;CONSUMO;ATTIVO
39320009388;29/01/2024;RICARICA;ATTIVO
39320009389;05/10/2021;CONSUMO;ATTIVO
39320009390;16/03/2022;RICARICA;ATTIVO
39320009391;18/07/2021;CONSUMO;ATTIVO
39320009392;24/01/2021;RICARICA;ATTIVO
39320009393;18/04/2023;CONSUMO;ATTIVO
39320009394;29/07/2022;RICARICA;ATTIVO
39320009395;28/12/2025;CONSUMO;ATTIVO
39320009396;05/03/2022;RICARICA;ATTIVO
39320009397;07/03/2026;CONSUMO;ATTIVO
39320009398;01/09/2021;RICARICA;ATTIVO
39320009399;28/05/2022;CONSUMO;ATTIVO
39320009400;05/01/2024;RICARICA;ATTIVO
39320009401;08/04/2025;CONSUMO;ATTIVO
39320009402;02/09/2023;RICARICA;ATTIVO
39320009403;14/01/2024;CONSUMO;ATTIVO
39320009404;01/04/2025;RICARICA;ATTIVO
39320009405;14/01/2021;CONSUMO;SOSPESO
39320009406;30/09/2023;RICARICA;ATTIVO
39320009407;20/03/2022;CONSUMO;ATTIVO
39320009408;23/12/2025;RICARICA;ATTIVO
39320009409;01/07/2021;CONSUMO;ATTIVO
39320009410;15/04/2022;RICARICA;SOSPESO
39320009411;23/07/2022;CONSUMO;ATTIVO
39320009412;27/11/2024;RICARICA;ATTIVO
39320009413;01/01/2023;CONSUMO;ATTIVO
39320009414;14/02/2024;RICARICA;ATTIVO
39320009415;25/02/2021;CONSUMO;ATTIVO
39320009416;08/07/2024;RICARICA;ATTIVO
39320009417;28/09/2024;CONSUMO;ATTIVO
39320009418;19/12/2021;RICARICA;ATTIVO
39320009419;25/04/2022;CONSUMO;ATTIVO
39320009420;09/02/2025;RICARICA;ATTIVO
39320009421;22/08/2025;CONSUMO;ATTIVO
39320009422;29/09/2021;RICARICA;ATTIVO
39320009423;06/05/2021;CONSUMO;ATTIVO
39320009424;08/04/2022;RICARICA;ATTIVO
39320009425;06/03/2021;CONSUMO;ATTIVO
39320009426;12/02/2026;RICARICA;ATTIVO
39320009427;21/01/2023;CONSUMO;ATTIVO
39320009428;08/12/2025;RICARICA;ATTIVO
39320009429;06/09/2025;CONSUMO;ATTIVO
39320009430;12/11/2021;RICARICA;ATTIVO
39320009431;04/09/2025;CONSUMO;ATTIVO
39320009432;29/08/2023;RICARICA;ATTIVO
39320009433;17/12/2021;CONSUMO;ATTIVO
39320009434;28/12/2023;RICARICA;ATTIVO
39320009435;23/09/2025;CONSUMO;ATTIVO
39320009436;11/08/2021;RICARICA;ATTIVO
39320009437;19/11/2021;CONSUMO;ATTIVO
39320009438;11/11/2021;RICARICA;ATTIVO
39320009439;10/06/2023;CONSUMO;ATTIVO
39320009440;23/07/2025;RICARICA;ATTIVO
39320009441;01/01/2025;CONSUMO;ATTIVO
39320009442;11/02/2024;RICARICA;ATTIVO
39320009443;24/12/2023;CONSUMO;SOSPESO
39320009444;26/04/2024;RICARICA;ATTIVO
39320009445;22/02/2026;CONSUMO;ATTIVO
39320009446;07/11/2022;RICARICA;ATTIVO
39320009447;19/11/2021;CONSUMO;ATTIVO
39320009448;02/05/2024;RICARICA;ATTIVO
39320009449;07/03/2024;CONSUMO;ATTIVO
39320009450;09/07/2023;RICARICA;ATTIVO
39320009451;05/06/2024;CONSUMO;ATTIVO
39320009452;01/07/2023;RICARICA;ATTIVO
39320009453;17/06/2022;CONSUMO;ATTIVO
39320009454;12/03/2026;RICARICA;ATTIVO
39320009455;30/04/2025;CONSUMO;ATTIVO
39320009456;06/02/2022;RICARICA;ATTIVO
39320009457;09/02/2023;CONSUMO;ATTIVO
39320009458;11/08/2023;RICARICA;SOSPESO
39320009459;27/11/2025;CONSUMO;ATTIVO
39320009460;20/06/2025;RICARICA;ATTIVO
39320009461;19/01/2026;CONSUMO;ATTIVO
39320009462;18/02/2025;RICARICA;ATTIVO
39320009463;22/10/2025;CONSUMO;ATTIVO
39320009464;09/09/2023;RICARICA;ATTIVO
39320009465;23/08/2024;CONSUMO;ATTIVO
39320009466;19/02/2025;RICARICA;ATTIVO
39320009467;19/04/2021;CONSUMO;ATTIVO
39320009468;09/01/2024;RICARICA;ATTIVO
39320009469;25/06/2025;CONSUMO;ATTIVO
39320009470;03/02/2026;RICARICA;ATTIVO
39320009471;24/10/2025;CONSUMO;ATTIVO
39320009472;17/12/2025;RICARICA;ATTIVO
39320009473;09/01/2024;CONSUMO;ATTIVO
39320009474;26/11/2022;RICARICA;ATTIVO
39320009475;11/07/2021;CONSUMO;ATTIVO
39320009476;12/11/2022;RICARICA;ATTIVO
39320009477;23/08/2025;CONSUMO;ATTIVO
39320009478;26/05/2023;RICARICA;ATTIVO
39320009479;13/09/2025;CONSUMO;ATTIVO
39320009480;03/07/2025;RICARICA;ATTIVO
39320009481;02/12/2024;CONSUMO;ATTIVO
39320009482;27/11/2023;RICARICA;ATTIVO
39320009483;25/06/2023;CONSUMO;ATTIVO
39320009484;16/01/2025;RICARICA;ATTIVO
39320009485;14/06/2021;CONSUMO;ATTIVO
39320009486;22/10/2022;RICARICA;ATTIVO
39320009487;27/10/2024;CONSUMO;ATTIVO
39320009488;02/10/2025;RICARICA;ATTIVO
39320009489;09/03/2021;CONSUMO;ATTIVO
39320009490;17/05/2025;RICARICA;ATTIVO
39320009491;23/09/2024;CONSUMO;ATTIVO
39320009492;03/11/2025;RICARICA;ATTIVO
39320009493;04/03/2021;CONSUMO;ATTIVO
39320009494;04/12/2021;RICARICA;ATTIVO
39320009495;13/07/2025;CONSUMO;ATTIVO
39320009496;16/06/2021;RICARICA;ATTIVO
39320009497;25/01/2022;CONSUMO;ATTIVO
39320009498;08/07/2025;RICARICA;ATTIVO
39320009499;24/05/2025;CONSUMO;ATTIVO
39320009500;19/08/2024;RICARICA;ATTIVO
39320009501;01/06/2025;CONSUMO;ATTIVO
39320009502;23/05/2024;RICARICA;ATTIVO
39320009503;03/11/2021;CONSUMO;SOSPESO
39320009504;03/10/2022;RICARICA;ATTIVO
39320009505;24/08/2021;CONSUMO;ATTIVO
39320009506;30/10/2023;RICARICA;ATTIVO
39320009507;22/03/2025;CONSUMO;ATTIVO
39320009508;23/11/2021;RICARICA;ATTIVO
39320009509;23/07/2025;CONSUMO;ATTIVO
39320009510;30/09/2024;RICARICA;ATTIVO
39320009511;04/09/2023;CONSUMO;ATTIVO
39320009512;06/12/2023;RICARICA;ATTIVO
39320009513;06/06/2021;CONSUMO;ATTIVO
39320009514;16/08/2025;RICARICA;ATTIVO
39320009515;24/10/2023;CONSUMO;ATTIVO
39320009516;28/03/2021;RICARICA;ATTIVO
39320009517;19/08/2023;CONSUMO;ATTIVO
39320009518;10/06/2023;RICARICA;ATTIVO
39320009519;01/04/2021;CONSUMO;ATTIVO
39320009520;06/01/2021;RICARICA;ATTIVO
39320009521;20/12/2025;CONSUMO;ATTIVO
39320009522;09/12/2022;RICARICA;ATTIVO
39320009523;01/07/2021;CONSUMO;ATTIVO
39320009524;23/11/2023;RICARICA;ATTIVO
39320009525;04/11/2021;CONSUMO;ATTIVO
39320009526;28/02/2024;RICARICA;ATTIVO
39320009527;26/04/2023;CONSUMO;ATTIVO
39320009528;06/07/2022;RICARICA;ATTIVO
39320009529;21/10/2022;CONSUMO;ATTIVO
39320009530;11/04/2021;RICARICA;ATTIVO
39320009531;10/08/2025;CONSUMO;ATTIVO
39320009532;27/03/2024;RICARICA;ATTIVO
39320009533;27/03/2021;CONSUMO;ATTIVO
39320009534;22/03/2021;RICARICA;ATTIVO
39320009535;19/04/2021;CONSUMO;ATTIVO
39320009536;08/05/2022;RICARICA;ATTIVO
39320009537;20/10/2025;CONSUMO;ATTIVO
39320009538;01/08/2023;RICARICA;ATTIVO
39320009539;30/05/2025;CONSUMO;SOSPESO
39320009540;01/05/2025;RICARICA;ATTIVO
39320009541;27/07/2024;CONSUMO;SOSPESO
39320009542;20/10/2025;RICARICA;SOSPESO
39320009543;14/01/2022;CONSUMO;ATTIVO
39320009544;05/05/2021;RICARICA;ATTIVO
39320009545;07/04/2021;CONSUMO;SOSPESO
39320009546;08/11/2025;RICARICA;ATTIVO
39320009547;06/09/2025;CONSUMO;ATTIVO
39320009548;29/12/2025;RICARICA;ATTIVO
39320009549;20/12/2023;CONSUMO;ATTIVO
39320009550;20/06/2022;RICARICA;ATTIVO
39320009551;14/06/2022;CONSUMO;SOSPESO
39320009552;11/08/2024;RICARICA;ATTIVO
39320009553;29/08/2023;CONSUMO;ATTIVO
39320009554;25/05/2022;RICARICA;ATTIVO
39320009555;14/02/2023;CONSUMO;ATTIVO
39320009556;20/01/2022;RICARICA;ATTIVO
39320009557;12/05/2021;CONSUMO;ATTIVO
39320009558;12/05/2022;RICARICA;ATTIVO
39320009559;15/05/2021;CONSUMO;ATTIVO
39320009560;31/03/2023;RICARICA;ATTIVO
39320009561;28/08/2022;CONSUMO;ATTIVO
39320009562;05/12/2023;RICARICA;ATTIVO
39320009563;03/10/2024;CONSUMO;ATTIVO
39320009564;22/09/2022;RICARICA;ATTIVO
39320009565;21/11/2021;CONSUMO;ATTIVO
39320009566;07/12/2025;RICARICA;ATTIVO
39320009567;08/01/2025;CONSUMO;ATTIVO
39320009568;19/01/2025;RICARICA;ATTIVO
39320009569;19/12/2023;CONSUMO;ATTIVO
39320009570;02/08/2021;RICARICA;ATTIVO
39320009571;13/05/2025;CONSUMO;ATTIVO
39320009572;05/08/2023;RICARICA;ATTIVO
39320009573;11/08/2025;CONSUMO;ATTIVO
39320009574;17/07/2024;RICARICA;ATTIVO
39320009575;28/12/2022;CONSUMO;SOSPESO
39320009576;05/02/2023;RICARICA;ATTIVO
39320009577;10/11/2025;CONSUMO;ATTIVO
39320009578;18/01/2022;RICARICA;ATTIVO
39320009579;15/04/2022;CONSUMO;ATTIVO
39320009580;26/01/2023;RICARICA;ATTIVO
39320009581;31/10/2024;CONSUMO;ATTIVO
39320009582;28/01/2022;RICARICA;SOSPESO
39320009583;10/02/2026;CONSUMO;ATTIVO
39320009584;01/10/2024;RICARICA;ATTIVO
39320009585;12/02/2023;CONSUMO;ATTIVO
39320009586;11/06/2025;RICARICA;ATTIVO
39320009587;19/08/2022;CONSUMO;ATTIVO
39320009588;27/07/2025;RICARICA;ATTIVO
39320009589;20/02/2026;CONSUMO;ATTIVO
39320009590;01/05/2025;RICARICA;ATTIVO
39320009591;12/08/2021;CONSUMO;ATTIVO
39320009592;13/02/2024;RICARICA;ATTIVO
39320009593;29/11/2023;CONSUMO;ATTIVO
39320009594;19/07/2022;RICARICA;ATTIVO
39320009595;02/10/2021;CONSUMO;ATTIVO
39320009596;31/08/2025;RICARICA;ATTIVO
39320009597;11/10/2024;CONSUMO;ATTIVO
39320009598;18/03/2021;RICARICA;ATTIVO
39320009599;01/08/2024;CONSUMO;ATTIVO
39320009600;13/10/2025;RICARICA;ATTIVO
39320009601;24/02/2022;CONSUMO;ATTIVO
39320009602;04/03/2022;RICARICA;SOSPESO
39320009603;15/08/2025;CONSUMO;ATTIVO
39320009604;24/08/2025;RICARICA;ATTIVO
39320009605;17/04/2024;CONSUMO;ATTIVO
39320009606;22/12/2024;RICARICA;ATTIVO
39320009607;31/01/2025;CONSUMO;ATTIVO
39320009608;17/10/2021;RICARICA;ATTIVO
39320009609;04/07/2021;CONSUMO;ATTIVO
39320009610;13/05/2024;RICARICA;ATTIVO
39320009611;14/08/2023;CONSUMO;ATTIVO
39320009612;01/06/2025;RICARICA;ATTIVO
39320009613;09/04/2021;CONSUMO;ATTIVO
39320009614;11/02/2022;RICARICA;ATTIVO
39320009615;07/07/2021;CONSUMO;ATTIVO
39320009616;10/02/2022;RICARICA;ATTIVO
39320009617;03/10/2021;CONSUMO;ATTIVO
39320009618;24/10/2022;RICARICA;SOSPESO
39320009619;22/03/2021;CONSUMO;ATTIVO
39320009620;17/10/2025;RICARICA;ATTIVO
39320009621;07/06/2021;CONSUMO;SOSPESO
39320009622;24/02/2026;RICARICA;ATTIVO
39320009623;09/04/2025;CONSUMO;ATTIVO
39320009624;03/04/2025;RICARICA;SOSPESO
39320009625;09/03/2023;CONSUMO;ATTIVO
39320009626;23/10/2023;RICARICA;ATTIVO
39320009627;15/05/2025;CONSUMO;ATTIVO
39320009628;05/11/2025;RICARICA;ATTIVO
39320009629;18/01/2021;CONSUMO;ATTIVO
39320009630;14/01/2022;RICARICA;ATTIVO
39320009631;24/02/2021;CONSUMO;SOSPESO
39320009632;02/03/2021;RICARICA;ATTIVO
39320009633;17/11/2022;CONSUMO;ATTIVO
39320009634;18/08/2021;RICARICA;ATTIVO
39320009635;12/09/2025;CONSUMO;ATTIVO
39320009636;09/03/2026;RICARICA;ATTIVO
39320009637;10/11/2024;CONSUMO;ATTIVO
39320009638;26/08/2023;RICARICA;ATTIVO
39320009639;16/10/2023;CONSUMO;ATTIVO
39320009640;04/08/2022;RICARICA;ATTIVO
39320009641;05/05/2024;CONSUMO;ATTIVO
39320009642;24/01/2025;RICARICA;ATTIVO
39320009643;21/02/2026;CONSUMO;ATTIVO
39320009644;25/06/2024;RICARICA;ATTIVO
39320009645;14/03/2023;CONSUMO;ATTIVO
39320009646;11/06/2025;RICARICA;ATTIVO
39320009647;20/12/2025;CONSUMO;ATTIVO
39320009648;30/09/2022;RICARICA;ATTIVO
39320009649;14/07/2025;CONSUMO;ATTIVO
39320009650;14/12/2023;RICARICA;ATTIVO
39320009651;23/03/2024;CONSUMO;ATTIVO
39320009652;10/01/2024;RICARICA;ATTIVO
39320009653;19/04/2022;CONSUMO;ATTIVO
39320009654;05/09/2023;RICARICA;ATTIVO
39320009655;24/02/2021;CONSUMO;ATTIVO
39320009656;30/03/2025;RICARICA;SOSPESO
39320009657;03/02/2022;CONSUMO;ATTIVO
39320009658;20/01/2025;RICARICA;ATTIVO
39320009659;18/03/2022;CONSUMO;ATTIVO
39320009660;02/11/2023;RICARICA;ATTIVO
39320009661;07/05/2022;CONSUMO;ATTIVO
39320009662;18/11/2022;RICARICA;ATTIVO
39320009663;07/06/2021;CONSUMO;ATTIVO
39320009664;16/03/2021;RICARICA;ATTIVO
39320009665;22/10/2025;CONSUMO;ATTIVO
39320009666;24/09/2021;RICARICA;ATTIVO
39320009667;15/04/2023;CONSUMO;SOSPESO
39320009668;29/03/2021;RICARICA;ATTIVO
39320009669;15/07/2024;CONSUMO;ATTIVO
39320009670;11/06/2025;RICARICA;ATTIVO
39320009671;06/10/2023;CONSUMO;SOSPESO
39320009672;28/05/2023;RICARICA;ATTIVO
39320009673;08/06/2025;CONSUMO;ATTIVO
39320009674;30/11/2023;RICARICA;ATTIVO
39320009675;27/08/2021;CONSUMO;ATTIVO
39320009676;24/05/2023;RICARICA;ATTIVO
39320009677;06/02/2021;CONSUMO;SOSPESO
39320009678;31/01/2022;RICARICA;ATTIVO
39320009679;24/04/2021;CONSUMO;ATTIVO
39320009680;21/02/2022;RICARICA;ATTIVO
39320009681;26/03/2023;CONSUMO;ATTIVO
39320009682;01/07/2021;RICARICA;ATTIVO
39320009683;12/04/2025;CONSUMO;ATTIVO
39320009684;12/11/2021;RICARICA;ATTIVO
39320009685;29/05/2021;CONSUMO;ATTIVO
39320009686;07/03/2025;RICARICA;ATTIVO
39320009687;26/12/2021;CONSUMO;ATTIVO
39320009688;05/06/2022;RICARICA;ATTIVO
39320009689;30/12/2022;CONSUMO;ATTIVO
39320009690;31/05/2023;RICARICA;ATTIVO
39320009691;11/01/2022;CONSUMO;ATTIVO
39320009692;11/08/2021;RICARICA;ATTIVO
39320009693;02/10/2025;CONSUMO;ATTIVO
39320009694;12/04/2025;RICARICA;ATTIVO
39320009695;23/01/2026;CONSUMO;ATTIVO
39320009696;08/03/2022;RICARICA;SOSPESO
39320009697;30/08/2025;CONSUMO;ATTIVO
39320009698;16/03/2025;RICARICA;SOSPESO
39320009699;26/08/2021;CONSUMO;ATTIVO
39320009700;10/01/2026;RICARICA;ATTIVO
39320009701;14/06/2025;CONSUMO;ATTIVO
39320009702;06/07/2023;RICARICA;ATTIVO
39320009703;03/12/2022;CONSUMO;ATTIVO
39320009704;04/09/2023;RICARICA;ATTIVO
39320009705;13/02/2026;CONSUMO;ATTIVO
39320009706;05/01/2026;RICARICA;ATTIVO
39320009707;15/04/2023;CONSUMO;ATTIVO
39320009708;24/04/2022;RICARICA;ATTIVO
39320009709;12/06/2024;CONSUMO;ATTIVO
39320009710;20/04/2021;RICARICA;ATTIVO
39320009711;29/01/2023;CONSUMO;ATTIVO
39320009712;22/11/2024;RICARICA;ATTIVO
39320009713;11/08/2025;CONSUMO;ATTIVO
39320009714;25/01/2023;RICARICA;SOSPESO
39320009715;04/04/2024;CONSUMO;ATTIVO
39320009716;04/07/2025;RICARICA;ATTIVO
39320009717;21/03/2024;CONSUMO;ATTIVO
39320009718;02/02/2021;RICARICA;ATTIVO
39320009719;17/07/2023;CONSUMO;SOSPESO
39320009720;08/04/2024;RICARICA;ATTIVO
39320009721;06/04/2023;CONSUMO;ATTIVO
39320009722;17/12/2024;RICARICA;ATTIVO
39320009723;05/07/2024;CONSUMO;ATTIVO
39320009724;02/07/2024;RICARICA;ATTIVO
39320009725;09/02/2023;CONSUMO;ATTIVO
39320009726;07/09/2024;RICARICA;ATTIVO
39320009727;06/02/2024;CONSUMO;ATTIVO
39320009728;05/04/2025;RICARICA;ATTIVO
39320009729;03/02/2025;CONSUMO;ATTIVO
39320009730;08/04/2025;RICARICA;SOSPESO
39320009731;24/07/2023;CONSUMO;ATTIVO
39320009732;06/12/2023;RICARICA;ATTIVO
39320009733;02/01/2024;CONSUMO;ATTIVO
39320009734;01/04/2024;RICARICA;ATTIVO
39320009735;10/03/2024;CONSUMO;ATTIVO
39320009736;08/11/2022;RICARICA;ATTIVO
39320009737;26/08/2022;CONSUMO;ATTIVO
39320009738;22/10/2023;RICARICA;ATTIVO
39320009739;12/03/2024;CONSUMO;ATTIVO
39320009740;21/10/2025;RICARICA;ATTIVO
39320009741;25/12/2021;CONSUMO;ATTIVO
39320009742;10/08/2021;RICARICA;ATTIVO
39320009743;18/05/2025;CONSUMO;ATTIVO
39320009744;02/04/2022;RICARICA;ATTIVO
39320009745;17/10/2021;CONSUMO;ATTIVO
39320009746;31/05/2023;RICARICA;ATTIVO
39320009747;21/02/2024;CONSUMO;SOSPESO
39320009748;23/04/2021;RICARICA;ATTIVO
39320009749;03/12/2024;CONSUMO;ATTIVO
39320009750;17/02/2024;RICARICA;ATTIVO
39320009751;27/03/2023;CONSUMO;ATTIVO
39320009752;26/07/2023;RICARICA;ATTIVO
39320009753;01/01/2026;CONSUMO;ATTIVO
39320009754;25/06/2023;RICARICA;ATTIVO
39320009755;19/03/2022;CONSUMO;ATTIVO
39320009756;23/01/2025;RICARICA;ATTIVO
39320009757;27/05/2024;CONSUMO;ATTIVO
39320009758;04/10/2024;RICARICA;ATTIVO
39320009759;03/02/2026;CONSUMO;ATTIVO
39320009760;15/05/2022;RICARICA;ATTIVO
39320009761;02/12/2023;CONSUMO;ATTIVO
39320009762;12/01/2026;RICARICA;ATTIVO
39320009763;05/02/2021;CONSUMO;ATTIVO
39320009764;07/08/2022;RICARICA;ATTIVO
39320009765;12/01/2026;CONSUMO;ATTIVO
39320009766;15/04/2023;RICARICA;ATTIVO
39320009767;30/08/2021;CONSUMO;SOSPESO
39320009768;22/01/2026;RICARICA;ATTIVO
39320009769;03/06/2024;CONSUMO;ATTIVO
39320009770;03/03/2021;RICARICA;ATTIVO
39320009771;05/10/2025;CONSUMO;ATTIVO
39320009772;12/04/2023;RICARICA;ATTIVO
39320009773;05/01/2023;CONSUMO;ATTIVO
39320009774;28/10/2021;RICARICA;ATTIVO
39320009775;29/06/2022;CONSUMO;ATTIVO
39320009776;02/02/2024;RICARICA;ATTIVO
39320009777;14/02/2023;CONSUMO;ATTIVO
39320009778;14/07/2024;RICARICA;ATTIVO
39320009779;26/08/2025;CONSUMO;ATTIVO
39320009780;25/02/2024;RICARICA;ATTIVO
39320009781;23/05/2023;CONSUMO;ATTIVO
39320009782;29/08/2025;RICARICA;ATTIVO
39320009783;26/10/2021;CONSUMO;ATTIVO
39320009784;12/07/2025;RICARICA;ATTIVO
39320009785;16/03/2024;CONSUMO;ATTIVO
39320009786;07/03/2026;RICARICA;ATTIVO
39320009787;31/05/2022;CONSUMO;ATTIVO
39320009788;11/05/2025;RICARICA;ATTIVO
39320009789;14/01/2024;CONSUMO;ATTIVO
39320009790;18/04/2024;RICARICA;ATTIVO
39320009791;29/09/2022;CONSUMO;ATTIVO
39320009792;11/07/2022;RICARICA;ATTIVO
39320009793;25/03/2021;CONSUMO;ATTIVO
39320009794;02/09/2025;RICARICA;SOSPESO
39320009795;07/09/2023;CONSUMO;ATTIVO
39320009796;03/01/2021;RICARICA;ATTIVO
39320009797;12/10/2025;CONSUMO;ATTIVO
39320009798;14/05/2024;RICARICA;ATTIVO
39320009799;18/12/2025;CONSUMO;ATTIVO
39320009800;23/04/2021;RICARICA;ATTIVO
39320009801;13/04/2025;CONSUMO;ATTIVO
39320009802;18/02/2022;RICARICA;ATTIVO
39320009803;30/09/2024;CONSUMO;ATTIVO
39320009804;07/06/2024;RICARICA;ATTIVO
39320009805;14/08/2025;CONSUMO;ATTIVO
39320009806;09/04/2021;RICARICA;SOSPESO
39320009807;08/02/2023;CONSUMO;ATTIVO
39320009808;07/06/2024;RICARICA;ATTIVO
39320009809;14/06/2021;CONSUMO;ATTIVO
39320009810;27/05/2024;RICARICA;ATTIVO
39320009811;19/02/2025;CONSUMO;ATTIVO
39320009812;18/07/2023;RICARICA;ATTIVO
39320009813;29/12/2021;CONSUMO;ATTIVO
39320009814;05/12/2023;RICARICA;ATTIVO
39320009815;07/04/2024;CONSUMO;SOSPESO
39320009816;07/08/2024;RICARICA;ATTIVO
39320009817;22/10/2021;CONSUMO;ATTIVO
39320009818;25/01/2023;RICARICA;ATTIVO
39320009819;28/07/2022;CONSUMO;ATTIVO
39320009820;09/01/2026;RICARICA;ATTIVO
39320009821;26/06/2023;CONSUMO;ATTIVO
39320009822;12/03/2023;RICARICA;ATTIVO
39320009823;02/01/2025;CONSUMO;SOSPESO
39320009824;19/12/2025;RICARICA;ATTIVO
39320009825;06/04/2023;CONSUMO;ATTIVO
39320009826;24/04/2023;RICARICA;ATTIVO
39320009827;06/05/2024;CONSUMO;ATTIVO
39320009828;09/02/2021;RICARICA;ATTIVO
39320009829;08/07/2021;CONSUMO;ATTIVO
39320009830;05/10/2023;RICARICA;ATTIVO
39320009831;19/08/2025;CONSUMO;ATTIVO
39320009832;27/02/2023;RICARICA;SOSPESO
39320009833;26/11/2021;CONSUMO;ATTIVO
39320009834;17/05/2024;RICARICA;ATTIVO
39320009835;12/05/2025;CONSUMO;ATTIVO
39320009836;25/03/2023;RICARICA;SOSPESO
39320009837;13/10/2024;CONSUMO;ATTIVO
39320009838;18/05/2021;RICARICA;SOSPESO
39320009839;11/02/2022;CONSUMO;ATTIVO
39320009840;21/04/2022;RICARICA;ATTIVO
39320009841;29/09/2021;CONSUMO;SOSPESO
39320009842;06/10/2022;RICARICA;ATTIVO
39320009843;17/12/2021;CONSUMO;ATTIVO
39320009844;19/02/2026;RICARICA;SOSPESO
39320009845;11/08/2021;CONSUMO;ATTIVO
39320009846;14/03/2026;RICARICA;ATTIVO
39320009847;22/01/2021;CONSUMO;ATTIVO
39320009848;16/01/2026;RICARICA;ATTIVO
39320009849;20/10/2024;CONSUMO;ATTIVO
39320009850;19/05/2024;RICARICA;ATTIVO
39320009851;17/02/2023;CONSUMO;ATTIVO
39320009852;17/03/2025;RICARICA;ATTIVO
39320009853;17/08/2025;CONSUMO;ATTIVO
39320009854;03/10/2024;RICARICA;ATTIVO
39320009855;16/08/2023;CONSUMO;ATTIVO
39320009856;20/03/2024;RICARICA;SOSPESO
39320009857;10/02/2023;CONSUMO;ATTIVO
39320009858;23/03/2022;RICARICA;ATTIVO
39320009859;31/12/2025;CONSUMO;ATTIVO
39320009860;31/08/2022;RICARICA;ATTIVO
39320009861;28/04/2024;CONSUMO;ATTIVO
39320009862;12/12/2021;RICARICA;ATTIVO
39320009863;24/10/2022;CONSUMO;ATTIVO
39320009864;05/11/2025;RICARICA;ATTIVO
39320009865;12/11/2023;CONSUMO;ATTIVO
39320009866;02/08/2025;RICARICA;ATTIVO
39320009867;19/07/2022;CONSUMO;ATTIVO
39320009868;19/04/2021;RICARICA;ATTIVO
39320009869;24/02/2022;CONSUMO;ATTIVO
39320009870;31/08/2025;RICARICA;ATTIVO
39320009871;22/08/2023;CONSUMO;ATTIVO
39320009872;15/03/2026;RICARICA;ATTIVO
39320009873;07/08/2023;CONSUMO;ATTIVO
39320009874;21/10/2023;RICARICA;ATTIVO
39320009875;15/12/2021;CONSUMO;ATTIVO
39320009876;03/06/2021;RICARICA;ATTIVO
39320009877;27/11/2021;CONSUMO;ATTIVO
39320009878;04/12/2025;RICARICA;ATTIVO
39320009879;08/08/2025;CONSUMO;ATTIVO
39320009880;22/08/2025;RICARICA;ATTIVO
39320009881;10/07/2024;CONSUMO;ATTIVO
39320009882;30/11/2023;RICARICA;SOSPESO
39320009883;10/05/2023;CONSUMO;ATTIVO
39320009884;24/01/2024;RICARICA;ATTIVO
39320009885;27/08/2025;CONSUMO;ATTIVO
39320009886;06/02/2025;RICARICA;ATTIVO
39320009887;16/06/2023;CONSUMO;ATTIVO
39320009888;23/05/2023;RICARICA;ATTIVO
39320009889;20/04/2022;CONSUMO;ATTIVO
39320009890;10/01/2024;RICARICA;ATTIVO
39320009891;24/08/2021;CONSUMO;ATTIVO
39320009892;29/12/2021;RICARICA;ATTIVO
39320009893;15/10/2022;CONSUMO;ATTIVO
39320009894;25/11/2022;RICARICA;ATTIVO
39320009895;17/03/2025;CONSUMO;ATTIVO
39320009896;22/02/2025;RICARICA;ATTIVO
39320009897;28/05/2025;CONSUMO;ATTIVO
39320009898;21/01/2024;RICARICA;ATTIVO
39320009899;28/05/2023;CONSUMO;ATTIVO
39320009900;14/03/2026;RICARICA;SOSPESO
39320009901;18/07/2023;CONSUMO;ATTIVO
39320009902;06/05/2021;RICARICA;ATTIVO
39320009903;14/10/2023;CONSUMO;ATTIVO
39320009904;10/04/2023;RICARICA;ATTIVO
39320009905;12/07/2025;CONSUMO;ATTIVO
39320009906;11/06/2025;RICARICA;ATTIVO
39320009907;15/04/2025;CONSUMO;ATTIVO
39320009908;13/01/2024;RICARICA;ATTIVO
39320009909;11/09/2024;CONSUMO;ATTIVO
39320009910;05/01/2022;RICARICA;ATTIVO
39320009911;17/12/2022;CONSUMO;ATTIVO
39320009912;23/11/2021;RICARICA;ATTIVO
39320009913;17/03/2023;CONSUMO;ATTIVO
39320009914;12/09/2024;RICARICA;ATTIVO
39320009915;11/05/2025;CONSUMO;ATTIVO
39320009916;06/07/2023;RICARICA;SOSPESO
39320009917;07/11/2024;CONSUMO;ATTIVO
39320009918;12/03/2024;RICARICA;ATTIVO
39320009919;30/05/2021;CONSUMO;ATTIVO
39320009920;27/04/2025;RICARICA;SOSPESO
39320009921;29/05/2021;CONSUMO;SOSPESO
39320009922;12/10/2021;RICARICA;ATTIVO
39320009923;26/03/2023;CONSUMO;SOSPESO
39320009924;27/03/2025;RICARICA;ATTIVO
39320009925;22/03/2021;CONSUMO;ATTIVO
39320009926;31/12/2023;RICARICA;ATTIVO
39320009927;04/07/2022;CONSUMO;ATTIVO
39320009928;30/06/2024;RICARICA;ATTIVO
39320009929;15/08/2022;CONSUMO;ATTIVO
39320009930;13/11/2025;RICARICA;ATTIVO
39320009931;21/11/2021;CONSUMO;ATTIVO
39320009932;25/02/2026;RICARICA;ATTIVO
39320009933;09/11/2022;CONSUMO;ATTIVO
39320009934;24/05/2024;RICARICA;ATTIVO
39320009935;16/04/2022;CONSUMO;ATTIVO
39320009936;16/01/2024;RICARICA;ATTIVO
39320009937;12/01/2025;CONSUMO;ATTIVO
39320009938;17/11/2024;RICARICA;ATTIVO
39320009939;21/08/2022;CONSUMO;ATTIVO
39320009940;03/09/2022;RICARICA;ATTIVO
39320009941;23/11/2022;CONSUMO;ATTIVO
39320009942;02/06/2024;RICARICA;ATTIVO
39320009943;13/07/2024;CONSUMO;ATTIVO
39320009944;22/06/2021;RICARICA;ATTIVO
39320009945;15/07/2023;CONSUMO;ATTIVO
39320009946;06/11/2023;RICARICA;ATTIVO
39320009947;18/07/2025;CONSUMO;ATTIVO
39320009948;15/03/2021;RICARICA;ATTIVO
39320009949;23/06/2023;CONSUMO;ATTIVO
39320009950;07/03/2026;RICARICA;ATTIVO
39320009951;08/01/2026;CONSUMO;ATTIVO
39320009952;06/07/2023;RICARICA;ATTIVO
39320009953;06/02/2022;CONSUMO;ATTIVO
39320009954;06/09/2024;RICARICA;ATTIVO
39320009955;14/06/2024;CONSUMO;ATTIVO
39320009956;19/02/2023;RICARICA;ATTIVO
39320009957;11/06/2024;CONSUMO;ATTIVO
39320009958;09/07/2024;RICARICA;ATTIVO
39320009959;03/08/2023;CONSUMO;ATTIVO
39320009960;26/12/2023;RICARICA;ATTIVO
39320009961;15/01/2024;CONSUMO;ATTIVO
39320009962;01/07/2024;RICARICA;ATTIVO
39320009963;13/06/2023;CONSUMO;ATTIVO
39320009964;11/01/2025;RICARICA;ATTIVO
39320009965;11/09/2025;CONSUMO;ATTIVO
39320009966;18/10/2022;RICARICA;ATTIVO
39320009967;06/02/2022;CONSUMO;ATTIVO
39320009968;16/03/2025;RICARICA;ATTIVO
39320009969;10/08/2024;CONSUMO;ATTIVO
39320009970;27/10/2024;RICARICA;ATTIVO
39320009971;28/03/2023;CONSUMO;ATTIVO
39320009972;29/10/2024;RICARICA;ATTIVO
39320009973;02/05/2022;CONSUMO;ATTIVO
39320009974;25/11/2024;RICARICA;ATTIVO
39320009975;03/03/2021;CONSUMO;ATTIVO
39320009976;13/11/2025;RICARICA;ATTIVO
39320009977;11/03/2023;CONSUMO;ATTIVO
39320009978;22/06/2024;RICARICA;ATTIVO
39320009979;25/07/2023;CONSUMO;ATTIVO
39320009980;04/03/2021;RICARICA;ATTIVO
39320009981;10/12/2021;CONSUMO;ATTIVO
39320009982;15/01/2024;RICARICA;ATTIVO
39320009983;09/03/2025;CONSUMO;ATTIVO
39320009984;07/02/2023;RICARICA;ATTIVO
39320009985;09/01/2022;CONSUMO;SOSPESO
39320009986;17/03/2023;RICARICA;ATTIVO
39320009987;19/03/2023;CONSUMO;ATTIVO
39320009988;24/12/2022;RICARICA;ATTIVO
39320009989;06/06/2024;CONSUMO;ATTIVO
39320009990;31/07/2024;RICARICA;ATTIVO
39320009991;30/09/2021;CONSUMO;ATTIVO
39320009992;23/02/2025;RICARICA;ATTIVO
39320009993;06/07/2022;CONSUMO;ATTIVO
39320009994;28/08/2025;RICARICA;ATTIVO
39320009995;10/11/2025;CONSUMO;SOSPESO
39320009996;24/01/2024;RICARICA;SOSPESO
39320009997;07/03/2026;CONSUMO;ATTIVO
39320009998;31/07/2021;RICARICA;ATTIVO
39320009999;03/12/2021;CONSUMO;ATTIVO
39320010000;02/11/2024;RICARICA;ATTIVO
39320010001;03/11/2022;CONSUMO;ATTIVO
39320010002;09/04/2025;RICARICA;ATTIVO
39320010003;17/09/2023;CONSUMO;ATTIVO
39320010004;05/12/2022;RICARICA;ATTIVO
39320010005;24/03/2024;CONSUMO;ATTIVO
39320010006;21/04/2024;RICARICA;ATTIVO
39320010007;23/11/2024;CONSUMO;ATTIVO
39320010008;21/12/2023;RICARICA;ATTIVO
39320010009;06/11/2024;CONSUMO;ATTIVO
39320010010;03/04/2022;RICARICA;ATTIVO
39320010011;31/10/2023;CONSUMO;ATTIVO
39320010012;26/12/2024;RICARICA;ATTIVO
39320010013;20/01/2023;CONSUMO;ATTIVO
39320010014;15/08/2024;RICARICA;ATTIVO
39320010015;23/06/2022;CONSUMO;SOSPESO
39320010016;08/10/2025;RICARICA;ATTIVO
39320010017;02/02/2021;CONSUMO;ATTIVO
39320010018;29/03/2025;RICARICA;ATTIVO
39320010019;24/10/2024;CONSUMO;ATTIVO
39320010020;20/06/2022;RICARICA;ATTIVO
39320010021;02/02/2022;CONSUMO;ATTIVO
39320010022;30/06/2024;RICARICA;ATTIVO
39320010023;15/10/2024;CONSUMO;ATTIVO
39320010024;16/08/2025;RICARICA;ATTIVO
39320010025;13/03/2026;CONSUMO;ATTIVO
39320010026;15/02/2026;RICARICA;ATTIVO
39320010027;19/09/2023;CONSUMO;ATTIVO
39320010028;12/02/2022;RICARICA;ATTIVO
39320010029;14/12/2024;CONSUMO;ATTIVO
39320010030;29/04/2022;RICARICA;ATTIVO
39320010031;19/03/2021;CONSUMO;ATTIVO
39320010032;16/01/2023;RICARICA;ATTIVO
39320010033;22/09/2022;CONSUMO;ATTIVO
39320010034;25/08/2022;RICARICA;ATTIVO
39320010035;01/11/2022;CONSUMO;ATTIVO
39320010036;19/02/2022;RICARICA;ATTIVO
39320010037;01/02/2025;CONSUMO;ATTIVO
39320010038;22/06/2024;RICARICA;ATTIVO
39320010039;02/08/2025;CONSUMO;ATTIVO
39320010040;30/01/2025;RICARICA;ATTIVO
39320010041;11/12/2023;CONSUMO;ATTIVO
39320010042;24/06/2025;RICARICA;ATTIVO
39320010043;10/10/2025;CONSUMO;ATTIVO
39320010044;02/02/2021;RICARICA;SOSPESO
39320010045;29/06/2022;CONSUMO;SOSPESO
39320010046;03/11/2021;RICARICA;ATTIVO
39320010047;10/08/2024;CONSUMO;ATTIVO
39320010048;04/08/2022;RICARICA;SOSPESO
39320010049;11/06/2025;CONSUMO;ATTIVO
39320010050;09/05/2025;RICARICA;ATTIVO
39320010051;25/07/2023;CONSUMO;ATTIVO
39320010052;20/12/2023;RICARICA;SOSPESO
39320010053;07/09/2021;CONSUMO;ATTIVO
39320010054;09/12/2023;RICARICA;ATTIVO
39320010055;04/05/2021;CONSUMO;ATTIVO
39320010056;06/09/2025;RICARICA;ATTIVO
39320010057;06/09/2023;CONSUMO;ATTIVO
39320010058;10/01/2023;RICARICA;ATTIVO
39320010059;26/09/2025;CONSUMO;ATTIVO
39320010060;17/02/2024;RICARICA;ATTIVO
39320010061;15/12/2022;CONSUMO;ATTIVO
39320010062;29/12/2025;RICARICA;ATTIVO
39320010063;09/11/2022;CONSUMO;ATTIVO
39320010064;13/02/2026;RICARICA;ATTIVO
39320010065;27/05/2023;CONSUMO;ATTIVO
39320010066;27/10/2022;RICARICA;ATTIVO
39320010067;10/04/2024;CONSUMO;ATTIVO
39320010068;11/06/2025;RICARICA;ATTIVO
39320010069;09/01/2024;CONSUMO;ATTIVO
39320010070;04/09/2022;RICARICA;ATTIVO
39320010071;11/10/2021;CONSUMO;ATTIVO
39320010072;23/11/2022;RICARICA;ATTIVO
39320010073;26/02/2025;CONSUMO;ATTIVO
39320010074;27/07/2022;RICARICA;ATTIVO
39320010075;27/11/2022;CONSUMO;ATTIVO
39320010076;15/05/2023;RICARICA;SOSPESO
39320010077;20/06/2025;CONSUMO;ATTIVO
39320010078;02/06/2025;RICARICA;ATTIVO
39320010079;10/06/2024;CONSUMO;ATTIVO
39320010080;26/10/2023;RICARICA;ATTIVO
39320010081;12/06/2024;CONSUMO;ATTIVO
39320010082;19/06/2021;RICARICA;ATTIVO
39320010083;27/05/2023;CONSUMO;SOSPESO
39320010084;22/02/2021;RICARICA;ATTIVO
39320010085;09/10/2025;CONSUMO;ATTIVO
39320010086;22/03/2021;RICARICA;ATTIVO
39320010087;30/06/2025;CONSUMO;ATTIVO
39320010088;02/08/2024;RICARICA;ATTIVO
39320010089;18/08/2024;CONSUMO;ATTIVO
39320010090;29/05/2021;RICARICA;SOSPESO
39320010091;26/09/2021;CONSUMO;ATTIVO
39320010092;19/08/2025;RICARICA;ATTIVO
39320010093;21/08/2025;CONSUMO;ATTIVO
39320010094;30/10/2022;RICARICA;ATTIVO
39320010095;22/05/2021;CONSUMO;ATTIVO
39320010096;26/10/2022;RICARICA;ATTIVO
39320010097;11/03/2021;CONSUMO;ATTIVO
39320010098;21/07/2024;RICARICA;ATTIVO
39320010099;12/02/2024;CONSUMO;ATTIVO
39320010100;28/10/2024;RICARICA;ATTIVO
39320010101;14/09/2022;CONSUMO;ATTIVO
39320010102;01/12/2023;RICARICA;ATTIVO
39320010103;24/02/2023;CONSUMO;ATTIVO
39320010104;23/06/2024;RICARICA;SOSPESO
39320010105;02/10/2023;CONSUMO;ATTIVO
39320010106;08/10/2025;RICARICA;ATTIVO
39320010107;31/03/2022;CONSUMO;ATTIVO
39320010108;15/01/2026;RICARICA;ATTIVO
39320010109;23/06/2023;CONSUMO;ATTIVO
39320010110;23/08/2022;RICARICA;ATTIVO
39320010111;03/11/2021;CONSUMO;ATTIVO
39320010112;23/09/2021;RICARICA;ATTIVO
39320010113;22/11/2023;CONSUMO;SOSPESO
39320010114;12/12/2024;RICARICA;ATTIVO
39320010115;26/01/2023;CONSUMO;ATTIVO
39320010116;23/05/2021;RICARICA;ATTIVO
39320010117;08/07/2025;CONSUMO;ATTIVO
39320010118;20/12/2024;RICARICA;ATTIVO
39320010119;30/07/2025;CONSUMO;ATTIVO
39320010120;01/10/2021;RICARICA;ATTIVO
39320010121;09/05/2021;CONSUMO;ATTIVO
39320010122;27/05/2024;RICARICA;ATTIVO
39320010123;19/09/2025;CONSUMO;ATTIVO
39320010124;07/07/2024;RICARICA;ATTIVO
39320010125;09/07/2021;CONSUMO;ATTIVO
39320010126;21/02/2025;RICARICA;ATTIVO
39320010127;04/07/2021;CONSUMO;ATTIVO
39320010128;01/05/2023;RICARICA;ATTIVO
39320010129;24/11/2021;CONSUMO;ATTIVO
39320010130;07/02/2024;RICARICA;ATTIVO
39320010131;19/02/2021;CONSUMO;ATTIVO
39320010132;20/04/2025;RICARICA;ATTIVO
39320010133;29/11/2023;CONSUMO;ATTIVO
39320010134;24/09/2024;RICARICA;ATTIVO
39320010135;31/05/2025;CONSUMO;ATTIVO
39320010136;18/12/2022;RICARICA;ATTIVO
39320010137;20/10/2022;CONSUMO;ATTIVO
39320010138;14/01/2023;RICARICA;ATTIVO
39320010139;29/06/2022;CONSUMO;ATTIVO
39320010140;16/02/2023;RICARICA;ATTIVO
39320010141;15/03/2024;CONSUMO;SOSPESO
39320010142;29/10/2022;RICARICA;ATTIVO
39320010143;04/07/2021;CONSUMO;ATTIVO
39320010144;08/05/2025;RICARICA;ATTIVO
39320010145;28/02/2025;CONSUMO;ATTIVO
39320010146;17/01/2026;RICARICA;ATTIVO
39320010147;09/05/2022;CONSUMO;ATTIVO
39320010148;15/03/2023;RICARICA;ATTIVO
39320010149;15/11/2025;CONSUMO;ATTIVO
39320010150;20/06/2023;RICARICA;SOSPESO
39320010151;14/08/2024;CONSUMO;ATTIVO
39320010152;10/05/2021;RICARICA;ATTIVO
39320010153;17/03/2022;CONSUMO;ATTIVO
39320010154;01/06/2025;RICARICA;ATTIVO
39320010155;21/03/2022;CONSUMO;SOSPESO
39320010156;04/09/2024;RICARICA;ATTIVO
39320010157;17/01/2022;CONSUMO;SOSPESO
39320010158;12/03/2026;RICARICA;ATTIVO
39320010159;08/01/2022;CONSUMO;ATTIVO
39320010160;26/03/2024;RICARICA;SOSPESO
39320010161;06/02/2026;CONSUMO;ATTIVO
39320010162;26/02/2025;RICARICA;ATTIVO
39320010163;17/12/2021;CONSUMO;SOSPESO
39320010164;09/02/2025;RICARICA;ATTIVO
39320010165;01/11/2022;CONSUMO;ATTIVO
39320010166;13/04/2024;RICARICA;ATTIVO
39320010167;13/09/2022;CONSUMO;ATTIVO
39320010168;02/02/2024;RICARICA;ATTIVO
39320010169;11/01/2026;CONSUMO;ATTIVO
39320010170;30/08/2024;RICARICA;ATTIVO
39320010171;16/05/2022;CONSUMO;ATTIVO
39320010172;19/10/2025;RICARICA;ATTIVO
39320010173;21/02/2022;CONSUMO;ATTIVO
39320010174;23/09/2022;RICARICA;ATTIVO
39320010175;08/09/2021;CONSUMO;ATTIVO
39320010176;13/08/2024;RICARICA;ATTIVO
39320010177;04/03/2025;CONSUMO;ATTIVO
39320010178;25/03/2022;RICARICA;ATTIVO
39320010179;17/03/2023;CONSUMO;ATTIVO
39320010180;10/02/2021;RICARICA;ATTIVO
39320010181;19/06/2022;CONSUMO;ATTIVO
39320010182;28/03/2024;RICARICA;ATTIVO
39320010183;07/05/2025;CONSUMO;ATTIVO
39320010184;05/01/2025;RICARICA;ATTIVO
39320010185;05/01/2022;CONSUMO;ATTIVO
39320010186;21/05/2024;RICARICA;ATTIVO
39320010187;29/10/2025;CONSUMO;ATTIVO
39320010188;06/01/2021;RICARICA;ATTIVO
39320010189;24/12/2021;CONSUMO;ATTIVO
39320010190;28/11/2021;RICARICA;ATTIVO
39320010191;20/05/2022;CONSUMO;ATTIVO
39320010192;05/05/2024;RICARICA;ATTIVO
39320010193;16/12/2023;CONSUMO;ATTIVO
39320010194;12/01/2025;RICARICA;ATTIVO
39320010195;02/10/2023;CONSUMO;ATTIVO
39320010196;02/08/2025;RICARICA;ATTIVO
39320010197;01/04/2024;CONSUMO;SOSPESO
39320010198;17/02/2026;RICARICA;ATTIVO
39320010199;25/09/2021;CONSUMO;ATTIVO
39320010200;22/07/2025;RICARICA;ATTIVO
39320010201;21/07/2021;CONSUMO;ATTIVO
39320010202;17/01/2023;RICARICA;ATTIVO
39320010203;08/06/2025;CONSUMO;ATTIVO
39320010204;22/04/2021;RICARICA;ATTIVO
39320010205;21/12/2021;CONSUMO;ATTIVO
39320010206;02/04/2021;RICARICA;ATTIVO
39320010207;10/02/2024;CONSUMO;ATTIVO
39320010208;19/07/2025;RICARICA;SOSPESO
39320010209;18/12/2025;CONSUMO;ATTIVO
39320010210;29/10/2023;RICARICA;ATTIVO
39320010211;11/03/2024;CONSUMO;ATTIVO
39320010212;01/11/2024;RICARICA;ATTIVO
39320010213;24/02/2025;CONSUMO;ATTIVO
39320010214;05/12/2025;RICARICA;ATTIVO
39320010215;20/11/2023;CONSUMO;ATTIVO
39320010216;30/04/2022;RICARICA;ATTIVO
39320010217;19/03/2023;CONSUMO;SOSPESO
39320010218;24/06/2025;RICARICA;ATTIVO
39320010219;18/03/2025;CONSUMO;ATTIVO
39320010220;25/07/2025;RICARICA;ATTIVO
39320010221;18/02/2022;CONSUMO;ATTIVO
39320010222;11/09/2022;RICARICA;ATTIVO
39320010223;06/03/2023;CONSUMO;ATTIVO
39320010224;27/07/2025;RICARICA;ATTIVO
39320010225;15/06/2025;CONSUMO;ATTIVO
39320010226;13/08/2021;RICARICA;ATTIVO
39320010227;12/12/2022;CONSUMO;ATTIVO
39320010228;30/11/2021;RICARICA;SOSPESO
39320010229;21/11/2025;CONSUMO;ATTIVO
39320010230;15/01/2026;RICARICA;SOSPESO
39320010231;11/07/2021;CONSUMO;ATTIVO
39320010232;02/11/2021;RICARICA;ATTIVO
39320010233;09/12/2021;CONSUMO;ATTIVO
39320010234;03/02/2025;RICARICA;SOSPESO
39320010235;15/03/2025;CONSUMO;ATTIVO
39320010236;19/02/2021;RICARICA;ATTIVO
39320010237;12/02/2022;CONSUMO;ATTIVO
39320010238;31/08/2024;RICARICA;ATTIVO
39320010239;14/11/2023;CONSUMO;ATTIVO
39320010240;07/06/2024;RICARICA;ATTIVO
39320010241;11/02/2026;CONSUMO;ATTIVO
39320010242;02/05/2023;RICARICA;SOSPESO
39320010243;19/06/2021;CONSUMO;ATTIVO
39320010244;30/04/2024;RICARICA;ATTIVO
39320010245;31/05/2024;CONSUMO;SOSPESO
39320010246;25/10/2021;RICARICA;ATTIVO
39320010247;20/07/2024;CONSUMO;ATTIVO
39320010248;07/11/2021;RICARICA;ATTIVO
39320010249;19/11/2021;CONSUMO;ATTIVO
39320010250;07/11/2024;RICARICA;SOSPESO
39320010251;01/08/2023;CONSUMO;ATTIVO
39320010252;22/03/2025;RICARICA;ATTIVO
39320010253;20/04/2021;CONSUMO;ATTIVO
39320010254;29/04/2025;RICARICA;ATTIVO
39320010255;02/07/2021;CONSUMO;ATTIVO
39320010256;23/02/2023;RICARICA;ATTIVO
39320010257;23/09/2021;CONSUMO;ATTIVO
39320010258;27/03/2021;RICARICA;ATTIVO
39320010259;17/01/2025;CONSUMO;ATTIVO
39320010260;06/10/2021;RICARICA;ATTIVO
39320010261;17/09/2024;CONSUMO;ATTIVO
39320010262;20/12/2023;RICARICA;ATTIVO
39320010263;25/05/2022;CONSUMO;ATTIVO
39320010264;29/06/2024;RICARICA;ATTIVO
39320010265;15/03/2022;CONSUMO;ATTIVO
39320010266;17/03/2024;RICARICA;ATTIVO
39320010267;18/02/2023;CONSUMO;ATTIVO
39320010268;04/01/2024;RICARICA;ATTIVO
39320010269;02/01/2022;CONSUMO;ATTIVO
39320010270;01/12/2025;RICARICA;ATTIVO
39320010271;10/09/2022;CONSUMO;ATTIVO
39320010272;01/08/2021;RICARICA;ATTIVO
39320010273;27/05/2025;CONSUMO;ATTIVO
39320010274;25/07/2021;RICARICA;ATTIVO
39320010275;16/02/2021;CONSUMO;ATTIVO
39320010276;30/10/2024;RICARICA;ATTIVO
39320010277;11/12/2023;CONSUMO;ATTIVO
39320010278;22/11/2022;RICARICA;ATTIVO
39320010279;26/03/2024;CONSUMO;ATTIVO
39320010280;03/10/2021;RICARICA;ATTIVO
39320010281;11/08/2022;CONSUMO;ATTIVO
39320010282;05/02/2021;RICARICA;ATTIVO
39320010283;26/04/2024;CONSUMO;ATTIVO
39320010284;01/10/2025;RICARICA;ATTIVO
39320010285;18/12/2022;CONSUMO;ATTIVO
39320010286;16/09/2025;RICARICA;ATTIVO
39320010287;18/07/2025;CONSUMO;ATTIVO
39320010288;03/09/2024;RICARICA;ATTIVO
39320010289;16/03/2022;CONSUMO;ATTIVO
39320010290;11/03/2024;RICARICA;ATTIVO
39320010291;20/09/2021;CONSUMO;ATTIVO
39320010292;09/04/2024;RICARICA;ATTIVO
39320010293;04/02/2021;CONSUMO;ATTIVO
39320010294;14/04/2022;RICARICA;SOSPESO
39320010295;31/08/2021;CONSUMO;ATTIVO
39320010296;26/01/2022;RICARICA;ATTIVO
39320010297;06/01/2023;CONSUMO;ATTIVO
39320010298;11/01/2024;RICARICA;ATTIVO
39320010299;21/09/2022;CONSUMO;ATTIVO
39320010300;24/09/2021;RICARICA;ATTIVO
39320010301;25/02/2021;CONSUMO;ATTIVO
39320010302;03/06/2021;RICARICA;ATTIVO
39320010303;14/05/2025;CONSUMO;ATTIVO
39320010304;16/10/2021;RICARICA;SOSPESO
39320010305;21/04/2021;CONSUMO;ATTIVO
39320010306;12/01/2023;RICARICA;ATTIVO
39320010307;09/09/2023;CONSUMO;ATTIVO
39320010308;11/10/2023;RICARICA;ATTIVO
39320010309;07/12/2021;CONSUMO;ATTIVO
39320010310;06/05/2021;RICARICA;ATTIVO
39320010311;17/01/2025;CONSUMO;SOSPESO
39320010312;03/06/2023;RICARICA;ATTIVO
39320010313;24/04/2024;CONSUMO;ATTIVO
39320010314;13/04/2022;RICARICA;ATTIVO
39320010315;28/10/2025;CONSUMO;ATTIVO
39320010316;24/08/2024;RICARICA;SOSPESO
39320010317;08/08/2021;CONSUMO;ATTIVO
39320010318;19/06/2022;RICARICA;SOSPESO
39320010319;21/11/2021;CONSUMO;ATTIVO
39320010320;02/11/2024;RICARICA;ATTIVO
39320010321;16/01/2021;CONSUMO;ATTIVO
39320010322;25/12/2024;RICARICA;ATTIVO
39320010323;08/03/2021;CONSUMO;ATTIVO
39320010324;13/09/2021;RICARICA;ATTIVO
39320010325;14/01/2023;CONSUMO;ATTIVO
39320010326;11/04/2023;RICARICA;SOSPESO
39320010327;01/03/2024;CONSUMO;ATTIVO
39320010328;03/08/2024;RICARICA;ATTIVO
39320010329;17/05/2023;CONSUMO;ATTIVO
39320010330;24/09/2022;RICARICA;ATTIVO
39320010331;30/01/2023;CONSUMO;ATTIVO
39320010332;18/10/2024;RICARICA;ATTIVO
39320010333;14/12/2022;CONSUMO;ATTIVO
39320010334;21/05/2023;RICARICA;ATTIVO
39320010335;20/05/2022;CONSUMO;ATTIVO
39320010336;20/09/2025;RICARICA;ATTIVO
39320010337;10/09/2025;CONSUMO;ATTIVO
39320010338;04/08/2023;RICARICA;ATTIVO
39320010339;15/08/2021;CONSUMO;ATTIVO
39320010340;02/05/2021;RICARICA;ATTIVO
39320010341;21/06/2025;CONSUMO;ATTIVO
39320010342;09/09/2021;RICARICA;ATTIVO
39320010343;24/02/2021;CONSUMO;ATTIVO
39320010344;17/02/2025;RICARICA;ATTIVO
39320010345;09/02/2024;CONSUMO;ATTIVO
39320010346;10/07/2023;RICARICA;ATTIVO
39320010347;13/04/2025;CONSUMO;SOSPESO
39320010348;29/09/2023;RICARICA;ATTIVO
39320010349;24/11/2023;CONSUMO;ATTIVO
39320010350;27/01/2021;RICARICA;ATTIVO
39320010351;22/07/2025;CONSUMO;ATTIVO
39320010352;21/01/2023;RICARICA;ATTIVO
39320010353;31/10/2021;CONSUMO;ATTIVO
39320010354;14/11/2025;RICARICA;ATTIVO
39320010355;03/12/2022;CONSUMO;ATTIVO
39320010356;08/08/2023;RICARICA;ATTIVO
39320010357;08/11/2023;CONSUMO;ATTIVO
39320010358;17/07/2023;RICARICA;ATTIVO
39320010359;21/04/2021;CONSUMO;ATTIVO
39320010360;15/04/2022;RICARICA;ATTIVO
39320010361;08/04/2021;CONSUMO;ATTIVO
39320010362;13/08/2022;RICARICA;ATTIVO
39320010363;23/12/2023;CONSUMO;SOSPESO
39320010364;05/10/2023;RICARICA;ATTIVO
39320010365;29/06/2025;CONSUMO;ATTIVO
39320010366;22/08/2021;RICARICA;ATTIVO
39320010367;20/02/2021;CONSUMO;ATTIVO
39320010368;11/06/2023;RICARICA;ATTIVO
39320010369;25/12/2023;CONSUMO;ATTIVO
39320010370;17/10/2024;RICARICA;ATTIVO
39320010371;23/05/2023;CONSUMO;ATTIVO
39320010372;05/05/2024;RICARICA;ATTIVO
39320010373;02/03/2021;CONSUMO;ATTIVO
39320010374;24/02/2024;RICARICA;ATTIVO
39320010375;12/02/2022;CONSUMO;SOSPESO
39320010376;04/07/2025;RICARICA;ATTIVO
39320010377;15/02/2022;CONSUMO;ATTIVO
39320010378;17/11/2021;RICARICA;ATTIVO
39320010379;27/02/2026;CONSUMO;SOSPESO
39320010380;04/03/2026;RICARICA;ATTIVO
39320010381;15/06/2023;CONSUMO;ATTIVO
39320010382;14/06/2023;RICARICA;ATTIVO
39320010383;11/06/2021;CONSUMO;ATTIVO
39320010384;12/05/2021;RICARICA;ATTIVO
39320010385;29/08/2025;CONSUMO;ATTIVO
39320010386;15/10/2025;RICARICA;ATTIVO
39320010387;07/03/2021;CONSUMO;ATTIVO
39320010388;29/06/2022;RICARICA;ATTIVO
39320010389;22/05/2023;CONSUMO;ATTIVO
39320010390;08/11/2022;RICARICA;ATTIVO
39320010391;21/02/2021;CONSUMO;ATTIVO
39320010392;17/06/2025;RICARICA;ATTIVO
39320010393;05/07/2023;CONSUMO;ATTIVO
39320010394;27/09/2024;RICARICA;ATTIVO
39320010395;15/02/2026;CONSUMO;ATTIVO
39320010396;10/02/2021;RICARICA;ATTIVO
39320010397;22/06/2022;CONSUMO;ATTIVO
39320010398;19/01/2024;RICARICA;ATTIVO
39320010399;05/02/2024;CONSUMO;ATTIVO
39320010400;04/01/2025;RICARICA;ATTIVO
39320010401;04/12/2024;CONSUMO;ATTIVO
39320010402;16/07/2024;RICARICA;ATTIVO
39320010403;21/03/2024;CONSUMO;ATTIVO
39320010404;26/05/2022;RICARICA;ATTIVO
39320010405;20/12/2024;CONSUMO;ATTIVO
39320010406;26/05/2025;RICARICA;ATTIVO
39320010407;08/06/2022;CONSUMO;ATTIVO
39320010408;25/10/2023;RICARICA;ATTIVO
39320010409;22/04/2024;CONSUMO;ATTIVO
39320010410;28/08/2025;RICARICA;ATTIVO
39320010411;15/10/2023;CONSUMO;SOSPESO
39320010412;20/03/2023;RICARICA;ATTIVO
39320010413;20/12/2023;CONSUMO;SOSPESO
39320010414;01/08/2024;RICARICA;ATTIVO
39320010415;14/05/2021;CONSUMO;ATTIVO
39320010416;23/04/2024;RICARICA;ATTIVO
39320010417;04/09/2021;CONSUMO;ATTIVO
39320010418;22/02/2023;RICARICA;ATTIVO
39320010419;16/03/2025;CONSUMO;ATTIVO
39320010420;22/04/2023;RICARICA;ATTIVO
39320010421;23/07/2021;CONSUMO;ATTIVO
39320010422;21/09/2023;RICARICA;ATTIVO
39320010423;11/04/2021;CONSUMO;ATTIVO
39320010424;15/03/2024;RICARICA;ATTIVO
39320010425;23/04/2022;CONSUMO;ATTIVO
39320010426;10/04/2025;RICARICA;ATTIVO
39320010427;10/01/2022;CONSUMO;ATTIVO
39320010428;11/11/2024;RICARICA;SOSPESO
39320010429;03/10/2024;CONSUMO;ATTIVO
39320010430;16/08/2022;RICARICA;ATTIVO
39320010431;11/02/2026;CONSUMO;ATTIVO
39320010432;04/06/2024;RICARICA;ATTIVO
39320010433;31/01/2021;CONSUMO;ATTIVO
39320010434;12/08/2025;RICARICA;ATTIVO
39320010435;05/12/2021;CONSUMO;ATTIVO
39320010436;03/10/2025;RICARICA;SOSPESO
39320010437;14/09/2024;CONSUMO;ATTIVO
39320010438;15/03/2022;RICARICA;ATTIVO
39320010439;22/11/2023;CONSUMO;ATTIVO
39320010440;26/01/2026;RICARICA;ATTIVO
39320010441;18/12/2021;CONSUMO;ATTIVO
39320010442;22/04/2023;RICARICA;ATTIVO
39320010443;21/11/2021;CONSUMO;ATTIVO
39320010444;12/09/2024;RICARICA;ATTIVO
39320010445;04/07/2025;CONSUMO;ATTIVO
39320010446;16/06/2022;RICARICA;ATTIVO
39320010447;22/01/2026;CONSUMO;SOSPESO
39320010448;25/06/2025;RICARICA;ATTIVO
39320010449;27/01/2023;CONSUMO;ATTIVO
39320010450;18/03/2025;RICARICA;ATTIVO
39320010451;17/11/2023;CONSUMO;ATTIVO
39320010452;18/12/2025;RICARICA;SOSPESO
39320010453;12/04/2024;CONSUMO;ATTIVO
39320010454;28/10/2021;RICARICA;ATTIVO
39320010455;21/06/2021;CONSUMO;SOSPESO
39320010456;15/02/2021;RICARICA;ATTIVO
39320010457;06/01/2024;CONSUMO;ATTIVO
39320010458;18/04/2024;RICARICA;SOSPESO
39320010459;16/03/2026;CONSUMO;ATTIVO
39320010460;04/03/2021;RICARICA;ATTIVO
39320010461;10/10/2025;CONSUMO;ATTIVO
39320010462;25/01/2024;RICARICA;SOSPESO
39320010463;06/01/2026;CONSUMO;ATTIVO
39320010464;01/01/2024;RICARICA;ATTIVO
39320010465;02/04/2025;CONSUMO;ATTIVO
39320010466;08/12/2025;RICARICA;ATTIVO
39320010467;05/12/2023;CONSUMO;ATTIVO
39320010468;14/03/2026;RICARICA;ATTIVO
39320010469;21/06/2023;CONSUMO;SOSPESO
39320010470;05/02/2023;RICARICA;ATTIVO
39320010471;24/01/2021;CONSUMO;ATTIVO
39320010472;07/05/2021;RICARICA;ATTIVO
39320010473;16/06/2022;CONSUMO;ATTIVO
39320010474;08/05/2023;RICARICA;ATTIVO
39320010475;28/08/2023;CONSUMO;ATTIVO
39320010476;25/08/2025;RICARICA;ATTIVO
39320010477;21/09/2025;CONSUMO;ATTIVO
39320010478;28/02/2024;RICARICA;ATTIVO
39320010479;04/05/2024;CONSUMO;ATTIVO
39320010480;15/04/2025;RICARICA;ATTIVO
39320010481;22/06/2021;CONSUMO;SOSPESO
39320010482;13/11/2023;RICARICA;ATTIVO
39320010483;13/10/2024;CONSUMO;ATTIVO
39320010484;08/07/2022;RICARICA;ATTIVO
39320010485;13/05/2024;CONSUMO;ATTIVO
39320010486;21/02/2024;RICARICA;ATTIVO
39320010487;05/11/2021;CONSUMO;ATTIVO
39320010488;21/03/2025;RICARICA;ATTIVO
39320010489;04/10/2024;CONSUMO;SOSPESO
39320010490;05/09/2023;RICARICA;ATTIVO
39320010491;13/04/2021;CONSUMO;ATTIVO
39320010492;20/04/2024;RICARICA;ATTIVO
39320010493;01/01/2025;CONSUMO;ATTIVO
39320010494;27/01/2026;RICARICA;ATTIVO
39320010495;07/06/2025;CONSUMO;ATTIVO
39320010496;19/08/2021;RICARICA;ATTIVO
39320010497;01/04/2021;CONSUMO;ATTIVO
39320010498;05/02/2024;RICARICA;ATTIVO
39320010499;29/12/2021;CONSUMO;ATTIVO
39320010500;12/10/2024;RICARICA;ATTIVO
39320010501;16/11/2024;CONSUMO;ATTIVO
39320010502;05/04/2022;RICARICA;ATTIVO
39320010503;12/02/2023;CONSUMO;ATTIVO
39320010504;15/05/2025;RICARICA;SOSPESO
39320010505;04/04/2024;CONSUMO;ATTIVO
39320010506;07/07/2025;RICARICA;ATTIVO
39320010507;06/08/2024;CONSUMO;ATTIVO
39320010508;23/08/2022;RICARICA;ATTIVO
39320010509;18/12/2025;CONSUMO;ATTIVO
39320010510;14/05/2023;RICARICA;ATTIVO
39320010511;03/08/2022;CONSUMO;ATTIVO
39320010512;10/02/2023;RICARICA;ATTIVO
39320010513;25/05/2022;CONSUMO;ATTIVO
39320010514;06/06/2024;RICARICA;ATTIVO
39320010515;29/06/2022;CONSUMO;ATTIVO
39320010516;02/10/2022;RICARICA;ATTIVO
39320010517;29/06/2023;CONSUMO;ATTIVO
39320010518;23/02/2024;RICARICA;ATTIVO
39320010519;02/03/2023;CONSUMO;ATTIVO
39320010520;30/12/2022;RICARICA;ATTIVO
39320010521;13/05/2022;CONSUMO;ATTIVO
39320010522;13/04/2023;RICARICA;ATTIVO
39320010523;25/01/2024;CONSUMO;ATTIVO
39320010524;27/10/2023;RICARICA;SOSPESO
39320010525;05/06/2025;CONSUMO;ATTIVO
39320010526;29/06/2022;RICARICA;ATTIVO
39320010527;27/12/2023;CONSUMO;ATTIVO
39320010528;12/04/2022;RICARICA;ATTIVO
39320010529;08/12/2025;CONSUMO;ATTIVO
39320010530;14/06/2022;RICARICA;ATTIVO
39320010531;06/11/2021;CONSUMO;SOSPESO
39320010532;22/03/2025;RICARICA;ATTIVO
39320010533;17/05/2024;CONSUMO;ATTIVO
39320010534;21/05/2023;RICARICA;ATTIVO
39320010535;03/09/2025;CONSUMO;ATTIVO
39320010536;07/09/2022;RICARICA;ATTIVO
39320010537;27/08/2025;CONSUMO;ATTIVO
39320010538;10/01/2026;RICARICA;ATTIVO
39320010539;24/01/2025;CONSUMO;ATTIVO
39320010540;16/09/2024;RICARICA;ATTIVO
39320010541;13/05/2024;CONSUMO;ATTIVO
39320010542;01/12/2021;RICARICA;SOSPESO
39320010543;24/11/2025;CONSUMO;ATTIVO
39320010544;15/04/2023;RICARICA;ATTIVO
39320010545;13/03/2022;CONSUMO;ATTIVO
39320010546;15/04/2023;RICARICA;ATTIVO
39320010547;01/12/2022;CONSUMO;ATTIVO
39320010548;25/05/2022;RICARICA;ATTIVO
39320010549;06/06/2022;CONSUMO;ATTIVO
39320010550;13/11/2023;RICARICA;ATTIVO
39320010551;12/11/2022;CONSUMO;ATTIVO
39320010552;05/12/2024;RICARICA;ATTIVO
39320010553;06/12/2021;CONSUMO;ATTIVO
39320010554;25/07/2022;RICARICA;ATTIVO
39320010555;12/10/2023;CONSUMO;ATTIVO
39320010556;13/09/2021;RICARICA;ATTIVO
39320010557;29/05/2023;CONSUMO;ATTIVO
39320010558;06/03/2021;RICARICA;ATTIVO
39320010559;28/11/2024;CONSUMO;ATTIVO
39320010560;27/02/2021;RICARICA;ATTIVO
39320010561;03/05/2023;CONSUMO;ATTIVO
39320010562;10/05/2021;RICARICA;ATTIVO
39320010563;25/02/2025;CONSUMO;ATTIVO
39320010564;10/02/2026;RICARICA;SOSPESO
39320010565;14/05/2021;CONSUMO;ATTIVO
39320010566;17/09/2021;RICARICA;ATTIVO
39320010567;02/05/2024;CONSUMO;ATTIVO
39320010568;23/03/2025;RICARICA;ATTIVO
39320010569;27/03/2021;CONSUMO;ATTIVO
39320010570;02/02/2026;RICARICA;ATTIVO
39320010571;10/11/2025;CONSUMO;ATTIVO
39320010572;03/09/2025;RICARICA;ATTIVO
39320010573;18/07/2021;CONSUMO;ATTIVO
39320010574;26/06/2023;RICARICA;ATTIVO
39320010575;25/11/2023;CONSUMO;ATTIVO
39320010576;03/08/2021;RICARICA;ATTIVO
39320010577;16/09/2025;CONSUMO;ATTIVO
39320010578;14/01/2022;RICARICA;ATTIVO
39320010579;07/07/2024;CONSUMO;ATTIVO
39320010580;27/06/2022;RICARICA;ATTIVO
39320010581;16/06/2024;CONSUMO;ATTIVO
39320010582;18/06/2024;RICARICA;ATTIVO
39320010583;25/05/2022;CONSUMO;ATTIVO
39320010584;06/04/2024;RICARICA;ATTIVO
39320010585;20/06/2024;CONSUMO;ATTIVO
39320010586;01/10/2022;RICARICA;SOSPESO
39320010587;20/02/2023;CONSUMO;ATTIVO
39320010588;11/11/2024;RICARICA;ATTIVO
39320010589;04/07/2021;CONSUMO;ATTIVO
39320010590;19/04/2024;RICARICA;ATTIVO
39320010591;05/10/2022;CONSUMO;ATTIVO
39320010592;11/04/2021;RICARICA;ATTIVO
39320010593;10/06/2024;CONSUMO;ATTIVO
39320010594;11/05/2024;RICARICA;ATTIVO
39320010595;30/04/2021;CONSUMO;ATTIVO
39320010596;19/05/2025;RICARICA;ATTIVO
39320010597;10/01/2023;CONSUMO;ATTIVO
39320010598;21/02/2023;RICARICA;ATTIVO
39320010599;02/04/2021;CONSUMO;ATTIVO
39320010600;25/05/2021;RICARICA;ATTIVO
39320010601;16/05/2023;CONSUMO;ATTIVO
39320010602;07/05/2021;RICARICA;ATTIVO
39320010603;05/05/2024;CONSUMO;ATTIVO
39320010604;29/04/2025;RICARICA;ATTIVO
39320010605;20/03/2023;CONSUMO;ATTIVO
39320010606;06/10/2022;RICARICA;ATTIVO
39320010607;23/12/2024;CONSUMO;ATTIVO
39320010608;24/07/2021;RICARICA;ATTIVO
39320010609;17/06/2022;CONSUMO;ATTIVO
39320010610;12/05/2024;RICARICA;ATTIVO
39320010611;22/09/2023;CONSUMO;ATTIVO
39320010612;20/02/2021;RICARICA;ATTIVO
39320010613;26/08/2024;CONSUMO;ATTIVO
39320010614;11/07/2025;RICARICA;ATTIVO
39320010615;23/12/2023;CONSUMO;SOSPESO
39320010616;28/05/2022;RICARICA;ATTIVO
39320010617;24/08/2022;CONSUMO;SOSPESO
39320010618;08/02/2023;RICARICA;ATTIVO
39320010619;16/07/2022;CONSUMO;ATTIVO
39320010620;25/02/2025;RICARICA;ATTIVO
39320010621;10/06/2024;CONSUMO;ATTIVO
39320010622;16/10/2023;RICARICA;ATTIVO
39320010623;01/11/2022;CONSUMO;ATTIVO
39320010624;21/06/2022;RICARICA;ATTIVO
39320010625;07/08/2025;CONSUMO;ATTIVO
39320010626;29/09/2022;RICARICA;ATTIVO
39320010627;07/11/2025;CONSUMO;ATTIVO
39320010628;29/03/2025;RICARICA;ATTIVO
39320010629;06/01/2024;CONSUMO;ATTIVO
39320010630;15/03/2024;RICARICA;ATTIVO
39320010631;24/09/2022;CONSUMO;ATTIVO
39320010632;29/03/2022;RICARICA;ATTIVO
39320010633;04/11/2023;CONSUMO;ATTIVO
39320010634;01/03/2021;RICARICA;ATTIVO
39320010635;12/05/2022;CONSUMO;ATTIVO
39320010636;27/01/2023;RICARICA;ATTIVO
39320010637;09/04/2023;CONSUMO;ATTIVO
39320010638;24/05/2025;RICARICA;ATTIVO
39320010639;21/07/2024;CONSUMO;ATTIVO
39320010640;08/05/2023;RICARICA;ATTIVO
39320010641;16/08/2022;CONSUMO;ATTIVO
39320010642;24/03/2023;RICARICA;ATTIVO
39320010643;21/05/2024;CONSUMO;ATTIVO
39320010644;14/04/2022;RICARICA;SOSPESO
39320010645;19/01/2021;CONSUMO;ATTIVO
39320010646;14/10/2024;RICARICA;ATTIVO
39320010647;19/10/2025;CONSUMO;ATTIVO
39320010648;25/12/2021;RICARICA;ATTIVO
39320010649;06/01/2022;CONSUMO;SOSPESO
39320010650;23/06/2025;RICARICA;ATTIVO
39320010651;11/12/2025;CONSUMO;ATTIVO
39320010652;06/09/2024;RICARICA;ATTIVO
39320010653;02/04/2023;CONSUMO;ATTIVO
39320010654;10/10/2022;RICARICA;ATTIVO
39320010655;11/03/2023;CONSUMO;ATTIVO
39320010656;11/06/2021;RICARICA;ATTIVO
39320010657;23/12/2024;CONSUMO;SOSPESO
39320010658;09/07/2021;RICARICA;ATTIVO
39320010659;11/10/2025;CONSUMO;ATTIVO
39320010660;30/05/2022;RICARICA;ATTIVO
39320010661;25/11/2023;CONSUMO;ATTIVO
39320010662;03/05/2021;RICARICA;ATTIVO
39320010663;27/01/2026;CONSUMO;SOSPESO
39320010664;31/01/2021;RICARICA;ATTIVO
39320010665;20/04/2024;CONSUMO;ATTIVO
39320010666;23/03/2023;RICARICA;ATTIVO
39320010667;10/10/2023;CONSUMO;SOSPESO
39320010668;19/09/2021;RICARICA;ATTIVO
39320010669;12/06/2021;CONSUMO;ATTIVO
39320010670;04/05/2024;RICARICA;ATTIVO
39320010671;04/01/2023;CONSUMO;ATTIVO
39320010672;28/05/2025;RICARICA;ATTIVO
39320010673;01/07/2025;CONSUMO;ATTIVO
39320010674;04/10/2021;RICARICA;SOSPESO
39320010675;17/04/2023;CONSUMO;ATTIVO
39320010676;13/10/2025;RICARICA;ATTIVO
39320010677;21/07/2025;CONSUMO;ATTIVO
39320010678;29/10/2021;RICARICA;ATTIVO
39320010679;27/02/2026;CONSUMO;ATTIVO
39320010680;22/02/2022;RICARICA;ATTIVO
39320010681;14/04/2022;CONSUMO;ATTIVO
39320010682;17/12/2025;RICARICA;ATTIVO
39320010683;12/04/2022;CONSUMO;ATTIVO
39320010684;27/11/2024;RICARICA;ATTIVO
39320010685;02/03/2023;CONSUMO;ATTIVO
39320010686;27/12/2023;RICARICA;ATTIVO
39320010687;09/02/2024;CONSUMO;ATTIVO
39320010688;05/08/2025;RICARICA;ATTIVO
39320010689;25/01/2023;CONSUMO;SOSPESO
39320010690;19/11/2023;RICARICA;ATTIVO
39320010691;19/09/2021;CONSUMO;ATTIVO
39320010692;16/02/2024;RICARICA;ATTIVO
39320010693;22/04/2022;CONSUMO;ATTIVO
39320010694;05/12/2025;RICARICA;ATTIVO
39320010695;21/06/2025;CONSUMO;ATTIVO
39320010696;04/07/2022;RICARICA;ATTIVO
39320010697;16/10/2024;CONSUMO;SOSPESO
39320010698;06/06/2022;RICARICA;ATTIVO
39320010699;23/01/2023;CONSUMO;ATTIVO
39320010700;15/08/2023;RICARICA;ATTIVO
39320010701;26/10/2021;CONSUMO;ATTIVO
39320010702;28/09/2025;RICARICA;ATTIVO
39320010703;17/08/2021;CONSUMO;ATTIVO
39320010704;01/02/2022;RICARICA;ATTIVO
39320010705;31/12/2024;CONSUMO;SOSPESO
39320010706;08/08/2022;RICARICA;ATTIVO
39320010707;13/06/2024;CONSUMO;ATTIVO
39320010708;06/02/2025;RICARICA;SOSPESO
39320010709;29/10/2024;CONSUMO;SOSPESO
39320010710;11/02/2025;RICARICA;ATTIVO
39320010711;23/06/2021;CONSUMO;ATTIVO
39320010712;20/01/2026;RICARICA;ATTIVO
39320010713;14/04/2025;CONSUMO;ATTIVO
39320010714;22/09/2024;RICARICA;ATTIVO
39320010715;06/08/2024;CONSUMO;ATTIVO
39320010716;07/12/2021;RICARICA;ATTIVO
39320010717;04/03/2021;CONSUMO;ATTIVO
39320010718;02/09/2025;RICARICA;ATTIVO
39320010719;17/02/2023;CONSUMO;ATTIVO
39320010720;06/08/2025;RICARICA;ATTIVO
39320010721;31/08/2023;CONSUMO;ATTIVO
39320010722;26/01/2021;RICARICA;ATTIVO
39320010723;05/05/2021;CONSUMO;ATTIVO
39320010724;18/05/2021;RICARICA;ATTIVO
39320010725;04/03/2023;CONSUMO;SOSPESO
39320010726;21/08/2025;RICARICA;ATTIVO
39320010727;05/11/2022;CONSUMO;ATTIVO
39320010728;03/02/2022;RICARICA;ATTIVO
39320010729;31/05/2024;CONSUMO;SOSPESO
39320010730;16/04/2022;RICARICA;ATTIVO
39320010731;22/01/2024;CONSUMO;ATTIVO
39320010732;24/10/2021;RICARICA;ATTIVO
39320010733;05/01/2026;CONSUMO;ATTIVO
39320010734;03/10/2025;RICARICA;ATTIVO
39320010735;18/09/2022;CONSUMO;ATTIVO
39320010736;23/10/2025;RICARICA;SOSPESO
39320010737;04/12/2024;CONSUMO;ATTIVO
39320010738;25/02/2025;RICARICA;ATTIVO
39320010739;22/05/2021;CONSUMO;ATTIVO
39320010740;23/03/2023;RICARICA;ATTIVO
39320010741;01/11/2023;CONSUMO;ATTIVO
39320010742;28/01/2026;RICARICA;ATTIVO
39320010743;21/05/2023;CONSUMO;ATTIVO
39320010744;19/12/2021;RICARICA;ATTIVO
39320010745;05/06/2022;CONSUMO;ATTIVO
39320010746;07/01/2023;RICARICA;ATTIVO
39320010747;26/05/2023;CONSUMO;ATTIVO
39320010748;25/12/2023;RICARICA;ATTIVO
39320010749;01/01/2024;CONSUMO;ATTIVO
39320010750;10/11/2024;RICARICA;ATTIVO
39320010751;19/05/2024;CONSUMO;ATTIVO
39320010752;12/07/2023;RICARICA;ATTIVO
39320010753;06/02/2024;CONSUMO;ATTIVO
39320010754;07/08/2024;RICARICA;ATTIVO
39320010755;28/03/2025;CONSUMO;ATTIVO
39320010756;26/01/2025;RICARICA;ATTIVO
39320010757;09/05/2022;CONSUMO;ATTIVO
39320010758;10/09/2021;RICARICA;ATTIVO
39320010759;24/07/2023;CONSUMO;SOSPESO
39320010760;16/11/2023;RICARICA;ATTIVO
39320010761;26/11/2025;CONSUMO;ATTIVO
39320010762;02/03/2023;RICARICA;ATTIVO
39320010763;09/03/2024;CONSUMO;ATTIVO
39320010764;15/04/2024;RICARICA;ATTIVO
39320010765;10/05/2025;CONSUMO;ATTIVO
39320010766;22/12/2025;RICARICA;ATTIVO
39320010767;11/05/2024;CONSUMO;ATTIVO
39320010768;07/10/2022;RICARICA;ATTIVO
39320010769;10/12/2024;CONSUMO;ATTIVO
39320010770;09/09/2023;RICARICA;ATTIVO
39320010771;16/09/2025;CONSUMO;ATTIVO
39320010772;09/10/2021;RICARICA;ATTIVO
39320010773;22/04/2022;CONSUMO;ATTIVO
39320010774;03/07/2021;RICARICA;ATTIVO
39320010775;10/05/2024;CONSUMO;ATTIVO
39320010776;20/02/2023;RICARICA;ATTIVO
39320010777;25/12/2021;CONSUMO;ATTIVO
39320010778;27/01/2026;RICARICA;ATTIVO
39320010779;15/02/2024;CONSUMO;ATTIVO
39320010780;28/04/2024;RICARICA;ATTIVO
39320010781;04/12/2023;CONSUMO;ATTIVO
39320010782;09/03/2024;RICARICA;ATTIVO
39320010783;06/11/2021;CONSUMO;SOSPESO
39320010784;16/08/2024;RICARICA;ATTIVO
39320010785;21/10/2023;CONSUMO;ATTIVO
39320010786;28/02/2026;RICARICA;ATTIVO
39320010787;11/12/2025;CONSUMO;ATTIVO
39320010788;20/12/2021;RICARICA;ATTIVO
39320010789;21/11/2023;CONSUMO;SOSPESO
39320010790;28/12/2024;RICARICA;ATTIVO
39320010791;08/03/2026;CONSUMO;ATTIVO
39320010792;26/10/2021;RICARICA;ATTIVO
39320010793;30/07/2025;CONSUMO;ATTIVO
39320010794;15/01/2022;RICARICA;ATTIVO
39320010795;26/12/2025;CONSUMO;ATTIVO
39320010796;10/05/2021;RICARICA;ATTIVO
39320010797;02/03/2023;CONSUMO;ATTIVO
39320010798;17/02/2023;RICARICA;ATTIVO
39320010799;07/02/2026;CONSUMO;ATTIVO
39320010800;19/09/2025;RICARICA;ATTIVO
39320010801;07/10/2024;CONSUMO;ATTIVO
39320010802;27/02/2026;RICARICA;ATTIVO
39320010803;12/09/2023;CONSUMO;ATTIVO
39320010804;07/09/2021;RICARICA;ATTIVO
39320010805;21/06/2021;CONSUMO;ATTIVO
39320010806;23/01/2022;RICARICA;ATTIVO
39320010807;20/06/2025;CONSUMO;ATTIVO
39320010808;07/05/2021;RICARICA;ATTIVO
39320010809;27/04/2022;CONSUMO;ATTIVO
39320010810;16/08/2022;RICARICA;SOSPESO
39320010811;23/08/2024;CONSUMO;ATTIVO
39320010812;24/06/2021;RICARICA;ATTIVO
39320010813;27/03/2025;CONSUMO;ATTIVO
39320010814;16/09/2023;RICARICA;ATTIVO
39320010815;23/05/2025;CONSUMO;ATTIVO
39320010816;20/10/2025;RICARICA;ATTIVO
39320010817;11/10/2021;CONSUMO;ATTIVO
39320010818;26/09/2022;RICARICA;ATTIVO
39320010819;20/04/2024;CONSUMO;ATTIVO
39320010820;17/10/2024;RICARICA;ATTIVO
39320010821;13/03/2021;CONSUMO;ATTIVO
39320010822;10/02/2025;RICARICA;ATTIVO
39320010823;04/02/2021;CONSUMO;ATTIVO
39320010824;20/03/2025;RICARICA;ATTIVO
39320010825;09/01/2022;CONSUMO;ATTIVO
39320010826;01/08/2025;RICARICA;ATTIVO
39320010827;06/11/2022;CONSUMO;SOSPESO
39320010828;19/04/2024;RICARICA;ATTIVO
39320010829;05/09/2025;CONSUMO;ATTIVO
39320010830;10/02/2021;RICARICA;ATTIVO
39320010831;05/04/2021;CONSUMO;ATTIVO
39320010832;11/01/2026;RICARICA;ATTIVO
39320010833;15/05/2023;CONSUMO;ATTIVO
39320010834;01/06/2021;RICARICA;ATTIVO
39320010835;18/08/2024;CONSUMO;ATTIVO
39320010836;30/01/2023;RICARICA;ATTIVO
39320010837;27/06/2021;CONSUMO;ATTIVO
39320010838;12/12/2024;RICARICA;ATTIVO
39320010839;06/04/2022;CONSUMO;SOSPESO
39320010840;04/01/2021;RICARICA;ATTIVO
39320010841;15/01/2024;CONSUMO;ATTIVO
39320010842;28/03/2023;RICARICA;ATTIVO
39320010843;05/03/2026;CONSUMO;ATTIVO
39320010844;05/07/2022;RICARICA;ATTIVO
39320010845;20/08/2023;CONSUMO;ATTIVO
39320010846;13/06/2024;RICARICA;ATTIVO
39320010847;03/05/2025;CONSUMO;ATTIVO
39320010848;03/02/2022;RICARICA;ATTIVO
39320010849;28/01/2024;CONSUMO;ATTIVO
39320010850;09/02/2024;RICARICA;ATTIVO
39320010851;31/12/2023;CONSUMO;ATTIVO
39320010852;02/03/2024;RICARICA;ATTIVO
39320010853;23/11/2021;CONSUMO;ATTIVO
39320010854;30/07/2023;RICARICA;ATTIVO
39320010855;18/12/2023;CONSUMO;ATTIVO
39320010856;07/06/2023;RICARICA;ATTIVO
39320010857;02/12/2023;CONSUMO;ATTIVO
39320010858;04/03/2024;RICARICA;ATTIVO
39320010859;20/12/2023;CONSUMO;SOSPESO
39320010860;14/09/2024;RICARICA;ATTIVO
39320010861;20/05/2025;CONSUMO;ATTIVO
39320010862;16/01/2023;RICARICA;ATTIVO
39320010863;03/07/2025;CONSUMO;ATTIVO
39320010864;05/01/2022;RICARICA;ATTIVO
39320010865;25/09/2025;CONSUMO;ATTIVO
39320010866;20/07/2023;RICARICA;ATTIVO
39320010867;17/02/2021;CONSUMO;ATTIVO
39320010868;30/04/2022;RICARICA;ATTIVO
39320010869;28/06/2021;CONSUMO;ATTIVO
39320010870;10/12/2025;RICARICA;ATTIVO
39320010871;05/01/2023;CONSUMO;ATTIVO
39320010872;16/07/2024;RICARICA;ATTIVO
39320010873;19/02/2024;CONSUMO;ATTIVO
39320010874;18/01/2022;RICARICA;ATTIVO
39320010875;12/09/2022;CONSUMO;SOSPESO
39320010876;08/02/2024;RICARICA;ATTIVO
39320010877;08/04/2025;CONSUMO;SOSPESO
39320010878;12/01/2026;RICARICA;ATTIVO
39320010879;13/10/2021;CONSUMO;SOSPESO
39320010880;25/05/2025;RICARICA;ATTIVO
39320010881;19/11/2022;CONSUMO;ATTIVO
39320010882;30/08/2021;RICARICA;ATTIVO
39320010883;25/07/2023;CONSUMO;ATTIVO
39320010884;04/07/2021;RICARICA;ATTIVO
39320010885;10/10/2021;CONSUMO;ATTIVO
39320010886;28/02/2023;RICARICA;ATTIVO
39320010887;25/05/2025;CONSUMO;ATTIVO
39320010888;15/01/2024;RICARICA;ATTIVO
39320010889;06/09/2025;CONSUMO;ATTIVO
39320010890;24/10/2021;RICARICA;ATTIVO
39320010891;31/05/2024;CONSUMO;ATTIVO
39320010892;05/04/2023;RICARICA;SOSPESO
39320010893;12/06/2023;CONSUMO;ATTIVO
39320010894;30/11/2021;RICARICA;ATTIVO
39320010895;05/09/2023;CONSUMO;ATTIVO
39320010896;18/04/2024;RICARICA;ATTIVO
39320010897;20/04/2021;CONSUMO;ATTIVO
39320010898;11/12/2025;RICARICA;SOSPESO
39320010899;16/12/2025;CONSUMO;ATTIVO
39320010900;06/02/2025;RICARICA;ATTIVO
39320010901;20/02/2026;CONSUMO;ATTIVO
39320010902;14/08/2025;RICARICA;ATTIVO
39320010903;26/10/2024;CONSUMO;ATTIVO
39320010904;23/09/2023;RICARICA;ATTIVO
39320010905;03/04/2021;CONSUMO;ATTIVO
39320010906;16/05/2025;RICARICA;ATTIVO
39320010907;06/01/2021;CONSUMO;ATTIVO
39320010908;17/10/2021;RICARICA;ATTIVO
39320010909;17/11/2025;CONSUMO;ATTIVO
39320010910;28/08/2025;RICARICA;ATTIVO
39320010911;22/03/2024;CONSUMO;ATTIVO
39320010912;12/02/2025;RICARICA;ATTIVO
39320010913;18/07/2024;CONSUMO;ATTIVO
39320010914;11/03/2026;RICARICA;ATTIVO
39320010915;02/12/2022;CONSUMO;ATTIVO
39320010916;19/04/2021;RICARICA;ATTIVO
39320010917;09/03/2022;CONSUMO;ATTIVO
39320010918;25/07/2022;RICARICA;ATTIVO
39320010919;21/08/2023;CONSUMO;SOSPESO
39320010920;28/10/2023;RICARICA;ATTIVO
39320010921;21/02/2024;CONSUMO;ATTIVO
39320010922;23/12/2025;RICARICA;ATTIVO
39320010923;01/06/2025;CONSUMO;ATTIVO
39320010924;30/04/2021;RICARICA;ATTIVO
39320010925;02/12/2023;CONSUMO;ATTIVO
39320010926;12/02/2026;RICARICA;ATTIVO
39320010927;10/01/2022;CONSUMO;ATTIVO
39320010928;21/06/2022;RICARICA;ATTIVO
39320010929;08/05/2022;CONSUMO;ATTIVO
39320010930;10/05/2023;RICARICA;ATTIVO
39320010931;16/01/2024;CONSUMO;SOSPESO
39320010932;16/06/2025;RICARICA;ATTIVO
39320010933;13/01/2021;CONSUMO;ATTIVO
39320010934;01/05/2021;RICARICA;ATTIVO
39320010935;26/02/2024;CONSUMO;ATTIVO
39320010936;23/03/2025;RICARICA;SOSPESO
39320010937;07/07/2021;CONSUMO;ATTIVO
39320010938;01/02/2023;RICARICA;SOSPESO
39320010939;04/06/2024;CONSUMO;ATTIVO
39320010940;08/08/2023;RICARICA;ATTIVO
39320010941;12/08/2021;CONSUMO;SOSPESO
39320010942;07/09/2024;RICARICA;ATTIVO
39320010943;16/01/2022;CONSUMO;ATTIVO
39320010944;11/03/2025;RICARICA;ATTIVO
39320010945;04/03/2025;CONSUMO;ATTIVO
39320010946;01/08/2025;RICARICA;ATTIVO
39320010947;22/06/2023;CONSUMO;ATTIVO
39320010948;12/03/2024;RICARICA;ATTIVO
39320010949;31/03/2021;CONSUMO;ATTIVO
39320010950;26/05/2021;RICARICA;ATTIVO
39320010951;30/04/2024;CONSUMO;ATTIVO
39320010952;31/01/2021;RICARICA;ATTIVO
39320010953;18/09/2023;CONSUMO;ATTIVO
39320010954;05/12/2024;RICARICA;ATTIVO
39320010955;31/08/2024;CONSUMO;ATTIVO
39320010956;30/10/2023;RICARICA;ATTIVO
39320010957;02/10/2022;CONSUMO;ATTIVO
39320010958;02/11/2022;RICARICA;ATTIVO
39320010959;10/04/2022;CONSUMO;ATTIVO
39320010960;16/10/2021;RICARICA;ATTIVO
39320010961;05/12/2023;CONSUMO;ATTIVO
39320010962;29/04/2024;RICARICA;ATTIVO
39320010963;13/03/2022;CONSUMO;ATTIVO
39320010964;25/04/2023;RICARICA;ATTIVO
39320010965;03/05/2024;CONSUMO;ATTIVO
39320010966;26/08/2023;RICARICA;ATTIVO
39320010967;27/04/2023;CONSUMO;ATTIVO
39320010968;30/06/2021;RICARICA;SOSPESO
39320010969;13/06/2025;CONSUMO;ATTIVO
39320010970;11/03/2026;RICARICA;ATTIVO
39320010971;30/08/2023;CONSUMO;ATTIVO
39320010972;29/09/2022;RICARICA;ATTIVO
39320010973;19/06/2021;CONSUMO;ATTIVO
39320010974;28/04/2025;RICARICA;ATTIVO
39320010975;25/05/2021;CONSUMO;ATTIVO
39320010976;12/11/2022;RICARICA;ATTIVO
39320010977;22/12/2022;CONSUMO;ATTIVO
39320010978;21/09/2024;RICARICA;ATTIVO
39320010979;31/03/2022;CONSUMO;ATTIVO
39320010980;21/05/2021;RICARICA;ATTIVO
39320010981;31/08/2022;CONSUMO;ATTIVO
39320010982;11/12/2025;RICARICA;ATTIVO
39320010983;31/01/2025;CONSUMO;ATTIVO
39320010984;09/06/2022;RICARICA;ATTIVO
39320010985;10/12/2025;CONSUMO;ATTIVO
39320010986;22/11/2022;RICARICA;ATTIVO
39320010987;07/11/2021;CONSUMO;ATTIVO
39320010988;04/05/2021;RICARICA;ATTIVO
39320010989;14/07/2022;CONSUMO;SOSPESO
39320010990;11/06/2023;RICARICA;ATTIVO
39320010991;30/05/2023;CONSUMO;ATTIVO
39320010992;19/04/2024;RICARICA;ATTIVO
39320010993;09/01/2025;CONSUMO;SOSPESO
39320010994;30/12/2025;RICARICA;ATTIVO
39320010995;15/01/2024;CONSUMO;ATTIVO
39320010996;26/01/2024;RICARICA;ATTIVO
39320010997;29/12/2021;CONSUMO;ATTIVO
39320010998;12/04/2022;RICARICA;ATTIVO
39320010999;22/06/2025;CONSUMO;ATTIVO
39320011000;07/10/2025;RICARICA;ATTIVO
39320011001;17/02/2026;CONSUMO;ATTIVO
39320011002;08/04/2021;RICARICA;ATTIVO
39320011003;19/04/2021;CONSUMO;ATTIVO
39320011004;29/06/2023;RICARICA;SOSPESO
39320011005;14/12/2024;CONSUMO;ATTIVO
39320011006;08/01/2023;RICARICA;ATTIVO
39320011007;19/11/2022;CONSUMO;ATTIVO
39320011008;16/01/2023;RICARICA;SOSPESO
39320011009;23/11/2021;CONSUMO;ATTIVO
39320011010;10/01/2022;RICARICA;ATTIVO
39320011011;20/01/2021;CONSUMO;ATTIVO
39320011012;13/01/2024;RICARICA;SOSPESO
39320011013;22/01/2026;CONSUMO;ATTIVO
39320011014;08/08/2021;RICARICA;ATTIVO
39320011015;12/07/2024;CONSUMO;ATTIVO
39320011016;05/02/2025;RICARICA;ATTIVO
39320011017;13/05/2024;CONSUMO;ATTIVO
39320011018;24/04/2022;RICARICA;ATTIVO
39320011019;20/06/2021;CONSUMO;SOSPESO
39320011020;06/08/2023;RICARICA;ATTIVO
39320011021;06/03/2023;CONSUMO;ATTIVO
39320011022;07/11/2024;RICARICA;ATTIVO
39320011023;04/11/2022;CONSUMO;ATTIVO
39320011024;13/12/2024;RICARICA;SOSPESO
39320011025;28/10/2024;CONSUMO;ATTIVO
39320011026;07/11/2024;RICARICA;ATTIVO
39320011027;11/12/2021;CONSUMO;ATTIVO
39320011028;12/04/2023;RICARICA;ATTIVO
39320011029;30/01/2023;CONSUMO;ATTIVO
39320011030;08/10/2022;RICARICA;ATTIVO
39320011031;03/07/2022;CONSUMO;ATTIVO
39320011032;20/06/2021;RICARICA;ATTIVO
39320011033;02/01/2021;CONSUMO;ATTIVO
39320011034;27/09/2024;RICARICA;ATTIVO
39320011035;16/06/2023;CONSUMO;ATTIVO
39320011036;27/05/2025;RICARICA;ATTIVO
39320011037;04/03/2024;CONSUMO;ATTIVO
39320011038;02/05/2021;RICARICA;ATTIVO
39320011039;28/10/2025;CONSUMO;ATTIVO
39320011040;22/07/2025;RICARICA;ATTIVO
39320011041;14/04/2021;CONSUMO;ATTIVO
39320011042;16/08/2021;RICARICA;ATTIVO
39320011043;03/11/2025;CONSUMO;ATTIVO
39320011044;10/01/2022;RICARICA;ATTIVO
39320011045;12/12/2022;CONSUMO;SOSPESO
39320011046;02/09/2024;RICARICA;ATTIVO
39320011047;19/04/2024;CONSUMO;ATTIVO
39320011048;21/07/2024;RICARICA;ATTIVO
39320011049;27/11/2022;CONSUMO;ATTIVO
39320011050;02/08/2022;RICARICA;ATTIVO
39320011051;06/09/2025;CONSUMO;ATTIVO
39320011052;16/04/2025;RICARICA;ATTIVO
39320011053;27/01/2022;CONSUMO;ATTIVO
39320011054;08/08/2023;RICARICA;ATTIVO
39320011055;12/04/2021;CONSUMO;SOSPESO
39320011056;21/12/2024;RICARICA;ATTIVO
39320011057;12/10/2024;CONSUMO;ATTIVO
39320011058;27/02/2021;RICARICA;ATTIVO
39320011059;26/09/2024;CONSUMO;ATTIVO
39320011060;15/05/2021;RICARICA;ATTIVO
39320011061;16/03/2023;CONSUMO;ATTIVO
39320011062;19/10/2024;RICARICA;ATTIVO
39320011063;15/09/2022;CONSUMO;ATTIVO
39320011064;25/01/2021;RICARICA;ATTIVO
39320011065;12/01/2026;CONSUMO;ATTIVO
39320011066;07/01/2021;RICARICA;ATTIVO
39320011067;16/09/2021;CONSUMO;SOSPESO
39320011068;04/12/2025;RICARICA;ATTIVO
39320011069;04/04/2021;CONSUMO;ATTIVO
39320011070;01/12/2024;RICARICA;SOSPESO
39320011071;06/08/2022;CONSUMO;ATTIVO
39320011072;17/01/2024;RICARICA;ATTIVO
39320011073;10/06/2024;CONSUMO;ATTIVO
39320011074;30/03/2022;RICARICA;SOSPESO
39320011075;21/11/2022;CONSUMO;ATTIVO
39320011076;16/06/2024;RICARICA;ATTIVO
39320011077;23/01/2024;CONSUMO;ATTIVO
39320011078;06/04/2025;RICARICA;ATTIVO
39320011079;06/02/2026;CONSUMO;ATTIVO
39320011080;07/03/2024;RICARICA;ATTIVO
39320011081;04/04/2021;CONSUMO;ATTIVO
39320011082;25/05/2021;RICARICA;ATTIVO
39320011083;15/04/2023;CONSUMO;SOSPESO
39320011084;12/03/2024;RICARICA;SOSPESO
39320011085;27/01/2021;CONSUMO;ATTIVO
39320011086;26/03/2023;RICARICA;ATTIVO
39320011087;15/02/2026;CONSUMO;ATTIVO
39320011088;27/01/2024;RICARICA;ATTIVO
39320011089;25/01/2024;CONSUMO;ATTIVO
39320011090;19/06/2023;RICARICA;ATTIVO
39320011091;01/04/2021;CONSUMO;ATTIVO
39320011092;08/01/2026;RICARICA;ATTIVO
39320011093;08/09/2023;CONSUMO;ATTIVO
39320011094;23/11/2024;RICARICA;ATTIVO
39320011095;07/01/2025;CONSUMO;ATTIVO
39320011096;23/03/2022;RICARICA;ATTIVO
39320011097;13/03/2024;CONSUMO;ATTIVO
39320011098;21/09/2022;RICARICA;ATTIVO
39320011099;07/02/2023;CONSUMO;ATTIVO
39320011100;12/02/2021;RICARICA;ATTIVO
39320011101;03/10/2023;CONSUMO;ATTIVO
39320011102;03/04/2025;RICARICA;ATTIVO
39320011103;18/11/2021;CONSUMO;ATTIVO
39320011104;17/01/2021;RICARICA;ATTIVO
39320011105;20/07/2024;CONSUMO;ATTIVO
39320011106;23/01/2021;RICARICA;ATTIVO
39320011107;12/03/2022;CONSUMO;SOSPESO
39320011108;04/10/2022;RICARICA;ATTIVO
39320011109;15/01/2026;CONSUMO;ATTIVO
39320011110;09/08/2022;RICARICA;ATTIVO
39320011111;06/01/2024;CONSUMO;ATTIVO
39320011112;07/04/2024;RICARICA;ATTIVO
39320011113;18/01/2022;CONSUMO;ATTIVO
39320011114;18/03/2024;RICARICA;ATTIVO
39320011115;03/11/2021;CONSUMO;ATTIVO
39320011116;30/03/2022;RICARICA;ATTIVO
39320011117;20/10/2025;CONSUMO;ATTIVO
39320011118;01/02/2021;RICARICA;ATTIVO
39320011119;07/03/2021;CONSUMO;ATTIVO
39320011120;10/08/2024;RICARICA;ATTIVO
39320011121;14/05/2023;CONSUMO;ATTIVO
39320011122;06/04/2021;RICARICA;ATTIVO
39320011123;12/01/2021;CONSUMO;ATTIVO
39320011124;13/01/2024;RICARICA;ATTIVO
39320011125;28/04/2023;CONSUMO;ATTIVO
39320011126;13/05/2022;RICARICA;ATTIVO
39320011127;21/12/2025;CONSUMO;ATTIVO
39320011128;01/07/2021;RICARICA;ATTIVO
39320011129;29/06/2023;CONSUMO;ATTIVO
39320011130;06/10/2021;RICARICA;ATTIVO
39320011131;14/01/2021;CONSUMO;ATTIVO
39320011132;21/10/2024;RICARICA;ATTIVO
39320011133;07/03/2026;CONSUMO;ATTIVO
39320011134;16/11/2022;RICARICA;ATTIVO
39320011135;27/02/2024;CONSUMO;ATTIVO
39320011136;18/01/2024;RICARICA;ATTIVO
39320011137;22/10/2025;CONSUMO;ATTIVO
39320011138;17/01/2022;RICARICA;ATTIVO
39320011139;30/04/2024;CONSUMO;ATTIVO
39320011140;29/04/2025;RICARICA;ATTIVO
39320011141;10/12/2021;CONSUMO;ATTIVO
39320011142;18/04/2022;RICARICA;SOSPESO
39320011143;08/05/2022;CONSUMO;ATTIVO
39320011144;05/07/2025;RICARICA;ATTIVO
39320011145;21/06/2025;CONSUMO;ATTIVO
39320011146;22/11/2024;RICARICA;ATTIVO
39320011147;28/01/2023;CONSUMO;ATTIVO
39320011148;18/01/2022;RICARICA;ATTIVO
39320011149;05/08/2023;CONSUMO;SOSPESO
39320011150;28/12/2025;RICARICA;ATTIVO
39320011151;05/05/2024;CONSUMO;ATTIVO
39320011152;02/02/2026;RICARICA;ATTIVO
39320011153;06/07/2021;CONSUMO;ATTIVO
39320011154;21/09/2025;RICARICA;ATTIVO
39320011155;01/01/2025;CONSUMO;ATTIVO
39320011156;13/01/2021;RICARICA;ATTIVO
39320011157;03/06/2023;CONSUMO;ATTIVO
39320011158;11/12/2021;RICARICA;ATTIVO
39320011159;17/06/2025;CONSUMO;ATTIVO
39320011160;14/09/2024;RICARICA;ATTIVO
39320011161;24/12/2022;CONSUMO;ATTIVO
39320011162;11/12/2023;RICARICA;ATTIVO
39320011163;06/12/2023;CONSUMO;ATTIVO
39320011164;29/09/2023;RICARICA;ATTIVO
39320011165;06/11/2024;CONSUMO;ATTIVO
39320011166;13/07/2021;RICARICA;ATTIVO
39320011167;02/05/2025;CONSUMO;ATTIVO
39320011168;14/06/2023;RICARICA;ATTIVO
39320011169;31/01/2023;CONSUMO;ATTIVO
39320011170;02/02/2024;RICARICA;ATTIVO
39320011171;20/04/2024;CONSUMO;ATTIVO
39320011172;11/03/2024;RICARICA;ATTIVO
39320011173;14/11/2024;CONSUMO;SOSPESO
39320011174;09/12/2021;RICARICA;ATTIVO
39320011175;12/07/2021;CONSUMO;ATTIVO
39320011176;25/11/2023;RICARICA;ATTIVO
39320011177;14/04/2021;CONSUMO;ATTIVO
39320011178;03/05/2025;RICARICA;ATTIVO
39320011179;30/04/2022;CONSUMO;ATTIVO
39320011180;17/04/2025;RICARICA;ATTIVO
39320011181;21/05/2024;CONSUMO;ATTIVO
39320011182;18/05/2021;RICARICA;ATTIVO
39320011183;08/02/2023;CONSUMO;ATTIVO
39320011184;13/11/2021;RICARICA;ATTIVO
39320011185;06/04/2024;CONSUMO;ATTIVO
39320011186;20/12/2021;RICARICA;ATTIVO
39320011187;20/07/2022;CONSUMO;ATTIVO
39320011188;12/12/2025;RICARICA;ATTIVO
39320011189;20/04/2021;CONSUMO;ATTIVO
39320011190;19/11/2023;RICARICA;ATTIVO
39320011191;19/01/2025;CONSUMO;ATTIVO
39320011192;29/11/2021;RICARICA;ATTIVO
39320011193;30/12/2021;CONSUMO;ATTIVO
39320011194;13/06/2024;RICARICA;ATTIVO
39320011195;19/09/2021;CONSUMO;ATTIVO
39320011196;14/09/2025;RICARICA;SOSPESO
39320011197;05/10/2021;CONSUMO;ATTIVO
39320011198;15/11/2021;RICARICA;ATTIVO
39320011199;01/07/2021;CONSUMO;ATTIVO
39320011200;25/09/2023;RICARICA;SOSPESO
39320011201;03/09/2024;CONSUMO;ATTIVO
39320011202;27/09/2021;RICARICA;SOSPESO
39320011203;28/10/2025;CONSUMO;ATTIVO
39320011204;13/08/2021;RICARICA;ATTIVO
39320011205;08/01/2023;CONSUMO;ATTIVO
39320011206;26/12/2024;RICARICA;ATTIVO
39320011207;21/01/2021;CONSUMO;ATTIVO
39320011208;15/02/2025;RICARICA;ATTIVO
39320011209;27/01/2021;CONSUMO;ATTIVO
39320011210;22/07/2024;RICARICA;ATTIVO
39320011211;14/04/2021;CONSUMO;ATTIVO
39320011212;03/01/2025;RICARICA;ATTIVO
39320011213;25/03/2022;CONSUMO;ATTIVO
39320011214;25/09/2021;RICARICA;ATTIVO
39320011215;17/10/2023;CONSUMO;ATTIVO
39320011216;18/09/2021;RICARICA;ATTIVO
39320011217;31/07/2021;CONSUMO;ATTIVO
39320011218;10/01/2025;RICARICA;ATTIVO
39320011219;15/01/2026;CONSUMO;ATTIVO
39320011220;25/09/2021;RICARICA;ATTIVO
39320011221;06/05/2023;CONSUMO;ATTIVO
39320011222;07/04/2021;RICARICA;ATTIVO
39320011223;22/03/2023;CONSUMO;ATTIVO
39320011224;29/10/2024;RICARICA;SOSPESO
39320011225;28/04/2021;CONSUMO;ATTIVO
39320011226;13/06/2025;RICARICA;ATTIVO
39320011227;24/08/2025;CONSUMO;ATTIVO
39320011228;31/07/2023;RICARICA;ATTIVO
39320011229;24/01/2026;CONSUMO;ATTIVO
39320011230;05/06/2024;RICARICA;ATTIVO
39320011231;28/09/2021;CONSUMO;ATTIVO
39320011232;01/11/2024;RICARICA;ATTIVO
39320011233;28/11/2021;CONSUMO;SOSPESO
39320011234;03/07/2021;RICARICA;ATTIVO
39320011235;15/12/2025;CONSUMO;ATTIVO
39320011236;01/03/2025;RICARICA;ATTIVO
39320011237;04/09/2022;CONSUMO;ATTIVO
39320011238;30/05/2024;RICARICA;ATTIVO
39320011239;22/11/2021;CONSUMO;ATTIVO
39320011240;24/12/2023;RICARICA;ATTIVO
39320011241;28/05/2025;CONSUMO;ATTIVO
39320011242;23/05/2022;RICARICA;ATTIVO
39320011243;28/02/2025;CONSUMO;ATTIVO
39320011244;20/07/2022;RICARICA;ATTIVO
39320011245;04/03/2023;CONSUMO;ATTIVO
39320011246;05/11/2021;RICARICA;ATTIVO
39320011247;30/06/2025;CONSUMO;ATTIVO
39320011248;31/08/2021;RICARICA;ATTIVO
39320011249;29/01/2021;CONSUMO;ATTIVO
39320011250;22/01/2023;RICARICA;ATTIVO
39320011251;18/12/2025;CONSUMO;ATTIVO
39320011252;19/09/2025;RICARICA;ATTIVO
39320011253;02/02/2026;CONSUMO;ATTIVO
39320011254;23/03/2025;RICARICA;ATTIVO
39320011255;25/03/2021;CONSUMO;ATTIVO
39320011256;05/12/2024;RICARICA;ATTIVO
39320011257;10/11/2021;CONSUMO;ATTIVO
39320011258;15/11/2023;RICARICA;ATTIVO
39320011259;12/01/2023;CONSUMO;ATTIVO
39320011260;13/09/2022;RICARICA;ATTIVO
39320011261;14/05/2025;CONSUMO;ATTIVO
39320011262;06/06/2022;RICARICA;ATTIVO
39320011263;16/03/2021;CONSUMO;ATTIVO
39320011264;03/06/2023;RICARICA;ATTIVO
39320011265;07/02/2022;CONSUMO;ATTIVO
39320011266;23/05/2024;RICARICA;ATTIVO
39320011267;08/01/2025;CONSUMO;ATTIVO
39320011268;04/05/2023;RICARICA;ATTIVO
39320011269;12/09/2022;CONSUMO;ATTIVO
39320011270;11/02/2023;RICARICA;ATTIVO
39320011271;24/01/2022;CONSUMO;ATTIVO
39320011272;12/12/2021;RICARICA;ATTIVO
39320011273;08/06/2023;CONSUMO;ATTIVO
39320011274;29/08/2021;RICARICA;ATTIVO
39320011275;28/10/2021;CONSUMO;ATTIVO
39320011276;29/05/2025;RICARICA;ATTIVO
39320011277;09/10/2021;CONSUMO;ATTIVO
39320011278;22/02/2025;RICARICA;ATTIVO
39320011279;02/09/2024;CONSUMO;ATTIVO
39320011280;19/10/2022;RICARICA;ATTIVO
39320011281;06/11/2021;CONSUMO;ATTIVO
39320011282;21/11/2023;RICARICA;ATTIVO
39320011283;27/07/2024;CONSUMO;ATTIVO
39320011284;22/03/2021;RICARICA;ATTIVO
39320011285;07/10/2023;CONSUMO;SOSPESO
39320011286;01/05/2024;RICARICA;SOSPESO
39320011287;19/06/2024;CONSUMO;ATTIVO
39320011288;29/06/2024;RICARICA;SOSPESO
39320011289;30/10/2021;CONSUMO;ATTIVO
39320011290;23/01/2025;RICARICA;ATTIVO
39320011291;08/08/2025;CONSUMO;ATTIVO
39320011292;09/09/2024;RICARICA;ATTIVO
39320011293;30/10/2024;CONSUMO;ATTIVO
39320011294;28/03/2022;RICARICA;ATTIVO
39320011295;25/11/2022;CONSUMO;ATTIVO
39320011296;23/12/2025;RICARICA;ATTIVO
39320011297;31/07/2022;CONSUMO;SOSPESO
39320011298;18/01/2022;RICARICA;ATTIVO
39320011299;27/09/2024;CONSUMO;ATTIVO
39320011300;25/12/2023;RICARICA;ATTIVO
39320011301;18/05/2022;CONSUMO;ATTIVO
39320011302;19/02/2022;RICARICA;SOSPESO
39320011303;13/03/2021;CONSUMO;ATTIVO
39320011304;09/05/2022;RICARICA;ATTIVO
39320011305;17/12/2024;CONSUMO;ATTIVO
39320011306;04/10/2025;RICARICA;ATTIVO
39320011307;20/10/2023;CONSUMO;ATTIVO
39320011308;05/02/2023;RICARICA;SOSPESO
39320011309;01/07/2022;CONSUMO;ATTIVO
39320011310;15/08/2023;RICARICA;ATTIVO
39320011311;11/03/2023;CONSUMO;ATTIVO
39320011312;29/02/2024;RICARICA;ATTIVO
39320011313;20/10/2023;CONSUMO;ATTIVO
39320011314;18/07/2023;RICARICA;ATTIVO
39320011315;29/12/2024;CONSUMO;ATTIVO
39320011316;22/06/2025;RICARICA;SOSPESO
39320011317;18/01/2025;CONSUMO;ATTIVO
39320011318;21/01/2026;RICARICA;ATTIVO
39320011319;19/11/2022;CONSUMO;SOSPESO
39320011320;09/01/2023;RICARICA;SOSPESO
39320011321;14/06/2023;CONSUMO;ATTIVO
39320011322;26/08/2023;RICARICA;SOSPESO
39320011323;09/07/2022;CONSUMO;ATTIVO
39320011324;31/01/2025;RICARICA;ATTIVO
39320011325;27/10/2023;CONSUMO;ATTIVO
39320011326;11/07/2025;RICARICA;ATTIVO
39320011327;04/03/2022;CONSUMO;ATTIVO
39320011328;17/09/2021;RICARICA;ATTIVO
39320011329;04/12/2022;CONSUMO;ATTIVO
39320011330;15/02/2021;RICARICA;ATTIVO
39320011331;04/02/2026;CONSUMO;ATTIVO
39320011332;12/11/2022;RICARICA;SOSPESO
39320011333;20/06/2024;CONSUMO;ATTIVO
39320011334;20/09/2022;RICARICA;ATTIVO
39320011335;27/07/2025;CONSUMO;ATTIVO
39320011336;07/04/2025;RICARICA;ATTIVO
39320011337;20/10/2021;CONSUMO;ATTIVO
39320011338;31/01/2023;RICARICA;ATTIVO
39320011339;25/03/2023;CONSUMO;ATTIVO
39320011340;04/07/2023;RICARICA;ATTIVO
39320011341;14/10/2025;CONSUMO;SOSPESO
39320011342;28/01/2021;RICARICA;ATTIVO
39320011343;20/07/2022;CONSUMO;ATTIVO
39320011344;24/01/2023;RICARICA;ATTIVO
39320011345;20/04/2024;CONSUMO;SOSPESO
39320011346;29/06/2022;RICARICA;ATTIVO
39320011347;08/09/2021;CONSUMO;SOSPESO
39320011348;09/08/2022;RICARICA;ATTIVO
39320011349;29/09/2024;CONSUMO;SOSPESO
39320011350;25/08/2024;RICARICA;ATTIVO
39320011351;05/02/2022;CONSUMO;ATTIVO
39320011352;12/01/2026;RICARICA;ATTIVO
39320011353;01/05/2023;CONSUMO;ATTIVO
39320011354;09/09/2022;RICARICA;ATTIVO
39320011355;20/12/2025;CONSUMO;ATTIVO
39320011356;11/01/2025;RICARICA;ATTIVO
39320011357;17/07/2023;CONSUMO;ATTIVO
39320011358;27/03/2022;RICARICA;ATTIVO
39320011359;27/07/2023;CONSUMO;ATTIVO
39320011360;02/02/2026;RICARICA;ATTIVO
39320011361;07/02/2021;CONSUMO;ATTIVO
39320011362;15/08/2024;RICARICA;ATTIVO
39320011363;07/09/2021;CONSUMO;ATTIVO
39320011364;24/12/2023;RICARICA;ATTIVO
39320011365;27/02/2026;CONSUMO;ATTIVO
39320011366;04/09/2021;RICARICA;ATTIVO
39320011367;03/02/2025;CONSUMO;ATTIVO
39320011368;09/07/2021;RICARICA;ATTIVO
39320011369;15/02/2024;CONSUMO;ATTIVO
39320011370;17/11/2021;RICARICA;ATTIVO
39320011371;29/07/2025;CONSUMO;SOSPESO
39320011372;27/07/2022;RICARICA;ATTIVO
39320011373;27/12/2021;CONSUMO;ATTIVO
39320011374;30/01/2026;RICARICA;ATTIVO
39320011375;02/08/2023;CONSUMO;ATTIVO
39320011376;25/09/2025;RICARICA;ATTIVO
39320011377;29/12/2025;CONSUMO;ATTIVO
39320011378;10/04/2021;RICARICA;ATTIVO
39320011379;02/02/2022;CONSUMO;ATTIVO
39320011380;02/12/2021;RICARICA;ATTIVO
39320011381;29/07/2025;CONSUMO;ATTIVO
39320011382;17/11/2024;RICARICA;ATTIVO
39320011383;20/06/2025;CONSUMO;ATTIVO
39320011384;28/02/2025;RICARICA;ATTIVO
39320011385;01/04/2022;CONSUMO;ATTIVO
39320011386;06/08/2023;RICARICA;ATTIVO
39320011387;28/03/2024;CONSUMO;ATTIVO
39320011388;28/10/2024;RICARICA;ATTIVO
39320011389;21/01/2022;CONSUMO;ATTIVO
39320011390;07/01/2021;RICARICA;ATTIVO
39320011391;09/02/2026;CONSUMO;ATTIVO
39320011392;22/08/2025;RICARICA;ATTIVO
39320011393;13/04/2025;CONSUMO;ATTIVO
39320011394;02/01/2023;RICARICA;ATTIVO
39320011395;25/07/2025;CONSUMO;ATTIVO
39320011396;05/01/2024;RICARICA;ATTIVO
39320011397;15/03/2026;CONSUMO;SOSPESO
39320011398;29/10/2022;RICARICA;ATTIVO
39320011399;10/09/2024;CONSUMO;SOSPESO
39320011400;16/03/2021;RICARICA;ATTIVO
39320011401;08/11/2021;CONSUMO;ATTIVO
39320011402;29/10/2024;RICARICA;ATTIVO
39320011403;20/09/2021;CONSUMO;ATTIVO
39320011404;17/01/2022;RICARICA;ATTIVO
39320011405;18/09/2024;CONSUMO;ATTIVO
39320011406;04/02/2022;RICARICA;ATTIVO
39320011407;24/02/2021;CONSUMO;ATTIVO
39320011408;10/04/2022;RICARICA;SOSPESO
39320011409;18/11/2024;CONSUMO;ATTIVO
39320011410;25/04/2025;RICARICA;ATTIVO
39320011411;12/04/2025;CONSUMO;ATTIVO
39320011412;09/07/2025;RICARICA;ATTIVO
39320011413;27/06/2021;CONSUMO;ATTIVO
39320011414;03/12/2021;RICARICA;ATTIVO
39320011415;11/02/2022;CONSUMO;ATTIVO
39320011416;14/02/2023;RICARICA;ATTIVO
39320011417;20/12/2022;CONSUMO;ATTIVO
39320011418;28/11/2023;RICARICA;ATTIVO
39320011419;27/12/2021;CONSUMO;ATTIVO
39320011420;24/02/2021;RICARICA;ATTIVO
39320011421;17/01/2022;CONSUMO;ATTIVO
39320011422;16/07/2024;RICARICA;ATTIVO
39320011423;25/05/2025;CONSUMO;ATTIVO
39320011424;19/09/2021;RICARICA;ATTIVO
39320011425;14/06/2024;CONSUMO;ATTIVO
39320011426;04/01/2026;RICARICA;ATTIVO
39320011427;30/10/2024;CONSUMO;ATTIVO
39320011428;26/04/2022;RICARICA;ATTIVO
39320011429;05/11/2021;CONSUMO;ATTIVO
39320011430;28/04/2025;RICARICA;ATTIVO
39320011431;10/04/2022;CONSUMO;ATTIVO
39320011432;25/01/2022;RICARICA;ATTIVO
39320011433;20/05/2024;CONSUMO;ATTIVO
39320011434;03/01/2021;RICARICA;ATTIVO
39320011435;13/10/2025;CONSUMO;ATTIVO
39320011436;21/11/2024;RICARICA;ATTIVO
39320011437;20/05/2025;CONSUMO;ATTIVO
39320011438;21/05/2025;RICARICA;ATTIVO
39320011439;22/09/2021;CONSUMO;ATTIVO
39320011440;25/05/2023;RICARICA;ATTIVO
39320011441;18/12/2022;CONSUMO;SOSPESO
39320011442;20/08/2023;RICARICA;ATTIVO
39320011443;02/02/2026;CONSUMO;ATTIVO
39320011444;30/07/2023;RICARICA;ATTIVO
39320011445;19/01/2022;CONSUMO;ATTIVO
39320011446;17/10/2023;RICARICA;ATTIVO
39320011447;05/09/2021;CONSUMO;ATTIVO
39320011448;11/07/2025;RICARICA;ATTIVO
39320011449;15/10/2025;CONSUMO;ATTIVO
39320011450;21/03/2021;RICARICA;ATTIVO
39320011451;04/10/2023;CONSUMO;ATTIVO
39320011452;23/03/2023;RICARICA;ATTIVO
39320011453;13/08/2024;CONSUMO;ATTIVO
39320011454;14/08/2025;RICARICA;SOSPESO
39320011455;01/04/2022;CONSUMO;ATTIVO
39320011456;18/02/2024;RICARICA;ATTIVO
39320011457;18/07/2024;CONSUMO;SOSPESO
39320011458;17/12/2024;RICARICA;ATTIVO
39320011459;26/10/2025;CONSUMO;ATTIVO
39320011460;14/06/2025;RICARICA;ATTIVO
39320011461;10/06/2023;CONSUMO;SOSPESO
39320011462;10/04/2025;RICARICA;ATTIVO
39320011463;27/10/2025;CONSUMO;ATTIVO
39320011464;05/04/2023;RICARICA;ATTIVO
39320011465;27/10/2022;CONSUMO;ATTIVO
39320011466;22/06/2022;RICARICA;ATTIVO
39320011467;06/03/2022;CONSUMO;SOSPESO
39320011468;20/03/2022;RICARICA;SOSPESO
39320011469;09/11/2021;CONSUMO;ATTIVO
39320011470;27/11/2021;RICARICA;ATTIVO
39320011471;08/11/2023;CONSUMO;ATTIVO
39320011472;06/08/2021;RICARICA;ATTIVO
39320011473;22/08/2022;CONSUMO;ATTIVO
39320011474;12/11/2021;RICARICA;ATTIVO
39320011475;04/10/2024;CONSUMO;ATTIVO
39320011476;05/03/2024;RICARICA;ATTIVO
39320011477;29/07/2025;CONSUMO;ATTIVO
39320011478;04/11/2024;RICARICA;ATTIVO
39320011479;13/01/2022;CONSUMO;ATTIVO
39320011480;26/12/2022;RICARICA;ATTIVO
39320011481;12/02/2023;CONSUMO;ATTIVO
39320011482;25/12/2025;RICARICA;ATTIVO
39320011483;23/11/2022;CONSUMO;ATTIVO
39320011484;05/09/2024;RICARICA;ATTIVO
39320011485;09/03/2023;CONSUMO;ATTIVO
39320011486;12/01/2026;RICARICA;ATTIVO
39320011487;18/01/2025;CONSUMO;ATTIVO
39320011488;24/06/2025;RICARICA;ATTIVO
39320011489;18/10/2025;CONSUMO;ATTIVO
39320011490;25/12/2023;RICARICA;ATTIVO
39320011491;24/03/2023;CONSUMO;ATTIVO
39320011492;05/10/2023;RICARICA;ATTIVO
39320011493;23/08/2025;CONSUMO;ATTIVO
39320011494;22/09/2023;RICARICA;ATTIVO
39320011495;15/04/2022;CONSUMO;ATTIVO
39320011496;17/09/2022;RICARICA;ATTIVO
39320011497;30/08/2024;CONSUMO;ATTIVO
39320011498;01/11/2021;RICARICA;ATTIVO
39320011499;13/09/2024;CONSUMO;ATTIVO
39320011500;06/05/2025;RICARICA;ATTIVO
39320011501;02/04/2023;CONSUMO;ATTIVO
39320011502;08/11/2023;RICARICA;ATTIVO
39320011503;21/09/2024;CONSUMO;ATTIVO
39320011504;15/03/2024;RICARICA;ATTIVO
39320011505;28/08/2023;CONSUMO;ATTIVO
39320011506;02/03/2023;RICARICA;ATTIVO
39320011507;05/02/2025;CONSUMO;ATTIVO
39320011508;03/09/2023;RICARICA;ATTIVO
39320011509;15/10/2022;CONSUMO;ATTIVO
39320011510;29/05/2021;RICARICA;ATTIVO
39320011511;06/07/2024;CONSUMO;ATTIVO
39320011512;25/01/2023;RICARICA;ATTIVO
39320011513;15/01/2025;CONSUMO;ATTIVO
39320011514;08/06/2021;RICARICA;ATTIVO
39320011515;24/02/2026;CONSUMO;ATTIVO
39320011516;07/11/2022;RICARICA;ATTIVO
39320011517;04/02/2021;CONSUMO;ATTIVO
39320011518;05/10/2024;RICARICA;ATTIVO
39320011519;16/01/2025;CONSUMO;ATTIVO
39320011520;10/03/2022;RICARICA;ATTIVO
39320011521;13/07/2023;CONSUMO;ATTIVO
39320011522;03/01/2023;RICARICA;ATTIVO
39320011523;04/05/2021;CONSUMO;ATTIVO
39320011524;02/01/2021;RICARICA;ATTIVO
39320011525;07/02/2021;CONSUMO;ATTIVO
39320011526;10/06/2023;RICARICA;SOSPESO
39320011527;27/09/2024;CONSUMO;ATTIVO
39320011528;29/06/2024;RICARICA;ATTIVO
39320011529;14/10/2023;CONSUMO;ATTIVO
39320011530;01/02/2025;RICARICA;ATTIVO
39320011531;03/11/2021;CONSUMO;ATTIVO
39320011532;18/02/2022;RICARICA;ATTIVO
39320011533;20/03/2025;CONSUMO;ATTIVO
39320011534;30/01/2026;RICARICA;SOSPESO
39320011535;07/04/2023;CONSUMO;ATTIVO
39320011536;06/03/2024;RICARICA;ATTIVO
39320011537;12/04/2023;CONSUMO;ATTIVO
39320011538;08/12/2023;RICARICA;ATTIVO
39320011539;01/06/2021;CONSUMO;ATTIVO
39320011540;02/10/2023;RICARICA;ATTIVO
39320011541;19/04/2022;CONSUMO;ATTIVO
39320011542;17/05/2024;RICARICA;SOSPESO
39320011543;15/01/2022;CONSUMO;ATTIVO
39320011544;28/08/2024;RICARICA;ATTIVO
39320011545;15/04/2025;CONSUMO;ATTIVO
39320011546;26/11/2022;RICARICA;ATTIVO
39320011547;23/12/2023;CONSUMO;ATTIVO
39320011548;01/09/2023;RICARICA;ATTIVO
39320011549;11/05/2023;CONSUMO;ATTIVO
39320011550;18/09/2025;RICARICA;ATTIVO
39320011551;02/03/2022;CONSUMO;SOSPESO
39320011552;03/11/2024;RICARICA;ATTIVO
39320011553;19/02/2026;CONSUMO;ATTIVO
39320011554;25/09/2022;RICARICA;ATTIVO
39320011555;19/05/2024;CONSUMO;ATTIVO
39320011556;26/04/2025;RICARICA;ATTIVO
39320011557;25/09/2022;CONSUMO;ATTIVO
39320011558;16/11/2023;RICARICA;ATTIVO
39320011559;28/05/2025;CONSUMO;ATTIVO
39320011560;17/11/2022;RICARICA;ATTIVO
39320011561;13/09/2021;CONSUMO;ATTIVO
39320011562;21/11/2021;RICARICA;ATTIVO
39320011563;22/05/2021;CONSUMO;ATTIVO
39320011564;18/02/2021;RICARICA;ATTIVO
39320011565;23/09/2023;CONSUMO;ATTIVO
39320011566;12/07/2022;RICARICA;SOSPESO
39320011567;28/02/2024;CONSUMO;ATTIVO
39320011568;26/06/2025;RICARICA;SOSPESO
39320011569;10/09/2023;CONSUMO;ATTIVO
39320011570;13/04/2021;RICARICA;ATTIVO
39320011571;12/05/2023;CONSUMO;SOSPESO
39320011572;09/08/2023;RICARICA;ATTIVO
39320011573;26/09/2022;CONSUMO;ATTIVO
39320011574;11/04/2025;RICARICA;ATTIVO
39320011575;02/04/2023;CONSUMO;ATTIVO
39320011576;07/07/2023;RICARICA;ATTIVO
39320011577;07/03/2026;CONSUMO;ATTIVO
39320011578;02/07/2021;RICARICA;ATTIVO
39320011579;17/02/2022;CONSUMO;ATTIVO
39320011580;13/12/2022;RICARICA;ATTIVO
39320011581;11/03/2021;CONSUMO;ATTIVO
39320011582;09/11/2022;RICARICA;ATTIVO
39320011583;13/04/2023;CONSUMO;ATTIVO
39320011584;07/10/2022;RICARICA;ATTIVO
39320011585;22/08/2023;CONSUMO;ATTIVO
39320011586;20/04/2024;RICARICA;ATTIVO
39320011587;12/07/2022;CONSUMO;ATTIVO
39320011588;16/06/2024;RICARICA;ATTIVO
39320011589;10/08/2023;CONSUMO;ATTIVO
39320011590;14/08/2021;RICARICA;ATTIVO
39320011591;04/03/2024;CONSUMO;ATTIVO
39320011592;09/10/2021;RICARICA;ATTIVO
39320011593;18/02/2023;CONSUMO;ATTIVO
39320011594;26/02/2022;RICARICA;ATTIVO
39320011595;30/01/2023;CONSUMO;ATTIVO
39320011596;12/01/2025;RICARICA;ATTIVO
39320011597;24/01/2023;CONSUMO;ATTIVO
39320011598;27/11/2021;RICARICA;ATTIVO
39320011599;06/08/2023;CONSUMO;ATTIVO
39320011600;27/02/2022;RICARICA;ATTIVO
39320011601;26/04/2022;CONSUMO;SOSPESO
39320011602;14/10/2025;RICARICA;ATTIVO
39320011603;17/08/2022;CONSUMO;ATTIVO
39320011604;25/06/2024;RICARICA;ATTIVO
39320011605;18/09/2025;CONSUMO;ATTIVO
39320011606;18/11/2022;RICARICA;ATTIVO
39320011607;16/12/2022;CONSUMO;SOSPESO
39320011608;28/04/2023;RICARICA;ATTIVO
39320011609;23/05/2022;CONSUMO;ATTIVO
39320011610;08/11/2022;RICARICA;ATTIVO
39320011611;27/11/2025;CONSUMO;ATTIVO
39320011612;07/03/2026;RICARICA;ATTIVO
39320011613;30/03/2022;CONSUMO;ATTIVO
39320011614;12/06/2022;RICARICA;ATTIVO
39320011615;10/06/2025;CONSUMO;ATTIVO
39320011616;07/06/2024;RICARICA;ATTIVO
39320011617;12/03/2024;CONSUMO;SOSPESO
39320011618;21/04/2024;RICARICA;ATTIVO
39320011619;29/05/2024;CONSUMO;ATTIVO
39320011620;16/12/2024;RICARICA;SOSPESO
39320011621;14/06/2022;CONSUMO;ATTIVO
39320011622;13/07/2023;RICARICA;ATTIVO
39320011623;23/03/2024;CONSUMO;ATTIVO
39320011624;02/12/2025;RICARICA;ATTIVO
39320011625;05/02/2021;CONSUMO;ATTIVO
39320011626;16/10/2024;RICARICA;ATTIVO
39320011627;03/12/2024;CONSUMO;ATTIVO
39320011628;27/10/2021;RICARICA;ATTIVO
39320011629;30/04/2024;CONSUMO;ATTIVO
39320011630;11/05/2023;RICARICA;ATTIVO
39320011631;20/01/2025;CONSUMO;ATTIVO
39320011632;24/03/2022;RICARICA;SOSPESO
39320011633;02/10/2024;CONSUMO;ATTIVO
39320011634;08/08/2024;RICARICA;ATTIVO
39320011635;06/12/2023;CONSUMO;ATTIVO
39320011636;07/07/2022;RICARICA;ATTIVO
39320011637;19/11/2021;CONSUMO;ATTIVO
39320011638;17/01/2021;RICARICA;SOSPESO
39320011639;06/04/2025;CONSUMO;ATTIVO
39320011640;22/09/2021;RICARICA;ATTIVO
39320011641;21/12/2021;CONSUMO;ATTIVO
39320011642;08/09/2023;RICARICA;ATTIVO
39320011643;08/09/2023;CONSUMO;ATTIVO
39320011644;16/01/2026;RICARICA;ATTIVO
39320011645;14/12/2022;CONSUMO;ATTIVO
39320011646;14/07/2024;RICARICA;ATTIVO
39320011647;26/04/2023;CONSUMO;ATTIVO
39320011648;26/08/2023;RICARICA;ATTIVO
39320011649;28/09/2021;CONSUMO;ATTIVO
39320011650;15/09/2021;RICARICA;ATTIVO
39320011651;21/01/2021;CONSUMO;ATTIVO
39320011652;24/07/2022;RICARICA;ATTIVO
39320011653;04/10/2025;CONSUMO;ATTIVO
39320011654;12/05/2021;RICARICA;ATTIVO
39320011655;05/06/2024;CONSUMO;ATTIVO
39320011656;22/04/2021;RICARICA;ATTIVO
39320011657;17/10/2021;CONSUMO;ATTIVO
39320011658;27/11/2025;RICARICA;ATTIVO
39320011659;07/10/2021;CONSUMO;ATTIVO
39320011660;22/02/2022;RICARICA;ATTIVO
39320011661;04/08/2023;CONSUMO;ATTIVO
39320011662;17/03/2023;RICARICA;ATTIVO
39320011663;19/12/2023;CONSUMO;ATTIVO
39320011664;14/03/2023;RICARICA;ATTIVO
39320011665;07/04/2024;CONSUMO;ATTIVO
39320011666;19/10/2024;RICARICA;ATTIVO
39320011667;05/01/2021;CONSUMO;ATTIVO
39320011668;01/06/2023;RICARICA;SOSPESO
39320011669;11/06/2021;CONSUMO;SOSPESO
39320011670;02/06/2024;RICARICA;ATTIVO
39320011671;21/05/2021;CONSUMO;ATTIVO
39320011672;09/01/2023;RICARICA;ATTIVO
39320011673;23/01/2022;CONSUMO;ATTIVO
39320011674;02/11/2022;RICARICA;ATTIVO
39320011675;30/03/2022;CONSUMO;ATTIVO
39320011676;02/04/2022;RICARICA;SOSPESO
39320011677;02/02/2024;CONSUMO;ATTIVO
39320011678;18/12/2025;RICARICA;ATTIVO
39320011679;29/12/2025;CONSUMO;ATTIVO
39320011680;25/08/2025;RICARICA;ATTIVO
39320011681;05/10/2024;CONSUMO;ATTIVO
39320011682;10/03/2021;RICARICA;ATTIVO
39320011683;04/02/2022;CONSUMO;ATTIVO
39320011684;23/08/2022;RICARICA;ATTIVO
39320011685;13/04/2023;CONSUMO;ATTIVO
39320011686;09/08/2021;RICARICA;ATTIVO
39320011687;21/04/2022;CONSUMO;ATTIVO
39320011688;02/01/2025;RICARICA;ATTIVO
39320011689;31/10/2023;CONSUMO;ATTIVO
39320011690;13/10/2024;RICARICA;ATTIVO
39320011691;23/03/2023;CONSUMO;ATTIVO
39320011692;12/01/2024;RICARICA;ATTIVO
39320011693;08/03/2021;CONSUMO;ATTIVO
39320011694;21/01/2026;RICARICA;SOSPESO
39320011695;26/08/2024;CONSUMO;ATTIVO
39320011696;20/12/2024;RICARICA;ATTIVO
39320011697;11/03/2024;CONSUMO;ATTIVO
39320011698;21/02/2023;RICARICA;ATTIVO
39320011699;13/04/2021;CONSUMO;ATTIVO
39320011700;07/07/2025;RICARICA;ATTIVO
39320011701;17/08/2024;CONSUMO;ATTIVO
39320011702;25/09/2023;RICARICA;ATTIVO
39320011703;09/08/2022;CONSUMO;ATTIVO
39320011704;24/06/2022;RICARICA;ATTIVO
39320011705;18/03/2021;CONSUMO;ATTIVO
39320011706;20/09/2025;RICARICA;ATTIVO
39320011707;14/11/2021;CONSUMO;ATTIVO
39320011708;14/06/2025;RICARICA;ATTIVO
39320011709;21/01/2023;CONSUMO;SOSPESO
39320011710;01/12/2021;RICARICA;ATTIVO
39320011711;20/02/2024;CONSUMO;ATTIVO
39320011712;29/07/2022;RICARICA;ATTIVO
39320011713;24/11/2022;CONSUMO;ATTIVO
39320011714;20/03/2025;RICARICA;ATTIVO
39320011715;22/11/2025;CONSUMO;ATTIVO
39320011716;03/04/2025;RICARICA;ATTIVO
39320011717;16/02/2022;CONSUMO;ATTIVO
39320011718;10/11/2021;RICARICA;ATTIVO
39320011719;24/04/2022;CONSUMO;ATTIVO
39320011720;03/02/2021;RICARICA;ATTIVO
39320011721;02/04/2023;CONSUMO;ATTIVO
39320011722;09/08/2021;RICARICA;ATTIVO
39320011723;03/12/2025;CONSUMO;ATTIVO
39320011724;14/02/2021;RICARICA;ATTIVO
39320011725;04/06/2022;CONSUMO;ATTIVO
39320011726;23/06/2023;RICARICA;ATTIVO
39320011727;18/11/2024;CONSUMO;ATTIVO
39320011728;20/01/2026;RICARICA;ATTIVO
39320011729;24/07/2023;CONSUMO;ATTIVO
39320011730;29/07/2025;RICARICA;ATTIVO
39320011731;19/10/2025;CONSUMO;ATTIVO
39320011732;09/05/2025;RICARICA;ATTIVO
39320011733;03/06/2024;CONSUMO;ATTIVO
39320011734;25/07/2025;RICARICA;ATTIVO
39320011735;15/01/2026;CONSUMO;ATTIVO
39320011736;22/12/2021;RICARICA;ATTIVO
39320011737;29/01/2023;CONSUMO;ATTIVO
39320011738;10/06/2021;RICARICA;SOSPESO
39320011739;21/12/2021;CONSUMO;ATTIVO
39320011740;13/02/2025;RICARICA;ATTIVO
39320011741;26/04/2025;CONSUMO;ATTIVO
39320011742;26/09/2023;RICARICA;ATTIVO
39320011743;01/03/2021;CONSUMO;ATTIVO
39320011744;07/01/2025;RICARICA;ATTIVO
39320011745;11/06/2025;CONSUMO;ATTIVO
39320011746;18/09/2021;RICARICA;ATTIVO
39320011747;28/07/2023;CONSUMO;ATTIVO
39320011748;26/06/2025;RICARICA;ATTIVO
39320011749;27/02/2025;CONSUMO;ATTIVO
39320011750;22/02/2026;RICARICA;ATTIVO
39320011751;06/07/2021;CONSUMO;ATTIVO
39320011752;30/11/2021;RICARICA;SOSPESO
39320011753;17/09/2024;CONSUMO;ATTIVO
39320011754;23/08/2022;RICARICA;ATTIVO
39320011755;04/02/2023;CONSUMO;ATTIVO
39320011756;26/07/2025;RICARICA;ATTIVO
39320011757;28/04/2023;CONSUMO;ATTIVO
39320011758;15/06/2022;RICARICA;ATTIVO
39320011759;25/01/2024;CONSUMO;ATTIVO
39320011760;09/05/2025;RICARICA;SOSPESO
39320011761;31/08/2025;CONSUMO;ATTIVO
39320011762;08/08/2024;RICARICA;ATTIVO
39320011763;12/10/2023;CONSUMO;ATTIVO
39320011764;18/06/2022;RICARICA;ATTIVO
39320011765;28/06/2024;CONSUMO;ATTIVO
39320011766;15/05/2024;RICARICA;SOSPESO
39320011767;10/01/2022;CONSUMO;SOSPESO
39320011768;13/04/2021;RICARICA;ATTIVO
39320011769;03/08/2024;CONSUMO;ATTIVO
39320011770;05/01/2024;RICARICA;ATTIVO
39320011771;22/06/2023;CONSUMO;ATTIVO
39320011772;19/10/2024;RICARICA;ATTIVO
39320011773;31/10/2021;CONSUMO;ATTIVO
39320011774;22/11/2025;RICARICA;SOSPESO
39320011775;04/01/2022;CONSUMO;ATTIVO
39320011776;11/05/2024;RICARICA;ATTIVO
39320011777;12/04/2024;CONSUMO;ATTIVO
39320011778;04/12/2022;RICARICA;ATTIVO
39320011779;02/04/2025;CONSUMO;ATTIVO
39320011780;30/12/2024;RICARICA;ATTIVO
39320011781;05/11/2023;CONSUMO;ATTIVO
39320011782;29/10/2021;RICARICA;SOSPESO
39320011783;22/09/2023;CONSUMO;ATTIVO
39320011784;20/01/2022;RICARICA;ATTIVO
39320011785;25/04/2025;CONSUMO;SOSPESO
39320011786;15/06/2025;RICARICA;ATTIVO
39320011787;24/09/2021;CONSUMO;ATTIVO
39320011788;07/04/2021;RICARICA;ATTIVO
39320011789;27/07/2023;CONSUMO;SOSPESO
39320011790;27/03/2021;RICARICA;ATTIVO
39320011791;11/12/2022;CONSUMO;SOSPESO
39320011792;07/02/2024;RICARICA;ATTIVO
39320011793;24/02/2026;CONSUMO;ATTIVO
39320011794;13/04/2021;RICARICA;ATTIVO
39320011795;30/12/2025;CONSUMO;SOSPESO
39320011796;01/06/2021;RICARICA;ATTIVO
39320011797;12/04/2021;CONSUMO;ATTIVO
39320011798;20/09/2023;RICARICA;ATTIVO
39320011799;15/03/2021;CONSUMO;ATTIVO
39320011800;07/04/2022;RICARICA;ATTIVO
39320011801;23/12/2022;CONSUMO;ATTIVO
39320011802;22/06/2024;RICARICA;ATTIVO
39320011803;23/11/2024;CONSUMO;ATTIVO
39320011804;10/05/2024;RICARICA;ATTIVO
39320011805;20/12/2025;CONSUMO;ATTIVO
39320011806;13/08/2021;RICARICA;ATTIVO
39320011807;20/12/2021;CONSUMO;ATTIVO
39320011808;29/01/2026;RICARICA;ATTIVO
39320011809;06/03/2023;CONSUMO;ATTIVO
39320011810;27/05/2022;RICARICA;ATTIVO
39320011811;20/07/2023;CONSUMO;ATTIVO
39320011812;13/02/2021;RICARICA;ATTIVO
39320011813;16/08/2022;CONSUMO;ATTIVO
39320011814;20/08/2021;RICARICA;ATTIVO
39320011815;11/02/2023;CONSUMO;ATTIVO
39320011816;04/11/2024;RICARICA;ATTIVO
39320011817;25/04/2024;CONSUMO;ATTIVO
39320011818;23/02/2023;RICARICA;ATTIVO
39320011819;29/01/2022;CONSUMO;ATTIVO
39320011820;24/02/2025;RICARICA;ATTIVO
39320011821;18/11/2024;CONSUMO;ATTIVO
39320011822;05/02/2022;RICARICA;ATTIVO
39320011823;17/08/2022;CONSUMO;ATTIVO
39320011824;26/06/2023;RICARICA;ATTIVO
39320011825;04/09/2025;CONSUMO;ATTIVO
39320011826;26/10/2023;RICARICA;ATTIVO
39320011827;20/10/2023;CONSUMO;ATTIVO
39320011828;03/04/2024;RICARICA;SOSPESO
39320011829;25/01/2021;CONSUMO;ATTIVO
39320011830;12/02/2021;RICARICA;ATTIVO
39320011831;22/01/2021;CONSUMO;ATTIVO
39320011832;11/06/2024;RICARICA;ATTIVO
39320011833;18/04/2025;CONSUMO;ATTIVO
39320011834;17/12/2022;RICARICA;ATTIVO
39320011835;18/04/2025;CONSUMO;ATTIVO
39320011836;24/01/2022;RICARICA;ATTIVO
39320011837;07/07/2023;CONSUMO;ATTIVO
39320011838;01/07/2024;RICARICA;ATTIVO
39320011839;08/01/2022;CONSUMO;ATTIVO
39320011840;23/07/2024;RICARICA;ATTIVO
39320011841;24/11/2021;CONSUMO;SOSPESO
39320011842;09/05/2024;RICARICA;ATTIVO
39320011843;29/04/2023;CONSUMO;ATTIVO
39320011844;14/01/2022;RICARICA;ATTIVO
39320011845;17/10/2023;CONSUMO;ATTIVO
39320011846;16/06/2025;RICARICA;ATTIVO
39320011847;11/02/2026;CONSUMO;ATTIVO
39320011848;11/11/2021;RICARICA;ATTIVO
39320011849;14/06/2021;CONSUMO;ATTIVO
39320011850;17/12/2022;RICARICA;ATTIVO
39320011851;18/10/2021;CONSUMO;ATTIVO
39320011852;02/10/2021;RICARICA;ATTIVO
39320011853;26/01/2023;CONSUMO;ATTIVO
39320011854;15/03/2026;RICARICA;ATTIVO
39320011855;28/04/2024;CONSUMO;ATTIVO
39320011856;27/05/2021;RICARICA;ATTIVO
39320011857;06/11/2025;CONSUMO;SOSPESO
39320011858;24/04/2025;RICARICA;ATTIVO
39320011859;28/03/2021;CONSUMO;ATTIVO
39320011860;13/10/2022;RICARICA;ATTIVO
39320011861;23/09/2024;CONSUMO;ATTIVO
39320011862;04/04/2023;RICARICA;ATTIVO
39320011863;16/05/2022;CONSUMO;ATTIVO
39320011864;14/01/2025;RICARICA;ATTIVO
39320011865;15/08/2024;CONSUMO;ATTIVO
39320011866;21/08/2025;RICARICA;ATTIVO
39320011867;31/08/2022;CONSUMO;ATTIVO
39320011868;04/01/2022;RICARICA;ATTIVO
39320011869;12/02/2023;CONSUMO;ATTIVO
39320011870;20/09/2024;RICARICA;ATTIVO
39320011871;20/11/2023;CONSUMO;ATTIVO
39320011872;01/10/2024;RICARICA;ATTIVO
39320011873;18/07/2021;CONSUMO;ATTIVO
39320011874;22/01/2025;RICARICA;ATTIVO
39320011875;02/09/2024;CONSUMO;ATTIVO
39320011876;10/10/2025;RICARICA;ATTIVO
39320011877;13/07/2022;CONSUMO;ATTIVO
39320011878;11/10/2025;RICARICA;ATTIVO
39320011879;13/12/2024;CONSUMO;ATTIVO
39320011880;12/05/2021;RICARICA;ATTIVO
39320011881;21/06/2021;CONSUMO;ATTIVO
39320011882;07/11/2021;RICARICA;ATTIVO
39320011883;25/08/2025;CONSUMO;ATTIVO
39320011884;06/06/2021;RICARICA;ATTIVO
39320011885;30/08/2022;CONSUMO;ATTIVO
39320011886;11/02/2026;RICARICA;ATTIVO
39320011887;27/12/2024;CONSUMO;ATTIVO
39320011888;11/11/2021;RICARICA;ATTIVO
39320011889;18/01/2024;CONSUMO;ATTIVO
39320011890;20/10/2023;RICARICA;SOSPESO
39320011891;03/09/2022;CONSUMO;ATTIVO
39320011892;01/08/2021;RICARICA;ATTIVO
39320011893;13/08/2021;CONSUMO;ATTIVO
39320011894;21/06/2022;RICARICA;ATTIVO
39320011895;30/04/2021;CONSUMO;ATTIVO
39320011896;18/09/2022;RICARICA;ATTIVO
39320011897;11/09/2025;CONSUMO;ATTIVO
39320011898;02/01/2021;RICARICA;ATTIVO
39320011899;07/03/2023;CONSUMO;ATTIVO
39320011900;16/03/2026;RICARICA;ATTIVO
39320011901;17/10/2023;CONSUMO;ATTIVO
39320011902;11/12/2023;RICARICA;ATTIVO
39320011903;31/08/2025;CONSUMO;ATTIVO
39320011904;02/11/2022;RICARICA;ATTIVO
39320011905;06/03/2023;CONSUMO;ATTIVO
39320011906;01/08/2022;RICARICA;SOSPESO
39320011907;29/03/2023;CONSUMO;ATTIVO
39320011908;07/05/2025;RICARICA;ATTIVO
39320011909;05/05/2024;CONSUMO;ATTIVO
39320011910;22/09/2021;RICARICA;ATTIVO
39320011911;10/09/2024;CONSUMO;ATTIVO
39320011912;04/06/2024;RICARICA;ATTIVO
39320011913;13/06/2023;CONSUMO;ATTIVO
39320011914;02/01/2022;RICARICA;ATTIVO
39320011915;10/01/2022;CONSUMO;ATTIVO
39320011916;14/11/2024;RICARICA;ATTIVO
39320011917;06/08/2022;CONSUMO;ATTIVO
39320011918;03/06/2022;RICARICA;ATTIVO
39320011919;18/06/2025;CONSUMO;SOSPESO
39320011920;31/07/2022;RICARICA;ATTIVO
39320011921;13/11/2023;CONSUMO;ATTIVO
39320011922;09/03/2024;RICARICA;ATTIVO
39320011923;04/12/2024;CONSUMO;ATTIVO
39320011924;04/07/2021;RICARICA;ATTIVO
39320011925;13/06/2024;CONSUMO;ATTIVO
39320011926;18/08/2025;RICARICA;ATTIVO
39320011927;19/04/2024;CONSUMO;ATTIVO
39320011928;09/06/2024;RICARICA;ATTIVO
39320011929;15/11/2024;CONSUMO;ATTIVO
39320011930;27/08/2024;RICARICA;ATTIVO
39320011931;01/12/2024;CONSUMO;ATTIVO
39320011932;15/02/2025;RICARICA;ATTIVO
39320011933;27/04/2021;CONSUMO;ATTIVO
39320011934;04/06/2023;RICARICA;ATTIVO
39320011935;12/02/2021;CONSUMO;ATTIVO
39320011936;07/03/2025;RICARICA;ATTIVO
39320011937;05/01/2021;CONSUMO;ATTIVO
39320011938;14/12/2022;RICARICA;SOSPESO
39320011939;12/03/2025;CONSUMO;ATTIVO
39320011940;21/11/2022;RICARICA;ATTIVO
39320011941;23/03/2023;CONSUMO;ATTIVO
39320011942;17/07/2021;RICARICA;ATTIVO
39320011943;17/07/2024;CONSUMO;ATTIVO
39320011944;17/07/2025;RICARICA;ATTIVO
39320011945;16/05/2022;CONSUMO;ATTIVO
39320011946;16/01/2026;RICARICA;ATTIVO
39320011947;24/12/2024;CONSUMO;ATTIVO
39320011948;29/12/2022;RICARICA;ATTIVO
39320011949;28/11/2021;CONSUMO;SOSPESO
39320011950;22/09/2025;RICARICA;ATTIVO
39320011951;17/12/2021;CONSUMO;ATTIVO
39320011952;02/03/2024;RICARICA;ATTIVO
39320011953;08/05/2021;CONSUMO;ATTIVO
39320011954;27/03/2023;RICARICA;ATTIVO
39320011955;05/06/2023;CONSUMO;ATTIVO
39320011956;26/07/2023;RICARICA;ATTIVO
39320011957;15/05/2022;CONSUMO;ATTIVO
39320011958;30/12/2021;RICARICA;ATTIVO
39320011959;27/12/2025;CONSUMO;ATTIVO
39320011960;22/11/2025;RICARICA;ATTIVO
39320011961;03/01/2026;CONSUMO;ATTIVO
39320011962;06/06/2025;RICARICA;ATTIVO
39320011963;22/02/2022;CONSUMO;ATTIVO
39320011964;18/09/2023;RICARICA;ATTIVO
39320011965;10/03/2025;CONSUMO;ATTIVO
39320011966;20/11/2022;RICARICA;ATTIVO
39320011967;14/12/2025;CONSUMO;ATTIVO
39320011968;16/01/2024;RICARICA;ATTIVO
39320011969;17/03/2025;CONSUMO;ATTIVO
39320011970;05/04/2023;RICARICA;ATTIVO
39320011971;21/07/2023;CONSUMO;ATTIVO
39320011972;08/06/2023;RICARICA;ATTIVO
39320011973;11/05/2025;CONSUMO;ATTIVO
39320011974;02/06/2021;RICARICA;ATTIVO
39320011975;21/09/2024;CONSUMO;ATTIVO
39320011976;18/11/2021;RICARICA;ATTIVO
39320011977;08/04/2022;CONSUMO;ATTIVO
39320011978;09/11/2021;RICARICA;ATTIVO
39320011979;13/01/2024;CONSUMO;ATTIVO
39320011980;06/02/2025;RICARICA;SOSPESO
39320011981;17/12/2022;CONSUMO;ATTIVO
39320011982;03/08/2023;RICARICA;ATTIVO
39320011983;31/01/2025;CONSUMO;ATTIVO
39320011984;19/12/2023;RICARICA;ATTIVO
39320011985;21/12/2024;CONSUMO;SOSPESO
39320011986;16/02/2025;RICARICA;SOSPESO
39320011987;10/02/2021;CONSUMO;ATTIVO
39320011988;09/01/2026;RICARICA;ATTIVO
39320011989;01/03/2023;CONSUMO;ATTIVO
39320011990;30/03/2021;RICARICA;ATTIVO
39320011991;12/07/2024;CONSUMO;ATTIVO
39320011992;18/08/2025;RICARICA;ATTIVO
39320011993;13/01/2021;CONSUMO;ATTIVO
39320011994;08/01/2024;RICARICA;ATTIVO
39320011995;20/10/2025;CONSUMO;ATTIVO
39320011996;30/06/2022;RICARICA;ATTIVO
39320011997;03/06/2021;CONSUMO;ATTIVO
39320011998;15/08/2023;RICARICA;ATTIVO
39320011999;20/04/2023;CONSUMO;ATTIVO
39320012000;24/02/2026;RICARICA;ATTIVO
39320012001;15/08/2021;CONSUMO;ATTIVO
39320012002;30/04/2024;RICARICA;ATTIVO
39320012003;14/10/2025;CONSUMO;ATTIVO
39320012004;21/05/2022;RICARICA;ATTIVO
39320012005;05/09/2022;CONSUMO;ATTIVO
39320012006;16/10/2023;RICARICA;ATTIVO
39320012007;15/10/2024;CONSUMO;ATTIVO
39320012008;06/01/2025;RICARICA;ATTIVO
39320012009;05/11/2021;CONSUMO;ATTIVO
39320012010;11/02/2023;RICARICA;ATTIVO
39320012011;11/08/2025;CONSUMO;ATTIVO
39320012012;27/02/2023;RICARICA;ATTIVO
39320012013;06/06/2024;CONSUMO;ATTIVO
39320012014;23/03/2024;RICARICA;ATTIVO
39320012015;11/10/2021;CONSUMO;ATTIVO
39320012016;23/02/2022;RICARICA;ATTIVO
39320012017;05/11/2023;CONSUMO;ATTIVO
39320012018;30/12/2025;RICARICA;SOSPESO
39320012019;05/12/2022;CONSUMO;ATTIVO
39320012020;18/05/2024;RICARICA;ATTIVO
39320012021;11/06/2023;CONSUMO;ATTIVO
39320012022;19/01/2021;RICARICA;ATTIVO
39320012023;20/02/2025;CONSUMO;ATTIVO
39320012024;07/10/2021;RICARICA;ATTIVO
39320012025;29/05/2024;CONSUMO;ATTIVO
39320012026;04/07/2022;RICARICA;ATTIVO
39320012027;20/10/2021;CONSUMO;ATTIVO
39320012028;24/04/2023;RICARICA;ATTIVO
39320012029;16/09/2022;CONSUMO;ATTIVO
39320012030;16/06/2023;RICARICA;ATTIVO
39320012031;23/03/2023;CONSUMO;ATTIVO
39320012032;26/02/2024;RICARICA;ATTIVO
39320012033;21/05/2025;CONSUMO;ATTIVO
39320012034;21/09/2022;RICARICA;ATTIVO
39320012035;17/10/2023;CONSUMO;ATTIVO
39320012036;22/12/2022;RICARICA;ATTIVO
39320012037;09/10/2025;CONSUMO;ATTIVO
39320012038;11/04/2023;RICARICA;ATTIVO
39320012039;09/11/2023;CONSUMO;ATTIVO
39320012040;30/05/2024;RICARICA;ATTIVO
39320012041;01/10/2025;CONSUMO;ATTIVO
39320012042;22/04/2023;RICARICA;ATTIVO
39320012043;15/08/2022;CONSUMO;ATTIVO
39320012044;29/11/2023;RICARICA;SOSPESO
39320012045;05/12/2022;CONSUMO;ATTIVO
39320012046;10/02/2025;RICARICA;ATTIVO
39320012047;14/07/2025;CONSUMO;ATTIVO
39320012048;19/02/2023;RICARICA;ATTIVO
39320012049;11/04/2024;CONSUMO;ATTIVO
39320012050;28/06/2022;RICARICA;ATTIVO
39320012051;21/01/2021;CONSUMO;ATTIVO
39320012052;08/12/2021;RICARICA;ATTIVO
39320012053;21/11/2023;CONSUMO;ATTIVO
39320012054;29/11/2025;RICARICA;ATTIVO
39320012055;17/12/2021;CONSUMO;ATTIVO
39320012056;23/12/2025;RICARICA;SOSPESO
39320012057;02/12/2021;CONSUMO;ATTIVO
39320012058;29/07/2023;RICARICA;ATTIVO
39320012059;31/03/2023;CONSUMO;ATTIVO
39320012060;17/05/2024;RICARICA;ATTIVO
39320012061;07/02/2021;CONSUMO;ATTIVO
39320012062;02/01/2022;RICARICA;ATTIVO
39320012063;04/09/2025;CONSUMO;ATTIVO
39320012064;02/12/2023;RICARICA;ATTIVO
39320012065;30/03/2022;CONSUMO;ATTIVO
39320012066;02/12/2025;RICARICA;ATTIVO
39320012067;12/02/2024;CONSUMO;ATTIVO
39320012068;25/09/2024;RICARICA;ATTIVO
39320012069;07/11/2022;CONSUMO;ATTIVO
39320012070;27/09/2024;RICARICA;ATTIVO
39320012071;03/02/2024;CONSUMO;ATTIVO
39320012072;03/05/2024;RICARICA;ATTIVO
39320012073;21/06/2022;CONSUMO;ATTIVO
39320012074;03/03/2025;RICARICA;SOSPESO
39320012075;08/02/2024;CONSUMO;ATTIVO
39320012076;08/11/2025;RICARICA;ATTIVO
39320012077;02/11/2021;CONSUMO;SOSPESO
39320012078;05/07/2023;RICARICA;ATTIVO
39320012079;18/02/2026;CONSUMO;ATTIVO
39320012080;02/01/2021;RICARICA;ATTIVO
39320012081;23/10/2024;CONSUMO;ATTIVO
39320012082;11/03/2023;RICARICA;ATTIVO
39320012083;06/04/2023;CONSUMO;ATTIVO
39320012084;25/12/2025;RICARICA;ATTIVO
39320012085;06/05/2024;CONSUMO;ATTIVO
39320012086;21/02/2022;RICARICA;ATTIVO
39320012087;03/01/2023;CONSUMO;ATTIVO
39320012088;18/07/2021;RICARICA;ATTIVO
39320012089;21/04/2025;CONSUMO;ATTIVO
39320012090;18/08/2025;RICARICA;ATTIVO
39320012091;14/01/2024;CONSUMO;ATTIVO
39320012092;12/01/2026;RICARICA;SOSPESO
39320012093;04/06/2023;CONSUMO;ATTIVO
39320012094;17/04/2021;RICARICA;ATTIVO
39320012095;10/09/2023;CONSUMO;ATTIVO
39320012096;12/02/2026;RICARICA;ATTIVO
39320012097;31/08/2021;CONSUMO;ATTIVO
39320012098;28/11/2021;RICARICA;ATTIVO
39320012099;09/08/2024;CONSUMO;ATTIVO
39320012100;05/03/2021;RICARICA;ATTIVO
39320012101;17/03/2025;CONSUMO;ATTIVO
39320012102;02/02/2023;RICARICA;ATTIVO
39320012103;09/09/2021;CONSUMO;ATTIVO
39320012104;10/07/2022;RICARICA;ATTIVO
39320012105;13/09/2022;CONSUMO;SOSPESO
39320012106;01/06/2022;RICARICA;ATTIVO
39320012107;04/05/2024;CONSUMO;SOSPESO
39320012108;17/03/2023;RICARICA;ATTIVO
39320012109;24/09/2024;CONSUMO;ATTIVO
39320012110;15/05/2023;RICARICA;ATTIVO
39320012111;01/04/2023;CONSUMO;ATTIVO
39320012112;06/02/2023;RICARICA;ATTIVO
39320012113;21/03/2021;CONSUMO;ATTIVO
39320012114;01/06/2025;RICARICA;ATTIVO
39320012115;28/08/2021;CONSUMO;ATTIVO
39320012116;06/12/2022;RICARICA;ATTIVO
39320012117;13/06/2023;CONSUMO;ATTIVO
39320012118;08/10/2021;RICARICA;ATTIVO
39320012119;22/05/2023;CONSUMO;ATTIVO
39320012120;13/01/2022;RICARICA;SOSPESO
39320012121;06/01/2022;CONSUMO;ATTIVO
39320012122;17/01/2021;RICARICA;ATTIVO
39320012123;18/03/2022;CONSUMO;SOSPESO
39320012124;19/08/2024;RICARICA;ATTIVO
39320012125;20/06/2023;CONSUMO;ATTIVO
39320012126;14/06/2022;RICARICA;ATTIVO
39320012127;11/09/2023;CONSUMO;ATTIVO
39320012128;14/09/2022;RICARICA;ATTIVO
39320012129;03/11/2024;CONSUMO;ATTIVO
39320012130;02/02/2023;RICARICA;ATTIVO
39320012131;15/05/2024;CONSUMO;ATTIVO
39320012132;16/12/2021;RICARICA;ATTIVO
39320012133;15/08/2025;CONSUMO;ATTIVO
39320012134;31/12/2023;RICARICA;ATTIVO
39320012135;13/01/2021;CONSUMO;ATTIVO
39320012136;17/06/2021;RICARICA;SOSPESO
39320012137;12/08/2022;CONSUMO;ATTIVO
39320012138;14/12/2022;RICARICA;ATTIVO
39320012139;07/12/2021;CONSUMO;ATTIVO
39320012140;01/11/2025;RICARICA;ATTIVO
39320012141;26/04/2021;CONSUMO;ATTIVO
39320012142;26/05/2022;RICARICA;ATTIVO
39320012143;10/09/2024;CONSUMO;ATTIVO
39320012144;07/07/2021;RICARICA;SOSPESO
39320012145;20/05/2021;CONSUMO;SOSPESO
39320012146;15/05/2025;RICARICA;ATTIVO
39320012147;06/03/2026;CONSUMO;ATTIVO
39320012148;21/10/2021;RICARICA;ATTIVO
39320012149;07/08/2023;CONSUMO;ATTIVO
39320012150;22/05/2023;RICARICA;ATTIVO
39320012151;03/01/2024;CONSUMO;ATTIVO
39320012152;07/02/2025;RICARICA;ATTIVO
39320012153;11/12/2022;CONSUMO;ATTIVO
39320012154;29/12/2024;RICARICA;ATTIVO
39320012155;09/02/2024;CONSUMO;ATTIVO
39320012156;06/01/2022;RICARICA;ATTIVO
39320012157;18/09/2022;CONSUMO;ATTIVO
39320012158;20/09/2025;RICARICA;ATTIVO
39320012159;30/12/2024;CONSUMO;ATTIVO
39320012160;27/07/2021;RICARICA;ATTIVO
39320012161;26/10/2023;CONSUMO;ATTIVO
39320012162;25/01/2023;RICARICA;ATTIVO
39320012163;08/07/2023;CONSUMO;ATTIVO
39320012164;20/11/2022;RICARICA;ATTIVO
39320012165;20/12/2023;CONSUMO;ATTIVO
39320012166;07/04/2021;RICARICA;ATTIVO
39320012167;12/05/2024;CONSUMO;ATTIVO
39320012168;07/07/2023;RICARICA;ATTIVO
39320012169;06/07/2022;CONSUMO;ATTIVO
39320012170;16/04/2025;RICARICA;ATTIVO
39320012171;16/03/2022;CONSUMO;ATTIVO
39320012172;17/10/2021;RICARICA;ATTIVO
39320012173;25/11/2025;CONSUMO;ATTIVO
39320012174;03/03/2025;RICARICA;ATTIVO
39320012175;29/08/2022;CONSUMO;ATTIVO
39320012176;05/06/2025;RICARICA;ATTIVO
39320012177;01/09/2021;CONSUMO;ATTIVO
39320012178;07/09/2022;RICARICA;ATTIVO
39320012179;15/03/2024;CONSUMO;ATTIVO
39320012180;17/06/2022;RICARICA;ATTIVO
39320012181;20/01/2026;CONSUMO;ATTIVO
39320012182;17/03/2021;RICARICA;ATTIVO
39320012183;28/09/2023;CONSUMO;ATTIVO
39320012184;04/03/2021;RICARICA;ATTIVO
39320012185;13/09/2021;CONSUMO;ATTIVO
39320012186;13/05/2023;RICARICA;ATTIVO
39320012187;01/06/2025;CONSUMO;ATTIVO
39320012188;16/02/2022;RICARICA;ATTIVO
39320012189;12/08/2024;CONSUMO;ATTIVO
39320012190;15/05/2024;RICARICA;SOSPESO
39320012191;25/05/2023;CONSUMO;SOSPESO
39320012192;17/11/2023;RICARICA;ATTIVO
39320012193;01/01/2024;CONSUMO;ATTIVO
39320012194;22/07/2025;RICARICA;ATTIVO
39320012195;20/05/2021;CONSUMO;ATTIVO
39320012196;23/12/2021;RICARICA;ATTIVO
39320012197;01/09/2023;CONSUMO;ATTIVO
39320012198;08/08/2022;RICARICA;ATTIVO
39320012199;10/06/2023;CONSUMO;ATTIVO
39320012200;02/11/2024;RICARICA;ATTIVO
39320012201;07/01/2022;CONSUMO;ATTIVO
39320012202;17/11/2024;RICARICA;ATTIVO
39320012203;01/11/2022;CONSUMO;ATTIVO
39320012204;12/03/2022;RICARICA;SOSPESO
39320012205;01/02/2025;CONSUMO;ATTIVO
39320012206;22/07/2025;RICARICA;ATTIVO
39320012207;15/11/2023;CONSUMO;ATTIVO
39320012208;15/11/2023;RICARICA;ATTIVO
39320012209;08/08/2021;CONSUMO;ATTIVO
39320012210;05/11/2024;RICARICA;ATTIVO
39320012211;23/08/2022;CONSUMO;ATTIVO
39320012212;21/02/2023;RICARICA;ATTIVO
39320012213;14/02/2025;CONSUMO;ATTIVO
39320012214;01/03/2025;RICARICA;ATTIVO
39320012215;29/11/2021;CONSUMO;ATTIVO
39320012216;26/03/2023;RICARICA;ATTIVO
39320012217;14/05/2021;CONSUMO;SOSPESO
39320012218;05/04/2022;RICARICA;ATTIVO
39320012219;23/03/2023;CONSUMO;ATTIVO
39320012220;23/05/2024;RICARICA;ATTIVO
39320012221;25/12/2025;CONSUMO;ATTIVO
39320012222;14/06/2025;RICARICA;ATTIVO
39320012223;30/01/2026;CONSUMO;ATTIVO
39320012224;02/06/2024;RICARICA;ATTIVO
39320012225;14/04/2024;CONSUMO;ATTIVO
39320012226;13/11/2024;RICARICA;ATTIVO
39320012227;09/04/2021;CONSUMO;ATTIVO
39320012228;09/02/2024;RICARICA;ATTIVO
39320012229;12/04/2022;CONSUMO;ATTIVO
39320012230;25/12/2023;RICARICA;ATTIVO
39320012231;02/09/2025;CONSUMO;SOSPESO
39320012232;22/12/2024;RICARICA;ATTIVO
39320012233;14/07/2021;CONSUMO;ATTIVO
39320012234;12/01/2024;RICARICA;ATTIVO
39320012235;20/09/2024;CONSUMO;ATTIVO
39320012236;27/01/2026;RICARICA;ATTIVO
39320012237;25/08/2024;CONSUMO;ATTIVO
39320012238;22/07/2022;RICARICA;ATTIVO
39320012239;20/11/2023;CONSUMO;ATTIVO
39320012240;02/09/2022;RICARICA;ATTIVO
39320012241;20/01/2026;CONSUMO;ATTIVO
39320012242;13/06/2024;RICARICA;ATTIVO
39320012243;08/04/2024;CONSUMO;ATTIVO
39320012244;16/12/2021;RICARICA;ATTIVO
39320012245;01/12/2025;CONSUMO;ATTIVO
39320012246;07/05/2025;RICARICA;ATTIVO
39320012247;04/11/2022;CONSUMO;ATTIVO
39320012248;15/03/2024;RICARICA;ATTIVO
39320012249;01/12/2023;CONSUMO;ATTIVO
39320012250;28/11/2023;RICARICA;ATTIVO
39320012251;22/09/2025;CONSUMO;ATTIVO
39320012252;02/01/2022;RICARICA;ATTIVO
39320012253;23/06/2023;CONSUMO;ATTIVO
39320012254;06/08/2023;RICARICA;ATTIVO
39320012255;01/06/2024;CONSUMO;ATTIVO
39320012256;18/09/2024;RICARICA;ATTIVO
39320012257;14/09/2025;CONSUMO;ATTIVO
39320012258;09/10/2021;RICARICA;ATTIVO
39320012259;12/01/2024;CONSUMO;ATTIVO
39320012260;31/05/2024;RICARICA;ATTIVO
39320012261;15/07/2023;CONSUMO;ATTIVO
39320012262;05/08/2023;RICARICA;ATTIVO
39320012263;04/11/2022;CONSUMO;ATTIVO
39320012264;20/12/2023;RICARICA;ATTIVO
39320012265;22/06/2022;CONSUMO;SOSPESO
39320012266;19/07/2025;RICARICA;ATTIVO
39320012267;29/06/2022;CONSUMO;ATTIVO
39320012268;27/02/2022;RICARICA;ATTIVO
39320012269;07/04/2025;CONSUMO;ATTIVO
39320012270;08/12/2023;RICARICA;SOSPESO
39320012271;08/12/2023;CONSUMO;ATTIVO
39320012272;09/01/2022;RICARICA;ATTIVO
39320012273;31/07/2024;CONSUMO;ATTIVO
39320012274;18/12/2023;RICARICA;ATTIVO
39320012275;21/03/2025;CONSUMO;ATTIVO
39320012276;04/01/2024;RICARICA;ATTIVO
39320012277;17/06/2021;CONSUMO;ATTIVO
39320012278;02/06/2024;RICARICA;SOSPESO
39320012279;04/10/2023;CONSUMO;ATTIVO
39320012280;13/06/2021;RICARICA;ATTIVO
39320012281;20/02/2026;CONSUMO;ATTIVO
39320012282;24/01/2021;RICARICA;ATTIVO
39320012283;16/02/2021;CONSUMO;ATTIVO
39320012284;18/06/2024;RICARICA;ATTIVO
39320012285;10/11/2025;CONSUMO;SOSPESO
39320012286;14/01/2025;RICARICA;ATTIVO
39320012287;29/09/2025;CONSUMO;ATTIVO
39320012288;04/08/2021;RICARICA;ATTIVO
39320012289;27/03/2024;CONSUMO;ATTIVO
39320012290;09/10/2022;RICARICA;ATTIVO
39320012291;31/10/2025;CONSUMO;ATTIVO
39320012292;17/05/2023;RICARICA;ATTIVO
39320012293;29/03/2022;CONSUMO;ATTIVO
39320012294;05/02/2023;RICARICA;ATTIVO
39320012295;25/08/2025;CONSUMO;ATTIVO
39320012296;05/03/2025;RICARICA;ATTIVO
39320012297;18/03/2025;CONSUMO;ATTIVO
39320012298;18/01/2025;RICARICA;ATTIVO
39320012299;14/03/2025;CONSUMO;ATTIVO
39320012300;09/09/2025;RICARICA;ATTIVO
39320012301;04/02/2022;CONSUMO;ATTIVO
39320012302;20/03/2023;RICARICA;ATTIVO
39320012303;05/03/2025;CONSUMO;ATTIVO
39320012304;24/03/2024;RICARICA;ATTIVO
39320012305;12/04/2024;CONSUMO;ATTIVO
39320012306;25/05/2022;RICARICA;SOSPESO
39320012307;27/12/2023;CONSUMO;ATTIVO
39320012308;20/03/2024;RICARICA;SOSPESO
39320012309;22/09/2022;CONSUMO;ATTIVO
39320012310;09/11/2025;RICARICA;ATTIVO
39320012311;06/09/2021;CONSUMO;ATTIVO
39320012312;24/05/2023;RICARICA;ATTIVO
39320012313;01/05/2021;CONSUMO;ATTIVO
39320012314;03/11/2022;RICARICA;ATTIVO
39320012315;22/06/2025;CONSUMO;ATTIVO
39320012316;26/10/2023;RICARICA;ATTIVO
39320012317;29/03/2021;CONSUMO;ATTIVO
39320012318;05/05/2021;RICARICA;ATTIVO
39320012319;06/09/2022;CONSUMO;ATTIVO
39320012320;03/08/2023;RICARICA;ATTIVO
39320012321;23/05/2021;CONSUMO;ATTIVO
39320012322;28/11/2024;RICARICA;ATTIVO
39320012323;24/12/2023;CONSUMO;ATTIVO
39320012324;16/02/2023;RICARICA;ATTIVO
39320012325;14/10/2021;CONSUMO;ATTIVO
39320012326;11/06/2021;RICARICA;ATTIVO
39320012327;16/12/2022;CONSUMO;ATTIVO
39320012328;12/05/2024;RICARICA;ATTIVO
39320012329;18/05/2022;CONSUMO;ATTIVO
39320012330;11/05/2022;RICARICA;ATTIVO
39320012331;04/05/2021;CONSUMO;ATTIVO
39320012332;07/07/2024;RICARICA;ATTIVO
39320012333;21/10/2022;CONSUMO;SOSPESO
39320012334;19/03/2025;RICARICA;ATTIVO
39320012335;01/06/2023;CONSUMO;ATTIVO
39320012336;20/07/2024;RICARICA;SOSPESO
39320012337;12/07/2023;CONSUMO;ATTIVO
39320012338;26/06/2021;RICARICA;ATTIVO
39320012339;29/10/2025;CONSUMO;ATTIVO
39320012340;09/02/2023;RICARICA;ATTIVO
39320012341;26/09/2023;CONSUMO;ATTIVO
39320012342;02/01/2023;RICARICA;ATTIVO
39320012343;02/12/2025;CONSUMO;ATTIVO
39320012344;17/02/2023;RICARICA;ATTIVO
39320012345;16/03/2023;CONSUMO;SOSPESO
39320012346;10/06/2024;RICARICA;ATTIVO
39320012347;02/10/2021;CONSUMO;ATTIVO
39320012348;09/02/2026;RICARICA;ATTIVO
39320012349;23/09/2023;CONSUMO;ATTIVO
39320012350;27/02/2021;RICARICA;ATTIVO
39320012351;21/01/2024;CONSUMO;ATTIVO
39320012352;18/04/2025;RICARICA;ATTIVO
39320012353;20/04/2023;CONSUMO;ATTIVO
39320012354;16/02/2026;RICARICA;ATTIVO
39320012355;29/12/2021;CONSUMO;ATTIVO
39320012356;13/02/2023;RICARICA;ATTIVO
39320012357;10/06/2022;CONSUMO;ATTIVO
39320012358;14/12/2024;RICARICA;ATTIVO
39320012359;06/06/2021;CONSUMO;ATTIVO
39320012360;03/08/2021;RICARICA;ATTIVO
39320012361;27/11/2024;CONSUMO;ATTIVO
39320012362;25/10/2022;RICARICA;ATTIVO
39320012363;24/02/2022;CONSUMO;ATTIVO
39320012364;22/11/2025;RICARICA;ATTIVO
39320012365;26/02/2026;CONSUMO;ATTIVO
39320012366;24/08/2025;RICARICA;ATTIVO
39320012367;04/02/2023;CONSUMO;SOSPESO
39320012368;18/03/2021;RICARICA;ATTIVO
39320012369;22/02/2024;CONSUMO;ATTIVO
39320012370;05/10/2021;RICARICA;ATTIVO
39320012371;15/03/2022;CONSUMO;ATTIVO
39320012372;20/10/2021;RICARICA;ATTIVO
39320012373;04/03/2022;CONSUMO;ATTIVO
39320012374;22/10/2025;RICARICA;ATTIVO
39320012375;29/07/2021;CONSUMO;ATTIVO
39320012376;15/06/2022;RICARICA;ATTIVO
39320012377;18/07/2023;CONSUMO;ATTIVO
39320012378;27/03/2025;RICARICA;ATTIVO
39320012379;27/04/2024;CONSUMO;ATTIVO
39320012380;09/03/2022;RICARICA;SOSPESO
39320012381;24/03/2024;CONSUMO;ATTIVO
39320012382;21/06/2025;RICARICA;ATTIVO
39320012383;12/10/2023;CONSUMO;ATTIVO
39320012384;24/11/2024;RICARICA;ATTIVO
39320012385;22/02/2026;CONSUMO;ATTIVO
39320012386;27/05/2024;RICARICA;ATTIVO
39320012387;18/11/2024;CONSUMO;ATTIVO
39320012388;12/03/2024;RICARICA;ATTIVO
39320012389;02/11/2023;CONSUMO;ATTIVO
39320012390;24/10/2025;RICARICA;ATTIVO
39320012391;10/06/2024;CONSUMO;ATTIVO
39320012392;17/04/2025;RICARICA;ATTIVO
39320012393;18/10/2022;CONSUMO;ATTIVO
39320012394;20/12/2022;RICARICA;ATTIVO
39320012395;18/12/2024;CONSUMO;ATTIVO
39320012396;30/08/2025;RICARICA;ATTIVO
39320012397;07/01/2024;CONSUMO;ATTIVO
39320012398;19/07/2023;RICARICA;ATTIVO
39320012399;03/10/2023;CONSUMO;ATTIVO
39320012400;29/06/2022;RICARICA;ATTIVO
39320012401;13/02/2021;CONSUMO;ATTIVO
39320012402;21/05/2023;RICARICA;ATTIVO
39320012403;21/02/2024;CONSUMO;SOSPESO
39320012404;04/06/2025;RICARICA;ATTIVO
39320012405;25/02/2023;CONSUMO;ATTIVO
39320012406;08/08/2025;RICARICA;ATTIVO
39320012407;16/01/2025;CONSUMO;ATTIVO
39320012408;13/03/2021;RICARICA;ATTIVO
39320012409;03/03/2022;CONSUMO;ATTIVO
39320012410;06/04/2025;RICARICA;ATTIVO
39320012411;14/05/2021;CONSUMO;ATTIVO
39320012412;25/02/2022;RICARICA;ATTIVO
39320012413;27/06/2023;CONSUMO;ATTIVO
39320012414;06/01/2023;RICARICA;SOSPESO
39320012415;01/04/2022;CONSUMO;ATTIVO
39320012416;16/03/2022;RICARICA;ATTIVO
39320012417;08/04/2025;CONSUMO;ATTIVO
39320012418;29/01/2021;RICARICA;ATTIVO
39320012419;13/07/2021;CONSUMO;ATTIVO
39320012420;18/01/2021;RICARICA;ATTIVO
39320012421;29/06/2024;CONSUMO;ATTIVO
39320012422;16/12/2022;RICARICA;ATTIVO
39320012423;19/08/2025;CONSUMO;ATTIVO
39320012424;09/05/2023;RICARICA;SOSPESO
39320012425;17/01/2022;CONSUMO;ATTIVO
39320012426;22/03/2023;RICARICA;ATTIVO
39320012427;26/06/2022;CONSUMO;ATTIVO
39320012428;22/03/2021;RICARICA;SOSPESO
39320012429;19/05/2021;CONSUMO;ATTIVO
39320012430;15/12/2021;RICARICA;ATTIVO
39320012431;22/04/2022;CONSUMO;ATTIVO
39320012432;05/06/2024;RICARICA;ATTIVO
39320012433;29/08/2024;CONSUMO;ATTIVO
39320012434;04/08/2023;RICARICA;ATTIVO
39320012435;04/07/2022;CONSUMO;ATTIVO
39320012436;16/05/2021;RICARICA;ATTIVO
39320012437;19/12/2024;CONSUMO;ATTIVO
39320012438;13/11/2024;RICARICA;ATTIVO
39320012439;13/12/2024;CONSUMO;ATTIVO
39320012440;03/03/2024;RICARICA;ATTIVO
39320012441;09/07/2022;CONSUMO;ATTIVO
39320012442;19/05/2025;RICARICA;ATTIVO
39320012443;03/02/2024;CONSUMO;ATTIVO
39320012444;02/05/2021;RICARICA;ATTIVO
39320012445;03/01/2025;CONSUMO;ATTIVO
39320012446;22/07/2021;RICARICA;SOSPESO
39320012447;07/03/2026;CONSUMO;ATTIVO
39320012448;18/03/2025;RICARICA;ATTIVO
39320012449;12/08/2023;CONSUMO;ATTIVO
39320012450;04/02/2025;RICARICA;ATTIVO
39320012451;31/08/2023;CONSUMO;ATTIVO
39320012452;10/03/2023;RICARICA;SOSPESO
39320012453;08/11/2025;CONSUMO;SOSPESO
39320012454;14/04/2023;RICARICA;ATTIVO
39320012455;30/12/2021;CONSUMO;ATTIVO
39320012456;13/10/2023;RICARICA;ATTIVO
39320012457;13/06/2025;CONSUMO;ATTIVO
39320012458;17/08/2022;RICARICA;ATTIVO
39320012459;01/09/2025;CONSUMO;ATTIVO
39320012460;15/08/2024;RICARICA;ATTIVO
39320012461;20/12/2021;CONSUMO;ATTIVO
39320012462;09/08/2021;RICARICA;ATTIVO
39320012463;27/06/2024;CONSUMO;ATTIVO
39320012464;30/01/2022;RICARICA;ATTIVO
39320012465;13/12/2023;CONSUMO;ATTIVO
39320012466;09/11/2024;RICARICA;ATTIVO
39320012467;13/04/2021;CONSUMO;ATTIVO
39320012468;02/11/2021;RICARICA;ATTIVO
39320012469;08/07/2023;CONSUMO;ATTIVO
39320012470;14/12/2021;RICARICA;ATTIVO
39320012471;07/11/2021;CONSUMO;ATTIVO
39320012472;07/03/2021;RICARICA;ATTIVO
39320012473;16/05/2025;CONSUMO;ATTIVO
39320012474;12/03/2023;RICARICA;ATTIVO
39320012475;29/04/2023;CONSUMO;ATTIVO
39320012476;24/05/2021;RICARICA;ATTIVO
39320012477;07/02/2022;CONSUMO;ATTIVO
39320012478;19/01/2024;RICARICA;ATTIVO
39320012479;21/01/2021;CONSUMO;ATTIVO
39320012480;02/09/2023;RICARICA;ATTIVO
39320012481;03/03/2021;CONSUMO;ATTIVO
39320012482;11/10/2023;RICARICA;ATTIVO
39320012483;15/11/2022;CONSUMO;SOSPESO
39320012484;28/02/2024;RICARICA;SOSPESO
39320012485;23/02/2021;CONSUMO;ATTIVO
39320012486;19/03/2022;RICARICA;ATTIVO
39320012487;03/07/2021;CONSUMO;ATTIVO
39320012488;14/05/2025;RICARICA;ATTIVO
39320012489;14/07/2023;CONSUMO;ATTIVO
39320012490;11/07/2021;RICARICA;ATTIVO
39320012491;13/01/2024;CONSUMO;ATTIVO
39320012492;05/03/2024;RICARICA;ATTIVO
39320012493;10/11/2023;CONSUMO;ATTIVO
39320012494;04/06/2021;RICARICA;ATTIVO
39320012495;13/10/2023;CONSUMO;ATTIVO
39320012496;03/09/2021;RICARICA;ATTIVO
39320012497;14/08/2025;CONSUMO;ATTIVO
39320012498;18/11/2025;RICARICA;SOSPESO
39320012499;04/05/2025;CONSUMO;ATTIVO
39320012500;15/04/2023;RICARICA;ATTIVO
39320012501;13/10/2023;CONSUMO;ATTIVO
39320012502;09/12/2021;RICARICA;ATTIVO
39320012503;21/05/2021;CONSUMO;ATTIVO
39320012504;13/01/2021;RICARICA;ATTIVO
39320012505;20/09/2022;CONSUMO;ATTIVO
39320012506;21/04/2021;RICARICA;SOSPESO
39320012507;24/10/2021;CONSUMO;ATTIVO
39320012508;05/04/2025;RICARICA;ATTIVO
39320012509;21/10/2025;CONSUMO;ATTIVO
39320012510;23/01/2026;RICARICA;ATTIVO
39320012511;09/01/2023;CONSUMO;ATTIVO
39320012512;19/08/2024;RICARICA;ATTIVO
39320012513;23/10/2021;CONSUMO;ATTIVO
39320012514;16/03/2022;RICARICA;ATTIVO
39320012515;07/07/2022;CONSUMO;ATTIVO
39320012516;18/10/2021;RICARICA;SOSPESO
39320012517;15/02/2026;CONSUMO;SOSPESO
39320012518;04/02/2025;RICARICA;ATTIVO
39320012519;11/07/2022;CONSUMO;ATTIVO
39320012520;14/08/2025;RICARICA;ATTIVO
39320012521;22/09/2025;CONSUMO;ATTIVO
39320012522;05/01/2022;RICARICA;ATTIVO
39320012523;16/02/2021;CONSUMO;ATTIVO
39320012524;10/01/2022;RICARICA;ATTIVO
39320012525;05/07/2024;CONSUMO;ATTIVO
39320012526;13/07/2021;RICARICA;ATTIVO
39320012527;25/09/2021;CONSUMO;ATTIVO
39320012528;11/06/2021;RICARICA;ATTIVO
39320012529;19/05/2024;CONSUMO;ATTIVO
39320012530;14/01/2025;RICARICA;ATTIVO
39320012531;18/10/2024;CONSUMO;ATTIVO
39320012532;08/12/2022;RICARICA;ATTIVO
39320012533;06/01/2023;CONSUMO;ATTIVO
39320012534;20/12/2022;RICARICA;ATTIVO
39320012535;17/03/2021;CONSUMO;ATTIVO
39320012536;06/08/2021;RICARICA;ATTIVO
39320012537;15/08/2021;CONSUMO;ATTIVO
39320012538;05/01/2024;RICARICA;ATTIVO
39320012539;20/09/2025;CONSUMO;ATTIVO
39320012540;08/07/2025;RICARICA;ATTIVO
39320012541;09/12/2025;CONSUMO;ATTIVO
39320012542;01/04/2025;RICARICA;ATTIVO
39320012543;09/02/2025;CONSUMO;ATTIVO
39320012544;03/01/2024;RICARICA;ATTIVO
39320012545;07/06/2022;CONSUMO;ATTIVO
39320012546;27/05/2023;RICARICA;ATTIVO
39320012547;04/02/2026;CONSUMO;SOSPESO
39320012548;13/10/2024;RICARICA;ATTIVO
39320012549;15/03/2022;CONSUMO;ATTIVO
39320012550;01/05/2021;RICARICA;ATTIVO
39320012551;22/10/2023;CONSUMO;ATTIVO
39320012552;01/10/2022;RICARICA;ATTIVO
39320012553;18/02/2021;CONSUMO;ATTIVO
39320012554;18/04/2022;RICARICA;ATTIVO
39320012555;08/09/2024;CONSUMO;ATTIVO
39320012556;01/07/2021;RICARICA;SOSPESO
39320012557;13/08/2021;CONSUMO;ATTIVO
39320012558;02/10/2023;RICARICA;ATTIVO
39320012559;30/09/2025;CONSUMO;ATTIVO
39320012560;25/06/2021;RICARICA;ATTIVO
39320012561;31/03/2021;CONSUMO;ATTIVO
39320012562;15/03/2024;RICARICA;ATTIVO
39320012563;14/04/2025;CONSUMO;ATTIVO
39320012564;15/08/2025;RICARICA;ATTIVO
39320012565;17/02/2022;CONSUMO;ATTIVO
39320012566;04/02/2025;RICARICA;ATTIVO
39320012567;04/09/2025;CONSUMO;ATTIVO
39320012568;30/10/2022;RICARICA;SOSPESO
39320012569;25/07/2022;CONSUMO;ATTIVO
39320012570;11/11/2023;RICARICA;ATTIVO
39320012571;09/07/2023;CONSUMO;SOSPESO
39320012572;22/03/2021;RICARICA;ATTIVO
39320012573;29/08/2021;CONSUMO;ATTIVO
39320012574;17/12/2023;RICARICA;ATTIVO
39320012575;16/07/2022;CONSUMO;ATTIVO
39320012576;31/10/2021;RICARICA;ATTIVO
39320012577;20/01/2021;CONSUMO;ATTIVO
39320012578;07/12/2021;RICARICA;ATTIVO
39320012579;28/01/2025;CONSUMO;ATTIVO
39320012580;01/03/2025;RICARICA;ATTIVO
39320012581;30/01/2021;CONSUMO;ATTIVO
39320012582;05/11/2022;RICARICA;ATTIVO
39320012583;03/03/2022;CONSUMO;ATTIVO
39320012584;05/01/2021;RICARICA;ATTIVO
39320012585;07/02/2021;CONSUMO;ATTIVO
39320012586;11/02/2023;RICARICA;ATTIVO
39320012587;21/08/2022;CONSUMO;ATTIVO
39320012588;06/04/2023;RICARICA;ATTIVO
39320012589;30/04/2024;CONSUMO;ATTIVO
39320012590;10/01/2021;RICARICA;ATTIVO
39320012591;04/12/2023;CONSUMO;ATTIVO
39320012592;13/05/2025;RICARICA;ATTIVO
39320012593;04/07/2021;CONSUMO;ATTIVO
39320012594;01/09/2021;RICARICA;ATTIVO
39320012595;06/01/2021;CONSUMO;ATTIVO
39320012596;19/10/2025;RICARICA;ATTIVO
39320012597;27/02/2023;CONSUMO;ATTIVO
39320012598;27/02/2025;RICARICA;ATTIVO
39320012599;08/08/2025;CONSUMO;ATTIVO
39320012600;04/11/2024;RICARICA;ATTIVO
39320012601;25/07/2023;CONSUMO;ATTIVO
39320012602;06/04/2024;RICARICA;ATTIVO
39320012603;03/05/2025;CONSUMO;ATTIVO
39320012604;31/07/2023;RICARICA;ATTIVO
39320012605;19/06/2024;CONSUMO;ATTIVO
39320012606;19/01/2021;RICARICA;ATTIVO
39320012607;10/02/2025;CONSUMO;ATTIVO
39320012608;18/01/2024;RICARICA;SOSPESO
39320012609;18/06/2021;CONSUMO;SOSPESO
39320012610;10/11/2025;RICARICA;ATTIVO
39320012611;21/05/2023;CONSUMO;ATTIVO
39320012612;13/06/2022;RICARICA;ATTIVO
39320012613;25/03/2021;CONSUMO;ATTIVO
39320012614;02/03/2026;RICARICA;ATTIVO
39320012615;19/09/2025;CONSUMO;SOSPESO
39320012616;21/11/2023;RICARICA;ATTIVO
39320012617;25/03/2022;CONSUMO;ATTIVO
39320012618;01/09/2021;RICARICA;ATTIVO
39320012619;20/01/2025;CONSUMO;ATTIVO
39320012620;02/07/2023;RICARICA;ATTIVO
39320012621;16/07/2021;CONSUMO;ATTIVO
39320012622;24/06/2021;RICARICA;ATTIVO
39320012623;18/09/2024;CONSUMO;ATTIVO
39320012624;15/08/2024;RICARICA;ATTIVO
39320012625;15/06/2022;CONSUMO;ATTIVO
39320012626;17/10/2021;RICARICA;ATTIVO
39320012627;07/07/2025;CONSUMO;ATTIVO
39320012628;07/02/2021;RICARICA;ATTIVO
39320012629;17/06/2022;CONSUMO;ATTIVO
39320012630;23/09/2024;RICARICA;ATTIVO
39320012631;14/01/2023;CONSUMO;ATTIVO
39320012632;11/04/2025;RICARICA;ATTIVO
39320012633;26/04/2023;CONSUMO;ATTIVO
39320012634;04/07/2023;RICARICA;ATTIVO
39320012635;23/03/2024;CONSUMO;ATTIVO
39320012636;28/05/2022;RICARICA;ATTIVO
39320012637;29/12/2025;CONSUMO;ATTIVO
39320012638;03/11/2025;RICARICA;ATTIVO
39320012639;24/06/2023;CONSUMO;ATTIVO
39320012640;20/04/2021;RICARICA;ATTIVO
39320012641;02/02/2024;CONSUMO;ATTIVO
39320012642;10/12/2025;RICARICA;ATTIVO
39320012643;02/02/2021;CONSUMO;ATTIVO
39320012644;17/12/2024;RICARICA;ATTIVO
39320012645;08/02/2026;CONSUMO;ATTIVO
39320012646;05/11/2023;RICARICA;ATTIVO
39320012647;10/10/2021;CONSUMO;ATTIVO
39320012648;18/11/2023;RICARICA;ATTIVO
39320012649;05/03/2026;CONSUMO;ATTIVO
39320012650;03/01/2021;RICARICA;ATTIVO
39320012651;30/12/2025;CONSUMO;ATTIVO
39320012652;10/03/2021;RICARICA;ATTIVO
39320012653;23/10/2023;CONSUMO;ATTIVO
39320012654;15/10/2023;RICARICA;ATTIVO
39320012655;28/10/2022;CONSUMO;ATTIVO
39320012656;16/08/2023;RICARICA;ATTIVO
39320012657;13/02/2026;CONSUMO;ATTIVO
39320012658;30/01/2022;RICARICA;ATTIVO
39320012659;24/11/2021;CONSUMO;SOSPESO
39320012660;01/04/2022;RICARICA;ATTIVO
39320012661;20/07/2023;CONSUMO;ATTIVO
39320012662;27/08/2022;RICARICA;ATTIVO
39320012663;23/06/2024;CONSUMO;ATTIVO
39320012664;30/04/2025;RICARICA;ATTIVO
39320012665;13/10/2021;CONSUMO;ATTIVO
39320012666;11/11/2022;RICARICA;ATTIVO
39320012667;26/08/2021;CONSUMO;ATTIVO
39320012668;23/05/2021;RICARICA;ATTIVO
39320012669;30/05/2025;CONSUMO;ATTIVO
39320012670;02/11/2022;RICARICA;ATTIVO
39320012671;06/02/2021;CONSUMO;ATTIVO
39320012672;10/11/2025;RICARICA;ATTIVO
39320012673;23/08/2021;CONSUMO;ATTIVO
39320012674;05/05/2021;RICARICA;ATTIVO
39320012675;21/12/2021;CONSUMO;ATTIVO
39320012676;26/06/2022;RICARICA;ATTIVO
39320012677;18/02/2021;CONSUMO;ATTIVO
39320012678;19/09/2021;RICARICA;ATTIVO
39320012679;06/12/2023;CONSUMO;ATTIVO
39320012680;27/06/2021;RICARICA;ATTIVO
39320012681;21/01/2025;CONSUMO;ATTIVO
39320012682;02/02/2026;RICARICA;ATTIVO
39320012683;26/01/2026;CONSUMO;ATTIVO
39320012684;14/02/2025;RICARICA;SOSPESO
39320012685;08/07/2024;CONSUMO;ATTIVO
39320012686;20/12/2022;RICARICA;ATTIVO
39320012687;02/03/2021;CONSUMO;ATTIVO
39320012688;26/06/2022;RICARICA;SOSPESO
39320012689;04/01/2025;CONSUMO;ATTIVO
39320012690;17/10/2023;RICARICA;ATTIVO
39320012691;11/06/2023;CONSUMO;ATTIVO
39320012692;05/04/2022;RICARICA;SOSPESO
39320012693;30/04/2025;CONSUMO;ATTIVO
39320012694;14/02/2026;RICARICA;SOSPESO
39320012695;14/06/2022;CONSUMO;ATTIVO
39320012696;25/01/2025;RICARICA;ATTIVO
39320012697;28/11/2025;CONSUMO;ATTIVO
39320012698;30/12/2021;RICARICA;ATTIVO
39320012699;20/06/2023;CONSUMO;ATTIVO
39320012700;25/03/2022;RICARICA;ATTIVO
39320012701;07/09/2022;CONSUMO;ATTIVO
39320012702;21/02/2021;RICARICA;ATTIVO
39320012703;30/06/2021;CONSUMO;ATTIVO
39320012704;15/01/2021;RICARICA;ATTIVO
39320012705;12/01/2025;CONSUMO;ATTIVO
39320012706;05/07/2024;RICARICA;SOSPESO
39320012707;07/02/2025;CONSUMO;ATTIVO
39320012708;28/09/2025;RICARICA;ATTIVO
39320012709;27/04/2022;CONSUMO;ATTIVO
39320012710;14/05/2023;RICARICA;ATTIVO
39320012711;20/04/2023;CONSUMO;ATTIVO
39320012712;01/12/2021;RICARICA;SOSPESO
39320012713;31/03/2025;CONSUMO;ATTIVO
39320012714;23/10/2024;RICARICA;ATTIVO
39320012715;29/07/2023;CONSUMO;ATTIVO
39320012716;11/01/2022;RICARICA;ATTIVO
39320012717;08/01/2021;CONSUMO;ATTIVO
39320012718;02/10/2025;RICARICA;ATTIVO
39320012719;16/07/2025;CONSUMO;ATTIVO
39320012720;21/12/2022;RICARICA;SOSPESO
39320012721;23/05/2025;CONSUMO;ATTIVO
39320012722;09/11/2021;RICARICA;ATTIVO
39320012723;20/07/2022;CONSUMO;SOSPESO
39320012724;13/03/2026;RICARICA;ATTIVO
39320012725;25/06/2023;CONSUMO;ATTIVO
39320012726;18/04/2023;RICARICA;ATTIVO
39320012727;25/06/2023;CONSUMO;ATTIVO
39320012728;26/09/2025;RICARICA;ATTIVO
39320012729;01/07/2024;CONSUMO;ATTIVO
39320012730;15/08/2023;RICARICA;ATTIVO
39320012731;18/09/2024;CONSUMO;ATTIVO
39320012732;04/05/2021;RICARICA;ATTIVO
39320012733;11/01/2023;CONSUMO;ATTIVO
39320012734;26/04/2023;RICARICA;SOSPESO
39320012735;11/08/2021;CONSUMO;ATTIVO
39320012736;14/09/2022;RICARICA;ATTIVO
39320012737;17/09/2023;CONSUMO;SOSPESO
39320012738;26/10/2021;RICARICA;ATTIVO
39320012739;04/10/2022;CONSUMO;ATTIVO
39320012740;21/07/2025;RICARICA;ATTIVO
39320012741;20/04/2021;CONSUMO;ATTIVO
39320012742;09/05/2023;RICARICA;ATTIVO
39320012743;24/03/2025;CONSUMO;ATTIVO
39320012744;09/11/2021;RICARICA;SOSPESO
39320012745;05/11/2021;CONSUMO;ATTIVO
39320012746;08/06/2025;RICARICA;ATTIVO
39320012747;24/09/2025;CONSUMO;ATTIVO
39320012748;20/02/2025;RICARICA;ATTIVO
39320012749;02/12/2021;CONSUMO;ATTIVO
39320012750;23/03/2024;RICARICA;ATTIVO
39320012751;05/02/2021;CONSUMO;SOSPESO
39320012752;13/09/2024;RICARICA;ATTIVO
39320012753;29/06/2025;CONSUMO;ATTIVO
39320012754;04/08/2025;RICARICA;ATTIVO
39320012755;11/09/2021;CONSUMO;ATTIVO
39320012756;25/12/2024;RICARICA;ATTIVO
39320012757;05/05/2025;CONSUMO;ATTIVO
39320012758;02/02/2024;RICARICA;ATTIVO
39320012759;28/10/2021;CONSUMO;ATTIVO
39320012760;06/01/2021;RICARICA;ATTIVO
39320012761;29/05/2023;CONSUMO;ATTIVO
39320012762;07/04/2022;RICARICA;ATTIVO
39320012763;16/04/2024;CONSUMO;ATTIVO
39320012764;22/10/2023;RICARICA;ATTIVO
39320012765;27/10/2023;CONSUMO;ATTIVO
39320012766;22/01/2025;RICARICA;ATTIVO
39320012767;25/11/2023;CONSUMO;ATTIVO
39320012768;30/06/2025;RICARICA;ATTIVO
39320012769;17/02/2021;CONSUMO;SOSPESO
39320012770;10/04/2023;RICARICA;ATTIVO
39320012771;05/05/2025;CONSUMO;ATTIVO
39320012772;01/10/2025;RICARICA;ATTIVO
39320012773;26/07/2021;CONSUMO;SOSPESO
39320012774;08/01/2022;RICARICA;ATTIVO
39320012775;28/07/2025;CONSUMO;ATTIVO
39320012776;29/09/2022;RICARICA;ATTIVO
39320012777;16/03/2025;CONSUMO;ATTIVO
39320012778;01/07/2025;RICARICA;ATTIVO
39320012779;22/05/2022;CONSUMO;ATTIVO
39320012780;31/08/2021;RICARICA;ATTIVO
39320012781;15/04/2021;CONSUMO;ATTIVO
39320012782;04/03/2025;RICARICA;SOSPESO
39320012783;19/05/2023;CONSUMO;ATTIVO
39320012784;06/05/2022;RICARICA;ATTIVO
39320012785;25/07/2021;CONSUMO;ATTIVO
39320012786;07/08/2024;RICARICA;ATTIVO
39320012787;28/02/2023;CONSUMO;ATTIVO
39320012788;30/04/2021;RICARICA;ATTIVO
39320012789;08/05/2021;CONSUMO;SOSPESO
39320012790;17/02/2022;RICARICA;ATTIVO
39320012791;04/07/2023;CONSUMO;ATTIVO
39320012792;27/04/2024;RICARICA;ATTIVO
39320012793;12/02/2026;CONSUMO;SOSPESO
39320012794;14/06/2021;RICARICA;ATTIVO
39320012795;20/07/2022;CONSUMO;ATTIVO
39320012796;28/01/2021;RICARICA;ATTIVO
39320012797;26/02/2026;CONSUMO;SOSPESO
39320012798;24/07/2025;RICARICA;ATTIVO
39320012799;08/08/2021;CONSUMO;ATTIVO
39320012800;14/10/2023;RICARICA;ATTIVO
39320012801;22/04/2024;CONSUMO;ATTIVO
39320012802;10/04/2025;RICARICA;ATTIVO
39320012803;30/04/2023;CONSUMO;ATTIVO
39320012804;15/03/2025;RICARICA;ATTIVO
39320012805;14/07/2024;CONSUMO;ATTIVO
39320012806;16/12/2025;RICARICA;SOSPESO
39320012807;07/04/2025;CONSUMO;SOSPESO
39320012808;28/12/2022;RICARICA;ATTIVO
39320012809;17/06/2024;CONSUMO;SOSPESO
39320012810;15/04/2021;RICARICA;ATTIVO
39320012811;14/06/2022;CONSUMO;ATTIVO
39320012812;20/08/2024;RICARICA;ATTIVO
39320012813;26/07/2024;CONSUMO;ATTIVO
39320012814;09/12/2023;RICARICA;ATTIVO
39320012815;17/01/2023;CONSUMO;SOSPESO
39320012816;11/07/2024;RICARICA;ATTIVO
39320012817;26/02/2022;CONSUMO;SOSPESO
39320012818;29/11/2022;RICARICA;ATTIVO
39320012819;22/12/2023;CONSUMO;ATTIVO
39320012820;02/09/2021;RICARICA;ATTIVO
39320012821;05/03/2026;CONSUMO;ATTIVO
39320012822;19/12/2023;RICARICA;ATTIVO
39320012823;11/09/2025;CONSUMO;ATTIVO
39320012824;06/03/2025;RICARICA;ATTIVO
39320012825;09/10/2021;CONSUMO;ATTIVO
39320012826;11/05/2024;RICARICA;ATTIVO
39320012827;04/01/2025;CONSUMO;ATTIVO
39320012828;18/08/2021;RICARICA;SOSPESO
39320012829;05/08/2021;CONSUMO;ATTIVO
39320012830;06/02/2024;RICARICA;ATTIVO
39320012831;16/08/2021;CONSUMO;ATTIVO
39320012832;21/08/2023;RICARICA;SOSPESO
39320012833;13/11/2021;CONSUMO;ATTIVO
39320012834;20/02/2022;RICARICA;ATTIVO
39320012835;06/12/2025;CONSUMO;ATTIVO
39320012836;21/07/2024;RICARICA;SOSPESO
39320012837;30/05/2022;CONSUMO;ATTIVO
39320012838;06/05/2025;RICARICA;ATTIVO
39320012839;10/02/2022;CONSUMO;ATTIVO
39320012840;12/09/2025;RICARICA;ATTIVO
39320012841;06/07/2023;CONSUMO;ATTIVO
39320012842;21/02/2024;RICARICA;ATTIVO
39320012843;17/01/2026;CONSUMO;ATTIVO
39320012844;08/01/2022;RICARICA;ATTIVO
39320012845;26/01/2024;CONSUMO;ATTIVO
39320012846;20/01/2025;RICARICA;ATTIVO
39320012847;21/01/2023;CONSUMO;ATTIVO
39320012848;12/08/2023;RICARICA;ATTIVO
39320012849;23/10/2023;CONSUMO;ATTIVO
39320012850;14/12/2021;RICARICA;ATTIVO
39320012851;02/10/2024;CONSUMO;ATTIVO
39320012852;02/02/2022;RICARICA;ATTIVO
39320012853;04/10/2021;CONSUMO;ATTIVO
39320012854;21/03/2023;RICARICA;SOSPESO
39320012855;29/11/2021;CONSUMO;SOSPESO
39320012856;06/09/2021;RICARICA;ATTIVO
39320012857;19/03/2021;CONSUMO;ATTIVO
39320012858;27/02/2023;RICARICA;ATTIVO
39320012859;13/04/2025;CONSUMO;ATTIVO
39320012860;23/12/2022;RICARICA;ATTIVO
39320012861;16/06/2022;CONSUMO;ATTIVO
39320012862;25/08/2023;RICARICA;ATTIVO
39320012863;29/06/2025;CONSUMO;ATTIVO
39320012864;30/10/2024;RICARICA;ATTIVO
39320012865;14/06/2023;CONSUMO;ATTIVO
39320012866;31/08/2021;RICARICA;ATTIVO
39320012867;07/10/2025;CONSUMO;SOSPESO
39320012868;17/01/2023;RICARICA;ATTIVO
39320012869;03/12/2025;CONSUMO;SOSPESO
39320012870;03/07/2021;RICARICA;ATTIVO
39320012871;15/02/2025;CONSUMO;ATTIVO
39320012872;13/04/2023;RICARICA;ATTIVO
39320012873;14/08/2025;CONSUMO;ATTIVO
39320012874;29/05/2021;RICARICA;ATTIVO
39320012875;16/03/2026;CONSUMO;ATTIVO
39320012876;09/02/2022;RICARICA;ATTIVO
39320012877;24/07/2025;CONSUMO;ATTIVO
39320012878;20/04/2025;RICARICA;ATTIVO
39320012879;21/05/2025;CONSUMO;ATTIVO
39320012880;04/10/2025;RICARICA;ATTIVO
39320012881;13/03/2025;CONSUMO;ATTIVO
39320012882;23/06/2024;RICARICA;ATTIVO
39320012883;31/03/2022;CONSUMO;ATTIVO
39320012884;14/08/2022;RICARICA;ATTIVO
39320012885;23/08/2022;CONSUMO;ATTIVO
39320012886;28/03/2022;RICARICA;ATTIVO
39320012887;10/09/2022;CONSUMO;ATTIVO
39320012888;21/02/2025;RICARICA;ATTIVO
39320012889;16/07/2025;CONSUMO;ATTIVO
39320012890;26/07/2025;RICARICA;ATTIVO
39320012891;24/10/2025;CONSUMO;ATTIVO
39320012892;29/10/2021;RICARICA;ATTIVO
39320012893;10/02/2026;CONSUMO;ATTIVO
39320012894;03/09/2023;RICARICA;ATTIVO
39320012895;13/04/2025;CONSUMO;ATTIVO
39320012896;01/02/2024;RICARICA;SOSPESO
39320012897;01/12/2024;CONSUMO;ATTIVO
39320012898;31/12/2024;RICARICA;ATTIVO
39320012899;19/04/2022;CONSUMO;ATTIVO
39320012900;12/06/2024;RICARICA;ATTIVO
39320012901;22/04/2022;CONSUMO;ATTIVO
39320012902;05/07/2021;RICARICA;ATTIVO
39320012903;30/10/2022;CONSUMO;ATTIVO
39320012904;31/08/2021;RICARICA;ATTIVO
39320012905;20/07/2022;CONSUMO;ATTIVO
39320012906;12/05/2023;RICARICA;ATTIVO
39320012907;15/11/2021;CONSUMO;ATTIVO
39320012908;07/08/2025;RICARICA;ATTIVO
39320012909;01/06/2025;CONSUMO;ATTIVO
39320012910;08/09/2021;RICARICA;ATTIVO
39320012911;21/05/2022;CONSUMO;ATTIVO
39320012912;20/10/2022;RICARICA;ATTIVO
39320012913;16/02/2026;CONSUMO;ATTIVO
39320012914;08/10/2021;RICARICA;ATTIVO
39320012915;06/06/2021;CONSUMO;ATTIVO
39320012916;02/02/2026;RICARICA;ATTIVO
39320012917;12/07/2025;CONSUMO;ATTIVO
39320012918;25/04/2022;RICARICA;ATTIVO
39320012919;16/04/2025;CONSUMO;ATTIVO
39320012920;04/11/2023;RICARICA;ATTIVO
39320012921;12/01/2023;CONSUMO;ATTIVO
39320012922;10/02/2023;RICARICA;ATTIVO
39320012923;02/08/2024;CONSUMO;ATTIVO
39320012924;07/10/2024;RICARICA;ATTIVO
39320012925;04/08/2023;CONSUMO;ATTIVO
39320012926;12/02/2025;RICARICA;ATTIVO
39320012927;11/11/2021;CONSUMO;ATTIVO
39320012928;23/08/2022;RICARICA;ATTIVO
39320012929;20/02/2025;CONSUMO;ATTIVO
39320012930;28/01/2023;RICARICA;ATTIVO
39320012931;16/05/2023;CONSUMO;ATTIVO
39320012932;18/08/2023;RICARICA;ATTIVO
39320012933;04/01/2023;CONSUMO;ATTIVO
39320012934;28/07/2021;RICARICA;ATTIVO
39320012935;21/02/2022;CONSUMO;ATTIVO
39320012936;22/10/2023;RICARICA;ATTIVO
39320012937;11/01/2023;CONSUMO;ATTIVO
39320012938;24/06/2022;RICARICA;ATTIVO
39320012939;12/09/2023;CONSUMO;ATTIVO
39320012940;06/08/2024;RICARICA;ATTIVO
39320012941;13/09/2023;CONSUMO;ATTIVO
39320012942;06/05/2021;RICARICA;ATTIVO
39320012943;24/09/2023;CONSUMO;ATTIVO
39320012944;13/04/2022;RICARICA;ATTIVO
39320012945;09/05/2025;CONSUMO;ATTIVO
39320012946;25/06/2023;RICARICA;ATTIVO
39320012947;30/05/2021;CONSUMO;ATTIVO
39320012948;28/10/2023;RICARICA;ATTIVO
39320012949;16/12/2024;CONSUMO;ATTIVO
39320012950;06/01/2022;RICARICA;ATTIVO
39320012951;28/11/2021;CONSUMO;ATTIVO
39320012952;12/11/2022;RICARICA;ATTIVO
39320012953;20/03/2025;CONSUMO;ATTIVO
39320012954;18/12/2023;RICARICA;ATTIVO
39320012955;30/10/2021;CONSUMO;ATTIVO
39320012956;16/01/2022;RICARICA;ATTIVO
39320012957;04/09/2025;CONSUMO;ATTIVO
39320012958;04/04/2021;RICARICA;ATTIVO
39320012959;28/05/2023;CONSUMO;ATTIVO
39320012960;22/01/2021;RICARICA;ATTIVO
39320012961;02/01/2026;CONSUMO;ATTIVO
39320012962;28/02/2022;RICARICA;ATTIVO
39320012963;19/05/2021;CONSUMO;ATTIVO
39320012964;17/12/2024;RICARICA;ATTIVO
39320012965;24/11/2022;CONSUMO;ATTIVO
39320012966;29/01/2024;RICARICA;SOSPESO
39320012967;02/04/2023;CONSUMO;ATTIVO
39320012968;17/11/2024;RICARICA;ATTIVO
39320012969;21/05/2024;CONSUMO;ATTIVO
39320012970;04/01/2026;RICARICA;ATTIVO
39320012971;18/01/2025;CONSUMO;ATTIVO
39320012972;01/09/2023;RICARICA;ATTIVO
39320012973;13/04/2023;CONSUMO;ATTIVO
39320012974;22/11/2024;RICARICA;ATTIVO
39320012975;24/06/2022;CONSUMO;ATTIVO
39320012976;08/12/2023;RICARICA;SOSPESO
39320012977;26/04/2024;CONSUMO;ATTIVO
39320012978;28/12/2021;RICARICA;ATTIVO
39320012979;17/11/2022;CONSUMO;ATTIVO
39320012980;12/05/2025;RICARICA;ATTIVO
39320012981;13/01/2021;CONSUMO;ATTIVO
39320012982;22/02/2021;RICARICA;ATTIVO
39320012983;05/09/2025;CONSUMO;ATTIVO
39320012984;24/10/2021;RICARICA;ATTIVO
39320012985;29/03/2024;CONSUMO;ATTIVO
39320012986;21/06/2021;RICARICA;SOSPESO
39320012987;02/11/2022;CONSUMO;ATTIVO
39320012988;10/07/2023;RICARICA;ATTIVO
39320012989;12/06/2022;CONSUMO;ATTIVO
39320012990;06/10/2022;RICARICA;ATTIVO
39320012991;05/09/2024;CONSUMO;ATTIVO
39320012992;23/04/2023;RICARICA;ATTIVO
39320012993;17/02/2025;CONSUMO;ATTIVO
39320012994;04/05/2024;RICARICA;ATTIVO
39320012995;21/10/2023;CONSUMO;ATTIVO
39320012996;07/12/2022;RICARICA;ATTIVO
39320012997;13/06/2023;CONSUMO;ATTIVO
39320012998;16/04/2024;RICARICA;ATTIVO
39320012999;26/02/2021;CONSUMO;ATTIVO
39320013000;20/05/2025;RICARICA;ATTIVO
39320013001;29/10/2021;CONSUMO;ATTIVO
39320013002;04/09/2023;RICARICA;ATTIVO
39320013003;05/04/2023;CONSUMO;ATTIVO
39320013004;24/09/2021;RICARICA;ATTIVO
39320013005;27/02/2022;CONSUMO;ATTIVO
39320013006;17/12/2024;RICARICA;ATTIVO
39320013007;10/08/2024;CONSUMO;ATTIVO
39320013008;31/07/2021;RICARICA;ATTIVO
39320013009;03/06/2021;CONSUMO;ATTIVO
39320013010;28/08/2025;RICARICA;ATTIVO
39320013011;22/12/2025;CONSUMO;ATTIVO
39320013012;27/05/2024;RICARICA;ATTIVO
39320013013;05/10/2023;CONSUMO;ATTIVO
39320013014;03/12/2021;RICARICA;ATTIVO
39320013015;27/08/2022;CONSUMO;ATTIVO
39320013016;14/12/2025;RICARICA;ATTIVO
39320013017;22/08/2021;CONSUMO;ATTIVO
39320013018;11/09/2025;RICARICA;ATTIVO
39320013019;27/03/2024;CONSUMO;ATTIVO
39320013020;08/03/2021;RICARICA;ATTIVO
39320013021;01/08/2021;CONSUMO;ATTIVO
39320013022;30/03/2024;RICARICA;ATTIVO
39320013023;12/04/2024;CONSUMO;ATTIVO
39320013024;02/01/2022;RICARICA;ATTIVO
39320013025;15/01/2026;CONSUMO;ATTIVO
39320013026;27/04/2023;RICARICA;SOSPESO
39320013027;10/03/2024;CONSUMO;ATTIVO
39320013028;29/01/2021;RICARICA;ATTIVO
39320013029;29/12/2025;CONSUMO;ATTIVO
39320013030;21/10/2024;RICARICA;ATTIVO
39320013031;12/10/2023;CONSUMO;ATTIVO
39320013032;05/05/2021;RICARICA;ATTIVO
39320013033;21/02/2021;CONSUMO;ATTIVO
39320013034;12/07/2023;RICARICA;ATTIVO
39320013035;22/12/2025;CONSUMO;ATTIVO
39320013036;03/03/2026;RICARICA;ATTIVO
39320013037;14/06/2021;CONSUMO;ATTIVO
39320013038;02/02/2022;RICARICA;ATTIVO
39320013039;14/05/2025;CONSUMO;ATTIVO
39320013040;03/12/2022;RICARICA;ATTIVO
39320013041;09/03/2021;CONSUMO;ATTIVO
39320013042;11/02/2022;RICARICA;ATTIVO
39320013043;27/04/2023;CONSUMO;ATTIVO
39320013044;11/01/2022;RICARICA;ATTIVO
39320013045;27/07/2022;CONSUMO;ATTIVO
39320013046;04/04/2022;RICARICA;ATTIVO
39320013047;03/11/2025;CONSUMO;ATTIVO
39320013048;24/11/2021;RICARICA;ATTIVO
39320013049;22/05/2025;CONSUMO;ATTIVO
39320013050;10/05/2022;RICARICA;ATTIVO
39320013051;11/01/2021;CONSUMO;ATTIVO
39320013052;27/02/2024;RICARICA;ATTIVO
39320013053;26/03/2023;CONSUMO;ATTIVO
39320013054;28/10/2022;RICARICA;ATTIVO
39320013055;17/11/2021;CONSUMO;ATTIVO
39320013056;15/06/2024;RICARICA;ATTIVO
39320013057;02/08/2025;CONSUMO;SOSPESO
39320013058;28/10/2022;RICARICA;ATTIVO
39320013059;21/05/2024;CONSUMO;ATTIVO
39320013060;23/05/2024;RICARICA;ATTIVO
39320013061;05/08/2023;CONSUMO;ATTIVO
39320013062;02/04/2025;RICARICA;ATTIVO
39320013063;13/01/2024;CONSUMO;ATTIVO
39320013064;24/11/2021;RICARICA;ATTIVO
39320013065;30/08/2021;CONSUMO;ATTIVO
39320013066;01/04/2022;RICARICA;ATTIVO
39320013067;08/04/2021;CONSUMO;ATTIVO
39320013068;01/05/2025;RICARICA;ATTIVO
39320013069;30/05/2023;CONSUMO;ATTIVO
39320013070;28/08/2025;RICARICA;ATTIVO
39320013071;10/05/2023;CONSUMO;ATTIVO
39320013072;15/08/2024;RICARICA;ATTIVO
39320013073;18/12/2021;CONSUMO;ATTIVO
39320013074;07/12/2021;RICARICA;ATTIVO
39320013075;15/09/2022;CONSUMO;ATTIVO
39320013076;25/02/2022;RICARICA;ATTIVO
39320013077;27/06/2022;CONSUMO;ATTIVO
39320013078;07/07/2024;RICARICA;ATTIVO
39320013079;17/02/2021;CONSUMO;ATTIVO
39320013080;02/01/2021;RICARICA;ATTIVO
39320013081;24/01/2024;CONSUMO;ATTIVO
39320013082;30/07/2025;RICARICA;ATTIVO
39320013083;13/03/2025;CONSUMO;ATTIVO
39320013084;15/01/2023;RICARICA;ATTIVO
39320013085;30/09/2025;CONSUMO;ATTIVO
39320013086;14/12/2021;RICARICA;ATTIVO
39320013087;21/01/2021;CONSUMO;ATTIVO
39320013088;05/03/2026;RICARICA;ATTIVO
39320013089;22/09/2025;CONSUMO;ATTIVO
39320013090;03/05/2024;RICARICA;ATTIVO
39320013091;17/01/2022;CONSUMO;ATTIVO
39320013092;26/01/2026;RICARICA;ATTIVO
39320013093;18/08/2025;CONSUMO;SOSPESO
39320013094;12/12/2025;RICARICA;ATTIVO
39320013095;23/06/2024;CONSUMO;ATTIVO
39320013096;15/06/2022;RICARICA;ATTIVO
39320013097;15/02/2026;CONSUMO;ATTIVO
39320013098;07/04/2022;RICARICA;ATTIVO
39320013099;18/11/2021;CONSUMO;ATTIVO
39320013100;30/01/2022;RICARICA;ATTIVO
39320013101;21/12/2021;CONSUMO;ATTIVO
39320013102;10/12/2021;RICARICA;ATTIVO
39320013103;18/05/2021;CONSUMO;ATTIVO
39320013104;17/07/2025;RICARICA;ATTIVO
39320013105;28/08/2024;CONSUMO;ATTIVO
39320013106;06/12/2022;RICARICA;ATTIVO
39320013107;02/05/2021;CONSUMO;ATTIVO
39320013108;17/12/2025;RICARICA;ATTIVO
39320013109;23/11/2022;CONSUMO;ATTIVO
39320013110;19/06/2025;RICARICA;ATTIVO
39320013111;13/01/2026;CONSUMO;ATTIVO
39320013112;18/10/2025;RICARICA;ATTIVO
39320013113;30/10/2023;CONSUMO;ATTIVO
39320013114;14/07/2025;RICARICA;ATTIVO
39320013115;24/11/2024;CONSUMO;ATTIVO
39320013116;01/07/2024;RICARICA;ATTIVO
39320013117;08/05/2025;CONSUMO;ATTIVO
39320013118;28/11/2025;RICARICA;ATTIVO
39320013119;07/10/2025;CONSUMO;ATTIVO
39320013120;26/02/2026;RICARICA;ATTIVO
39320013121;24/05/2023;CONSUMO;ATTIVO
39320013122;21/07/2025;RICARICA;ATTIVO
39320013123;12/12/2022;CONSUMO;ATTIVO
39320013124;25/02/2025;RICARICA;ATTIVO
39320013125;14/08/2024;CONSUMO;ATTIVO
39320013126;16/09/2021;RICARICA;ATTIVO
39320013127;04/06/2025;CONSUMO;ATTIVO
39320013128;08/07/2022;RICARICA;ATTIVO
39320013129;07/12/2025;CONSUMO;ATTIVO
39320013130;29/06/2023;RICARICA;ATTIVO
39320013131;19/03/2025;CONSUMO;ATTIVO
39320013132;04/10/2022;RICARICA;ATTIVO
39320013133;06/06/2024;CONSUMO;ATTIVO
39320013134;02/10/2021;RICARICA;SOSPESO
39320013135;30/08/2021;CONSUMO;ATTIVO
39320013136;14/10/2023;RICARICA;ATTIVO
39320013137;04/06/2021;CONSUMO;ATTIVO
39320013138;25/09/2022;RICARICA;ATTIVO
39320013139;24/07/2022;CONSUMO;ATTIVO
39320013140;31/01/2026;RICARICA;ATTIVO
39320013141;09/01/2022;CONSUMO;ATTIVO
39320013142;11/11/2025;RICARICA;ATTIVO
39320013143;10/07/2021;CONSUMO;ATTIVO
39320013144;21/01/2026;RICARICA;ATTIVO
39320013145;28/06/2024;CONSUMO;SOSPESO
39320013146;20/07/2021;RICARICA;ATTIVO
39320013147;06/01/2022;CONSUMO;ATTIVO
39320013148;05/06/2021;RICARICA;ATTIVO
39320013149;24/07/2021;CONSUMO;ATTIVO
39320013150;21/04/2022;RICARICA;ATTIVO
39320013151;20/09/2021;CONSUMO;SOSPESO
39320013152;17/10/2025;RICARICA;SOSPESO
39320013153;28/08/2023;CONSUMO;ATTIVO
39320013154;29/09/2024;RICARICA;ATTIVO
39320013155;13/07/2024;CONSUMO;ATTIVO
39320013156;31/05/2022;RICARICA;ATTIVO
39320013157;12/01/2026;CONSUMO;ATTIVO
39320013158;07/12/2024;RICARICA;ATTIVO
39320013159;25/06/2024;CONSUMO;ATTIVO
39320013160;08/07/2023;RICARICA;ATTIVO
39320013161;14/04/2022;CONSUMO;ATTIVO
39320013162;15/03/2024;RICARICA;ATTIVO
39320013163;13/09/2024;CONSUMO;ATTIVO
39320013164;28/12/2023;RICARICA;ATTIVO
39320013165;08/10/2022;CONSUMO;ATTIVO
39320013166;08/07/2022;RICARICA;ATTIVO
39320013167;07/12/2021;CONSUMO;ATTIVO
39320013168;09/05/2021;RICARICA;ATTIVO
39320013169;17/04/2022;CONSUMO;ATTIVO
39320013170;28/12/2022;RICARICA;ATTIVO
39320013171;12/07/2021;CONSUMO;ATTIVO
39320013172;14/01/2025;RICARICA;ATTIVO
39320013173;25/07/2021;CONSUMO;ATTIVO
39320013174;04/08/2021;RICARICA;ATTIVO
39320013175;26/09/2024;CONSUMO;ATTIVO
39320013176;26/11/2023;RICARICA;ATTIVO
39320013177;21/09/2023;CONSUMO;ATTIVO
39320013178;03/08/2023;RICARICA;ATTIVO
39320013179;19/06/2022;CONSUMO;ATTIVO
39320013180;17/09/2021;RICARICA;ATTIVO
39320013181;27/02/2025;CONSUMO;ATTIVO
39320013182;26/09/2021;RICARICA;ATTIVO
39320013183;11/07/2021;CONSUMO;ATTIVO
39320013184;29/04/2022;RICARICA;ATTIVO
39320013185;05/06/2022;CONSUMO;ATTIVO
39320013186;15/10/2024;RICARICA;ATTIVO
39320013187;11/01/2024;CONSUMO;ATTIVO
39320013188;24/04/2024;RICARICA;ATTIVO
39320013189;15/03/2026;CONSUMO;SOSPESO
39320013190;12/09/2022;RICARICA;ATTIVO
39320013191;17/09/2023;CONSUMO;ATTIVO
39320013192;03/06/2023;RICARICA;ATTIVO
39320013193;22/02/2023;CONSUMO;ATTIVO
39320013194;11/02/2022;RICARICA;SOSPESO
39320013195;09/12/2025;CONSUMO;ATTIVO
39320013196;15/12/2021;RICARICA;ATTIVO
39320013197;18/02/2024;CONSUMO;ATTIVO
39320013198;15/07/2021;RICARICA;ATTIVO
39320013199;18/06/2024;CONSUMO;SOSPESO
39320013200;06/12/2021;RICARICA;ATTIVO
39320013201;07/01/2025;CONSUMO;ATTIVO
39320013202;17/08/2022;RICARICA;SOSPESO
39320013203;18/07/2022;CONSUMO;ATTIVO
39320013204;01/12/2023;RICARICA;ATTIVO
39320013205;29/10/2023;CONSUMO;ATTIVO
39320013206;06/01/2023;RICARICA;ATTIVO
39320013207;23/12/2023;CONSUMO;ATTIVO
39320013208;22/02/2025;RICARICA;ATTIVO
39320013209;06/05/2025;CONSUMO;ATTIVO
39320013210;15/06/2023;RICARICA;ATTIVO
39320013211;06/09/2023;CONSUMO;ATTIVO
39320013212;03/06/2025;RICARICA;ATTIVO
39320013213;23/02/2025;CONSUMO;ATTIVO
39320013214;26/03/2023;RICARICA;ATTIVO
39320013215;10/09/2024;CONSUMO;ATTIVO
39320013216;11/12/2021;RICARICA;ATTIVO
39320013217;08/03/2026;CONSUMO;ATTIVO
39320013218;17/05/2025;RICARICA;ATTIVO
39320013219;16/10/2022;CONSUMO;ATTIVO
39320013220;14/06/2021;RICARICA;ATTIVO
39320013221;14/03/2023;CONSUMO;ATTIVO
39320013222;22/11/2021;RICARICA;ATTIVO
39320013223;16/11/2025;CONSUMO;ATTIVO
39320013224;27/03/2025;RICARICA;ATTIVO
39320013225;11/01/2022;CONSUMO;ATTIVO
39320013226;18/06/2025;RICARICA;ATTIVO
39320013227;25/07/2024;CONSUMO;ATTIVO
39320013228;31/03/2025;RICARICA;ATTIVO
39320013229;07/09/2022;CONSUMO;ATTIVO
39320013230;06/02/2024;RICARICA;ATTIVO
39320013231;21/04/2024;CONSUMO;ATTIVO
39320013232;09/12/2025;RICARICA;ATTIVO
39320013233;27/01/2021;CONSUMO;ATTIVO
39320013234;14/12/2021;RICARICA;ATTIVO
39320013235;19/05/2022;CONSUMO;SOSPESO
39320013236;28/06/2021;RICARICA;ATTIVO
39320013237;20/03/2024;CONSUMO;ATTIVO
39320013238;24/01/2021;RICARICA;ATTIVO
39320013239;25/05/2024;CONSUMO;ATTIVO
39320013240;06/05/2023;RICARICA;ATTIVO
39320013241;30/08/2025;CONSUMO;ATTIVO
39320013242;23/03/2021;RICARICA;ATTIVO
39320013243;28/03/2023;CONSUMO;ATTIVO
39320013244;25/02/2026;RICARICA;ATTIVO
39320013245;03/12/2022;CONSUMO;ATTIVO
39320013246;18/04/2021;RICARICA;SOSPESO
39320013247;10/01/2023;CONSUMO;ATTIVO
39320013248;15/01/2022;RICARICA;ATTIVO
39320013249;09/09/2025;CONSUMO;ATTIVO
39320013250;22/03/2021;RICARICA;ATTIVO
39320013251;20/04/2022;CONSUMO;ATTIVO
39320013252;13/04/2021;RICARICA;ATTIVO
39320013253;22/06/2021;CONSUMO;ATTIVO
39320013254;19/05/2022;RICARICA;ATTIVO
39320013255;16/02/2022;CONSUMO;ATTIVO
39320013256;30/12/2021;RICARICA;ATTIVO
39320013257;03/09/2022;CONSUMO;ATTIVO
39320013258;11/07/2021;RICARICA;ATTIVO
39320013259;27/04/2024;CONSUMO;ATTIVO
39320013260;12/10/2025;RICARICA;ATTIVO
39320013261;06/04/2021;CONSUMO;ATTIVO
39320013262;13/02/2021;RICARICA;SOSPESO
39320013263;22/10/2021;CONSUMO;ATTIVO
39320013264;11/09/2024;RICARICA;ATTIVO
39320013265;31/03/2023;CONSUMO;ATTIVO
39320013266;16/08/2021;RICARICA;SOSPESO
39320013267;13/03/2025;CONSUMO;ATTIVO
39320013268;18/09/2025;RICARICA;ATTIVO
39320013269;12/06/2023;CONSUMO;ATTIVO
39320013270;12/03/2023;RICARICA;ATTIVO
39320013271;22/12/2024;CONSUMO;ATTIVO
39320013272;26/12/2022;RICARICA;ATTIVO
39320013273;18/03/2024;CONSUMO;ATTIVO
39320013274;07/08/2023;RICARICA;ATTIVO
39320013275;10/07/2022;CONSUMO;ATTIVO
39320013276;30/06/2023;RICARICA;ATTIVO
39320013277;11/09/2024;CONSUMO;ATTIVO
39320013278;02/04/2022;RICARICA;ATTIVO
39320013279;26/02/2022;CONSUMO;SOSPESO
39320013280;20/12/2025;RICARICA;ATTIVO
39320013281;21/04/2023;CONSUMO;ATTIVO
39320013282;09/08/2024;RICARICA;SOSPESO
39320013283;18/06/2024;CONSUMO;ATTIVO
39320013284;30/12/2024;RICARICA;ATTIVO
39320013285;11/06/2023;CONSUMO;ATTIVO
39320013286;14/02/2022;RICARICA;ATTIVO
39320013287;08/03/2023;CONSUMO;ATTIVO
39320013288;18/01/2026;RICARICA;ATTIVO
39320013289;27/08/2021;CONSUMO;ATTIVO
39320013290;07/02/2022;RICARICA;ATTIVO
39320013291;09/08/2023;CONSUMO;ATTIVO
39320013292;07/01/2026;RICARICA;ATTIVO
39320013293;12/01/2023;CONSUMO;ATTIVO
39320013294;11/05/2023;RICARICA;ATTIVO
39320013295;21/03/2025;CONSUMO;ATTIVO
39320013296;25/10/2025;RICARICA;ATTIVO
39320013297;07/06/2025;CONSUMO;ATTIVO
39320013298;22/08/2022;RICARICA;ATTIVO
39320013299;03/04/2021;CONSUMO;ATTIVO
39320013300;08/12/2025;RICARICA;ATTIVO
39320013301;23/05/2021;CONSUMO;ATTIVO
39320013302;24/10/2025;RICARICA;ATTIVO
39320013303;14/11/2023;CONSUMO;ATTIVO
39320013304;10/02/2021;RICARICA;SOSPESO
39320013305;08/09/2025;CONSUMO;ATTIVO
39320013306;23/06/2024;RICARICA;ATTIVO
39320013307;22/01/2022;CONSUMO;ATTIVO
39320013308;29/11/2024;RICARICA;ATTIVO
39320013309;12/12/2025;CONSUMO;ATTIVO
39320013310;22/02/2024;RICARICA;ATTIVO
39320013311;23/09/2022;CONSUMO;ATTIVO
39320013312;02/07/2022;RICARICA;ATTIVO
39320013313;14/10/2023;CONSUMO;ATTIVO
39320013314;05/07/2022;RICARICA;ATTIVO
39320013315;19/05/2025;CONSUMO;ATTIVO
39320013316;07/02/2022;RICARICA;ATTIVO
39320013317;08/03/2023;CONSUMO;ATTIVO
39320013318;08/07/2023;RICARICA;ATTIVO
39320013319;23/01/2021;CONSUMO;ATTIVO
39320013320;26/11/2025;RICARICA;ATTIVO
39320013321;03/01/2024;CONSUMO;ATTIVO
39320013322;07/04/2022;RICARICA;ATTIVO
39320013323;08/04/2025;CONSUMO;ATTIVO
39320013324;20/02/2024;RICARICA;ATTIVO
39320013325;30/07/2022;CONSUMO;ATTIVO
39320013326;21/12/2021;RICARICA;ATTIVO
39320013327;08/06/2023;CONSUMO;ATTIVO
39320013328;30/06/2022;RICARICA;ATTIVO
39320013329;25/01/2021;CONSUMO;SOSPESO
39320013330;07/01/2021;RICARICA;ATTIVO
39320013331;11/04/2022;CONSUMO;ATTIVO
39320013332;22/11/2022;RICARICA;ATTIVO
39320013333;03/10/2022;CONSUMO;ATTIVO
39320013334;03/07/2022;RICARICA;ATTIVO
39320013335;12/03/2023;CONSUMO;ATTIVO
39320013336;26/04/2022;RICARICA;ATTIVO
39320013337;23/04/2024;CONSUMO;ATTIVO
39320013338;07/09/2025;RICARICA;ATTIVO
39320013339;06/04/2024;CONSUMO;ATTIVO
39320013340;04/09/2023;RICARICA;ATTIVO
39320013341;21/06/2022;CONSUMO;ATTIVO
39320013342;13/04/2021;RICARICA;ATTIVO
39320013343;30/09/2025;CONSUMO;ATTIVO
39320013344;21/04/2023;RICARICA;ATTIVO
39320013345;25/08/2022;CONSUMO;ATTIVO
39320013346;01/11/2023;RICARICA;SOSPESO
39320013347;07/12/2023;CONSUMO;ATTIVO
39320013348;11/03/2022;RICARICA;ATTIVO
39320013349;23/03/2023;CONSUMO;ATTIVO
39320013350;18/06/2021;RICARICA;ATTIVO
39320013351;14/07/2023;CONSUMO;ATTIVO
39320013352;20/10/2025;RICARICA;ATTIVO
39320013353;02/05/2023;CONSUMO;ATTIVO
39320013354;29/04/2023;RICARICA;ATTIVO
39320013355;27/09/2021;CONSUMO;ATTIVO
39320013356;06/03/2023;RICARICA;ATTIVO
39320013357;08/04/2023;CONSUMO;ATTIVO
39320013358;16/07/2025;RICARICA;ATTIVO
39320013359;21/05/2025;CONSUMO;ATTIVO
39320013360;11/09/2024;RICARICA;ATTIVO
39320013361;22/11/2024;CONSUMO;ATTIVO
39320013362;03/02/2023;RICARICA;ATTIVO
39320013363;09/03/2025;CONSUMO;ATTIVO
39320013364;10/03/2021;RICARICA;SOSPESO
39320013365;02/11/2021;CONSUMO;ATTIVO
39320013366;09/03/2026;RICARICA;ATTIVO
39320013367;27/03/2024;CONSUMO;ATTIVO
39320013368;23/01/2021;RICARICA;ATTIVO
39320013369;23/09/2022;CONSUMO;ATTIVO
39320013370;29/11/2024;RICARICA;ATTIVO
39320013371;19/09/2025;CONSUMO;ATTIVO
39320013372;28/02/2023;RICARICA;ATTIVO
39320013373;29/04/2022;CONSUMO;ATTIVO
39320013374;22/03/2025;RICARICA;ATTIVO
39320013375;10/03/2021;CONSUMO;ATTIVO
39320013376;16/03/2021;RICARICA;ATTIVO
39320013377;23/05/2022;CONSUMO;ATTIVO
39320013378;17/02/2026;RICARICA;ATTIVO
39320013379;09/11/2023;CONSUMO;ATTIVO
39320013380;25/02/2021;RICARICA;ATTIVO
39320013381;13/08/2024;CONSUMO;ATTIVO
39320013382;09/03/2022;RICARICA;ATTIVO
39320013383;09/04/2023;CONSUMO;ATTIVO
39320013384;09/06/2025;RICARICA;ATTIVO
39320013385;04/09/2021;CONSUMO;ATTIVO
39320013386;05/10/2021;RICARICA;ATTIVO
39320013387;11/01/2022;CONSUMO;ATTIVO
39320013388;24/12/2025;RICARICA;ATTIVO
39320013389;10/02/2026;CONSUMO;ATTIVO
39320013390;30/07/2022;RICARICA;ATTIVO
39320013391;12/06/2024;CONSUMO;ATTIVO
39320013392;15/11/2023;RICARICA;ATTIVO
39320013393;18/08/2024;CONSUMO;ATTIVO
39320013394;05/11/2022;RICARICA;ATTIVO
39320013395;06/04/2025;CONSUMO;ATTIVO
39320013396;09/05/2024;RICARICA;ATTIVO
39320013397;06/04/2021;CONSUMO;ATTIVO
39320013398;19/03/2025;RICARICA;ATTIVO
39320013399;30/04/2023;CONSUMO;ATTIVO
39320013400;24/10/2024;RICARICA;ATTIVO
39320013401;27/11/2024;CONSUMO;ATTIVO
39320013402;19/06/2024;RICARICA;ATTIVO
39320013403;29/10/2023;CONSUMO;ATTIVO
39320013404;30/03/2023;RICARICA;ATTIVO
39320013405;25/09/2025;CONSUMO;ATTIVO
39320013406;29/07/2024;RICARICA;ATTIVO
39320013407;14/02/2021;CONSUMO;ATTIVO
39320013408;28/07/2024;RICARICA;ATTIVO
39320013409;10/10/2021;CONSUMO;ATTIVO
39320013410;30/08/2021;RICARICA;ATTIVO
39320013411;01/05/2021;CONSUMO;ATTIVO
39320013412;21/10/2025;RICARICA;ATTIVO
39320013413;16/04/2025;CONSUMO;ATTIVO
39320013414;09/06/2021;RICARICA;ATTIVO
39320013415;03/04/2023;CONSUMO;ATTIVO
39320013416;26/06/2023;RICARICA;ATTIVO
39320013417;12/03/2023;CONSUMO;ATTIVO
39320013418;15/09/2025;RICARICA;ATTIVO
39320013419;23/05/2021;CONSUMO;ATTIVO
39320013420;30/11/2021;RICARICA;ATTIVO
39320013421;16/10/2024;CONSUMO;ATTIVO
39320013422;31/01/2021;RICARICA;ATTIVO
39320013423;17/07/2025;CONSUMO;ATTIVO
39320013424;30/12/2021;RICARICA;ATTIVO
39320013425;09/11/2023;CONSUMO;ATTIVO
39320013426;14/06/2021;RICARICA;ATTIVO
39320013427;06/03/2024;CONSUMO;ATTIVO
39320013428;24/11/2021;RICARICA;ATTIVO
39320013429;25/02/2024;CONSUMO;ATTIVO
39320013430;09/12/2024;RICARICA;ATTIVO
39320013431;15/12/2025;CONSUMO;ATTIVO
39320013432;02/05/2025;RICARICA;ATTIVO
39320013433;08/08/2023;CONSUMO;ATTIVO
39320013434;19/02/2025;RICARICA;ATTIVO
39320013435;13/01/2021;CONSUMO;ATTIVO
39320013436;12/08/2025;RICARICA;ATTIVO
39320013437;04/06/2024;CONSUMO;ATTIVO
39320013438;10/04/2023;RICARICA;ATTIVO
39320013439;20/11/2021;CONSUMO;ATTIVO
39320013440;10/01/2025;RICARICA;ATTIVO
39320013441;02/01/2024;CONSUMO;ATTIVO
39320013442;23/09/2024;RICARICA;ATTIVO
39320013443;16/12/2025;CONSUMO;ATTIVO
39320013444;29/04/2025;RICARICA;ATTIVO
39320013445;01/11/2022;CONSUMO;ATTIVO
39320013446;03/08/2024;RICARICA;ATTIVO
39320013447;09/02/2021;CONSUMO;ATTIVO
39320013448;05/01/2023;RICARICA;ATTIVO
39320013449;04/06/2024;CONSUMO;SOSPESO
39320013450;10/07/2023;RICARICA;ATTIVO
39320013451;19/02/2023;CONSUMO;ATTIVO
39320013452;11/05/2021;RICARICA;ATTIVO
39320013453;06/08/2025;CONSUMO;ATTIVO
39320013454;24/01/2022;RICARICA;ATTIVO
39320013455;14/06/2022;CONSUMO;SOSPESO
39320013456;23/12/2023;RICARICA;ATTIVO
39320013457;11/07/2022;CONSUMO;ATTIVO
39320013458;12/02/2026;RICARICA;ATTIVO
39320013459;08/05/2025;CONSUMO;ATTIVO
39320013460;30/05/2025;RICARICA;ATTIVO
39320013461;22/04/2021;CONSUMO;ATTIVO
39320013462;23/05/2025;RICARICA;ATTIVO
39320013463;21/10/2024;CONSUMO;ATTIVO
39320013464;04/06/2021;RICARICA;ATTIVO
39320013465;09/01/2024;CONSUMO;ATTIVO
39320013466;24/08/2023;RICARICA;ATTIVO
39320013467;15/03/2026;CONSUMO;ATTIVO
39320013468;22/07/2024;RICARICA;ATTIVO
39320013469;05/08/2024;CONSUMO;ATTIVO
39320013470;31/03/2022;RICARICA;ATTIVO
39320013471;05/12/2022;CONSUMO;ATTIVO
39320013472;17/12/2023;RICARICA;ATTIVO
39320013473;28/03/2025;CONSUMO;ATTIVO
39320013474;02/03/2026;RICARICA;ATTIVO
39320013475;17/02/2023;CONSUMO;ATTIVO
39320013476;02/06/2022;RICARICA;ATTIVO
39320013477;04/04/2024;CONSUMO;SOSPESO
39320013478;09/09/2024;RICARICA;ATTIVO
39320013479;07/10/2025;CONSUMO;ATTIVO
39320013480;10/07/2021;RICARICA;ATTIVO
39320013481;14/02/2022;CONSUMO;SOSPESO
39320013482;06/05/2025;RICARICA;ATTIVO
39320013483;02/09/2023;CONSUMO;ATTIVO
39320013484;11/05/2024;RICARICA;SOSPESO
39320013485;25/04/2023;CONSUMO;ATTIVO
39320013486;29/03/2021;RICARICA;ATTIVO
39320013487;09/04/2021;CONSUMO;ATTIVO
39320013488;17/11/2023;RICARICA;ATTIVO
39320013489;06/03/2021;CONSUMO;ATTIVO
39320013490;14/01/2026;RICARICA;ATTIVO
39320013491;26/10/2025;CONSUMO;ATTIVO
39320013492;23/11/2021;RICARICA;ATTIVO
39320013493;19/12/2023;CONSUMO;ATTIVO
39320013494;30/04/2023;RICARICA;ATTIVO
39320013495;26/08/2024;CONSUMO;ATTIVO
39320013496;30/08/2022;RICARICA;ATTIVO
39320013497;22/09/2025;CONSUMO;ATTIVO
39320013498;21/03/2025;RICARICA;SOSPESO
39320013499;14/09/2024;CONSUMO;ATTIVO
39320013500;27/07/2023;RICARICA;ATTIVO
39320013501;06/11/2023;CONSUMO;ATTIVO
39320013502;26/11/2022;RICARICA;SOSPESO
39320013503;12/01/2022;CONSUMO;ATTIVO
39320013504;15/08/2023;RICARICA;ATTIVO
39320013505;01/07/2021;CONSUMO;ATTIVO
39320013506;11/01/2024;RICARICA;ATTIVO
39320013507;28/04/2024;CONSUMO;ATTIVO
39320013508;12/01/2025;RICARICA;ATTIVO
39320013509;06/01/2026;CONSUMO;ATTIVO
39320013510;14/08/2021;RICARICA;ATTIVO
39320013511;26/08/2023;CONSUMO;ATTIVO
39320013512;29/09/2021;RICARICA;ATTIVO
39320013513;09/03/2021;CONSUMO;ATTIVO
39320013514;18/09/2025;RICARICA;ATTIVO
39320013515;03/07/2024;CONSUMO;ATTIVO
39320013516;27/04/2021;RICARICA;ATTIVO
39320013517;06/07/2025;CONSUMO;ATTIVO
39320013518;05/03/2026;RICARICA;ATTIVO
39320013519;09/10/2024;CONSUMO;ATTIVO
39320013520;26/06/2022;RICARICA;ATTIVO
39320013521;24/03/2022;CONSUMO;ATTIVO
39320013522;03/05/2024;RICARICA;ATTIVO
39320013523;26/08/2024;CONSUMO;ATTIVO
39320013524;03/06/2022;RICARICA;ATTIVO
39320013525;05/12/2023;CONSUMO;ATTIVO
39320013526;28/11/2025;RICARICA;ATTIVO
39320013527;13/01/2021;CONSUMO;ATTIVO
39320013528;23/01/2021;RICARICA;ATTIVO
39320013529;28/08/2022;CONSUMO;ATTIVO
39320013530;09/09/2024;RICARICA;ATTIVO
39320013531;29/11/2021;CONSUMO;ATTIVO
39320013532;05/02/2023;RICARICA;ATTIVO
39320013533;06/05/2024;CONSUMO;ATTIVO
39320013534;04/07/2021;RICARICA;SOSPESO
39320013535;16/11/2021;CONSUMO;SOSPESO
39320013536;29/07/2023;RICARICA;ATTIVO
39320013537;19/01/2021;CONSUMO;ATTIVO
39320013538;06/02/2026;RICARICA;ATTIVO
39320013539;14/07/2023;CONSUMO;ATTIVO
39320013540;30/07/2025;RICARICA;SOSPESO
39320013541;01/05/2021;CONSUMO;ATTIVO
39320013542;11/02/2023;RICARICA;ATTIVO
39320013543;09/07/2023;CONSUMO;ATTIVO
39320013544;24/02/2026;RICARICA;ATTIVO
39320013545;12/05/2022;CONSUMO;ATTIVO
39320013546;30/09/2021;RICARICA;ATTIVO
39320013547;31/12/2025;CONSUMO;ATTIVO
39320013548;28/03/2021;RICARICA;ATTIVO
39320013549;01/04/2022;CONSUMO;ATTIVO
39320013550;21/05/2023;RICARICA;ATTIVO
39320013551;24/03/2025;CONSUMO;ATTIVO
39320013552;28/12/2023;RICARICA;ATTIVO
39320013553;06/06/2025;CONSUMO;ATTIVO
39320013554;25/07/2022;RICARICA;ATTIVO
39320013555;13/05/2022;CONSUMO;ATTIVO
39320013556;21/08/2025;RICARICA;ATTIVO
39320013557;18/09/2025;CONSUMO;ATTIVO
39320013558;11/11/2023;RICARICA;ATTIVO
39320013559;01/09/2021;CONSUMO;ATTIVO
39320013560;08/01/2025;RICARICA;ATTIVO
39320013561;18/10/2023;CONSUMO;ATTIVO
39320013562;27/01/2023;RICARICA;ATTIVO
39320013563;29/12/2024;CONSUMO;ATTIVO
39320013564;08/11/2021;RICARICA;SOSPESO
39320013565;18/09/2021;CONSUMO;ATTIVO
39320013566;20/03/2021;RICARICA;ATTIVO
39320013567;11/07/2025;CONSUMO;ATTIVO
39320013568;08/05/2025;RICARICA;ATTIVO
39320013569;20/12/2023;CONSUMO;ATTIVO
39320013570;13/04/2024;RICARICA;ATTIVO
39320013571;03/02/2023;CONSUMO;ATTIVO
39320013572;07/03/2024;RICARICA;ATTIVO
39320013573;10/02/2026;CONSUMO;ATTIVO
39320013574;27/09/2024;RICARICA;ATTIVO
39320013575;04/10/2021;CONSUMO;ATTIVO
39320013576;10/06/2022;RICARICA;ATTIVO
39320013577;11/12/2023;CONSUMO;ATTIVO
39320013578;06/12/2021;RICARICA;SOSPESO
39320013579;29/02/2024;CONSUMO;ATTIVO
39320013580;23/01/2021;RICARICA;ATTIVO
39320013581;27/03/2023;CONSUMO;ATTIVO
39320013582;19/07/2023;RICARICA;SOSPESO
39320013583;11/03/2024;CONSUMO;ATTIVO
39320013584;29/12/2021;RICARICA;ATTIVO
39320013585;08/12/2022;CONSUMO;ATTIVO
39320013586;23/04/2024;RICARICA;ATTIVO
39320013587;15/05/2024;CONSUMO;ATTIVO
39320013588;13/11/2021;RICARICA;ATTIVO
39320013589;18/02/2025;CONSUMO;ATTIVO
39320013590;12/02/2025;RICARICA;ATTIVO
39320013591;18/03/2022;CONSUMO;ATTIVO
39320013592;07/02/2024;RICARICA;ATTIVO
39320013593;07/11/2025;CONSUMO;SOSPESO
39320013594;13/02/2024;RICARICA;ATTIVO
39320013595;25/12/2024;CONSUMO;ATTIVO
39320013596;05/06/2024;RICARICA;ATTIVO
39320013597;20/02/2026;CONSUMO;ATTIVO
39320013598;26/01/2021;RICARICA;ATTIVO
39320013599;21/05/2022;CONSUMO;ATTIVO
39320013600;20/12/2021;RICARICA;ATTIVO
39320013601;11/11/2025;CONSUMO;ATTIVO
39320013602;08/01/2026;RICARICA;ATTIVO
39320013603;21/05/2022;CONSUMO;ATTIVO
39320013604;14/02/2022;RICARICA;ATTIVO
39320013605;08/03/2025;CONSUMO;ATTIVO
39320013606;15/04/2025;RICARICA;ATTIVO
39320013607;13/11/2021;CONSUMO;SOSPESO
39320013608;05/04/2023;RICARICA;ATTIVO
39320013609;10/01/2021;CONSUMO;ATTIVO
39320013610;17/08/2022;RICARICA;ATTIVO
39320013611;29/08/2024;CONSUMO;SOSPESO
39320013612;01/12/2024;RICARICA;ATTIVO
39320013613;28/03/2023;CONSUMO;ATTIVO
39320013614;17/06/2024;RICARICA;ATTIVO
39320013615;18/05/2021;CONSUMO;SOSPESO
39320013616;17/09/2022;RICARICA;ATTIVO
39320013617;16/09/2024;CONSUMO;ATTIVO
39320013618;11/03/2021;RICARICA;ATTIVO
39320013619;06/02/2025;CONSUMO;SOSPESO
39320013620;25/05/2021;RICARICA;ATTIVO
39320013621;31/08/2021;CONSUMO;ATTIVO
39320013622;24/11/2023;RICARICA;ATTIVO
39320013623;13/10/2023;CONSUMO;ATTIVO
39320013624;20/01/2026;RICARICA;ATTIVO
39320013625;19/01/2024;CONSUMO;ATTIVO
39320013626;09/03/2021;RICARICA;ATTIVO
39320013627;12/01/2024;CONSUMO;ATTIVO
39320013628;02/11/2022;RICARICA;ATTIVO
39320013629;25/02/2023;CONSUMO;ATTIVO
39320013630;01/03/2025;RICARICA;ATTIVO
39320013631;29/11/2024;CONSUMO;ATTIVO
39320013632;04/02/2026;RICARICA;ATTIVO
39320013633;25/06/2024;CONSUMO;SOSPESO
39320013634;22/08/2024;RICARICA;ATTIVO
39320013635;29/11/2023;CONSUMO;ATTIVO
39320013636;21/11/2022;RICARICA;ATTIVO
39320013637;05/03/2021;CONSUMO;ATTIVO
39320013638;20/09/2023;RICARICA;SOSPESO
39320013639;27/05/2023;CONSUMO;ATTIVO
39320013640;28/06/2025;RICARICA;ATTIVO
39320013641;19/06/2022;CONSUMO;ATTIVO
39320013642;24/06/2024;RICARICA;ATTIVO
39320013643;18/02/2026;CONSUMO;SOSPESO
39320013644;22/08/2025;RICARICA;ATTIVO
39320013645;02/03/2026;CONSUMO;SOSPESO
39320013646;31/07/2025;RICARICA;ATTIVO
39320013647;22/10/2025;CONSUMO;ATTIVO
39320013648;30/12/2023;RICARICA;ATTIVO
39320013649;09/01/2021;CONSUMO;ATTIVO
39320013650;11/09/2024;RICARICA;ATTIVO
39320013651;10/07/2024;CONSUMO;SOSPESO
39320013652;08/07/2023;RICARICA;ATTIVO
39320013653;18/04/2023;CONSUMO;ATTIVO
39320013654;14/12/2023;RICARICA;ATTIVO
39320013655;14/11/2022;CONSUMO;SOSPESO
39320013656;10/11/2021;RICARICA;ATTIVO
39320013657;27/08/2024;CONSUMO;ATTIVO
39320013658;07/08/2024;RICARICA;SOSPESO
39320013659;18/08/2022;CONSUMO;ATTIVO
39320013660;14/01/2021;RICARICA;ATTIVO
39320013661;17/06/2025;CONSUMO;SOSPESO
39320013662;03/10/2023;RICARICA;ATTIVO
39320013663;26/12/2024;CONSUMO;ATTIVO
39320013664;07/04/2022;RICARICA;SOSPESO
39320013665;06/09/2024;CONSUMO;ATTIVO
39320013666;14/09/2024;RICARICA;ATTIVO
39320013667;08/10/2025;CONSUMO;ATTIVO
39320013668;27/01/2021;RICARICA;ATTIVO
39320013669;01/10/2023;CONSUMO;ATTIVO
39320013670;08/08/2024;RICARICA;ATTIVO
39320013671;14/10/2023;CONSUMO;SOSPESO
39320013672;18/12/2022;RICARICA;ATTIVO
39320013673;09/05/2023;CONSUMO;ATTIVO
39320013674;24/03/2024;RICARICA;ATTIVO
39320013675;03/01/2022;CONSUMO;SOSPESO
39320013676;28/10/2021;RICARICA;ATTIVO
39320013677;03/09/2025;CONSUMO;ATTIVO
39320013678;08/09/2025;RICARICA;ATTIVO
39320013679;19/01/2025;CONSUMO;ATTIVO
39320013680;11/02/2022;RICARICA;ATTIVO
39320013681;01/02/2022;CONSUMO;ATTIVO
39320013682;24/03/2021;RICARICA;ATTIVO
39320013683;07/02/2025;CONSUMO;ATTIVO
39320013684;25/08/2022;RICARICA;ATTIVO
39320013685;28/09/2022;CONSUMO;ATTIVO
39320013686;08/07/2023;RICARICA;ATTIVO
39320013687;01/06/2024;CONSUMO;ATTIVO
39320013688;09/07/2022;RICARICA;ATTIVO
39320013689;22/02/2021;CONSUMO;ATTIVO
39320013690;31/12/2023;RICARICA;ATTIVO
39320013691;21/09/2021;CONSUMO;ATTIVO
39320013692;08/10/2022;RICARICA;SOSPESO
39320013693;06/03/2026;CONSUMO;SOSPESO
39320013694;11/01/2021;RICARICA;ATTIVO
39320013695;22/08/2023;CONSUMO;ATTIVO
39320013696;06/06/2021;RICARICA;ATTIVO
39320013697;30/05/2024;CONSUMO;ATTIVO
39320013698;24/08/2023;RICARICA;ATTIVO
39320013699;25/02/2026;CONSUMO;ATTIVO
39320013700;14/10/2025;RICARICA;ATTIVO
39320013701;02/01/2023;CONSUMO;ATTIVO
39320013702;24/11/2024;RICARICA;ATTIVO
39320013703;08/09/2024;CONSUMO;ATTIVO
39320013704;08/01/2024;RICARICA;ATTIVO
39320013705;10/06/2021;CONSUMO;ATTIVO
39320013706;25/02/2023;RICARICA;ATTIVO
39320013707;08/06/2022;CONSUMO;ATTIVO
39320013708;25/07/2025;RICARICA;ATTIVO
39320013709;16/06/2025;CONSUMO;ATTIVO
39320013710;03/01/2021;RICARICA;ATTIVO
39320013711;21/01/2024;CONSUMO;ATTIVO
39320013712;01/02/2025;RICARICA;ATTIVO
39320013713;15/07/2021;CONSUMO;ATTIVO
39320013714;07/09/2025;RICARICA;ATTIVO
39320013715;10/07/2022;CONSUMO;ATTIVO
39320013716;22/06/2024;RICARICA;ATTIVO
39320013717;20/01/2023;CONSUMO;ATTIVO
39320013718;26/09/2024;RICARICA;ATTIVO
39320013719;27/03/2023;CONSUMO;ATTIVO
39320013720;05/10/2023;RICARICA;ATTIVO
39320013721;06/01/2021;CONSUMO;ATTIVO
39320013722;24/01/2021;RICARICA;ATTIVO
39320013723;02/01/2026;CONSUMO;ATTIVO
39320013724;26/01/2021;RICARICA;ATTIVO
39320013725;16/10/2022;CONSUMO;ATTIVO
39320013726;29/08/2021;RICARICA;ATTIVO
39320013727;07/02/2021;CONSUMO;SOSPESO
39320013728;25/05/2022;RICARICA;ATTIVO
39320013729;03/06/2025;CONSUMO;ATTIVO
39320013730;03/11/2021;RICARICA;ATTIVO
39320013731;06/07/2025;CONSUMO;ATTIVO
39320013732;26/10/2024;RICARICA;ATTIVO
39320013733;23/02/2023;CONSUMO;ATTIVO
39320013734;25/11/2021;RICARICA;ATTIVO
39320013735;21/02/2025;CONSUMO;ATTIVO
39320013736;04/05/2022;RICARICA;ATTIVO
39320013737;18/02/2026;CONSUMO;ATTIVO
39320013738;10/02/2024;RICARICA;ATTIVO
39320013739;25/07/2022;CONSUMO;ATTIVO
39320013740;21/11/2024;RICARICA;ATTIVO
39320013741;13/09/2024;CONSUMO;ATTIVO
39320013742;12/01/2024;RICARICA;ATTIVO
39320013743;14/03/2023;CONSUMO;ATTIVO
39320013744;30/05/2024;RICARICA;ATTIVO
39320013745;05/07/2021;CONSUMO;SOSPESO
39320013746;22/02/2023;RICARICA;ATTIVO
39320013747;15/06/2023;CONSUMO;ATTIVO
39320013748;28/02/2022;RICARICA;ATTIVO
39320013749;19/01/2025;CONSUMO;ATTIVO
39320013750;16/01/2025;RICARICA;ATTIVO
39320013751;14/02/2022;CONSUMO;ATTIVO
39320013752;24/01/2022;RICARICA;ATTIVO
39320013753;18/08/2023;CONSUMO;ATTIVO
39320013754;07/10/2025;RICARICA;ATTIVO
39320013755;03/02/2026;CONSUMO;ATTIVO
39320013756;20/04/2021;RICARICA;ATTIVO
39320013757;18/09/2025;CONSUMO;ATTIVO
39320013758;29/03/2021;RICARICA;ATTIVO
39320013759;24/05/2024;CONSUMO;ATTIVO
39320013760;29/03/2021;RICARICA;ATTIVO
39320013761;26/03/2021;CONSUMO;SOSPESO
39320013762;05/01/2025;RICARICA;ATTIVO
39320013763;03/12/2024;CONSUMO;ATTIVO
39320013764;13/01/2024;RICARICA;ATTIVO
39320013765;12/08/2025;CONSUMO;ATTIVO
39320013766;19/12/2025;RICARICA;SOSPESO
39320013767;08/11/2025;CONSUMO;ATTIVO
39320013768;08/07/2021;RICARICA;ATTIVO
39320013769;20/10/2025;CONSUMO;ATTIVO
39320013770;19/07/2025;RICARICA;ATTIVO
39320013771;25/07/2021;CONSUMO;ATTIVO
39320013772;06/01/2024;RICARICA;ATTIVO
39320013773;25/11/2022;CONSUMO;ATTIVO
39320013774;04/12/2022;RICARICA;ATTIVO
39320013775;29/03/2023;CONSUMO;ATTIVO
39320013776;09/09/2024;RICARICA;ATTIVO
39320013777;01/05/2024;CONSUMO;ATTIVO
39320013778;08/03/2021;RICARICA;ATTIVO
39320013779;21/07/2023;CONSUMO;ATTIVO
39320013780;08/10/2024;RICARICA;SOSPESO
39320013781;28/10/2021;CONSUMO;ATTIVO
39320013782;08/04/2022;RICARICA;ATTIVO
39320013783;22/08/2023;CONSUMO;ATTIVO
39320013784;02/09/2023;RICARICA;ATTIVO
39320013785;13/07/2022;CONSUMO;ATTIVO
39320013786;25/07/2022;RICARICA;ATTIVO
39320013787;27/01/2025;CONSUMO;ATTIVO
39320013788;06/06/2025;RICARICA;ATTIVO
39320013789;26/12/2023;CONSUMO;ATTIVO
39320013790;22/10/2024;RICARICA;ATTIVO
39320013791;25/02/2026;CONSUMO;ATTIVO
39320013792;07/02/2022;RICARICA;ATTIVO
39320013793;18/03/2025;CONSUMO;ATTIVO
39320013794;11/03/2023;RICARICA;ATTIVO
39320013795;13/08/2025;CONSUMO;ATTIVO
39320013796;26/11/2022;RICARICA;ATTIVO
39320013797;26/03/2024;CONSUMO;ATTIVO
39320013798;30/11/2025;RICARICA;ATTIVO
39320013799;05/07/2025;CONSUMO;ATTIVO
39320013800;16/04/2023;RICARICA;ATTIVO
39320013801;15/04/2023;CONSUMO;ATTIVO
39320013802;01/11/2022;RICARICA;ATTIVO
39320013803;26/03/2024;CONSUMO;ATTIVO
39320013804;06/01/2021;RICARICA;ATTIVO
39320013805;28/01/2021;CONSUMO;ATTIVO
39320013806;27/02/2023;RICARICA;ATTIVO
39320013807;31/12/2023;CONSUMO;ATTIVO
39320013808;23/09/2021;RICARICA;ATTIVO
39320013809;23/07/2025;CONSUMO;ATTIVO
39320013810;08/07/2023;RICARICA;ATTIVO
39320013811;01/02/2026;CONSUMO;ATTIVO
39320013812;02/04/2023;RICARICA;ATTIVO
39320013813;16/03/2026;CONSUMO;ATTIVO
39320013814;17/03/2023;RICARICA;ATTIVO
39320013815;23/03/2023;CONSUMO;ATTIVO
39320013816;08/06/2023;RICARICA;ATTIVO
39320013817;30/01/2023;CONSUMO;ATTIVO
39320013818;05/02/2025;RICARICA;ATTIVO
39320013819;05/08/2024;CONSUMO;ATTIVO
39320013820;20/07/2024;RICARICA;ATTIVO
39320013821;12/09/2025;CONSUMO;ATTIVO
39320013822;22/01/2024;RICARICA;ATTIVO
39320013823;23/01/2021;CONSUMO;ATTIVO
39320013824;16/04/2024;RICARICA;ATTIVO
39320013825;31/08/2021;CONSUMO;SOSPESO
39320013826;01/05/2021;RICARICA;ATTIVO
39320013827;01/05/2022;CONSUMO;ATTIVO
39320013828;21/10/2021;RICARICA;ATTIVO
39320013829;17/02/2021;CONSUMO;ATTIVO
39320013830;26/11/2022;RICARICA;ATTIVO
39320013831;14/02/2022;CONSUMO;ATTIVO
39320013832;01/08/2023;RICARICA;ATTIVO
39320013833;10/03/2024;CONSUMO;ATTIVO
39320013834;08/05/2024;RICARICA;ATTIVO
39320013835;23/10/2025;CONSUMO;ATTIVO
39320013836;22/08/2024;RICARICA;ATTIVO
39320013837;15/03/2023;CONSUMO;ATTIVO
39320013838;30/06/2024;RICARICA;ATTIVO
39320013839;01/06/2023;CONSUMO;ATTIVO
39320013840;03/11/2025;RICARICA;SOSPESO
39320013841;16/12/2022;CONSUMO;ATTIVO
39320013842;07/10/2023;RICARICA;SOSPESO
39320013843;16/09/2024;CONSUMO;ATTIVO
39320013844;20/07/2025;RICARICA;ATTIVO
39320013845;14/07/2024;CONSUMO;ATTIVO
39320013846;08/10/2021;RICARICA;ATTIVO
39320013847;09/08/2022;CONSUMO;ATTIVO
39320013848;23/05/2024;RICARICA;ATTIVO
39320013849;08/08/2022;CONSUMO;SOSPESO
39320013850;07/04/2022;RICARICA;ATTIVO
39320013851;12/09/2021;CONSUMO;ATTIVO
39320013852;15/07/2024;RICARICA;ATTIVO
39320013853;11/01/2025;CONSUMO;ATTIVO
39320013854;09/03/2023;RICARICA;ATTIVO
39320013855;19/12/2022;CONSUMO;ATTIVO
39320013856;04/08/2022;RICARICA;ATTIVO
39320013857;28/09/2025;CONSUMO;ATTIVO
39320013858;08/11/2022;RICARICA;ATTIVO
39320013859;12/04/2023;CONSUMO;ATTIVO
39320013860;10/12/2021;RICARICA;ATTIVO
39320013861;05/11/2024;CONSUMO;ATTIVO
39320013862;10/09/2021;RICARICA;ATTIVO
39320013863;11/10/2023;CONSUMO;ATTIVO
39320013864;03/12/2024;RICARICA;ATTIVO
39320013865;25/01/2021;CONSUMO;ATTIVO
39320013866;21/07/2025;RICARICA;ATTIVO
39320013867;19/07/2025;CONSUMO;ATTIVO
39320013868;13/10/2021;RICARICA;ATTIVO
39320013869;17/05/2023;CONSUMO;ATTIVO
39320013870;22/01/2021;RICARICA;ATTIVO
39320013871;04/11/2025;CONSUMO;ATTIVO
39320013872;01/04/2025;RICARICA;ATTIVO
39320013873;03/03/2026;CONSUMO;ATTIVO
39320013874;26/09/2021;RICARICA;ATTIVO
39320013875;26/06/2025;CONSUMO;SOSPESO
39320013876;20/01/2023;RICARICA;ATTIVO
39320013877;25/02/2021;CONSUMO;ATTIVO
39320013878;12/02/2022;RICARICA;ATTIVO
39320013879;19/05/2021;CONSUMO;ATTIVO
39320013880;23/10/2024;RICARICA;ATTIVO
39320013881;04/07/2021;CONSUMO;ATTIVO
39320013882;15/07/2025;RICARICA;ATTIVO
39320013883;17/05/2023;CONSUMO;ATTIVO
39320013884;15/12/2023;RICARICA;ATTIVO
39320013885;07/05/2021;CONSUMO;ATTIVO
39320013886;03/01/2022;RICARICA;ATTIVO
39320013887;03/06/2021;CONSUMO;ATTIVO
39320013888;24/04/2024;RICARICA;ATTIVO
39320013889;25/06/2023;CONSUMO;ATTIVO
39320013890;26/04/2021;RICARICA;ATTIVO
39320013891;26/06/2022;CONSUMO;ATTIVO
39320013892;19/01/2023;RICARICA;ATTIVO
39320013893;24/10/2024;CONSUMO;ATTIVO
39320013894;23/11/2024;RICARICA;SOSPESO
39320013895;23/02/2026;CONSUMO;ATTIVO
39320013896;22/04/2021;RICARICA;ATTIVO
39320013897;01/08/2023;CONSUMO;ATTIVO
39320013898;14/02/2025;RICARICA;ATTIVO
39320013899;09/08/2024;CONSUMO;SOSPESO
39320013900;29/07/2024;RICARICA;ATTIVO
39320013901;26/03/2023;CONSUMO;ATTIVO
39320013902;03/03/2025;RICARICA;SOSPESO
39320013903;02/10/2025;CONSUMO;ATTIVO
39320013904;04/04/2024;RICARICA;ATTIVO
39320013905;08/11/2022;CONSUMO;ATTIVO
39320013906;10/09/2021;RICARICA;ATTIVO
39320013907;03/02/2022;CONSUMO;ATTIVO
39320013908;01/01/2025;RICARICA;ATTIVO
39320013909;25/06/2022;CONSUMO;ATTIVO
39320013910;20/02/2024;RICARICA;ATTIVO
39320013911;26/01/2024;CONSUMO;SOSPESO
39320013912;06/02/2023;RICARICA;ATTIVO
39320013913;11/04/2021;CONSUMO;ATTIVO
39320013914;13/05/2022;RICARICA;SOSPESO
39320013915;22/11/2024;CONSUMO;ATTIVO
39320013916;29/08/2023;RICARICA;ATTIVO
39320013917;01/07/2021;CONSUMO;ATTIVO
39320013918;16/05/2022;RICARICA;ATTIVO
39320013919;09/07/2025;CONSUMO;ATTIVO
39320013920;29/02/2024;RICARICA;ATTIVO
39320013921;22/02/2021;CONSUMO;ATTIVO
39320013922;05/06/2023;RICARICA;ATTIVO
39320013923;21/03/2022;CONSUMO;ATTIVO
39320013924;01/08/2025;RICARICA;ATTIVO
39320013925;17/12/2024;CONSUMO;ATTIVO
39320013926;09/09/2023;RICARICA;ATTIVO
39320013927;29/10/2024;CONSUMO;ATTIVO
39320013928;04/03/2024;RICARICA;SOSPESO
39320013929;10/04/2023;CONSUMO;ATTIVO
39320013930;23/03/2021;RICARICA;ATTIVO
39320013931;23/02/2024;CONSUMO;SOSPESO
39320013932;22/10/2022;RICARICA;ATTIVO
39320013933;02/12/2021;CONSUMO;ATTIVO
39320013934;05/07/2025;RICARICA;ATTIVO
39320013935;01/08/2023;CONSUMO;ATTIVO
39320013936;27/10/2025;RICARICA;ATTIVO
39320013937;18/01/2022;CONSUMO;ATTIVO
39320013938;19/06/2023;RICARICA;ATTIVO
39320013939;30/04/2022;CONSUMO;ATTIVO
39320013940;23/12/2024;RICARICA;ATTIVO
39320013941;16/01/2025;CONSUMO;ATTIVO
39320013942;24/11/2022;RICARICA;ATTIVO
39320013943;06/04/2021;CONSUMO;ATTIVO
39320013944;05/11/2024;RICARICA;ATTIVO
39320013945;24/03/2024;CONSUMO;ATTIVO
39320013946;11/11/2024;RICARICA;SOSPESO
39320013947;14/05/2021;CONSUMO;ATTIVO
39320013948;22/01/2022;RICARICA;ATTIVO
39320013949;24/06/2025;CONSUMO;ATTIVO
39320013950;26/07/2022;RICARICA;ATTIVO
39320013951;12/03/2022;CONSUMO;SOSPESO
39320013952;11/10/2023;RICARICA;ATTIVO
39320013953;23/05/2024;CONSUMO;ATTIVO
39320013954;02/11/2021;RICARICA;ATTIVO
39320013955;19/01/2021;CONSUMO;ATTIVO
39320013956;17/09/2023;RICARICA;ATTIVO
39320013957;20/10/2022;CONSUMO;ATTIVO
39320013958;04/11/2022;RICARICA;ATTIVO
39320013959;14/11/2024;CONSUMO;ATTIVO
39320013960;11/01/2026;RICARICA;ATTIVO
39320013961;17/02/2026;CONSUMO;SOSPESO
39320013962;25/10/2022;RICARICA;ATTIVO
39320013963;13/11/2024;CONSUMO;ATTIVO
39320013964;23/05/2021;RICARICA;ATTIVO
39320013965;29/03/2022;CONSUMO;ATTIVO
39320013966;08/01/2021;RICARICA;ATTIVO
39320013967;17/03/2023;CONSUMO;ATTIVO
39320013968;19/05/2022;RICARICA;ATTIVO
39320013969;13/11/2021;CONSUMO;ATTIVO
39320013970;03/04/2025;RICARICA;ATTIVO
39320013971;04/07/2024;CONSUMO;ATTIVO
39320013972;05/11/2021;RICARICA;ATTIVO
39320013973;07/10/2023;CONSUMO;ATTIVO
39320013974;15/08/2023;RICARICA;ATTIVO
39320013975;04/06/2021;CONSUMO;ATTIVO
39320013976;26/01/2025;RICARICA;ATTIVO
39320013977;11/03/2021;CONSUMO;SOSPESO
39320013978;03/04/2023;RICARICA;SOSPESO
39320013979;04/02/2025;CONSUMO;ATTIVO
39320013980;11/03/2026;RICARICA;ATTIVO
39320013981;08/01/2021;CONSUMO;ATTIVO
39320013982;11/01/2023;RICARICA;ATTIVO
39320013983;15/02/2023;CONSUMO;ATTIVO
39320013984;18/11/2022;RICARICA;ATTIVO
39320013985;14/12/2021;CONSUMO;ATTIVO
39320013986;19/06/2025;RICARICA;ATTIVO
39320013987;14/07/2024;CONSUMO;ATTIVO
39320013988;30/01/2025;RICARICA;ATTIVO
39320013989;04/08/2024;CONSUMO;ATTIVO
39320013990;21/12/2024;RICARICA;ATTIVO
39320013991;20/04/2021;CONSUMO;ATTIVO
39320013992;13/10/2023;RICARICA;ATTIVO
39320013993;15/10/2024;CONSUMO;ATTIVO
39320013994;09/06/2023;RICARICA;ATTIVO
39320013995;03/04/2025;CONSUMO;ATTIVO
39320013996;09/12/2021;RICARICA;ATTIVO
39320013997;11/05/2023;CONSUMO;ATTIVO
39320013998;11/03/2024;RICARICA;SOSPESO
39320013999;21/09/2025;CONSUMO;SOSPESO
39320014000;28/08/2025;RICARICA;ATTIVO
39320014001;22/09/2025;CONSUMO;ATTIVO
39320014002;18/12/2024;RICARICA;ATTIVO
39320014003;07/07/2025;CONSUMO;ATTIVO
39320014004;01/01/2023;RICARICA;ATTIVO
39320014005;14/06/2025;CONSUMO;ATTIVO
39320014006;07/04/2023;RICARICA;ATTIVO
39320014007;18/06/2025;CONSUMO;ATTIVO
39320014008;24/04/2023;RICARICA;ATTIVO
39320014009;03/08/2022;CONSUMO;ATTIVO
39320014010;02/07/2022;RICARICA;ATTIVO
39320014011;22/09/2023;CONSUMO;ATTIVO
39320014012;04/03/2022;RICARICA;ATTIVO
39320014013;11/03/2026;CONSUMO;ATTIVO
39320014014;17/04/2024;RICARICA;ATTIVO
39320014015;14/03/2024;CONSUMO;ATTIVO
39320014016;14/03/2025;RICARICA;ATTIVO
39320014017;15/01/2024;CONSUMO;ATTIVO
39320014018;21/09/2025;RICARICA;SOSPESO
39320014019;06/06/2025;CONSUMO;ATTIVO
39320014020;11/05/2024;RICARICA;ATTIVO
39320014021;03/11/2023;CONSUMO;ATTIVO
39320014022;21/04/2024;RICARICA;ATTIVO
39320014023;26/12/2025;CONSUMO;ATTIVO
39320014024;05/10/2022;RICARICA;ATTIVO
39320014025;01/08/2022;CONSUMO;ATTIVO
39320014026;28/06/2025;RICARICA;ATTIVO
39320014027;20/10/2021;CONSUMO;ATTIVO
39320014028;07/05/2025;RICARICA;ATTIVO
39320014029;31/08/2022;CONSUMO;ATTIVO
39320014030;27/09/2021;RICARICA;ATTIVO
39320014031;24/04/2024;CONSUMO;ATTIVO
39320014032;20/02/2023;RICARICA;ATTIVO
39320014033;26/07/2021;CONSUMO;ATTIVO
39320014034;28/01/2024;RICARICA;ATTIVO
39320014035;09/12/2025;CONSUMO;ATTIVO
39320014036;26/08/2024;RICARICA;ATTIVO
39320014037;11/11/2025;CONSUMO;ATTIVO
39320014038;06/11/2022;RICARICA;ATTIVO
39320014039;26/02/2024;CONSUMO;SOSPESO
39320014040;12/04/2022;RICARICA;ATTIVO
39320014041;09/01/2021;CONSUMO;ATTIVO
39320014042;09/01/2022;RICARICA;ATTIVO
39320014043;14/06/2023;CONSUMO;ATTIVO
39320014044;26/02/2026;RICARICA;ATTIVO
39320014045;09/10/2021;CONSUMO;ATTIVO
39320014046;31/07/2025;RICARICA;ATTIVO
39320014047;24/12/2023;CONSUMO;ATTIVO
39320014048;15/09/2022;RICARICA;SOSPESO
39320014049;07/09/2022;CONSUMO;ATTIVO
39320014050;27/12/2025;RICARICA;SOSPESO
39320014051;27/11/2021;CONSUMO;ATTIVO
39320014052;04/01/2025;RICARICA;ATTIVO
39320014053;30/10/2023;CONSUMO;ATTIVO
39320014054;12/05/2021;RICARICA;ATTIVO
39320014055;05/05/2025;CONSUMO;ATTIVO
39320014056;17/10/2021;RICARICA;ATTIVO
39320014057;21/09/2021;CONSUMO;ATTIVO
39320014058;13/12/2023;RICARICA;ATTIVO
39320014059;22/08/2024;CONSUMO;ATTIVO
39320014060;07/11/2022;RICARICA;ATTIVO
39320014061;03/10/2025;CONSUMO;ATTIVO
39320014062;06/03/2023;RICARICA;ATTIVO
39320014063;27/02/2023;CONSUMO;ATTIVO
39320014064;06/02/2025;RICARICA;ATTIVO
39320014065;21/01/2025;CONSUMO;ATTIVO
39320014066;08/08/2024;RICARICA;ATTIVO
39320014067;19/09/2022;CONSUMO;ATTIVO
39320014068;23/03/2024;RICARICA;ATTIVO
39320014069;17/11/2025;CONSUMO;SOSPESO
39320014070;13/03/2023;RICARICA;ATTIVO
39320014071;23/10/2024;CONSUMO;ATTIVO
39320014072;28/05/2023;RICARICA;ATTIVO
39320014073;30/06/2024;CONSUMO;ATTIVO
39320014074;07/05/2025;RICARICA;ATTIVO
39320014075;30/01/2022;CONSUMO;ATTIVO
39320014076;15/01/2024;RICARICA;ATTIVO
39320014077;08/01/2021;CONSUMO;ATTIVO
39320014078;24/10/2025;RICARICA;ATTIVO
39320014079;12/11/2021;CONSUMO;ATTIVO
39320014080;05/07/2025;RICARICA;ATTIVO
39320014081;16/09/2025;CONSUMO;ATTIVO
39320014082;21/03/2024;RICARICA;ATTIVO
39320014083;05/05/2023;CONSUMO;ATTIVO
39320014084;01/04/2023;RICARICA;ATTIVO
39320014085;22/07/2021;CONSUMO;ATTIVO
39320014086;31/12/2022;RICARICA;ATTIVO
39320014087;09/02/2025;CONSUMO;ATTIVO
39320014088;04/11/2023;RICARICA;ATTIVO
39320014089;23/07/2022;CONSUMO;ATTIVO
39320014090;24/09/2024;RICARICA;SOSPESO
39320014091;28/03/2023;CONSUMO;ATTIVO
39320014092;20/03/2025;RICARICA;ATTIVO
39320014093;25/12/2025;CONSUMO;ATTIVO
39320014094;24/07/2021;RICARICA;SOSPESO
39320014095;19/12/2021;CONSUMO;ATTIVO
39320014096;02/06/2023;RICARICA;ATTIVO
39320014097;15/01/2021;CONSUMO;ATTIVO
39320014098;09/12/2023;RICARICA;ATTIVO
39320014099;04/12/2023;CONSUMO;ATTIVO
39320014100;30/04/2023;RICARICA;ATTIVO
39320014101;19/10/2025;CONSUMO;ATTIVO
39320014102;31/10/2024;RICARICA;ATTIVO
39320014103;27/05/2021;CONSUMO;ATTIVO
39320014104;24/12/2022;RICARICA;ATTIVO
39320014105;07/08/2021;CONSUMO;ATTIVO
39320014106;01/01/2026;RICARICA;ATTIVO
39320014107;12/09/2022;CONSUMO;ATTIVO
39320014108;26/04/2025;RICARICA;ATTIVO
39320014109;06/06/2024;CONSUMO;ATTIVO
39320014110;30/08/2022;RICARICA;ATTIVO
39320014111;30/06/2025;CONSUMO;ATTIVO
39320014112;18/02/2022;RICARICA;ATTIVO
39320014113;13/04/2023;CONSUMO;ATTIVO
39320014114;23/05/2023;RICARICA;ATTIVO
39320014115;08/05/2025;CONSUMO;ATTIVO
39320014116;14/10/2022;RICARICA;ATTIVO
39320014117;12/11/2025;CONSUMO;ATTIVO
39320014118;11/05/2021;RICARICA;ATTIVO
39320014119;18/05/2022;CONSUMO;ATTIVO
39320014120;04/04/2021;RICARICA;ATTIVO
39320014121;03/09/2022;CONSUMO;ATTIVO
39320014122;03/07/2022;RICARICA;ATTIVO
39320014123;11/03/2022;CONSUMO;ATTIVO
39320014124;23/04/2023;RICARICA;ATTIVO
39320014125;03/04/2021;CONSUMO;ATTIVO
39320014126;13/11/2022;RICARICA;ATTIVO
39320014127;13/01/2024;CONSUMO;ATTIVO
39320014128;01/01/2024;RICARICA;ATTIVO
39320014129;31/05/2024;CONSUMO;ATTIVO
39320014130;24/07/2022;RICARICA;ATTIVO
39320014131;12/03/2022;CONSUMO;ATTIVO
39320014132;30/03/2024;RICARICA;ATTIVO
39320014133;27/04/2025;CONSUMO;ATTIVO
39320014134;16/05/2021;RICARICA;ATTIVO
39320014135;02/09/2023;CONSUMO;ATTIVO
39320014136;13/11/2025;RICARICA;ATTIVO
39320014137;09/08/2025;CONSUMO;ATTIVO
39320014138;03/12/2025;RICARICA;ATTIVO
39320014139;18/09/2025;CONSUMO;ATTIVO
39320014140;10/11/2021;RICARICA;ATTIVO
39320014141;13/08/2021;CONSUMO;ATTIVO
39320014142;09/03/2023;RICARICA;ATTIVO
39320014143;15/12/2023;CONSUMO;ATTIVO
39320014144;13/10/2022;RICARICA;ATTIVO
39320014145;09/08/2023;CONSUMO;ATTIVO
39320014146;24/03/2025;RICARICA;ATTIVO
39320014147;20/03/2025;CONSUMO;ATTIVO
39320014148;05/09/2022;RICARICA;SOSPESO
39320014149;30/01/2021;CONSUMO;ATTIVO
39320014150;18/10/2023;RICARICA;ATTIVO
39320014151;02/04/2022;CONSUMO;ATTIVO
39320014152;18/10/2024;RICARICA;ATTIVO
39320014153;21/11/2022;CONSUMO;ATTIVO
39320014154;10/07/2024;RICARICA;ATTIVO
39320014155;03/04/2021;CONSUMO;ATTIVO
39320014156;05/06/2023;RICARICA;ATTIVO
39320014157;08/01/2025;CONSUMO;ATTIVO
39320014158;08/07/2022;RICARICA;ATTIVO
39320014159;21/11/2025;CONSUMO;ATTIVO
39320014160;01/04/2021;RICARICA;ATTIVO
39320014161;04/07/2021;CONSUMO;ATTIVO
39320014162;23/12/2023;RICARICA;ATTIVO
39320014163;12/04/2025;CONSUMO;ATTIVO
39320014164;03/12/2023;RICARICA;ATTIVO
39320014165;20/09/2025;CONSUMO;ATTIVO
39320014166;18/08/2023;RICARICA;ATTIVO
39320014167;02/10/2022;CONSUMO;ATTIVO
39320014168;11/04/2022;RICARICA;ATTIVO
39320014169;04/03/2025;CONSUMO;ATTIVO
39320014170;31/07/2023;RICARICA;ATTIVO
39320014171;27/12/2023;CONSUMO;ATTIVO
39320014172;13/01/2023;RICARICA;ATTIVO
39320014173;21/08/2021;CONSUMO;ATTIVO
39320014174;17/05/2021;RICARICA;ATTIVO
39320014175;22/05/2023;CONSUMO;ATTIVO
39320014176;05/02/2026;RICARICA;ATTIVO
39320014177;17/01/2025;CONSUMO;ATTIVO
39320014178;08/01/2021;RICARICA;ATTIVO
39320014179;26/03/2025;CONSUMO;ATTIVO
39320014180;15/09/2025;RICARICA;ATTIVO
39320014181;31/05/2025;CONSUMO;ATTIVO
39320014182;25/11/2025;RICARICA;ATTIVO
39320014183;20/11/2023;CONSUMO;ATTIVO
39320014184;21/07/2022;RICARICA;ATTIVO
39320014185;11/05/2023;CONSUMO;ATTIVO
39320014186;17/08/2024;RICARICA;ATTIVO
39320014187;11/12/2021;CONSUMO;SOSPESO
39320014188;30/05/2023;RICARICA;ATTIVO
39320014189;09/08/2024;CONSUMO;ATTIVO
39320014190;29/01/2024;RICARICA;ATTIVO
39320014191;29/06/2024;CONSUMO;ATTIVO
39320014192;06/12/2021;RICARICA;ATTIVO
39320014193;14/09/2025;CONSUMO;ATTIVO
39320014194;16/03/2026;RICARICA;ATTIVO
39320014195;22/07/2021;CONSUMO;ATTIVO
39320014196;28/06/2023;RICARICA;ATTIVO
39320014197;06/01/2021;CONSUMO;ATTIVO
39320014198;08/01/2022;RICARICA;ATTIVO
39320014199;14/03/2022;CONSUMO;ATTIVO
39320014200;08/08/2024;RICARICA;ATTIVO
39320014201;27/06/2021;CONSUMO;ATTIVO
39320014202;21/07/2025;RICARICA;ATTIVO
39320014203;04/01/2026;CONSUMO;ATTIVO
39320014204;04/07/2021;RICARICA;ATTIVO
39320014205;23/10/2023;CONSUMO;ATTIVO
39320014206;15/05/2025;RICARICA;ATTIVO
39320014207;21/02/2023;CONSUMO;ATTIVO
39320014208;10/08/2025;RICARICA;ATTIVO
39320014209;02/10/2022;CONSUMO;ATTIVO
39320014210;29/01/2024;RICARICA;ATTIVO
39320014211;17/02/2021;CONSUMO;SOSPESO
39320014212;16/03/2026;RICARICA;ATTIVO
39320014213;01/10/2021;CONSUMO;ATTIVO
39320014214;23/10/2021;RICARICA;ATTIVO
39320014215;29/08/2023;CONSUMO;ATTIVO
39320014216;03/07/2024;RICARICA;ATTIVO
39320014217;01/04/2024;CONSUMO;ATTIVO
39320014218;07/11/2021;RICARICA;ATTIVO
39320014219;12/04/2022;CONSUMO;ATTIVO
39320014220;22/08/2025;RICARICA;ATTIVO
39320014221;15/03/2021;CONSUMO;ATTIVO
39320014222;20/06/2025;RICARICA;ATTIVO
39320014223;28/05/2023;CONSUMO;ATTIVO
39320014224;13/07/2022;RICARICA;ATTIVO
39320014225;03/01/2025;CONSUMO;ATTIVO
39320014226;30/07/2024;RICARICA;ATTIVO
39320014227;06/10/2024;CONSUMO;ATTIVO
39320014228;29/07/2022;RICARICA;ATTIVO
39320014229;04/07/2023;CONSUMO;ATTIVO
39320014230;11/12/2024;RICARICA;ATTIVO
39320014231;08/07/2024;CONSUMO;ATTIVO
39320014232;12/05/2023;RICARICA;ATTIVO
39320014233;05/10/2022;CONSUMO;ATTIVO
39320014234;11/12/2023;RICARICA;ATTIVO
39320014235;04/08/2025;CONSUMO;ATTIVO
39320014236;21/01/2024;RICARICA;ATTIVO
39320014237;04/11/2024;CONSUMO;ATTIVO
39320014238;16/07/2023;RICARICA;ATTIVO
39320014239;06/08/2023;CONSUMO;ATTIVO
39320014240;24/12/2022;RICARICA;ATTIVO
39320014241;19/10/2022;CONSUMO;ATTIVO
39320014242;29/04/2021;RICARICA;ATTIVO
39320014243;12/09/2022;CONSUMO;ATTIVO
39320014244;31/05/2024;RICARICA;ATTIVO
39320014245;08/07/2024;CONSUMO;ATTIVO
39320014246;10/04/2023;RICARICA;ATTIVO
39320014247;07/03/2022;CONSUMO;ATTIVO
39320014248;02/02/2024;RICARICA;ATTIVO
39320014249;22/04/2023;CONSUMO;ATTIVO
39320014250;16/02/2021;RICARICA;ATTIVO
39320014251;04/02/2021;CONSUMO;ATTIVO
39320014252;28/03/2023;RICARICA;ATTIVO
39320014253;03/05/2022;CONSUMO;ATTIVO
39320014254;27/10/2024;RICARICA;ATTIVO
39320014255;23/08/2021;CONSUMO;SOSPESO
39320014256;30/05/2025;RICARICA;ATTIVO
39320014257;27/02/2021;CONSUMO;ATTIVO
39320014258;15/11/2022;RICARICA;ATTIVO
39320014259;26/01/2024;CONSUMO;ATTIVO
39320014260;25/01/2024;RICARICA;ATTIVO
39320014261;07/03/2024;CONSUMO;ATTIVO
39320014262;11/01/2024;RICARICA;ATTIVO
39320014263;04/03/2023;CONSUMO;ATTIVO
39320014264;25/05/2025;RICARICA;ATTIVO
39320014265;13/11/2023;CONSUMO;ATTIVO
39320014266;29/07/2025;RICARICA;ATTIVO
39320014267;21/08/2024;CONSUMO;ATTIVO
39320014268;15/01/2021;RICARICA;ATTIVO
39320014269;06/03/2023;CONSUMO;ATTIVO
39320014270;07/10/2025;RICARICA;SOSPESO
39320014271;17/03/2021;CONSUMO;ATTIVO
39320014272;07/04/2021;RICARICA;ATTIVO
39320014273;28/09/2021;CONSUMO;ATTIVO
39320014274;16/05/2025;RICARICA;ATTIVO
39320014275;11/02/2024;CONSUMO;ATTIVO
39320014276;08/02/2024;RICARICA;ATTIVO
39320014277;19/04/2022;CONSUMO;ATTIVO
39320014278;29/01/2026;RICARICA;ATTIVO
39320014279;19/09/2024;CONSUMO;SOSPESO
39320014280;14/06/2023;RICARICA;ATTIVO
39320014281;29/05/2024;CONSUMO;ATTIVO
39320014282;02/03/2026;RICARICA;ATTIVO
39320014283;01/01/2025;CONSUMO;ATTIVO
39320014284;12/05/2023;RICARICA;ATTIVO
39320014285;01/08/2023;CONSUMO;ATTIVO
39320014286;28/04/2023;RICARICA;ATTIVO
39320014287;23/05/2025;CONSUMO;ATTIVO
39320014288;07/04/2022;RICARICA;SOSPESO
39320014289;27/01/2022;CONSUMO;ATTIVO
39320014290;15/11/2024;RICARICA;ATTIVO
39320014291;28/06/2025;CONSUMO;ATTIVO
39320014292;29/04/2022;RICARICA;ATTIVO
39320014293;18/04/2025;CONSUMO;ATTIVO
39320014294;08/07/2025;RICARICA;ATTIVO
39320014295;07/12/2025;CONSUMO;ATTIVO
39320014296;24/10/2022;RICARICA;ATTIVO
39320014297;18/07/2024;CONSUMO;ATTIVO
39320014298;25/09/2025;RICARICA;ATTIVO
39320014299;21/06/2023;CONSUMO;ATTIVO
39320014300;09/03/2021;RICARICA;ATTIVO
39320014301;11/08/2024;CONSUMO;ATTIVO
39320014302;07/09/2023;RICARICA;ATTIVO
39320014303;15/10/2024;CONSUMO;ATTIVO
39320014304;01/04/2022;RICARICA;ATTIVO
39320014305;26/12/2024;CONSUMO;ATTIVO
39320014306;24/06/2022;RICARICA;ATTIVO
39320014307;23/01/2023;CONSUMO;SOSPESO
39320014308;06/01/2024;RICARICA;ATTIVO
39320014309;06/06/2021;CONSUMO;ATTIVO
39320014310;24/09/2022;RICARICA;ATTIVO
39320014311;16/04/2021;CONSUMO;ATTIVO
39320014312;07/12/2024;RICARICA;ATTIVO
39320014313;09/11/2021;CONSUMO;SOSPESO
39320014314;20/08/2024;RICARICA;ATTIVO
39320014315;09/10/2025;CONSUMO;ATTIVO
39320014316;01/04/2023;RICARICA;ATTIVO
39320014317;29/06/2023;CONSUMO;ATTIVO
39320014318;09/07/2024;RICARICA;ATTIVO
39320014319;05/08/2025;CONSUMO;SOSPESO
39320014320;30/12/2023;RICARICA;ATTIVO
39320014321;04/03/2025;CONSUMO;ATTIVO
39320014322;01/08/2024;RICARICA;ATTIVO
39320014323;23/11/2025;CONSUMO;ATTIVO
39320014324;04/07/2023;RICARICA;ATTIVO
39320014325;25/11/2025;CONSUMO;ATTIVO
39320014326;21/04/2022;RICARICA;ATTIVO
39320014327;12/09/2022;CONSUMO;ATTIVO
39320014328;09/07/2024;RICARICA;ATTIVO
39320014329;24/05/2023;CONSUMO;ATTIVO
39320014330;24/06/2022;RICARICA;ATTIVO
39320014331;27/08/2023;CONSUMO;ATTIVO
39320014332;24/08/2022;RICARICA;ATTIVO
39320014333;09/04/2025;CONSUMO;SOSPESO
39320014334;06/08/2025;RICARICA;ATTIVO
39320014335;26/01/2025;CONSUMO;ATTIVO
39320014336;03/09/2022;RICARICA;ATTIVO
39320014337;16/05/2021;CONSUMO;ATTIVO
39320014338;03/10/2021;RICARICA;ATTIVO
39320014339;10/09/2023;CONSUMO;ATTIVO
39320014340;19/10/2023;RICARICA;ATTIVO
39320014341;03/03/2022;CONSUMO;ATTIVO
39320014342;29/12/2022;RICARICA;ATTIVO
39320014343;18/10/2023;CONSUMO;ATTIVO
39320014344;17/12/2024;RICARICA;ATTIVO
39320014345;16/05/2024;CONSUMO;ATTIVO
39320014346;02/10/2024;RICARICA;ATTIVO
39320014347;19/06/2023;CONSUMO;ATTIVO
39320014348;09/11/2023;RICARICA;ATTIVO
39320014349;20/02/2024;CONSUMO;ATTIVO
39320014350;03/03/2022;RICARICA;ATTIVO
39320014351;07/10/2021;CONSUMO;ATTIVO
39320014352;01/07/2021;RICARICA;ATTIVO
39320014353;25/01/2023;CONSUMO;SOSPESO
39320014354;17/09/2024;RICARICA;ATTIVO
39320014355;02/12/2021;CONSUMO;SOSPESO
39320014356;10/04/2022;RICARICA;ATTIVO
39320014357;07/09/2022;CONSUMO;ATTIVO
39320014358;17/10/2025;RICARICA;SOSPESO
39320014359;03/02/2023;CONSUMO;ATTIVO
39320014360;12/12/2022;RICARICA;ATTIVO
39320014361;05/06/2022;CONSUMO;ATTIVO
39320014362;09/04/2024;RICARICA;ATTIVO
39320014363;08/03/2023;CONSUMO;ATTIVO
39320014364;14/08/2023;RICARICA;ATTIVO
39320014365;07/09/2022;CONSUMO;ATTIVO
39320014366;27/02/2023;RICARICA;ATTIVO
39320014367;23/12/2024;CONSUMO;ATTIVO
39320014368;28/12/2021;RICARICA;ATTIVO
39320014369;09/12/2022;CONSUMO;ATTIVO
39320014370;18/03/2024;RICARICA;ATTIVO
39320014371;04/08/2022;CONSUMO;ATTIVO
39320014372;03/03/2026;RICARICA;ATTIVO
39320014373;03/07/2022;CONSUMO;ATTIVO
39320014374;07/03/2026;RICARICA;SOSPESO
39320014375;24/08/2021;CONSUMO;ATTIVO
39320014376;25/06/2023;RICARICA;ATTIVO
39320014377;27/01/2021;CONSUMO;SOSPESO
39320014378;13/01/2026;RICARICA;ATTIVO
39320014379;18/11/2023;CONSUMO;ATTIVO
39320014380;09/04/2023;RICARICA;ATTIVO
39320014381;28/05/2021;CONSUMO;ATTIVO
39320014382;11/08/2022;RICARICA;ATTIVO
39320014383;22/07/2021;CONSUMO;ATTIVO
39320014384;13/04/2025;RICARICA;ATTIVO
39320014385;15/07/2022;CONSUMO;ATTIVO
39320014386;03/03/2023;RICARICA;ATTIVO
39320014387;30/04/2021;CONSUMO;ATTIVO
39320014388;07/06/2022;RICARICA;ATTIVO
39320014389;21/02/2022;CONSUMO;ATTIVO
39320014390;19/07/2025;RICARICA;ATTIVO
39320014391;22/02/2021;CONSUMO;ATTIVO
39320014392;21/09/2021;RICARICA;ATTIVO
39320014393;12/01/2025;CONSUMO;ATTIVO
39320014394;03/01/2024;RICARICA;ATTIVO
39320014395;22/09/2024;CONSUMO;ATTIVO
39320014396;10/05/2022;RICARICA;SOSPESO
39320014397;28/04/2025;CONSUMO;SOSPESO
39320014398;21/07/2025;RICARICA;ATTIVO
39320014399;13/10/2025;CONSUMO;ATTIVO
39320014400;15/03/2025;RICARICA;ATTIVO
39320014401;26/01/2025;CONSUMO;ATTIVO
39320014402;27/02/2023;RICARICA;ATTIVO
39320014403;19/01/2022;CONSUMO;ATTIVO
39320014404;30/12/2025;RICARICA;ATTIVO
39320014405;12/02/2023;CONSUMO;ATTIVO
39320014406;10/09/2021;RICARICA;ATTIVO
39320014407;13/02/2023;CONSUMO;SOSPESO
39320014408;28/04/2023;RICARICA;ATTIVO
39320014409;09/06/2021;CONSUMO;ATTIVO
39320014410;04/10/2022;RICARICA;ATTIVO
39320014411;18/02/2026;CONSUMO;ATTIVO
39320014412;23/12/2021;RICARICA;ATTIVO
39320014413;03/03/2026;CONSUMO;ATTIVO
39320014414;13/06/2025;RICARICA;ATTIVO
39320014415;20/09/2021;CONSUMO;ATTIVO
39320014416;02/12/2024;RICARICA;SOSPESO
39320014417;05/07/2022;CONSUMO;ATTIVO
39320014418;20/01/2024;RICARICA;ATTIVO
39320014419;17/01/2026;CONSUMO;SOSPESO
39320014420;25/01/2025;RICARICA;ATTIVO
39320014421;18/05/2023;CONSUMO;ATTIVO
39320014422;30/12/2025;RICARICA;ATTIVO
39320014423;04/01/2023;CONSUMO;ATTIVO
39320014424;03/02/2021;RICARICA;ATTIVO
39320014425;05/11/2025;CONSUMO;ATTIVO
39320014426;28/05/2021;RICARICA;ATTIVO
39320014427;25/07/2024;CONSUMO;ATTIVO
39320014428;26/07/2025;RICARICA;ATTIVO
39320014429;16/07/2022;CONSUMO;ATTIVO
39320014430;17/06/2024;RICARICA;ATTIVO
39320014431;18/05/2022;CONSUMO;ATTIVO
39320014432;19/12/2022;RICARICA;ATTIVO
39320014433;15/09/2022;CONSUMO;ATTIVO
39320014434;03/02/2026;RICARICA;ATTIVO
39320014435;11/12/2025;CONSUMO;ATTIVO
39320014436;14/11/2025;RICARICA;ATTIVO
39320014437;25/07/2025;CONSUMO;ATTIVO
39320014438;31/01/2024;RICARICA;ATTIVO
39320014439;30/09/2023;CONSUMO;ATTIVO
39320014440;17/02/2023;RICARICA;ATTIVO
39320014441;08/03/2024;CONSUMO;ATTIVO
39320014442;17/03/2025;RICARICA;ATTIVO
39320014443;27/01/2026;CONSUMO;ATTIVO
39320014444;05/01/2026;RICARICA;ATTIVO
39320014445;17/11/2022;CONSUMO;ATTIVO
39320014446;02/04/2025;RICARICA;ATTIVO
39320014447;10/01/2022;CONSUMO;ATTIVO
39320014448;18/06/2023;RICARICA;ATTIVO
39320014449;09/12/2025;CONSUMO;ATTIVO
39320014450;09/07/2021;RICARICA;ATTIVO
39320014451;03/04/2021;CONSUMO;ATTIVO
39320014452;15/03/2026;RICARICA;ATTIVO
39320014453;12/06/2025;CONSUMO;ATTIVO
39320014454;27/01/2024;RICARICA;ATTIVO
39320014455;02/01/2022;CONSUMO;ATTIVO
39320014456;17/11/2022;RICARICA;ATTIVO
39320014457;01/02/2025;CONSUMO;ATTIVO
39320014458;03/03/2022;RICARICA;ATTIVO
39320014459;21/05/2025;CONSUMO;SOSPESO
39320014460;16/05/2025;RICARICA;ATTIVO
39320014461;31/10/2024;CONSUMO;ATTIVO
39320014462;31/01/2024;RICARICA;ATTIVO
39320014463;16/10/2021;CONSUMO;ATTIVO
39320014464;08/02/2026;RICARICA;ATTIVO
39320014465;18/03/2024;CONSUMO;ATTIVO
39320014466;19/08/2023;RICARICA;ATTIVO
39320014467;24/04/2022;CONSUMO;ATTIVO
39320014468;10/03/2026;RICARICA;ATTIVO
39320014469;14/02/2023;CONSUMO;ATTIVO
39320014470;25/11/2024;RICARICA;ATTIVO
39320014471;07/11/2024;CONSUMO;ATTIVO
39320014472;03/04/2024;RICARICA;ATTIVO
39320014473;01/11/2021;CONSUMO;ATTIVO
39320014474;23/08/2021;RICARICA;ATTIVO
39320014475;20/05/2025;CONSUMO;ATTIVO
39320014476;14/12/2023;RICARICA;ATTIVO
39320014477;22/04/2024;CONSUMO;ATTIVO
39320014478;14/03/2022;RICARICA;ATTIVO
39320014479;27/11/2025;CONSUMO;ATTIVO
39320014480;16/08/2022;RICARICA;ATTIVO
39320014481;22/10/2022;CONSUMO;ATTIVO
39320014482;22/06/2023;RICARICA;ATTIVO
39320014483;11/06/2023;CONSUMO;ATTIVO
39320014484;19/11/2023;RICARICA;ATTIVO
39320014485;01/12/2024;CONSUMO;ATTIVO
39320014486;05/02/2023;RICARICA;ATTIVO
39320014487;03/05/2021;CONSUMO;ATTIVO
39320014488;27/11/2024;RICARICA;ATTIVO
39320014489;14/05/2022;CONSUMO;ATTIVO
39320014490;27/02/2022;RICARICA;ATTIVO
39320014491;27/10/2022;CONSUMO;ATTIVO
39320014492;13/05/2021;RICARICA;ATTIVO
39320014493;07/06/2023;CONSUMO;ATTIVO
39320014494;25/04/2023;RICARICA;ATTIVO
39320014495;01/08/2021;CONSUMO;SOSPESO
39320014496;31/01/2021;RICARICA;ATTIVO
39320014497;29/01/2024;CONSUMO;ATTIVO
39320014498;24/07/2023;RICARICA;ATTIVO
39320014499;13/06/2024;CONSUMO;ATTIVO
39320014500;16/07/2024;RICARICA;ATTIVO
39320014501;17/05/2023;CONSUMO;ATTIVO
39320014502;09/11/2022;RICARICA;ATTIVO
39320014503;15/09/2025;CONSUMO;ATTIVO
39320014504;08/08/2024;RICARICA;ATTIVO
39320014505;12/09/2025;CONSUMO;ATTIVO
39320014506;04/11/2025;RICARICA;ATTIVO
39320014507;30/03/2024;CONSUMO;ATTIVO
39320014508;16/05/2022;RICARICA;SOSPESO
39320014509;17/01/2025;CONSUMO;ATTIVO
39320014510;24/06/2022;RICARICA;ATTIVO
39320014511;02/03/2025;CONSUMO;ATTIVO
39320014512;08/04/2023;RICARICA;ATTIVO
39320014513;14/01/2022;CONSUMO;ATTIVO
39320014514;14/01/2022;RICARICA;SOSPESO
39320014515;04/06/2023;CONSUMO;ATTIVO
39320014516;18/08/2024;RICARICA;ATTIVO
39320014517;18/11/2022;CONSUMO;ATTIVO
39320014518;08/02/2021;RICARICA;ATTIVO
39320014519;18/02/2026;CONSUMO;ATTIVO
39320014520;11/12/2021;RICARICA;ATTIVO
39320014521;15/07/2021;CONSUMO;ATTIVO
39320014522;03/06/2025;RICARICA;ATTIVO
39320014523;07/04/2023;CONSUMO;ATTIVO
39320014524;17/03/2021;RICARICA;ATTIVO
39320014525;04/06/2021;CONSUMO;ATTIVO
39320014526;21/02/2025;RICARICA;ATTIVO
39320014527;18/10/2021;CONSUMO;ATTIVO
39320014528;28/10/2025;RICARICA;ATTIVO
39320014529;03/01/2026;CONSUMO;ATTIVO
39320014530;05/10/2025;RICARICA;ATTIVO
39320014531;16/10/2021;CONSUMO;ATTIVO
39320014532;13/10/2025;RICARICA;ATTIVO
39320014533;18/03/2021;CONSUMO;ATTIVO
39320014534;17/10/2022;RICARICA;ATTIVO
39320014535;17/04/2024;CONSUMO;ATTIVO
39320014536;23/09/2024;RICARICA;ATTIVO
39320014537;02/02/2023;CONSUMO;ATTIVO
39320014538;03/09/2024;RICARICA;ATTIVO
39320014539;20/09/2024;CONSUMO;ATTIVO
39320014540;01/04/2025;RICARICA;ATTIVO
39320014541;04/06/2021;CONSUMO;ATTIVO
39320014542;02/03/2022;RICARICA;ATTIVO
39320014543;21/09/2022;CONSUMO;ATTIVO
39320014544;25/03/2024;RICARICA;ATTIVO
39320014545;12/04/2022;CONSUMO;ATTIVO
39320014546;15/01/2023;RICARICA;ATTIVO
39320014547;15/02/2023;CONSUMO;SOSPESO
39320014548;28/08/2021;RICARICA;ATTIVO
39320014549;21/11/2021;CONSUMO;ATTIVO
39320014550;09/05/2024;RICARICA;ATTIVO
39320014551;01/09/2025;CONSUMO;ATTIVO
39320014552;23/10/2024;RICARICA;ATTIVO
39320014553;16/09/2021;CONSUMO;ATTIVO
39320014554;16/01/2022;RICARICA;ATTIVO
39320014555;04/09/2022;CONSUMO;ATTIVO
39320014556;03/09/2022;RICARICA;ATTIVO
39320014557;27/05/2023;CONSUMO;ATTIVO
39320014558;21/12/2021;RICARICA;ATTIVO
39320014559;15/11/2023;CONSUMO;ATTIVO
39320014560;31/01/2022;RICARICA;ATTIVO
39320014561;07/03/2025;CONSUMO;ATTIVO
39320014562;18/07/2025;RICARICA;ATTIVO
39320014563;01/01/2023;CONSUMO;ATTIVO
39320014564;17/03/2025;RICARICA;ATTIVO
39320014565;04/10/2024;CONSUMO;ATTIVO
39320014566;28/01/2026;RICARICA;ATTIVO
39320014567;12/05/2022;CONSUMO;ATTIVO
39320014568;19/03/2024;RICARICA;ATTIVO
39320014569;04/07/2024;CONSUMO;ATTIVO
39320014570;27/06/2024;RICARICA;ATTIVO
39320014571;21/04/2022;CONSUMO;ATTIVO
39320014572;06/09/2025;RICARICA;ATTIVO
39320014573;17/11/2022;CONSUMO;ATTIVO
39320014574;25/02/2023;RICARICA;SOSPESO
39320014575;08/04/2023;CONSUMO;ATTIVO
39320014576;12/11/2022;RICARICA;ATTIVO
39320014577;16/05/2021;CONSUMO;ATTIVO
39320014578;14/04/2025;RICARICA;ATTIVO
39320014579;19/11/2021;CONSUMO;ATTIVO
39320014580;20/05/2022;RICARICA;ATTIVO
39320014581;13/11/2023;CONSUMO;ATTIVO
39320014582;20/02/2026;RICARICA;ATTIVO
39320014583;07/09/2022;CONSUMO;ATTIVO
39320014584;27/08/2023;RICARICA;ATTIVO
39320014585;27/01/2023;CONSUMO;ATTIVO
39320014586;09/04/2023;RICARICA;ATTIVO
39320014587;30/11/2024;CONSUMO;ATTIVO
39320014588;14/08/2022;RICARICA;ATTIVO
39320014589;12/05/2025;CONSUMO;SOSPESO
39320014590;09/07/2022;RICARICA;SOSPESO
39320014591;18/03/2023;CONSUMO;ATTIVO
39320014592;13/10/2022;RICARICA;ATTIVO
39320014593;24/11/2022;CONSUMO;ATTIVO
39320014594;03/04/2024;RICARICA;ATTIVO
39320014595;04/12/2024;CONSUMO;SOSPESO
39320014596;18/09/2021;RICARICA;ATTIVO
39320014597;09/12/2025;CONSUMO;ATTIVO
39320014598;04/02/2024;RICARICA;ATTIVO
39320014599;12/03/2025;CONSUMO;ATTIVO
39320014600;17/08/2022;RICARICA;ATTIVO
39320014601;09/02/2026;CONSUMO;ATTIVO
39320014602;07/03/2023;RICARICA;ATTIVO
39320014603;28/04/2024;CONSUMO;ATTIVO
39320014604;31/07/2021;RICARICA;ATTIVO
39320014605;17/06/2021;CONSUMO;ATTIVO
39320014606;27/07/2023;RICARICA;ATTIVO
39320014607;30/11/2024;CONSUMO;SOSPESO
39320014608;07/02/2022;RICARICA;ATTIVO
39320014609;26/01/2024;CONSUMO;SOSPESO
39320014610;26/10/2022;RICARICA;ATTIVO
39320014611;12/09/2024;CONSUMO;ATTIVO
39320014612;29/01/2024;RICARICA;ATTIVO
39320014613;15/03/2025;CONSUMO;ATTIVO
39320014614;01/10/2024;RICARICA;ATTIVO
39320014615;26/04/2023;CONSUMO;ATTIVO
39320014616;17/03/2023;RICARICA;ATTIVO
39320014617;29/10/2021;CONSUMO;ATTIVO
39320014618;22/08/2023;RICARICA;ATTIVO
39320014619;30/04/2022;CONSUMO;ATTIVO
39320014620;21/03/2025;RICARICA;ATTIVO
39320014621;24/01/2024;CONSUMO;ATTIVO
39320014622;08/06/2021;RICARICA;ATTIVO
39320014623;27/12/2022;CONSUMO;ATTIVO
39320014624;11/10/2024;RICARICA;SOSPESO
39320014625;20/06/2021;CONSUMO;ATTIVO
39320014626;11/01/2026;RICARICA;ATTIVO
39320014627;05/09/2024;CONSUMO;ATTIVO
39320014628;04/08/2023;RICARICA;ATTIVO
39320014629;17/05/2022;CONSUMO;ATTIVO
39320014630;10/07/2025;RICARICA;ATTIVO
39320014631;25/09/2021;CONSUMO;ATTIVO
39320014632;24/08/2023;RICARICA;ATTIVO
39320014633;07/05/2025;CONSUMO;ATTIVO
39320014634;09/01/2021;RICARICA;SOSPESO
39320014635;15/07/2022;CONSUMO;ATTIVO
39320014636;18/05/2023;RICARICA;ATTIVO
39320014637;09/02/2024;CONSUMO;ATTIVO
39320014638;09/02/2021;RICARICA;ATTIVO
39320014639;14/10/2021;CONSUMO;ATTIVO
39320014640;18/07/2022;RICARICA;ATTIVO
39320014641;30/08/2021;CONSUMO;ATTIVO
39320014642;08/09/2021;RICARICA;SOSPESO
39320014643;27/03/2023;CONSUMO;ATTIVO
39320014644;27/04/2024;RICARICA;ATTIVO
39320014645;23/05/2025;CONSUMO;ATTIVO
39320014646;24/03/2023;RICARICA;ATTIVO
39320014647;08/08/2024;CONSUMO;ATTIVO
39320014648;23/10/2021;RICARICA;ATTIVO
39320014649;30/08/2025;CONSUMO;ATTIVO
39320014650;07/03/2023;RICARICA;ATTIVO
39320014651;31/08/2022;CONSUMO;ATTIVO
39320014652;11/04/2023;RICARICA;ATTIVO
39320014653;30/07/2025;CONSUMO;ATTIVO
39320014654;11/08/2021;RICARICA;ATTIVO
39320014655;13/03/2025;CONSUMO;SOSPESO
39320014656;29/10/2025;RICARICA;ATTIVO
39320014657;15/07/2024;CONSUMO;ATTIVO
39320014658;24/01/2021;RICARICA;ATTIVO
39320014659;08/08/2025;CONSUMO;ATTIVO
39320014660;02/11/2023;RICARICA;ATTIVO
39320014661;13/06/2021;CONSUMO;SOSPESO
39320014662;13/08/2021;RICARICA;ATTIVO
39320014663;28/04/2023;CONSUMO;ATTIVO
39320014664;24/02/2023;RICARICA;ATTIVO
39320014665;07/03/2024;CONSUMO;ATTIVO
39320014666;24/06/2024;RICARICA;ATTIVO
39320014667;08/10/2024;CONSUMO;ATTIVO
39320014668;28/10/2024;RICARICA;ATTIVO
39320014669;05/04/2022;CONSUMO;ATTIVO
39320014670;28/03/2022;RICARICA;ATTIVO
39320014671;09/03/2021;CONSUMO;ATTIVO
39320014672;09/03/2023;RICARICA;ATTIVO
39320014673;18/12/2022;CONSUMO;ATTIVO
39320014674;15/03/2024;RICARICA;ATTIVO
39320014675;02/04/2023;CONSUMO;ATTIVO
39320014676;21/05/2022;RICARICA;ATTIVO
39320014677;12/07/2022;CONSUMO;ATTIVO
39320014678;11/03/2021;RICARICA;ATTIVO
39320014679;16/06/2021;CONSUMO;ATTIVO
39320014680;20/04/2022;RICARICA;ATTIVO
39320014681;11/07/2022;CONSUMO;ATTIVO
39320014682;23/02/2026;RICARICA;ATTIVO
39320014683;03/09/2025;CONSUMO;ATTIVO
39320014684;27/06/2025;RICARICA;ATTIVO
39320014685;05/11/2024;CONSUMO;ATTIVO
39320014686;16/06/2025;RICARICA;ATTIVO
39320014687;04/04/2021;CONSUMO;ATTIVO
39320014688;23/01/2024;RICARICA;ATTIVO
39320014689;28/06/2022;CONSUMO;ATTIVO
39320014690;08/05/2021;RICARICA;SOSPESO
39320014691;07/11/2025;CONSUMO;ATTIVO
39320014692;14/05/2024;RICARICA;ATTIVO
39320014693;01/06/2021;CONSUMO;SOSPESO
39320014694;05/02/2026;RICARICA;ATTIVO
39320014695;01/08/2021;CONSUMO;ATTIVO
39320014696;03/08/2022;RICARICA;ATTIVO
39320014697;25/12/2024;CONSUMO;ATTIVO
39320014698;08/09/2024;RICARICA;ATTIVO
39320014699;21/02/2021;CONSUMO;ATTIVO
39320014700;01/10/2022;RICARICA;ATTIVO
39320014701;05/03/2026;CONSUMO;ATTIVO
39320014702;11/02/2026;RICARICA;ATTIVO
39320014703;21/12/2023;CONSUMO;ATTIVO
39320014704;11/12/2025;RICARICA;ATTIVO
39320014705;05/05/2023;CONSUMO;SOSPESO
39320014706;08/04/2023;RICARICA;ATTIVO
39320014707;09/03/2021;CONSUMO;ATTIVO
39320014708;29/05/2021;RICARICA;ATTIVO
39320014709;18/05/2024;CONSUMO;ATTIVO
39320014710;21/08/2022;RICARICA;ATTIVO
39320014711;28/09/2025;CONSUMO;ATTIVO
39320014712;13/06/2022;RICARICA;ATTIVO
39320014713;02/03/2025;CONSUMO;SOSPESO
39320014714;12/09/2022;RICARICA;ATTIVO
39320014715;24/12/2025;CONSUMO;ATTIVO
39320014716;03/05/2021;RICARICA;ATTIVO
39320014717;09/02/2022;CONSUMO;ATTIVO
39320014718;06/05/2021;RICARICA;ATTIVO
39320014719;04/03/2024;CONSUMO;SOSPESO
39320014720;16/07/2021;RICARICA;ATTIVO
39320014721;16/03/2026;CONSUMO;ATTIVO
39320014722;25/02/2022;RICARICA;SOSPESO
39320014723;22/02/2023;CONSUMO;ATTIVO
39320014724;26/10/2022;RICARICA;ATTIVO
39320014725;22/07/2021;CONSUMO;ATTIVO
39320014726;15/12/2025;RICARICA;ATTIVO
39320014727;12/10/2023;CONSUMO;ATTIVO
39320014728;01/12/2025;RICARICA;ATTIVO
39320014729;15/12/2024;CONSUMO;ATTIVO
39320014730;28/10/2024;RICARICA;ATTIVO
39320014731;02/10/2025;CONSUMO;ATTIVO
39320014732;05/10/2021;RICARICA;ATTIVO
39320014733;09/08/2023;CONSUMO;ATTIVO
39320014734;09/01/2021;RICARICA;ATTIVO
39320014735;03/12/2023;CONSUMO;ATTIVO
39320014736;03/09/2024;RICARICA;ATTIVO
39320014737;08/07/2021;CONSUMO;ATTIVO
39320014738;18/09/2025;RICARICA;ATTIVO
39320014739;10/10/2025;CONSUMO;ATTIVO
39320014740;12/10/2022;RICARICA;ATTIVO
39320014741;20/09/2023;CONSUMO;SOSPESO
39320014742;03/06/2021;RICARICA;ATTIVO
39320014743;29/05/2024;CONSUMO;ATTIVO
39320014744;13/06/2023;RICARICA;ATTIVO
39320014745;11/11/2023;CONSUMO;ATTIVO
39320014746;19/02/2023;RICARICA;ATTIVO
39320014747;28/05/2023;CONSUMO;ATTIVO
39320014748;27/05/2021;RICARICA;ATTIVO
39320014749;04/06/2025;CONSUMO;SOSPESO
39320014750;18/03/2021;RICARICA;ATTIVO
39320014751;20/10/2023;CONSUMO;ATTIVO
39320014752;16/08/2021;RICARICA;ATTIVO
39320014753;16/02/2023;CONSUMO;ATTIVO
39320014754;28/03/2024;RICARICA;SOSPESO
39320014755;13/12/2021;CONSUMO;ATTIVO
39320014756;07/11/2021;RICARICA;ATTIVO
39320014757;05/08/2022;CONSUMO;ATTIVO
39320014758;05/06/2021;RICARICA;ATTIVO
39320014759;18/06/2021;CONSUMO;SOSPESO
39320014760;23/03/2022;RICARICA;ATTIVO
39320014761;22/04/2023;CONSUMO;ATTIVO
39320014762;07/06/2023;RICARICA;SOSPESO
39320014763;15/01/2022;CONSUMO;ATTIVO
39320014764;13/04/2023;RICARICA;ATTIVO
39320014765;26/07/2025;CONSUMO;ATTIVO
39320014766;09/12/2021;RICARICA;SOSPESO
39320014767;26/12/2021;CONSUMO;ATTIVO
39320014768;15/10/2023;RICARICA;ATTIVO
39320014769;04/01/2026;CONSUMO;ATTIVO
39320014770;12/10/2021;RICARICA;ATTIVO
39320014771;03/08/2022;CONSUMO;ATTIVO
39320014772;15/07/2025;RICARICA;ATTIVO
39320014773;20/12/2024;CONSUMO;ATTIVO
39320014774;17/01/2024;RICARICA;ATTIVO
39320014775;10/06/2024;CONSUMO;ATTIVO
39320014776;13/12/2023;RICARICA;ATTIVO
39320014777;06/01/2023;CONSUMO;ATTIVO
39320014778;23/05/2024;RICARICA;ATTIVO
39320014779;13/03/2024;CONSUMO;SOSPESO
39320014780;09/05/2024;RICARICA;ATTIVO
39320014781;30/04/2021;CONSUMO;ATTIVO
39320014782;06/08/2021;RICARICA;ATTIVO
39320014783;11/07/2024;CONSUMO;ATTIVO
39320014784;29/11/2022;RICARICA;ATTIVO
39320014785;14/12/2022;CONSUMO;SOSPESO
39320014786;22/02/2026;RICARICA;ATTIVO
39320014787;19/01/2023;CONSUMO;ATTIVO
39320014788;31/10/2023;RICARICA;ATTIVO
39320014789;26/10/2021;CONSUMO;ATTIVO
39320014790;13/01/2022;RICARICA;ATTIVO
39320014791;23/01/2025;CONSUMO;ATTIVO
39320014792;16/11/2021;RICARICA;ATTIVO
39320014793;30/09/2021;CONSUMO;ATTIVO
39320014794;11/01/2023;RICARICA;ATTIVO
39320014795;23/02/2021;CONSUMO;ATTIVO
39320014796;25/11/2025;RICARICA;ATTIVO
39320014797;16/02/2021;CONSUMO;ATTIVO
39320014798;19/06/2021;RICARICA;ATTIVO
39320014799;01/09/2024;CONSUMO;SOSPESO
39320014800;16/08/2021;RICARICA;ATTIVO
39320014801;11/01/2021;CONSUMO;SOSPESO
39320014802;14/02/2023;RICARICA;ATTIVO
39320014803;13/05/2023;CONSUMO;ATTIVO
39320014804;18/06/2022;RICARICA;ATTIVO
39320014805;05/12/2024;CONSUMO;ATTIVO
39320014806;13/05/2025;RICARICA;ATTIVO
39320014807;01/12/2025;CONSUMO;ATTIVO
39320014808;30/07/2024;RICARICA;SOSPESO
39320014809;24/04/2023;CONSUMO;ATTIVO
39320014810;12/05/2024;RICARICA;ATTIVO
39320014811;11/07/2022;CONSUMO;SOSPESO
39320014812;06/07/2025;RICARICA;ATTIVO
39320014813;23/09/2023;CONSUMO;ATTIVO
39320014814;16/10/2021;RICARICA;ATTIVO
39320014815;15/04/2023;CONSUMO;ATTIVO
39320014816;25/10/2023;RICARICA;ATTIVO
39320014817;07/09/2021;CONSUMO;ATTIVO
39320014818;12/06/2025;RICARICA;ATTIVO
39320014819;14/10/2021;CONSUMO;ATTIVO
39320014820;05/02/2024;RICARICA;ATTIVO
39320014821;25/12/2021;CONSUMO;ATTIVO
39320014822;05/08/2022;RICARICA;ATTIVO
39320014823;23/07/2022;CONSUMO;ATTIVO
39320014824;10/11/2025;RICARICA;ATTIVO
39320014825;30/01/2022;CONSUMO;ATTIVO
39320014826;26/05/2024;RICARICA;ATTIVO
39320014827;01/09/2022;CONSUMO;ATTIVO
39320014828;13/07/2022;RICARICA;ATTIVO
39320014829;27/01/2025;CONSUMO;ATTIVO
39320014830;03/07/2022;RICARICA;ATTIVO
39320014831;02/07/2025;CONSUMO;ATTIVO
39320014832;03/02/2023;RICARICA;ATTIVO
39320014833;28/07/2021;CONSUMO;ATTIVO
39320014834;20/05/2022;RICARICA;ATTIVO
39320014835;02/03/2021;CONSUMO;ATTIVO
39320014836;05/05/2025;RICARICA;ATTIVO
39320014837;15/10/2022;CONSUMO;SOSPESO
39320014838;27/06/2023;RICARICA;SOSPESO
39320014839;04/12/2021;CONSUMO;ATTIVO
39320014840;23/12/2023;RICARICA;ATTIVO
39320014841;07/03/2026;CONSUMO;ATTIVO
39320014842;10/06/2025;RICARICA;SOSPESO
39320014843;16/08/2022;CONSUMO;ATTIVO
39320014844;05/12/2024;RICARICA;SOSPESO
39320014845;07/01/2023;CONSUMO;SOSPESO
39320014846;14/02/2024;RICARICA;SOSPESO
39320014847;11/05/2024;CONSUMO;ATTIVO
39320014848;10/12/2023;RICARICA;ATTIVO
39320014849;19/09/2021;CONSUMO;SOSPESO
39320014850;05/02/2021;RICARICA;ATTIVO
39320014851;18/02/2021;CONSUMO;ATTIVO
39320014852;29/07/2021;RICARICA;ATTIVO
39320014853;07/02/2026;CONSUMO;ATTIVO
39320014854;06/11/2022;RICARICA;ATTIVO
39320014855;08/06/2021;CONSUMO;ATTIVO
39320014856;21/11/2025;RICARICA;ATTIVO
39320014857;31/05/2025;CONSUMO;ATTIVO
39320014858;08/04/2025;RICARICA;ATTIVO
39320014859;05/09/2024;CONSUMO;ATTIVO
39320014860;20/08/2023;RICARICA;ATTIVO
39320014861;27/06/2025;CONSUMO;ATTIVO
39320014862;09/02/2025;RICARICA;ATTIVO
39320014863;21/09/2021;CONSUMO;ATTIVO
39320014864;25/12/2021;RICARICA;ATTIVO
39320014865;11/11/2023;CONSUMO;ATTIVO
39320014866;13/03/2026;RICARICA;ATTIVO
39320014867;16/02/2021;CONSUMO;ATTIVO
39320014868;29/03/2025;RICARICA;ATTIVO
39320014869;13/02/2026;CONSUMO;ATTIVO
39320014870;25/12/2024;RICARICA;SOSPESO
39320014871;11/10/2024;CONSUMO;SOSPESO
39320014872;10/08/2023;RICARICA;ATTIVO
39320014873;03/05/2025;CONSUMO;ATTIVO
39320014874;26/10/2021;RICARICA;ATTIVO
39320014875;15/08/2025;CONSUMO;ATTIVO
39320014876;25/01/2025;RICARICA;ATTIVO
39320014877;30/06/2023;CONSUMO;ATTIVO
39320014878;23/02/2026;RICARICA;ATTIVO
39320014879;11/08/2025;CONSUMO;ATTIVO
39320014880;06/05/2024;RICARICA;ATTIVO
39320014881;16/10/2022;CONSUMO;ATTIVO
39320014882;06/02/2024;RICARICA;ATTIVO
39320014883;07/12/2022;CONSUMO;ATTIVO
39320014884;26/05/2025;RICARICA;ATTIVO
39320014885;17/03/2024;CONSUMO;ATTIVO
39320014886;23/04/2025;RICARICA;ATTIVO
39320014887;05/04/2025;CONSUMO;ATTIVO
39320014888;25/03/2024;RICARICA;ATTIVO
39320014889;02/01/2021;CONSUMO;ATTIVO
39320014890;19/05/2024;RICARICA;SOSPESO
39320014891;06/03/2024;CONSUMO;ATTIVO
39320014892;13/11/2024;RICARICA;ATTIVO
39320014893;05/01/2026;CONSUMO;ATTIVO
39320014894;29/05/2024;RICARICA;ATTIVO
39320014895;29/05/2023;CONSUMO;ATTIVO
39320014896;17/05/2021;RICARICA;ATTIVO
39320014897;07/03/2023;CONSUMO;ATTIVO
39320014898;31/07/2023;RICARICA;ATTIVO
39320014899;16/07/2023;CONSUMO;ATTIVO
39320014900;31/01/2023;RICARICA;ATTIVO
39320014901;30/03/2021;CONSUMO;ATTIVO
39320014902;14/10/2022;RICARICA;ATTIVO
39320014903;29/04/2023;CONSUMO;ATTIVO
39320014904;02/04/2022;RICARICA;ATTIVO
39320014905;22/02/2024;CONSUMO;ATTIVO
39320014906;18/04/2024;RICARICA;ATTIVO
39320014907;30/04/2021;CONSUMO;ATTIVO
39320014908;27/03/2022;RICARICA;ATTIVO
39320014909;15/11/2023;CONSUMO;ATTIVO
39320014910;08/09/2023;RICARICA;ATTIVO
39320014911;15/06/2024;CONSUMO;ATTIVO
39320014912;04/08/2024;RICARICA;ATTIVO
39320014913;26/03/2023;CONSUMO;ATTIVO
39320014914;10/09/2022;RICARICA;ATTIVO
39320014915;11/09/2025;CONSUMO;ATTIVO
39320014916;06/02/2026;RICARICA;ATTIVO
39320014917;02/07/2025;CONSUMO;ATTIVO
39320014918;19/01/2021;RICARICA;ATTIVO
39320014919;15/10/2024;CONSUMO;ATTIVO
39320014920;04/03/2025;RICARICA;ATTIVO
39320014921;29/05/2022;CONSUMO;ATTIVO
39320014922;10/09/2022;RICARICA;ATTIVO
39320014923;20/04/2025;CONSUMO;ATTIVO
39320014924;13/06/2021;RICARICA;ATTIVO
39320014925;16/09/2021;CONSUMO;ATTIVO
39320014926;14/01/2025;RICARICA;ATTIVO
39320014927;21/05/2022;CONSUMO;SOSPESO
39320014928;27/03/2023;RICARICA;ATTIVO
39320014929;02/11/2022;CONSUMO;ATTIVO
39320014930;08/10/2022;RICARICA;ATTIVO
39320014931;29/09/2025;CONSUMO;SOSPESO
39320014932;16/03/2026;RICARICA;ATTIVO
39320014933;23/12/2021;CONSUMO;ATTIVO
39320014934;28/02/2024;RICARICA;ATTIVO
39320014935;31/01/2021;CONSUMO;ATTIVO
39320014936;03/12/2021;RICARICA;ATTIVO
39320014937;06/05/2021;CONSUMO;ATTIVO
39320014938;12/04/2025;RICARICA;ATTIVO
39320014939;07/09/2024;CONSUMO;ATTIVO
39320014940;16/06/2025;RICARICA;ATTIVO
39320014941;13/05/2024;CONSUMO;ATTIVO
39320014942;07/01/2022;RICARICA;SOSPESO
39320014943;04/10/2025;CONSUMO;ATTIVO
39320014944;03/08/2024;RICARICA;ATTIVO
39320014945;18/07/2025;CONSUMO;ATTIVO
39320014946;04/03/2023;RICARICA;ATTIVO
39320014947;27/07/2022;CONSUMO;ATTIVO
39320014948;24/08/2025;RICARICA;ATTIVO
39320014949;11/06/2023;CONSUMO;ATTIVO
39320014950;28/01/2026;RICARICA;ATTIVO
39320014951;18/06/2024;CONSUMO;ATTIVO
39320014952;26/06/2023;RICARICA;ATTIVO
39320014953;22/09/2023;CONSUMO;ATTIVO
39320014954;18/11/2021;RICARICA;ATTIVO
39320014955;26/08/2025;CONSUMO;ATTIVO
39320014956;11/09/2022;RICARICA;ATTIVO
39320014957;09/08/2023;CONSUMO;ATTIVO
39320014958;25/04/2025;RICARICA;ATTIVO
39320014959;02/09/2021;CONSUMO;ATTIVO
39320014960;09/05/2022;RICARICA;ATTIVO
39320014961;17/01/2026;CONSUMO;ATTIVO
39320014962;22/05/2024;RICARICA;ATTIVO
39320014963;25/10/2025;CONSUMO;SOSPESO
39320014964;11/01/2021;RICARICA;ATTIVO
39320014965;16/09/2021;CONSUMO;ATTIVO
39320014966;20/03/2025;RICARICA;ATTIVO
39320014967;18/03/2022;CONSUMO;ATTIVO
39320014968;18/04/2022;RICARICA;ATTIVO
39320014969;22/10/2023;CONSUMO;ATTIVO
39320014970;25/12/2023;RICARICA;ATTIVO
39320014971;10/08/2025;CONSUMO;ATTIVO
39320014972;14/01/2022;RICARICA;ATTIVO
39320014973;07/05/2023;CONSUMO;ATTIVO
39320014974;13/04/2024;RICARICA;ATTIVO
39320014975;26/03/2024;CONSUMO;ATTIVO
39320014976;14/05/2022;RICARICA;ATTIVO
39320014977;21/06/2024;CONSUMO;ATTIVO
39320014978;22/05/2024;RICARICA;ATTIVO
39320014979;21/05/2024;CONSUMO;ATTIVO
39320014980;30/04/2021;RICARICA;ATTIVO
39320014981;12/01/2022;CONSUMO;ATTIVO
39320014982;20/08/2024;RICARICA;ATTIVO
39320014983;23/07/2021;CONSUMO;ATTIVO
39320014984;13/01/2022;RICARICA;ATTIVO
39320014985;11/02/2023;CONSUMO;ATTIVO
39320014986;18/10/2024;RICARICA;ATTIVO
39320014987;06/10/2023;CONSUMO;ATTIVO
39320014988;24/02/2025;RICARICA;ATTIVO
39320014989;13/05/2024;CONSUMO;ATTIVO
39320014990;29/01/2025;RICARICA;ATTIVO
39320014991;27/06/2024;CONSUMO;ATTIVO
39320014992;20/10/2021;RICARICA;ATTIVO
39320014993;09/08/2022;CONSUMO;ATTIVO
39320014994;06/12/2022;RICARICA;ATTIVO
39320014995;21/03/2022;CONSUMO;ATTIVO
39320014996;25/04/2022;RICARICA;ATTIVO
39320014997;28/02/2023;CONSUMO;ATTIVO
39320014998;18/08/2023;RICARICA;ATTIVO
39320014999;21/05/2025;CONSUMO;ATTIVO
39320015000;04/06/2021;RICARICA;ATTIVO
39320015001;11/02/2023;CONSUMO;ATTIVO
39320015002;12/02/2025;RICARICA;ATTIVO
39320015003;17/05/2022;CONSUMO;ATTIVO
39320015004;22/05/2025;RICARICA;ATTIVO
39320015005;13/06/2024;CONSUMO;ATTIVO
39320015006;31/03/2025;RICARICA;ATTIVO
39320015007;19/10/2024;CONSUMO;ATTIVO
39320015008;12/02/2026;RICARICA;ATTIVO
39320015009;14/06/2021;CONSUMO;ATTIVO
39320015010;19/10/2023;RICARICA;ATTIVO
39320015011;12/05/2023;CONSUMO;ATTIVO
39320015012;28/11/2022;RICARICA;ATTIVO
39320015013;29/12/2021;CONSUMO;ATTIVO
39320015014;20/08/2024;RICARICA;ATTIVO
39320015015;07/05/2023;CONSUMO;ATTIVO
39320015016;24/02/2021;RICARICA;ATTIVO
39320015017;24/11/2021;CONSUMO;ATTIVO
39320015018;10/08/2025;RICARICA;ATTIVO
39320015019;20/10/2022;CONSUMO;ATTIVO
39320015020;23/04/2021;RICARICA;ATTIVO
39320015021;01/06/2021;CONSUMO;ATTIVO
39320015022;03/07/2024;RICARICA;ATTIVO
39320015023;28/09/2021;CONSUMO;ATTIVO
39320015024;14/10/2024;RICARICA;ATTIVO
39320015025;07/09/2023;CONSUMO;ATTIVO
39320015026;24/10/2024;RICARICA;SOSPESO
39320015027;19/02/2021;CONSUMO;ATTIVO
39320015028;19/08/2025;RICARICA;ATTIVO
39320015029;26/05/2023;CONSUMO;ATTIVO
39320015030;19/05/2022;RICARICA;ATTIVO
39320015031;11/02/2022;CONSUMO;ATTIVO
39320015032;10/09/2021;RICARICA;ATTIVO
39320015033;14/04/2024;CONSUMO;ATTIVO
39320015034;15/11/2025;RICARICA;ATTIVO
39320015035;04/08/2025;CONSUMO;ATTIVO
39320015036;15/01/2025;RICARICA;ATTIVO
39320015037;16/11/2023;CONSUMO;ATTIVO
39320015038;28/03/2022;RICARICA;ATTIVO
39320015039;21/06/2021;CONSUMO;ATTIVO
39320015040;29/09/2025;RICARICA;ATTIVO
39320015041;01/10/2022;CONSUMO;ATTIVO
39320015042;24/03/2021;RICARICA;ATTIVO
39320015043;09/03/2025;CONSUMO;ATTIVO
39320015044;28/08/2025;RICARICA;ATTIVO
39320015045;04/02/2026;CONSUMO;ATTIVO
39320015046;21/03/2025;RICARICA;ATTIVO
39320015047;03/02/2026;CONSUMO;ATTIVO
39320015048;25/11/2025;RICARICA;ATTIVO
39320015049;29/11/2024;CONSUMO;ATTIVO
39320015050;21/10/2021;RICARICA;ATTIVO
39320015051;07/12/2022;CONSUMO;ATTIVO
39320015052;06/07/2024;RICARICA;ATTIVO
39320015053;18/02/2023;CONSUMO;ATTIVO
39320015054;04/03/2022;RICARICA;ATTIVO
39320015055;08/09/2023;CONSUMO;ATTIVO
39320015056;02/01/2024;RICARICA;ATTIVO
39320015057;31/07/2021;CONSUMO;ATTIVO
39320015058;09/02/2024;RICARICA;ATTIVO
39320015059;30/10/2024;CONSUMO;ATTIVO
39320015060;03/12/2022;RICARICA;ATTIVO
39320015061;13/12/2025;CONSUMO;SOSPESO
39320015062;09/01/2026;RICARICA;ATTIVO
39320015063;09/12/2023;CONSUMO;ATTIVO
39320015064;13/07/2021;RICARICA;ATTIVO
39320015065;17/07/2022;CONSUMO;ATTIVO
39320015066;04/03/2021;RICARICA;ATTIVO
39320015067;05/07/2025;CONSUMO;ATTIVO
39320015068;05/12/2024;RICARICA;ATTIVO
39320015069;23/08/2022;CONSUMO;ATTIVO
39320015070;01/07/2023;RICARICA;ATTIVO
39320015071;01/12/2025;CONSUMO;ATTIVO
39320015072;23/12/2025;RICARICA;ATTIVO
39320015073;08/07/2025;CONSUMO;ATTIVO
39320015074;10/01/2022;RICARICA;SOSPESO
39320015075;10/10/2022;CONSUMO;SOSPESO
39320015076;28/03/2022;RICARICA;SOSPESO
39320015077;06/02/2026;CONSUMO;ATTIVO
39320015078;05/09/2025;RICARICA;ATTIVO
39320015079;15/03/2023;CONSUMO;ATTIVO
39320015080;19/03/2025;RICARICA;ATTIVO
39320015081;20/08/2023;CONSUMO;SOSPESO
39320015082;17/06/2022;RICARICA;ATTIVO
39320015083;14/11/2023;CONSUMO;ATTIVO
39320015084;23/05/2023;RICARICA;ATTIVO
39320015085;25/07/2022;CONSUMO;ATTIVO
39320015086;29/03/2024;RICARICA;ATTIVO
39320015087;23/01/2023;CONSUMO;ATTIVO
39320015088;14/02/2021;RICARICA;ATTIVO
39320015089;04/07/2024;CONSUMO;ATTIVO
39320015090;12/01/2021;RICARICA;SOSPESO
39320015091;30/03/2024;CONSUMO;ATTIVO
39320015092;08/03/2024;RICARICA;ATTIVO
39320015093;24/02/2023;CONSUMO;ATTIVO
39320015094;15/11/2022;RICARICA;ATTIVO
39320015095;20/10/2021;CONSUMO;ATTIVO
39320015096;22/04/2021;RICARICA;ATTIVO
39320015097;18/04/2025;CONSUMO;ATTIVO
39320015098;06/07/2023;RICARICA;ATTIVO
39320015099;27/12/2024;CONSUMO;ATTIVO
39320015100;08/05/2024;RICARICA;SOSPESO
39320015101;23/02/2025;CONSUMO;ATTIVO
39320015102;14/02/2021;RICARICA;ATTIVO
39320015103;11/04/2024;CONSUMO;ATTIVO
39320015104;12/06/2022;RICARICA;ATTIVO
39320015105;06/07/2022;CONSUMO;ATTIVO
39320015106;30/05/2021;RICARICA;ATTIVO
39320015107;14/08/2021;CONSUMO;ATTIVO
39320015108;15/11/2025;RICARICA;ATTIVO
39320015109;31/01/2023;CONSUMO;ATTIVO
39320015110;17/01/2022;RICARICA;ATTIVO
39320015111;06/02/2022;CONSUMO;ATTIVO
39320015112;08/10/2023;RICARICA;ATTIVO
39320015113;22/10/2025;CONSUMO;ATTIVO
39320015114;17/10/2025;RICARICA;ATTIVO
39320015115;03/02/2025;CONSUMO;ATTIVO
39320015116;11/08/2022;RICARICA;ATTIVO
39320015117;07/10/2023;CONSUMO;ATTIVO
39320015118;08/08/2023;RICARICA;ATTIVO
39320015119;08/10/2021;CONSUMO;ATTIVO
39320015120;05/11/2025;RICARICA;ATTIVO
39320015121;30/11/2024;CONSUMO;ATTIVO
39320015122;29/07/2023;RICARICA;ATTIVO
39320015123;17/04/2022;CONSUMO;ATTIVO
39320015124;21/12/2023;RICARICA;ATTIVO
39320015125;23/08/2022;CONSUMO;ATTIVO
39320015126;25/10/2024;RICARICA;ATTIVO
39320015127;22/10/2021;CONSUMO;ATTIVO
39320015128;31/01/2022;RICARICA;ATTIVO
39320015129;06/02/2025;CONSUMO;ATTIVO
39320015130;21/11/2024;RICARICA;ATTIVO
39320015131;08/03/2024;CONSUMO;ATTIVO
39320015132;07/07/2022;RICARICA;ATTIVO
39320015133;09/01/2025;CONSUMO;SOSPESO
39320015134;27/09/2023;RICARICA;ATTIVO
39320015135;03/02/2025;CONSUMO;ATTIVO
39320015136;21/03/2023;RICARICA;ATTIVO
39320015137;14/07/2024;CONSUMO;ATTIVO
39320015138;15/10/2021;RICARICA;ATTIVO
39320015139;25/05/2025;CONSUMO;SOSPESO
39320015140;02/12/2023;RICARICA;ATTIVO
39320015141;09/01/2021;CONSUMO;ATTIVO
39320015142;11/10/2021;RICARICA;ATTIVO
39320015143;18/08/2025;CONSUMO;ATTIVO
39320015144;10/08/2025;RICARICA;SOSPESO
39320015145;11/04/2021;CONSUMO;ATTIVO
39320015146;14/01/2025;RICARICA;ATTIVO
39320015147;22/08/2022;CONSUMO;ATTIVO
39320015148;04/07/2022;RICARICA;ATTIVO
39320015149;01/08/2025;CONSUMO;ATTIVO
39320015150;17/11/2025;RICARICA;ATTIVO
39320015151;24/02/2022;CONSUMO;SOSPESO
39320015152;12/03/2022;RICARICA;ATTIVO
39320015153;14/07/2023;CONSUMO;ATTIVO
39320015154;20/02/2023;RICARICA;ATTIVO
39320015155;06/06/2025;CONSUMO;ATTIVO
39320015156;16/11/2024;RICARICA;ATTIVO
39320015157;11/04/2023;CONSUMO;ATTIVO
39320015158;24/02/2025;RICARICA;ATTIVO
39320015159;29/11/2024;CONSUMO;ATTIVO
39320015160;18/01/2021;RICARICA;ATTIVO
39320015161;03/08/2024;CONSUMO;ATTIVO
39320015162;27/05/2024;RICARICA;ATTIVO
39320015163;30/12/2025;CONSUMO;ATTIVO
39320015164;19/02/2026;RICARICA;ATTIVO
39320015165;19/02/2021;CONSUMO;ATTIVO
39320015166;29/01/2023;RICARICA;ATTIVO
39320015167;28/07/2022;CONSUMO;ATTIVO
39320015168;04/09/2025;RICARICA;ATTIVO
39320015169;11/11/2025;CONSUMO;ATTIVO
39320015170;20/06/2022;RICARICA;ATTIVO
39320015171;13/04/2025;CONSUMO;ATTIVO
39320015172;03/02/2026;RICARICA;ATTIVO
39320015173;17/03/2022;CONSUMO;ATTIVO
39320015174;17/08/2025;RICARICA;ATTIVO
39320015175;28/12/2025;CONSUMO;ATTIVO
39320015176;08/06/2021;RICARICA;ATTIVO
39320015177;11/11/2022;CONSUMO;ATTIVO
39320015178;13/08/2021;RICARICA;ATTIVO
39320015179;31/05/2025;CONSUMO;ATTIVO
39320015180;05/01/2025;RICARICA;ATTIVO
39320015181;21/12/2024;CONSUMO;ATTIVO
39320015182;13/01/2024;RICARICA;ATTIVO
39320015183;20/03/2022;CONSUMO;SOSPESO
39320015184;11/02/2025;RICARICA;ATTIVO
39320015185;01/08/2024;CONSUMO;ATTIVO
39320015186;14/02/2025;RICARICA;ATTIVO
39320015187;07/06/2022;CONSUMO;ATTIVO
39320015188;06/05/2021;RICARICA;ATTIVO
39320015189;11/07/2022;CONSUMO;ATTIVO
39320015190;15/12/2022;RICARICA;ATTIVO
39320015191;05/01/2026;CONSUMO;ATTIVO
39320015192;05/06/2021;RICARICA;ATTIVO
39320015193;04/09/2025;CONSUMO;ATTIVO
39320015194;06/12/2023;RICARICA;ATTIVO
39320015195;31/07/2021;CONSUMO;ATTIVO
39320015196;15/08/2024;RICARICA;ATTIVO
39320015197;28/09/2022;CONSUMO;ATTIVO
39320015198;23/12/2022;RICARICA;ATTIVO
39320015199;08/02/2022;CONSUMO;ATTIVO
39320015200;02/08/2024;RICARICA;ATTIVO
39320015201;04/03/2026;CONSUMO;ATTIVO
39320015202;13/10/2022;RICARICA;ATTIVO
39320015203;06/07/2023;CONSUMO;ATTIVO
39320015204;18/09/2025;RICARICA;ATTIVO
39320015205;30/01/2024;CONSUMO;ATTIVO
39320015206;06/07/2021;RICARICA;SOSPESO
39320015207;30/05/2024;CONSUMO;ATTIVO
39320015208;25/12/2025;RICARICA;ATTIVO
39320015209;11/02/2026;CONSUMO;ATTIVO
39320015210;10/04/2023;RICARICA;ATTIVO
39320015211;16/12/2023;CONSUMO;ATTIVO
39320015212;15/08/2024;RICARICA;ATTIVO
39320015213;18/09/2023;CONSUMO;ATTIVO
39320015214;12/06/2023;RICARICA;ATTIVO
39320015215;20/01/2023;CONSUMO;ATTIVO
39320015216;09/03/2023;RICARICA;ATTIVO
39320015217;25/06/2025;CONSUMO;ATTIVO
39320015218;16/05/2023;RICARICA;ATTIVO
39320015219;10/03/2024;CONSUMO;ATTIVO
39320015220;20/08/2025;RICARICA;ATTIVO
39320015221;18/06/2023;CONSUMO;ATTIVO
39320015222;16/02/2025;RICARICA;ATTIVO
39320015223;18/02/2022;CONSUMO;ATTIVO
39320015224;24/11/2021;RICARICA;ATTIVO
39320015225;03/09/2023;CONSUMO;ATTIVO
39320015226;13/01/2025;RICARICA;ATTIVO
39320015227;27/02/2021;CONSUMO;ATTIVO
39320015228;04/01/2024;RICARICA;ATTIVO
39320015229;24/01/2022;CONSUMO;ATTIVO
39320015230;11/08/2024;RICARICA;ATTIVO
39320015231;19/04/2024;CONSUMO;ATTIVO
39320015232;02/11/2022;RICARICA;ATTIVO
39320015233;04/11/2021;CONSUMO;ATTIVO
39320015234;21/05/2022;RICARICA;ATTIVO
39320015235;06/05/2022;CONSUMO;SOSPESO
39320015236;30/03/2024;RICARICA;ATTIVO
39320015237;27/04/2025;CONSUMO;ATTIVO
39320015238;01/12/2021;RICARICA;ATTIVO
39320015239;06/03/2023;CONSUMO;ATTIVO
39320015240;18/10/2021;RICARICA;ATTIVO
39320015241;29/01/2026;CONSUMO;ATTIVO
39320015242;15/09/2023;RICARICA;ATTIVO
39320015243;30/03/2021;CONSUMO;ATTIVO
39320015244;08/11/2022;RICARICA;ATTIVO
39320015245;03/07/2022;CONSUMO;SOSPESO
39320015246;27/05/2023;RICARICA;ATTIVO
39320015247;23/05/2024;CONSUMO;ATTIVO
39320015248;09/01/2021;RICARICA;ATTIVO
39320015249;10/05/2025;CONSUMO;ATTIVO
39320015250;07/11/2021;RICARICA;ATTIVO
39320015251;30/11/2022;CONSUMO;ATTIVO
39320015252;20/01/2026;RICARICA;ATTIVO
39320015253;02/01/2022;CONSUMO;ATTIVO
39320015254;26/02/2023;RICARICA;ATTIVO
39320015255;22/02/2024;CONSUMO;ATTIVO
39320015256;31/03/2022;RICARICA;ATTIVO
39320015257;23/05/2021;CONSUMO;ATTIVO
39320015258;19/07/2025;RICARICA;ATTIVO
39320015259;06/05/2021;CONSUMO;ATTIVO
39320015260;15/09/2021;RICARICA;ATTIVO
39320015261;30/01/2023;CONSUMO;SOSPESO
39320015262;24/05/2023;RICARICA;ATTIVO
39320015263;04/05/2022;CONSUMO;ATTIVO
39320015264;20/01/2024;RICARICA;ATTIVO
39320015265;26/01/2022;CONSUMO;SOSPESO
39320015266;16/01/2021;RICARICA;ATTIVO
39320015267;01/03/2024;CONSUMO;SOSPESO
39320015268;14/09/2021;RICARICA;ATTIVO
39320015269;22/09/2025;CONSUMO;ATTIVO
39320015270;25/07/2023;RICARICA;ATTIVO
39320015271;04/04/2022;CONSUMO;ATTIVO
39320015272;04/01/2025;RICARICA;ATTIVO
39320015273;18/09/2023;CONSUMO;ATTIVO
39320015274;19/08/2023;RICARICA;ATTIVO
39320015275;10/03/2025;CONSUMO;SOSPESO
39320015276;26/08/2021;RICARICA;ATTIVO
39320015277;06/04/2025;CONSUMO;ATTIVO
39320015278;15/10/2021;RICARICA;ATTIVO
39320015279;20/11/2024;CONSUMO;ATTIVO
39320015280;29/08/2024;RICARICA;ATTIVO
39320015281;10/03/2023;CONSUMO;ATTIVO
39320015282;17/05/2025;RICARICA;ATTIVO
39320015283;18/01/2021;CONSUMO;ATTIVO
39320015284;19/06/2021;RICARICA;ATTIVO
39320015285;09/04/2021;CONSUMO;ATTIVO
39320015286;07/01/2025;RICARICA;ATTIVO
39320015287;16/10/2021;CONSUMO;ATTIVO
39320015288;14/10/2024;RICARICA;ATTIVO
39320015289;20/03/2022;CONSUMO;ATTIVO
39320015290;17/04/2021;RICARICA;ATTIVO
39320015291;10/09/2024;CONSUMO;ATTIVO
39320015292;10/08/2025;RICARICA;ATTIVO
39320015293;05/07/2023;CONSUMO;SOSPESO
39320015294;12/07/2021;RICARICA;ATTIVO
39320015295;05/09/2025;CONSUMO;SOSPESO
39320015296;28/12/2024;RICARICA;ATTIVO
39320015297;04/09/2021;CONSUMO;ATTIVO
39320015298;08/04/2024;RICARICA;ATTIVO
39320015299;10/08/2021;CONSUMO;ATTIVO
39320015300;24/12/2024;RICARICA;ATTIVO
39320015301;18/12/2022;CONSUMO;ATTIVO
39320015302;05/04/2023;RICARICA;ATTIVO
39320015303;13/04/2023;CONSUMO;ATTIVO
39320015304;28/05/2024;RICARICA;ATTIVO
39320015305;27/10/2024;CONSUMO;ATTIVO
39320015306;17/10/2025;RICARICA;ATTIVO
39320015307;12/08/2022;CONSUMO;ATTIVO
39320015308;02/02/2021;RICARICA;ATTIVO
39320015309;01/01/2025;CONSUMO;ATTIVO
39320015310;27/11/2021;RICARICA;SOSPESO
39320015311;16/09/2025;CONSUMO;ATTIVO
39320015312;11/10/2021;RICARICA;SOSPESO
39320015313;17/02/2023;CONSUMO;ATTIVO
39320015314;17/01/2023;RICARICA;ATTIVO
39320015315;29/07/2023;CONSUMO;ATTIVO
39320015316;23/11/2024;RICARICA;ATTIVO
39320015317;12/09/2025;CONSUMO;ATTIVO
39320015318;05/06/2021;RICARICA;ATTIVO
39320015319;15/05/2022;CONSUMO;SOSPESO
39320015320;11/12/2024;RICARICA;ATTIVO
39320015321;13/02/2021;CONSUMO;ATTIVO
39320015322;06/08/2022;RICARICA;ATTIVO
39320015323;14/05/2022;CONSUMO;ATTIVO
39320015324;11/04/2025;RICARICA;ATTIVO
39320015325;07/10/2023;CONSUMO;ATTIVO
39320015326;16/04/2024;RICARICA;ATTIVO
39320015327;03/02/2026;CONSUMO;SOSPESO
39320015328;18/03/2021;RICARICA;ATTIVO
39320015329;16/07/2021;CONSUMO;ATTIVO
39320015330;24/03/2023;RICARICA;ATTIVO
39320015331;06/02/2026;CONSUMO;ATTIVO
39320015332;19/01/2021;RICARICA;ATTIVO
39320015333;08/03/2021;CONSUMO;ATTIVO
39320015334;16/12/2022;RICARICA;ATTIVO
39320015335;09/01/2025;CONSUMO;ATTIVO
39320015336;20/06/2022;RICARICA;ATTIVO
39320015337;07/02/2026;CONSUMO;ATTIVO
39320015338;23/07/2023;RICARICA;ATTIVO
39320015339;25/02/2026;CONSUMO;ATTIVO
39320015340;28/03/2022;RICARICA;ATTIVO
39320015341;06/11/2023;CONSUMO;ATTIVO
39320015342;28/02/2022;RICARICA;ATTIVO
39320015343;06/01/2026;CONSUMO;ATTIVO
39320015344;18/01/2022;RICARICA;ATTIVO
39320015345;14/03/2024;CONSUMO;ATTIVO
39320015346;13/03/2024;RICARICA;ATTIVO
39320015347;01/06/2022;CONSUMO;ATTIVO
39320015348;10/01/2026;RICARICA;ATTIVO
39320015349;08/03/2026;CONSUMO;ATTIVO
39320015350;21/07/2024;RICARICA;ATTIVO
39320015351;04/08/2022;CONSUMO;ATTIVO
39320015352;07/05/2022;RICARICA;ATTIVO
39320015353;16/02/2021;CONSUMO;ATTIVO
39320015354;07/07/2021;RICARICA;SOSPESO
39320015355;11/10/2023;CONSUMO;ATTIVO
39320015356;01/08/2025;RICARICA;ATTIVO
39320015357;17/05/2023;CONSUMO;ATTIVO
39320015358;14/05/2025;RICARICA;ATTIVO
39320015359;28/09/2022;CONSUMO;ATTIVO
39320015360;14/11/2022;RICARICA;ATTIVO
39320015361;26/12/2025;CONSUMO;ATTIVO
39320015362;07/12/2021;RICARICA;SOSPESO
39320015363;18/10/2023;CONSUMO;ATTIVO
39320015364;18/08/2022;RICARICA;ATTIVO
39320015365;19/07/2025;CONSUMO;ATTIVO
39320015366;09/12/2025;RICARICA;ATTIVO
39320015367;09/09/2024;CONSUMO;ATTIVO
39320015368;24/01/2024;RICARICA;ATTIVO
39320015369;12/04/2021;CONSUMO;ATTIVO
39320015370;27/09/2024;RICARICA;ATTIVO
39320015371;06/06/2025;CONSUMO;ATTIVO
39320015372;26/06/2021;RICARICA;ATTIVO
39320015373;20/02/2024;CONSUMO;ATTIVO
39320015374;28/07/2022;RICARICA;ATTIVO
39320015375;21/10/2021;CONSUMO;ATTIVO
39320015376;23/08/2021;RICARICA;ATTIVO
39320015377;27/08/2024;CONSUMO;ATTIVO
39320015378;27/04/2021;RICARICA;ATTIVO
39320015379;26/11/2024;CONSUMO;ATTIVO
39320015380;26/04/2022;RICARICA;ATTIVO
39320015381;12/05/2023;CONSUMO;ATTIVO
39320015382;06/02/2026;RICARICA;ATTIVO
39320015383;10/05/2024;CONSUMO;ATTIVO
39320015384;02/09/2025;RICARICA;ATTIVO
39320015385;21/07/2025;CONSUMO;ATTIVO
39320015386;01/02/2026;RICARICA;ATTIVO
39320015387;19/01/2025;CONSUMO;ATTIVO
39320015388;18/04/2021;RICARICA;ATTIVO
39320015389;03/05/2024;CONSUMO;ATTIVO
39320015390;16/05/2021;RICARICA;ATTIVO
39320015391;04/12/2023;CONSUMO;ATTIVO
39320015392;08/01/2021;RICARICA;ATTIVO
39320015393;27/09/2022;CONSUMO;ATTIVO
39320015394;25/12/2023;RICARICA;SOSPESO
39320015395;22/12/2021;CONSUMO;ATTIVO
39320015396;18/04/2022;RICARICA;ATTIVO
39320015397;25/07/2022;CONSUMO;ATTIVO
39320015398;19/01/2024;RICARICA;ATTIVO
39320015399;14/05/2024;CONSUMO;ATTIVO
39320015400;03/07/2024;RICARICA;ATTIVO
39320015401;27/06/2024;CONSUMO;ATTIVO
39320015402;12/04/2021;RICARICA;SOSPESO
39320015403;17/12/2024;CONSUMO;ATTIVO
39320015404;28/06/2023;RICARICA;ATTIVO
39320015405;01/07/2021;CONSUMO;ATTIVO
39320015406;06/05/2023;RICARICA;ATTIVO
39320015407;30/12/2023;CONSUMO;ATTIVO
39320015408;20/02/2021;RICARICA;ATTIVO
39320015409;19/07/2025;CONSUMO;ATTIVO
39320015410;08/10/2021;RICARICA;ATTIVO
39320015411;29/05/2023;CONSUMO;ATTIVO
39320015412;16/12/2022;RICARICA;ATTIVO
39320015413;07/11/2025;CONSUMO;ATTIVO
39320015414;13/09/2022;RICARICA;ATTIVO
39320015415;06/01/2026;CONSUMO;ATTIVO
39320015416;10/06/2022;RICARICA;ATTIVO
39320015417;01/10/2025;CONSUMO;ATTIVO
39320015418;13/12/2022;RICARICA;ATTIVO
39320015419;28/03/2022;CONSUMO;ATTIVO
39320015420;24/08/2025;RICARICA;ATTIVO
39320015421;30/06/2021;CONSUMO;ATTIVO
39320015422;16/12/2022;RICARICA;ATTIVO
39320015423;11/03/2022;CONSUMO;ATTIVO
39320015424;27/02/2025;RICARICA;ATTIVO
39320015425;01/11/2025;CONSUMO;ATTIVO
39320015426;16/10/2023;RICARICA;SOSPESO
39320015427;23/05/2024;CONSUMO;ATTIVO
39320015428;29/10/2023;RICARICA;ATTIVO
39320015429;13/10/2021;CONSUMO;ATTIVO
39320015430;12/04/2024;RICARICA;SOSPESO
39320015431;10/03/2025;CONSUMO;ATTIVO
39320015432;28/09/2024;RICARICA;ATTIVO
39320015433;22/04/2022;CONSUMO;ATTIVO
39320015434;16/04/2023;RICARICA;ATTIVO
39320015435;31/12/2022;CONSUMO;ATTIVO
39320015436;01/04/2025;RICARICA;ATTIVO
39320015437;11/04/2023;CONSUMO;ATTIVO
39320015438;25/05/2023;RICARICA;ATTIVO
39320015439;11/11/2025;CONSUMO;ATTIVO
39320015440;12/10/2023;RICARICA;ATTIVO
39320015441;17/11/2025;CONSUMO;ATTIVO
39320015442;09/09/2024;RICARICA;ATTIVO
39320015443;18/07/2025;CONSUMO;SOSPESO
39320015444;18/04/2023;RICARICA;SOSPESO
39320015445;05/06/2023;CONSUMO;ATTIVO
39320015446;30/01/2026;RICARICA;ATTIVO
39320015447;03/01/2023;CONSUMO;ATTIVO
39320015448;01/02/2025;RICARICA;ATTIVO
39320015449;06/12/2025;CONSUMO;ATTIVO
39320015450;03/08/2024;RICARICA;ATTIVO
39320015451;09/03/2026;CONSUMO;ATTIVO
39320015452;27/04/2024;RICARICA;ATTIVO
39320015453;21/05/2023;CONSUMO;ATTIVO
39320015454;29/06/2023;RICARICA;ATTIVO
39320015455;16/11/2024;CONSUMO;ATTIVO
39320015456;13/03/2024;RICARICA;ATTIVO
39320015457;03/02/2022;CONSUMO;ATTIVO
39320015458;25/03/2023;RICARICA;ATTIVO
39320015459;21/03/2023;CONSUMO;SOSPESO
39320015460;28/10/2022;RICARICA;ATTIVO
39320015461;02/02/2024;CONSUMO;ATTIVO
39320015462;18/05/2024;RICARICA;ATTIVO
39320015463;02/01/2025;CONSUMO;ATTIVO
39320015464;01/06/2024;RICARICA;ATTIVO
39320015465;20/08/2022;CONSUMO;ATTIVO
39320015466;11/05/2022;RICARICA;ATTIVO
39320015467;04/03/2024;CONSUMO;ATTIVO
39320015468;05/10/2021;RICARICA;ATTIVO
39320015469;28/06/2024;CONSUMO;ATTIVO
39320015470;11/08/2023;RICARICA;ATTIVO
39320015471;23/10/2022;CONSUMO;SOSPESO
39320015472;09/09/2025;RICARICA;ATTIVO
39320015473;30/08/2022;CONSUMO;ATTIVO
39320015474;14/09/2025;RICARICA;ATTIVO
39320015475;15/02/2024;CONSUMO;ATTIVO
39320015476;28/02/2025;RICARICA;ATTIVO
39320015477;12/10/2022;CONSUMO;ATTIVO
39320015478;29/05/2021;RICARICA;ATTIVO
39320015479;19/08/2022;CONSUMO;ATTIVO
39320015480;22/06/2023;RICARICA;ATTIVO
39320015481;18/05/2025;CONSUMO;ATTIVO
39320015482;16/09/2023;RICARICA;ATTIVO
39320015483;21/01/2022;CONSUMO;ATTIVO
39320015484;13/08/2025;RICARICA;ATTIVO
39320015485;03/11/2025;CONSUMO;ATTIVO
39320015486;23/03/2023;RICARICA;ATTIVO
39320015487;10/07/2021;CONSUMO;ATTIVO
39320015488;23/06/2023;RICARICA;ATTIVO
39320015489;22/08/2021;CONSUMO;ATTIVO
39320015490;24/09/2022;RICARICA;ATTIVO
39320015491;22/03/2021;CONSUMO;ATTIVO
39320015492;27/08/2024;RICARICA;ATTIVO
39320015493;31/03/2021;CONSUMO;ATTIVO
39320015494;20/05/2024;RICARICA;ATTIVO
39320015495;07/07/2022;CONSUMO;ATTIVO
39320015496;31/07/2024;RICARICA;ATTIVO
39320015497;05/07/2023;CONSUMO;ATTIVO
39320015498;26/12/2025;RICARICA;ATTIVO
39320015499;02/08/2024;CONSUMO;ATTIVO
39320015500;12/04/2021;RICARICA;ATTIVO
39320015501;08/08/2024;CONSUMO;ATTIVO
39320015502;17/10/2021;RICARICA;ATTIVO
39320015503;06/02/2021;CONSUMO;ATTIVO
39320015504;06/02/2025;RICARICA;ATTIVO
39320015505;28/11/2022;CONSUMO;ATTIVO
39320015506;11/05/2021;RICARICA;ATTIVO
39320015507;13/03/2023;CONSUMO;ATTIVO
39320015508;15/03/2021;RICARICA;ATTIVO
39320015509;17/12/2021;CONSUMO;ATTIVO
39320015510;17/02/2021;RICARICA;ATTIVO
39320015511;10/08/2024;CONSUMO;ATTIVO
39320015512;02/11/2021;RICARICA;SOSPESO
39320015513;28/11/2021;CONSUMO;ATTIVO
39320015514;23/01/2022;RICARICA;ATTIVO
39320015515;08/03/2022;CONSUMO;ATTIVO
39320015516;22/07/2024;RICARICA;ATTIVO
39320015517;27/02/2023;CONSUMO;ATTIVO
39320015518;27/03/2021;RICARICA;ATTIVO
39320015519;18/10/2023;CONSUMO;ATTIVO
39320015520;10/02/2021;RICARICA;SOSPESO
39320015521;22/07/2025;CONSUMO;ATTIVO
39320015522;20/12/2021;RICARICA;ATTIVO
39320015523;26/08/2024;CONSUMO;ATTIVO
39320015524;12/10/2021;RICARICA;ATTIVO
39320015525;07/07/2025;CONSUMO;ATTIVO
39320015526;15/01/2023;RICARICA;ATTIVO
39320015527;12/06/2025;CONSUMO;ATTIVO
39320015528;14/08/2022;RICARICA;SOSPESO
39320015529;29/11/2024;CONSUMO;ATTIVO
39320015530;11/10/2023;RICARICA;ATTIVO
39320015531;14/11/2024;CONSUMO;ATTIVO
39320015532;07/08/2024;RICARICA;ATTIVO
39320015533;17/09/2022;CONSUMO;ATTIVO
39320015534;20/09/2024;RICARICA;SOSPESO
39320015535;23/01/2023;CONSUMO;ATTIVO
39320015536;21/10/2024;RICARICA;ATTIVO
39320015537;13/10/2023;CONSUMO;ATTIVO
39320015538;15/01/2025;RICARICA;ATTIVO
39320015539;24/01/2026;CONSUMO;ATTIVO
39320015540;03/03/2022;RICARICA;ATTIVO
39320015541;15/09/2022;CONSUMO;ATTIVO
39320015542;03/02/2023;RICARICA;ATTIVO
39320015543;08/11/2022;CONSUMO;ATTIVO
39320015544;29/07/2022;RICARICA;ATTIVO
39320015545;29/05/2023;CONSUMO;ATTIVO
39320015546;04/01/2024;RICARICA;ATTIVO
39320015547;08/05/2023;CONSUMO;ATTIVO
39320015548;25/11/2025;RICARICA;ATTIVO
39320015549;26/09/2024;CONSUMO;ATTIVO
39320015550;03/07/2022;RICARICA;ATTIVO
39320015551;30/05/2025;CONSUMO;ATTIVO
39320015552;27/02/2025;RICARICA;ATTIVO
39320015553;16/09/2024;CONSUMO;SOSPESO
39320015554;25/12/2022;RICARICA;ATTIVO
39320015555;29/05/2023;CONSUMO;ATTIVO
39320015556;17/10/2025;RICARICA;ATTIVO
39320015557;10/10/2023;CONSUMO;ATTIVO
39320015558;14/03/2023;RICARICA;ATTIVO
39320015559;27/11/2023;CONSUMO;ATTIVO
39320015560;12/11/2021;RICARICA;ATTIVO
39320015561;19/09/2024;CONSUMO;ATTIVO
39320015562;27/08/2023;RICARICA;ATTIVO
39320015563;23/08/2023;CONSUMO;ATTIVO
39320015564;07/11/2023;RICARICA;ATTIVO
39320015565;19/08/2022;CONSUMO;ATTIVO
39320015566;03/05/2025;RICARICA;ATTIVO
39320015567;17/04/2023;CONSUMO;ATTIVO
39320015568;03/06/2024;RICARICA;ATTIVO
39320015569;07/09/2024;CONSUMO;ATTIVO
39320015570;31/05/2022;RICARICA;ATTIVO
39320015571;20/11/2025;CONSUMO;SOSPESO
39320015572;01/06/2023;RICARICA;SOSPESO
39320015573;15/11/2024;CONSUMO;ATTIVO
39320015574;02/01/2024;RICARICA;ATTIVO
39320015575;18/02/2021;CONSUMO;ATTIVO
39320015576;07/06/2025;RICARICA;ATTIVO
39320015577;26/06/2025;CONSUMO;ATTIVO
39320015578;16/01/2025;RICARICA;ATTIVO
39320015579;25/12/2021;CONSUMO;ATTIVO
39320015580;02/04/2023;RICARICA;ATTIVO
39320015581;09/02/2025;CONSUMO;ATTIVO
39320015582;15/04/2021;RICARICA;ATTIVO
39320015583;29/07/2022;CONSUMO;ATTIVO
39320015584;02/04/2025;RICARICA;ATTIVO
39320015585;06/02/2022;CONSUMO;ATTIVO
39320015586;28/11/2024;RICARICA;ATTIVO
39320015587;11/04/2022;CONSUMO;ATTIVO
39320015588;01/10/2023;RICARICA;ATTIVO
39320015589;26/09/2025;CONSUMO;SOSPESO
39320015590;07/10/2022;RICARICA;ATTIVO
39320015591;03/06/2025;CONSUMO;SOSPESO
39320015592;27/09/2024;RICARICA;ATTIVO
39320015593;05/11/2024;CONSUMO;ATTIVO
39320015594;26/02/2024;RICARICA;SOSPESO
39320015595;10/05/2021;CONSUMO;ATTIVO
39320015596;18/11/2022;RICARICA;ATTIVO
39320015597;21/12/2022;CONSUMO;ATTIVO
39320015598;20/03/2021;RICARICA;ATTIVO
39320015599;12/11/2024;CONSUMO;ATTIVO
39320015600;10/01/2021;RICARICA;ATTIVO
39320015601;05/12/2022;CONSUMO;ATTIVO
39320015602;14/01/2022;RICARICA;SOSPESO
39320015603;12/07/2021;CONSUMO;ATTIVO
39320015604;05/12/2022;RICARICA;ATTIVO
39320015605;13/05/2021;CONSUMO;ATTIVO
39320015606;09/08/2023;RICARICA;ATTIVO
39320015607;30/04/2025;CONSUMO;ATTIVO
39320015608;08/10/2024;RICARICA;ATTIVO
39320015609;16/08/2025;CONSUMO;ATTIVO
39320015610;04/10/2023;RICARICA;ATTIVO
39320015611;01/09/2025;CONSUMO;ATTIVO
39320015612;21/01/2022;RICARICA;ATTIVO
39320015613;17/01/2025;CONSUMO;ATTIVO
39320015614;25/07/2021;RICARICA;ATTIVO
39320015615;05/05/2022;CONSUMO;ATTIVO
39320015616;25/03/2024;RICARICA;ATTIVO
39320015617;15/11/2025;CONSUMO;ATTIVO
39320015618;04/01/2023;RICARICA;ATTIVO
39320015619;02/08/2023;CONSUMO;ATTIVO
39320015620;02/11/2021;RICARICA;ATTIVO
39320015621;18/09/2025;CONSUMO;ATTIVO
39320015622;30/01/2026;RICARICA;ATTIVO
39320015623;29/09/2024;CONSUMO;ATTIVO
39320015624;18/11/2024;RICARICA;ATTIVO
39320015625;15/01/2023;CONSUMO;ATTIVO
39320015626;19/12/2023;RICARICA;ATTIVO
39320015627;04/01/2025;CONSUMO;ATTIVO
39320015628;15/12/2022;RICARICA;ATTIVO
39320015629;14/06/2021;CONSUMO;ATTIVO
39320015630;30/03/2025;RICARICA;ATTIVO
39320015631;25/03/2021;CONSUMO;ATTIVO
39320015632;15/08/2025;RICARICA;ATTIVO
39320015633;15/06/2021;CONSUMO;ATTIVO
39320015634;26/10/2022;RICARICA;ATTIVO
39320015635;04/09/2023;CONSUMO;ATTIVO
39320015636;06/03/2026;RICARICA;ATTIVO
39320015637;25/08/2025;CONSUMO;ATTIVO
39320015638;28/03/2025;RICARICA;ATTIVO
39320015639;11/11/2024;CONSUMO;ATTIVO
39320015640;06/03/2021;RICARICA;SOSPESO
39320015641;06/05/2023;CONSUMO;ATTIVO
39320015642;17/01/2022;RICARICA;ATTIVO
39320015643;09/08/2021;CONSUMO;ATTIVO
39320015644;14/02/2022;RICARICA;ATTIVO
39320015645;28/05/2022;CONSUMO;ATTIVO
39320015646;24/09/2025;RICARICA;ATTIVO
39320015647;27/06/2021;CONSUMO;ATTIVO
39320015648;28/08/2025;RICARICA;ATTIVO
39320015649;17/05/2023;CONSUMO;ATTIVO
39320015650;11/04/2025;RICARICA;ATTIVO
39320015651;08/12/2021;CONSUMO;ATTIVO
39320015652;12/06/2022;RICARICA;ATTIVO
39320015653;22/12/2021;CONSUMO;ATTIVO
39320015654;28/02/2021;RICARICA;ATTIVO
39320015655;13/12/2023;CONSUMO;ATTIVO
39320015656;24/05/2025;RICARICA;ATTIVO
39320015657;15/03/2023;CONSUMO;ATTIVO
39320015658;21/04/2024;RICARICA;ATTIVO
39320015659;02/05/2021;CONSUMO;ATTIVO
39320015660;25/04/2022;RICARICA;ATTIVO
39320015661;01/09/2025;CONSUMO;ATTIVO
39320015662;11/02/2021;RICARICA;ATTIVO
39320015663;27/04/2022;CONSUMO;SOSPESO
39320015664;09/05/2024;RICARICA;ATTIVO
39320015665;01/06/2021;CONSUMO;ATTIVO
39320015666;09/10/2023;RICARICA;SOSPESO
39320015667;29/09/2022;CONSUMO;ATTIVO
39320015668;29/12/2024;RICARICA;ATTIVO
39320015669;14/06/2024;CONSUMO;ATTIVO
39320015670;11/01/2024;RICARICA;ATTIVO
39320015671;09/08/2025;CONSUMO;ATTIVO
39320015672;18/10/2024;RICARICA;ATTIVO
39320015673;08/05/2023;CONSUMO;ATTIVO
39320015674;17/10/2024;RICARICA;ATTIVO
39320015675;21/12/2021;CONSUMO;SOSPESO
39320015676;17/03/2022;RICARICA;ATTIVO
39320015677;15/04/2022;CONSUMO;ATTIVO
39320015678;24/12/2023;RICARICA;ATTIVO
39320015679;23/12/2023;CONSUMO;SOSPESO
39320015680;24/09/2022;RICARICA;ATTIVO
39320015681;08/10/2025;CONSUMO;SOSPESO
39320015682;08/09/2024;RICARICA;ATTIVO
39320015683;08/11/2021;CONSUMO;ATTIVO
39320015684;27/01/2023;RICARICA;ATTIVO
39320015685;12/05/2022;CONSUMO;ATTIVO
39320015686;21/01/2023;RICARICA;ATTIVO
39320015687;23/10/2024;CONSUMO;ATTIVO
39320015688;26/12/2021;RICARICA;ATTIVO
39320015689;02/05/2022;CONSUMO;ATTIVO
39320015690;07/06/2022;RICARICA;ATTIVO
39320015691;11/01/2023;CONSUMO;ATTIVO
39320015692;24/06/2023;RICARICA;ATTIVO
39320015693;14/01/2022;CONSUMO;ATTIVO
39320015694;11/05/2021;RICARICA;ATTIVO
39320015695;10/11/2022;CONSUMO;ATTIVO
39320015696;19/02/2021;RICARICA;ATTIVO
39320015697;11/07/2024;CONSUMO;ATTIVO
39320015698;08/01/2026;RICARICA;ATTIVO
39320015699;09/10/2025;CONSUMO;ATTIVO
39320015700;17/08/2024;RICARICA;ATTIVO
39320015701;12/06/2023;CONSUMO;ATTIVO
39320015702;02/02/2023;RICARICA;ATTIVO
39320015703;18/06/2025;CONSUMO;ATTIVO
39320015704;20/03/2021;RICARICA;ATTIVO
39320015705;19/10/2025;CONSUMO;ATTIVO
39320015706;13/04/2024;RICARICA;ATTIVO
39320015707;01/09/2021;CONSUMO;ATTIVO
39320015708;08/08/2021;RICARICA;ATTIVO
39320015709;16/04/2023;CONSUMO;ATTIVO
39320015710;12/04/2024;RICARICA;ATTIVO
39320015711;10/10/2024;CONSUMO;SOSPESO
39320015712;23/05/2024;RICARICA;ATTIVO
39320015713;24/01/2026;CONSUMO;ATTIVO
39320015714;27/11/2022;RICARICA;ATTIVO
39320015715;07/02/2026;CONSUMO;ATTIVO
39320015716;22/10/2025;RICARICA;ATTIVO
39320015717;17/08/2021;CONSUMO;ATTIVO
39320015718;17/10/2021;RICARICA;ATTIVO
39320015719;20/06/2021;CONSUMO;ATTIVO
39320015720;06/02/2025;RICARICA;ATTIVO
39320015721;14/04/2022;CONSUMO;ATTIVO
39320015722;15/11/2021;RICARICA;ATTIVO
39320015723;30/04/2024;CONSUMO;ATTIVO
39320015724;25/03/2023;RICARICA;ATTIVO
39320015725;04/06/2021;CONSUMO;ATTIVO
39320015726;26/06/2023;RICARICA;ATTIVO
39320015727;02/08/2023;CONSUMO;ATTIVO
39320015728;19/09/2023;RICARICA;ATTIVO
39320015729;25/02/2021;CONSUMO;ATTIVO
39320015730;02/03/2024;RICARICA;ATTIVO
39320015731;14/07/2023;CONSUMO;ATTIVO
39320015732;25/06/2023;RICARICA;ATTIVO
39320015733;11/12/2022;CONSUMO;ATTIVO
39320015734;25/02/2025;RICARICA;ATTIVO
39320015735;01/02/2025;CONSUMO;ATTIVO
39320015736;04/11/2025;RICARICA;ATTIVO
39320015737;05/06/2022;CONSUMO;ATTIVO
39320015738;15/04/2021;RICARICA;ATTIVO
39320015739;30/12/2021;CONSUMO;ATTIVO
39320015740;09/05/2025;RICARICA;ATTIVO
39320015741;01/03/2025;CONSUMO;ATTIVO
39320015742;15/05/2022;RICARICA;ATTIVO
39320015743;11/02/2024;CONSUMO;ATTIVO
39320015744;22/12/2025;RICARICA;ATTIVO
39320015745;27/09/2022;CONSUMO;ATTIVO
39320015746;09/12/2025;RICARICA;ATTIVO
39320015747;02/05/2024;CONSUMO;ATTIVO
39320015748;30/03/2023;RICARICA;ATTIVO
39320015749;24/03/2023;CONSUMO;ATTIVO
39320015750;21/08/2024;RICARICA;ATTIVO
39320015751;12/07/2022;CONSUMO;ATTIVO
39320015752;19/05/2025;RICARICA;ATTIVO
39320015753;26/02/2022;CONSUMO;ATTIVO
39320015754;03/11/2024;RICARICA;ATTIVO
39320015755;23/10/2024;CONSUMO;ATTIVO
39320015756;04/07/2024;RICARICA;ATTIVO
39320015757;27/12/2024;CONSUMO;ATTIVO
39320015758;07/05/2022;RICARICA;ATTIVO
39320015759;15/01/2024;CONSUMO;ATTIVO
39320015760;02/04/2021;RICARICA;ATTIVO
39320015761;14/05/2022;CONSUMO;ATTIVO
39320015762;23/09/2024;RICARICA;ATTIVO
39320015763;20/12/2021;CONSUMO;ATTIVO
39320015764;20/11/2025;RICARICA;ATTIVO
39320015765;25/07/2021;CONSUMO;ATTIVO
39320015766;30/07/2022;RICARICA;ATTIVO
39320015767;25/07/2021;CONSUMO;ATTIVO
39320015768;24/11/2021;RICARICA;ATTIVO
39320015769;21/07/2021;CONSUMO;ATTIVO
39320015770;08/09/2024;RICARICA;ATTIVO
39320015771;11/01/2023;CONSUMO;ATTIVO
39320015772;22/12/2021;RICARICA;ATTIVO
39320015773;01/02/2024;CONSUMO;ATTIVO
39320015774;04/11/2024;RICARICA;ATTIVO
39320015775;11/12/2025;CONSUMO;ATTIVO
39320015776;04/03/2023;RICARICA;ATTIVO
39320015777;22/01/2025;CONSUMO;ATTIVO
39320015778;22/04/2023;RICARICA;ATTIVO
39320015779;19/09/2025;CONSUMO;ATTIVO
39320015780;06/01/2024;RICARICA;ATTIVO
39320015781;29/09/2024;CONSUMO;ATTIVO
39320015782;21/08/2024;RICARICA;SOSPESO
39320015783;08/09/2023;CONSUMO;SOSPESO
39320015784;20/02/2025;RICARICA;ATTIVO
39320015785;26/01/2021;CONSUMO;ATTIVO
39320015786;12/11/2023;RICARICA;ATTIVO
39320015787;20/09/2022;CONSUMO;ATTIVO
39320015788;28/05/2023;RICARICA;ATTIVO
39320015789;05/04/2021;CONSUMO;ATTIVO
39320015790;26/12/2022;RICARICA;ATTIVO
39320015791;11/06/2022;CONSUMO;ATTIVO
39320015792;24/07/2021;RICARICA;ATTIVO
39320015793;29/08/2023;CONSUMO;ATTIVO
39320015794;25/07/2023;RICARICA;ATTIVO
39320015795;10/05/2022;CONSUMO;ATTIVO
39320015796;18/01/2023;RICARICA;ATTIVO
39320015797;26/02/2021;CONSUMO;ATTIVO
39320015798;06/10/2024;RICARICA;ATTIVO
39320015799;27/05/2024;CONSUMO;ATTIVO
39320015800;05/01/2022;RICARICA;ATTIVO
39320015801;14/01/2021;CONSUMO;ATTIVO
39320015802;15/06/2021;RICARICA;ATTIVO
39320015803;12/12/2025;CONSUMO;ATTIVO
39320015804;24/03/2025;RICARICA;ATTIVO
39320015805;27/06/2022;CONSUMO;ATTIVO
39320015806;15/09/2022;RICARICA;ATTIVO
39320015807;15/01/2023;CONSUMO;ATTIVO
39320015808;26/08/2023;RICARICA;ATTIVO
39320015809;21/03/2023;CONSUMO;ATTIVO
39320015810;09/03/2023;RICARICA;ATTIVO
39320015811;13/05/2024;CONSUMO;ATTIVO
39320015812;27/05/2023;RICARICA;ATTIVO
39320015813;29/04/2022;CONSUMO;ATTIVO
39320015814;12/02/2025;RICARICA;ATTIVO
39320015815;27/08/2021;CONSUMO;ATTIVO
39320015816;15/10/2024;RICARICA;ATTIVO
39320015817;01/05/2023;CONSUMO;ATTIVO
39320015818;30/09/2025;RICARICA;ATTIVO
39320015819;12/04/2024;CONSUMO;ATTIVO
39320015820;07/08/2021;RICARICA;ATTIVO
39320015821;03/04/2023;CONSUMO;ATTIVO
39320015822;21/02/2023;RICARICA;SOSPESO
39320015823;22/06/2023;CONSUMO;ATTIVO
39320015824;21/02/2021;RICARICA;ATTIVO
39320015825;10/10/2023;CONSUMO;ATTIVO
39320015826;21/07/2021;RICARICA;ATTIVO
39320015827;29/09/2025;CONSUMO;ATTIVO
39320015828;06/09/2023;RICARICA;ATTIVO
39320015829;13/08/2025;CONSUMO;SOSPESO
39320015830;06/12/2021;RICARICA;ATTIVO
39320015831;22/03/2022;CONSUMO;ATTIVO
39320015832;15/03/2026;RICARICA;ATTIVO
39320015833;15/08/2022;CONSUMO;ATTIVO
39320015834;21/05/2021;RICARICA;ATTIVO
39320015835;01/06/2025;CONSUMO;ATTIVO
39320015836;20/02/2023;RICARICA;ATTIVO
39320015837;19/05/2023;CONSUMO;ATTIVO
39320015838;24/03/2022;RICARICA;ATTIVO
39320015839;24/10/2024;CONSUMO;ATTIVO
39320015840;08/07/2025;RICARICA;ATTIVO
39320015841;15/05/2025;CONSUMO;ATTIVO
39320015842;03/09/2022;RICARICA;ATTIVO
39320015843;06/10/2024;CONSUMO;ATTIVO
39320015844;16/01/2022;RICARICA;ATTIVO
39320015845;10/04/2022;CONSUMO;ATTIVO
39320015846;24/03/2023;RICARICA;SOSPESO
39320015847;18/02/2025;CONSUMO;ATTIVO
39320015848;22/12/2025;RICARICA;SOSPESO
39320015849;21/06/2022;CONSUMO;ATTIVO
39320015850;20/09/2025;RICARICA;ATTIVO
39320015851;04/10/2022;CONSUMO;ATTIVO
39320015852;03/03/2024;RICARICA;ATTIVO
39320015853;12/11/2023;CONSUMO;ATTIVO
39320015854;14/03/2026;RICARICA;ATTIVO
39320015855;12/02/2023;CONSUMO;ATTIVO
39320015856;16/05/2025;RICARICA;SOSPESO
39320015857;07/01/2021;CONSUMO;ATTIVO
39320015858;14/01/2024;RICARICA;ATTIVO
39320015859;30/10/2024;CONSUMO;ATTIVO
39320015860;05/08/2024;RICARICA;ATTIVO
39320015861;01/02/2025;CONSUMO;ATTIVO
39320015862;23/09/2025;RICARICA;ATTIVO
39320015863;07/12/2022;CONSUMO;ATTIVO
39320015864;06/01/2022;RICARICA;ATTIVO
39320015865;24/10/2021;CONSUMO;ATTIVO
39320015866;18/12/2024;RICARICA;SOSPESO
39320015867;01/05/2024;CONSUMO;ATTIVO
39320015868;11/08/2024;RICARICA;ATTIVO
39320015869;29/04/2021;CONSUMO;ATTIVO
39320015870;10/05/2024;RICARICA;ATTIVO
39320015871;12/05/2021;CONSUMO;ATTIVO
39320015872;26/06/2022;RICARICA;ATTIVO
39320015873;02/03/2025;CONSUMO;SOSPESO
39320015874;25/10/2021;RICARICA;ATTIVO
39320015875;17/06/2021;CONSUMO;ATTIVO
39320015876;15/12/2021;RICARICA;ATTIVO
39320015877;18/11/2021;CONSUMO;ATTIVO
39320015878;12/09/2021;RICARICA;ATTIVO
39320015879;11/02/2021;CONSUMO;ATTIVO
39320015880;22/08/2021;RICARICA;ATTIVO
39320015881;09/04/2024;CONSUMO;ATTIVO
39320015882;01/04/2023;RICARICA;ATTIVO
39320015883;03/10/2025;CONSUMO;ATTIVO
39320015884;17/11/2022;RICARICA;ATTIVO
39320015885;13/12/2023;CONSUMO;ATTIVO
39320015886;07/06/2025;RICARICA;ATTIVO
39320015887;03/12/2023;CONSUMO;ATTIVO
39320015888;02/09/2025;RICARICA;ATTIVO
39320015889;06/01/2026;CONSUMO;ATTIVO
39320015890;12/06/2024;RICARICA;ATTIVO
39320015891;14/05/2024;CONSUMO;ATTIVO
39320015892;27/11/2021;RICARICA;SOSPESO
39320015893;04/10/2021;CONSUMO;ATTIVO
39320015894;12/09/2021;RICARICA;ATTIVO
39320015895;24/01/2024;CONSUMO;ATTIVO
39320015896;08/06/2025;RICARICA;ATTIVO
39320015897;06/05/2023;CONSUMO;ATTIVO
39320015898;19/02/2025;RICARICA;ATTIVO
39320015899;23/06/2024;CONSUMO;ATTIVO
39320015900;28/07/2021;RICARICA;SOSPESO
39320015901;31/12/2025;CONSUMO;SOSPESO
39320015902;06/06/2023;RICARICA;ATTIVO
39320015903;09/03/2022;CONSUMO;ATTIVO
39320015904;03/11/2024;RICARICA;ATTIVO
39320015905;08/11/2025;CONSUMO;ATTIVO
39320015906;13/04/2023;RICARICA;ATTIVO
39320015907;13/07/2021;CONSUMO;SOSPESO
39320015908;14/02/2022;RICARICA;ATTIVO
39320015909;11/12/2021;CONSUMO;ATTIVO
39320015910;21/01/2023;RICARICA;ATTIVO
39320015911;08/07/2023;CONSUMO;ATTIVO
39320015912;06/03/2025;RICARICA;ATTIVO
39320015913;29/04/2023;CONSUMO;ATTIVO
39320015914;07/05/2024;RICARICA;ATTIVO
39320015915;21/04/2023;CONSUMO;ATTIVO
39320015916;15/02/2026;RICARICA;ATTIVO
39320015917;26/05/2021;CONSUMO;ATTIVO
39320015918;15/09/2025;RICARICA;ATTIVO
39320015919;13/12/2023;CONSUMO;ATTIVO
39320015920;26/12/2024;RICARICA;ATTIVO
39320015921;04/04/2024;CONSUMO;ATTIVO
39320015922;20/04/2021;RICARICA;ATTIVO
39320015923;08/12/2021;CONSUMO;ATTIVO
39320015924;22/08/2021;RICARICA;ATTIVO
39320015925;09/08/2024;CONSUMO;ATTIVO
39320015926;21/10/2023;RICARICA;ATTIVO
39320015927;09/10/2023;CONSUMO;ATTIVO
39320015928;17/06/2025;RICARICA;ATTIVO
39320015929;18/12/2021;CONSUMO;ATTIVO
39320015930;31/03/2022;RICARICA;ATTIVO
39320015931;16/11/2024;CONSUMO;ATTIVO
39320015932;02/03/2026;RICARICA;ATTIVO
39320015933;12/09/2025;CONSUMO;ATTIVO
39320015934;21/08/2023;RICARICA;ATTIVO
39320015935;16/12/2023;CONSUMO;ATTIVO
39320015936;30/03/2024;RICARICA;ATTIVO
39320015937;03/10/2025;CONSUMO;ATTIVO
39320015938;12/11/2024;RICARICA;ATTIVO
39320015939;26/04/2021;CONSUMO;ATTIVO
39320015940;09/10/2024;RICARICA;ATTIVO
39320015941;02/01/2023;CONSUMO;ATTIVO
39320015942;31/01/2023;RICARICA;ATTIVO
39320015943;13/11/2022;CONSUMO;ATTIVO
39320015944;01/12/2022;RICARICA;ATTIVO
39320015945;25/01/2026;CONSUMO;SOSPESO
39320015946;12/11/2025;RICARICA;ATTIVO
39320015947;09/05/2024;CONSUMO;ATTIVO
39320015948;28/01/2024;RICARICA;ATTIVO
39320015949;11/09/2021;CONSUMO;ATTIVO
39320015950;09/10/2025;RICARICA;ATTIVO
39320015951;09/02/2025;CONSUMO;ATTIVO
39320015952;18/07/2024;RICARICA;ATTIVO
39320015953;09/02/2026;CONSUMO;ATTIVO
39320015954;01/01/2026;RICARICA;ATTIVO
39320015955;16/06/2023;CONSUMO;ATTIVO
39320015956;23/05/2021;RICARICA;ATTIVO
39320015957;05/12/2024;CONSUMO;ATTIVO
39320015958;23/10/2022;RICARICA;ATTIVO
39320015959;04/12/2025;CONSUMO;ATTIVO
39320015960;22/02/2025;RICARICA;ATTIVO
39320015961;24/01/2026;CONSUMO;SOSPESO
39320015962;05/06/2022;RICARICA;ATTIVO
39320015963;12/11/2025;CONSUMO;ATTIVO
39320015964;03/01/2022;RICARICA;ATTIVO
39320015965;06/08/2021;CONSUMO;ATTIVO
39320015966;09/01/2022;RICARICA;ATTIVO
39320015967;12/04/2023;CONSUMO;ATTIVO
39320015968;06/09/2021;RICARICA;ATTIVO
39320015969;21/03/2023;CONSUMO;ATTIVO
39320015970;10/05/2024;RICARICA;ATTIVO
39320015971;13/06/2022;CONSUMO;ATTIVO
39320015972;02/03/2022;RICARICA;ATTIVO
39320015973;11/02/2024;CONSUMO;ATTIVO
39320015974;24/04/2022;RICARICA;ATTIVO
39320015975;09/03/2023;CONSUMO;ATTIVO
39320015976;18/04/2021;RICARICA;ATTIVO
39320015977;18/01/2021;CONSUMO;ATTIVO
39320015978;29/06/2025;RICARICA;ATTIVO
39320015979;31/03/2023;CONSUMO;ATTIVO
39320015980;18/02/2025;RICARICA;ATTIVO
39320015981;27/06/2024;CONSUMO;ATTIVO
39320015982;17/04/2024;RICARICA;ATTIVO
39320015983;16/09/2024;CONSUMO;ATTIVO
39320015984;12/12/2025;RICARICA;ATTIVO
39320015985;08/01/2024;CONSUMO;ATTIVO
39320015986;13/07/2024;RICARICA;ATTIVO
39320015987;02/02/2025;CONSUMO;ATTIVO
39320015988;15/03/2025;RICARICA;ATTIVO
39320015989;10/11/2025;CONSUMO;ATTIVO
39320015990;09/08/2021;RICARICA;ATTIVO
39320015991;26/07/2024;CONSUMO;ATTIVO
39320015992;21/01/2022;RICARICA;ATTIVO
39320015993;07/04/2025;CONSUMO;SOSPESO
39320015994;08/05/2023;RICARICA;ATTIVO
39320015995;12/05/2021;CONSUMO;ATTIVO
39320015996;27/02/2022;RICARICA;ATTIVO
39320015997;27/06/2024;CONSUMO;ATTIVO
39320015998;29/05/2023;RICARICA;ATTIVO
39320015999;07/09/2023;CONSUMO;ATTIVO
39320016000;05/09/2021;RICARICA;ATTIVO
39320016001;09/04/2022;CONSUMO;ATTIVO
39320016002;23/01/2021;RICARICA;ATTIVO
39320016003;05/01/2022;CONSUMO;ATTIVO
39320016004;25/08/2024;RICARICA;ATTIVO
39320016005;16/12/2021;CONSUMO;ATTIVO
39320016006;08/07/2022;RICARICA;ATTIVO
39320016007;17/06/2024;CONSUMO;ATTIVO
39320016008;10/06/2025;RICARICA;ATTIVO
39320016009;16/04/2022;CONSUMO;ATTIVO
39320016010;06/05/2021;RICARICA;ATTIVO
39320016011;12/02/2026;CONSUMO;ATTIVO
39320016012;11/02/2025;RICARICA;ATTIVO
39320016013;03/10/2022;CONSUMO;ATTIVO
39320016014;30/01/2021;RICARICA;ATTIVO
39320016015;20/01/2024;CONSUMO;ATTIVO
39320016016;08/06/2025;RICARICA;ATTIVO
39320016017;04/07/2022;CONSUMO;ATTIVO
39320016018;08/04/2025;RICARICA;SOSPESO
39320016019;23/11/2025;CONSUMO;ATTIVO
39320016020;15/11/2021;RICARICA;ATTIVO
39320016021;30/09/2024;CONSUMO;ATTIVO
39320016022;20/11/2024;RICARICA;ATTIVO
39320016023;14/07/2025;CONSUMO;ATTIVO
39320016024;24/01/2023;RICARICA;ATTIVO
39320016025;15/05/2024;CONSUMO;ATTIVO
39320016026;23/04/2023;RICARICA;ATTIVO
39320016027;06/01/2026;CONSUMO;SOSPESO
39320016028;30/08/2021;RICARICA;ATTIVO
39320016029;21/11/2023;CONSUMO;ATTIVO
39320016030;14/05/2021;RICARICA;SOSPESO
39320016031;04/05/2023;CONSUMO;SOSPESO
39320016032;17/01/2021;RICARICA;ATTIVO
39320016033;25/03/2024;CONSUMO;ATTIVO
39320016034;25/09/2022;RICARICA;ATTIVO
39320016035;30/01/2022;CONSUMO;ATTIVO
39320016036;23/06/2024;RICARICA;ATTIVO
39320016037;12/01/2026;CONSUMO;ATTIVO
39320016038;21/03/2021;RICARICA;ATTIVO
39320016039;29/08/2025;CONSUMO;ATTIVO
39320016040;07/09/2022;RICARICA;ATTIVO
39320016041;11/07/2021;CONSUMO;ATTIVO
39320016042;01/07/2024;RICARICA;ATTIVO
39320016043;06/02/2026;CONSUMO;ATTIVO
39320016044;01/03/2023;RICARICA;ATTIVO
39320016045;28/09/2024;CONSUMO;ATTIVO
39320016046;17/05/2025;RICARICA;ATTIVO
39320016047;09/08/2024;CONSUMO;ATTIVO
39320016048;25/02/2023;RICARICA;ATTIVO
39320016049;02/07/2022;CONSUMO;ATTIVO
39320016050;29/03/2024;RICARICA;ATTIVO
39320016051;26/12/2021;CONSUMO;ATTIVO
39320016052;24/12/2021;RICARICA;ATTIVO
39320016053;22/02/2023;CONSUMO;ATTIVO
39320016054;06/06/2023;RICARICA;ATTIVO
39320016055;18/05/2023;CONSUMO;ATTIVO
39320016056;07/05/2025;RICARICA;ATTIVO
39320016057;12/12/2022;CONSUMO;ATTIVO
39320016058;06/01/2024;RICARICA;ATTIVO
39320016059;10/03/2024;CONSUMO;ATTIVO
39320016060;06/09/2025;RICARICA;ATTIVO
39320016061;12/08/2025;CONSUMO;ATTIVO
39320016062;26/03/2025;RICARICA;ATTIVO
39320016063;18/10/2024;CONSUMO;ATTIVO
39320016064;26/06/2024;RICARICA;ATTIVO
39320016065;24/05/2025;CONSUMO;ATTIVO
39320016066;17/09/2021;RICARICA;ATTIVO
39320016067;16/07/2024;CONSUMO;ATTIVO
39320016068;26/08/2022;RICARICA;ATTIVO
39320016069;20/05/2023;CONSUMO;ATTIVO
39320016070;16/11/2023;RICARICA;ATTIVO
39320016071;08/07/2022;CONSUMO;ATTIVO
39320016072;17/02/2022;RICARICA;ATTIVO
39320016073;13/10/2024;CONSUMO;ATTIVO
39320016074;23/05/2024;RICARICA;ATTIVO
39320016075;03/05/2022;CONSUMO;ATTIVO
39320016076;26/08/2023;RICARICA;ATTIVO
39320016077;19/02/2025;CONSUMO;ATTIVO
39320016078;13/06/2023;RICARICA;ATTIVO
39320016079;06/06/2022;CONSUMO;ATTIVO
39320016080;06/11/2023;RICARICA;ATTIVO
39320016081;14/07/2025;CONSUMO;ATTIVO
39320016082;13/08/2022;RICARICA;ATTIVO
39320016083;26/05/2022;CONSUMO;ATTIVO
39320016084;28/12/2021;RICARICA;ATTIVO
39320016085;24/06/2024;CONSUMO;SOSPESO
39320016086;10/02/2024;RICARICA;ATTIVO
39320016087;12/02/2021;CONSUMO;ATTIVO
39320016088;23/02/2022;RICARICA;ATTIVO
39320016089;02/09/2025;CONSUMO;ATTIVO
39320016090;01/11/2025;RICARICA;ATTIVO
39320016091;04/04/2025;CONSUMO;ATTIVO
39320016092;21/07/2024;RICARICA;ATTIVO
39320016093;08/12/2023;CONSUMO;ATTIVO
39320016094;04/02/2023;RICARICA;ATTIVO
39320016095;06/12/2025;CONSUMO;SOSPESO
39320016096;10/09/2023;RICARICA;ATTIVO
39320016097;08/11/2025;CONSUMO;ATTIVO
39320016098;11/03/2024;RICARICA;ATTIVO
39320016099;27/01/2026;CONSUMO;ATTIVO
39320016100;15/05/2023;RICARICA;ATTIVO
39320016101;06/03/2022;CONSUMO;ATTIVO
39320016102;16/07/2021;RICARICA;ATTIVO
39320016103;22/08/2023;CONSUMO;ATTIVO
39320016104;02/04/2021;RICARICA;ATTIVO
39320016105;13/09/2021;CONSUMO;ATTIVO
39320016106;08/12/2023;RICARICA;ATTIVO
39320016107;19/03/2021;CONSUMO;ATTIVO
39320016108;23/06/2025;RICARICA;ATTIVO
39320016109;16/07/2022;CONSUMO;ATTIVO
39320016110;08/11/2023;RICARICA;SOSPESO
39320016111;11/03/2022;CONSUMO;SOSPESO
39320016112;07/08/2022;RICARICA;ATTIVO
39320016113;04/06/2024;CONSUMO;ATTIVO
39320016114;27/09/2024;RICARICA;ATTIVO
39320016115;08/06/2023;CONSUMO;ATTIVO
39320016116;21/04/2024;RICARICA;ATTIVO
39320016117;01/04/2024;CONSUMO;ATTIVO
39320016118;03/02/2021;RICARICA;ATTIVO
39320016119;07/08/2021;CONSUMO;ATTIVO
39320016120;14/10/2025;RICARICA;ATTIVO
39320016121;15/02/2021;CONSUMO;ATTIVO
39320016122;10/11/2025;RICARICA;ATTIVO
39320016123;11/04/2024;CONSUMO;ATTIVO
39320016124;30/09/2025;RICARICA;ATTIVO
39320016125;21/06/2023;CONSUMO;ATTIVO
39320016126;15/06/2021;RICARICA;ATTIVO
39320016127;03/04/2025;CONSUMO;ATTIVO
39320016128;09/12/2023;RICARICA;ATTIVO
39320016129;06/01/2025;CONSUMO;SOSPESO
39320016130;07/07/2023;RICARICA;ATTIVO
39320016131;15/03/2023;CONSUMO;ATTIVO
39320016132;05/01/2023;RICARICA;ATTIVO
39320016133;30/01/2025;CONSUMO;ATTIVO
39320016134;29/08/2024;RICARICA;ATTIVO
39320016135;17/01/2024;CONSUMO;ATTIVO
39320016136;16/05/2023;RICARICA;SOSPESO
39320016137;06/11/2024;CONSUMO;ATTIVO
39320016138;04/10/2023;RICARICA;ATTIVO
39320016139;19/06/2022;CONSUMO;ATTIVO
39320016140;21/01/2025;RICARICA;ATTIVO
39320016141;23/02/2022;CONSUMO;ATTIVO
39320016142;01/03/2022;RICARICA;SOSPESO
39320016143;24/01/2023;CONSUMO;ATTIVO
39320016144;03/08/2024;RICARICA;SOSPESO
39320016145;24/03/2024;CONSUMO;ATTIVO
39320016146;08/02/2021;RICARICA;ATTIVO
39320016147;13/03/2026;CONSUMO;ATTIVO
39320016148;05/04/2025;RICARICA;ATTIVO
39320016149;15/08/2024;CONSUMO;ATTIVO
39320016150;18/04/2023;RICARICA;ATTIVO
39320016151;19/12/2024;CONSUMO;ATTIVO
39320016152;15/04/2022;RICARICA;ATTIVO
39320016153;29/09/2022;CONSUMO;ATTIVO
39320016154;17/08/2025;RICARICA;ATTIVO
39320016155;20/01/2026;CONSUMO;ATTIVO
39320016156;31/12/2021;RICARICA;ATTIVO
39320016157;10/06/2023;CONSUMO;ATTIVO
39320016158;30/08/2025;RICARICA;ATTIVO
39320016159;18/04/2024;CONSUMO;ATTIVO
39320016160;10/11/2022;RICARICA;ATTIVO
39320016161;12/09/2021;CONSUMO;ATTIVO
39320016162;10/03/2021;RICARICA;ATTIVO
39320016163;08/11/2022;CONSUMO;ATTIVO
39320016164;01/11/2025;RICARICA;ATTIVO
39320016165;08/05/2022;CONSUMO;ATTIVO
39320016166;20/11/2025;RICARICA;ATTIVO
39320016167;02/10/2023;CONSUMO;ATTIVO
39320016168;20/12/2021;RICARICA;ATTIVO
39320016169;27/11/2025;CONSUMO;ATTIVO
39320016170;20/11/2023;RICARICA;SOSPESO
39320016171;27/05/2021;CONSUMO;ATTIVO
39320016172;07/04/2025;RICARICA;ATTIVO
39320016173;26/11/2023;CONSUMO;ATTIVO
39320016174;19/03/2024;RICARICA;ATTIVO
39320016175;14/03/2025;CONSUMO;ATTIVO
39320016176;20/02/2024;RICARICA;ATTIVO
39320016177;06/10/2024;CONSUMO;ATTIVO
39320016178;24/10/2022;RICARICA;ATTIVO
39320016179;29/03/2022;CONSUMO;ATTIVO
39320016180;17/09/2025;RICARICA;ATTIVO
39320016181;26/04/2025;CONSUMO;ATTIVO
39320016182;14/04/2025;RICARICA;ATTIVO
39320016183;30/01/2024;CONSUMO;ATTIVO
39320016184;16/05/2024;RICARICA;ATTIVO
39320016185;10/07/2025;CONSUMO;ATTIVO
39320016186;03/03/2022;RICARICA;ATTIVO
39320016187;26/08/2022;CONSUMO;ATTIVO
39320016188;29/10/2023;RICARICA;ATTIVO
39320016189;29/10/2021;CONSUMO;ATTIVO
39320016190;25/01/2026;RICARICA;ATTIVO
39320016191;31/07/2023;CONSUMO;ATTIVO
39320016192;10/02/2023;RICARICA;ATTIVO
39320016193;10/04/2021;CONSUMO;ATTIVO
39320016194;05/03/2023;RICARICA;ATTIVO
39320016195;28/10/2021;CONSUMO;ATTIVO
39320016196;02/02/2022;RICARICA;ATTIVO
39320016197;18/03/2022;CONSUMO;ATTIVO
39320016198;24/10/2024;RICARICA;ATTIVO
39320016199;11/07/2024;CONSUMO;ATTIVO
39320016200;06/04/2023;RICARICA;ATTIVO
39320016201;09/05/2024;CONSUMO;ATTIVO
39320016202;21/02/2025;RICARICA;ATTIVO
39320016203;22/04/2022;CONSUMO;ATTIVO
39320016204;28/05/2021;RICARICA;ATTIVO
39320016205;05/11/2021;CONSUMO;ATTIVO
39320016206;30/01/2023;RICARICA;ATTIVO
39320016207;14/05/2023;CONSUMO;ATTIVO
39320016208;02/01/2025;RICARICA;ATTIVO
39320016209;22/01/2026;CONSUMO;ATTIVO
39320016210;13/12/2025;RICARICA;ATTIVO
39320016211;12/09/2021;CONSUMO;ATTIVO
39320016212;10/09/2022;RICARICA;ATTIVO
39320016213;02/01/2023;CONSUMO;ATTIVO
39320016214;20/12/2025;RICARICA;ATTIVO
39320016215;14/10/2024;CONSUMO;ATTIVO
39320016216;06/10/2021;RICARICA;ATTIVO
39320016217;15/03/2023;CONSUMO;ATTIVO
39320016218;04/10/2022;RICARICA;ATTIVO
39320016219;10/11/2023;CONSUMO;ATTIVO
39320016220;06/02/2026;RICARICA;ATTIVO
39320016221;21/12/2025;CONSUMO;ATTIVO
39320016222;25/07/2025;RICARICA;ATTIVO
39320016223;24/05/2025;CONSUMO;ATTIVO
39320016224;03/05/2025;RICARICA;ATTIVO
39320016225;09/06/2024;CONSUMO;ATTIVO
39320016226;11/08/2022;RICARICA;ATTIVO
39320016227;08/08/2022;CONSUMO;ATTIVO
39320016228;30/12/2024;RICARICA;ATTIVO
39320016229;18/04/2024;CONSUMO;ATTIVO
39320016230;25/01/2022;RICARICA;ATTIVO
39320016231;31/07/2023;CONSUMO;ATTIVO
39320016232;04/12/2025;RICARICA;ATTIVO
39320016233;26/02/2021;CONSUMO;SOSPESO
39320016234;25/05/2025;RICARICA;ATTIVO
39320016235;09/03/2023;CONSUMO;ATTIVO
39320016236;16/02/2024;RICARICA;ATTIVO
39320016237;21/02/2021;CONSUMO;ATTIVO
39320016238;04/11/2021;RICARICA;ATTIVO
39320016239;10/11/2025;CONSUMO;ATTIVO
39320016240;15/08/2023;RICARICA;ATTIVO
39320016241;24/09/2022;CONSUMO;ATTIVO
39320016242;20/12/2022;RICARICA;ATTIVO
39320016243;30/06/2021;CONSUMO;ATTIVO
39320016244;25/03/2025;RICARICA;ATTIVO
39320016245;02/03/2022;CONSUMO;ATTIVO
39320016246;02/03/2022;RICARICA;ATTIVO
39320016247;19/04/2024;CONSUMO;ATTIVO
39320016248;08/03/2021;RICARICA;ATTIVO
39320016249;06/04/2021;CONSUMO;ATTIVO
39320016250;23/07/2022;RICARICA;ATTIVO
39320016251;19/06/2025;CONSUMO;ATTIVO
39320016252;27/03/2023;RICARICA;ATTIVO
39320016253;03/11/2023;CONSUMO;ATTIVO
39320016254;06/03/2025;RICARICA;ATTIVO
39320016255;24/06/2022;CONSUMO;ATTIVO
39320016256;12/12/2023;RICARICA;SOSPESO
39320016257;28/06/2025;CONSUMO;ATTIVO
39320016258;07/09/2024;RICARICA;ATTIVO
39320016259;19/05/2022;CONSUMO;ATTIVO
39320016260;05/01/2022;RICARICA;ATTIVO
39320016261;07/11/2025;CONSUMO;ATTIVO
39320016262;23/04/2023;RICARICA;ATTIVO
39320016263;07/03/2021;CONSUMO;ATTIVO
39320016264;18/02/2026;RICARICA;ATTIVO
39320016265;11/04/2025;CONSUMO;ATTIVO
39320016266;17/03/2021;RICARICA;ATTIVO
39320016267;01/03/2021;CONSUMO;ATTIVO
39320016268;14/03/2024;RICARICA;ATTIVO
39320016269;24/05/2021;CONSUMO;ATTIVO
39320016270;18/05/2022;RICARICA;ATTIVO
39320016271;12/04/2024;CONSUMO;SOSPESO
39320016272;25/09/2024;RICARICA;ATTIVO
39320016273;14/05/2023;CONSUMO;ATTIVO
39320016274;13/05/2024;RICARICA;ATTIVO
39320016275;09/05/2024;CONSUMO;ATTIVO
39320016276;26/04/2024;RICARICA;ATTIVO
39320016277;04/09/2025;CONSUMO;ATTIVO
39320016278;14/06/2021;RICARICA;ATTIVO
39320016279;28/07/2021;CONSUMO;ATTIVO
39320016280;14/10/2022;RICARICA;ATTIVO
39320016281;14/03/2025;CONSUMO;SOSPESO
39320016282;01/06/2025;RICARICA;SOSPESO
39320016283;03/04/2023;CONSUMO;ATTIVO
39320016284;01/10/2022;RICARICA;ATTIVO
39320016285;22/08/2023;CONSUMO;ATTIVO
39320016286;06/03/2026;RICARICA;ATTIVO
39320016287;09/08/2024;CONSUMO;ATTIVO
39320016288;17/04/2023;RICARICA;ATTIVO
39320016289;01/10/2024;CONSUMO;ATTIVO
39320016290;15/01/2025;RICARICA;ATTIVO
39320016291;10/04/2024;CONSUMO;ATTIVO
39320016292;06/10/2024;RICARICA;ATTIVO
39320016293;21/05/2025;CONSUMO;ATTIVO
39320016294;27/01/2024;RICARICA;ATTIVO
39320016295;21/12/2024;CONSUMO;ATTIVO
39320016296;25/02/2025;RICARICA;ATTIVO
39320016297;30/09/2021;CONSUMO;ATTIVO
39320016298;04/12/2022;RICARICA;SOSPESO
39320016299;15/04/2024;CONSUMO;ATTIVO
39320016300;15/12/2023;RICARICA;ATTIVO
39320016301;19/05/2021;CONSUMO;ATTIVO
39320016302;03/12/2021;RICARICA;ATTIVO
39320016303;17/11/2024;CONSUMO;ATTIVO
39320016304;04/02/2025;RICARICA;ATTIVO
39320016305;13/12/2024;CONSUMO;ATTIVO
39320016306;16/05/2023;RICARICA;ATTIVO
39320016307;18/10/2025;CONSUMO;ATTIVO
39320016308;24/07/2022;RICARICA;ATTIVO
39320016309;25/10/2024;CONSUMO;ATTIVO
39320016310;01/01/2024;RICARICA;ATTIVO
39320016311;17/02/2026;CONSUMO;ATTIVO
39320016312;03/06/2022;RICARICA;ATTIVO
39320016313;18/05/2021;CONSUMO;ATTIVO
39320016314;30/06/2021;RICARICA;ATTIVO
39320016315;10/02/2023;CONSUMO;ATTIVO
39320016316;20/09/2023;RICARICA;ATTIVO
39320016317;12/11/2025;CONSUMO;ATTIVO
39320016318;05/02/2024;RICARICA;ATTIVO
39320016319;04/07/2021;CONSUMO;ATTIVO
39320016320;10/02/2025;RICARICA;ATTIVO
39320016321;27/11/2022;CONSUMO;ATTIVO
39320016322;22/07/2023;RICARICA;ATTIVO
39320016323;12/09/2022;CONSUMO;ATTIVO
39320016324;06/01/2021;RICARICA;ATTIVO
39320016325;25/05/2024;CONSUMO;ATTIVO
39320016326;31/07/2021;RICARICA;ATTIVO
39320016327;12/01/2026;CONSUMO;ATTIVO
39320016328;08/10/2024;RICARICA;ATTIVO
39320016329;18/01/2025;CONSUMO;ATTIVO
39320016330;31/10/2023;RICARICA;ATTIVO
39320016331;08/04/2022;CONSUMO;ATTIVO
39320016332;18/06/2021;RICARICA;ATTIVO
39320016333;12/03/2025;CONSUMO;ATTIVO
39320016334;26/03/2025;RICARICA;ATTIVO
39320016335;28/04/2023;CONSUMO;ATTIVO
39320016336;11/11/2025;RICARICA;ATTIVO
39320016337;09/09/2023;CONSUMO;ATTIVO
39320016338;22/02/2022;RICARICA;ATTIVO
39320016339;21/02/2022;CONSUMO;ATTIVO
39320016340;06/06/2021;RICARICA;ATTIVO
39320016341;20/01/2022;CONSUMO;ATTIVO
39320016342;29/12/2022;RICARICA;ATTIVO
39320016343;05/02/2022;CONSUMO;ATTIVO
39320016344;07/05/2023;RICARICA;ATTIVO
39320016345;31/12/2023;CONSUMO;ATTIVO
39320016346;17/12/2022;RICARICA;ATTIVO
39320016347;27/06/2024;CONSUMO;SOSPESO
39320016348;08/05/2025;RICARICA;ATTIVO
39320016349;30/07/2024;CONSUMO;ATTIVO
39320016350;01/09/2021;RICARICA;ATTIVO
39320016351;18/05/2024;CONSUMO;ATTIVO
39320016352;01/12/2025;RICARICA;ATTIVO
39320016353;23/06/2024;CONSUMO;ATTIVO
39320016354;28/03/2024;RICARICA;ATTIVO
39320016355;16/12/2024;CONSUMO;ATTIVO
39320016356;14/06/2025;RICARICA;SOSPESO
39320016357;21/02/2026;CONSUMO;ATTIVO
39320016358;09/02/2024;RICARICA;SOSPESO
39320016359;08/11/2022;CONSUMO;ATTIVO
39320016360;29/11/2023;RICARICA;ATTIVO
39320016361;08/11/2025;CONSUMO;ATTIVO
39320016362;02/08/2023;RICARICA;ATTIVO
39320016363;25/06/2024;CONSUMO;ATTIVO
39320016364;07/01/2024;RICARICA;ATTIVO
39320016365;15/10/2025;CONSUMO;ATTIVO
39320016366;28/03/2022;RICARICA;ATTIVO
39320016367;10/04/2025;CONSUMO;SOSPESO
39320016368;07/07/2021;RICARICA;ATTIVO
39320016369;07/01/2025;CONSUMO;ATTIVO
39320016370;08/02/2025;RICARICA;ATTIVO
39320016371;06/02/2022;CONSUMO;SOSPESO
39320016372;14/05/2021;RICARICA;ATTIVO
39320016373;09/11/2025;CONSUMO;ATTIVO
39320016374;15/06/2022;RICARICA;ATTIVO
39320016375;27/05/2024;CONSUMO;SOSPESO
39320016376;21/12/2021;RICARICA;ATTIVO
39320016377;18/11/2021;CONSUMO;ATTIVO
39320016378;30/05/2024;RICARICA;ATTIVO
39320016379;22/03/2024;CONSUMO;ATTIVO
39320016380;19/09/2025;RICARICA;ATTIVO
39320016381;12/04/2025;CONSUMO;ATTIVO
39320016382;18/09/2025;RICARICA;ATTIVO
39320016383;07/03/2026;CONSUMO;ATTIVO
39320016384;10/05/2021;RICARICA;ATTIVO
39320016385;13/11/2021;CONSUMO;ATTIVO
39320016386;31/01/2022;RICARICA;ATTIVO
39320016387;28/06/2021;CONSUMO;ATTIVO
39320016388;03/04/2023;RICARICA;ATTIVO
39320016389;26/05/2022;CONSUMO;ATTIVO
39320016390;13/12/2025;RICARICA;ATTIVO
39320016391;13/01/2023;CONSUMO;ATTIVO
39320016392;21/04/2021;RICARICA;SOSPESO
39320016393;19/10/2022;CONSUMO;ATTIVO
39320016394;24/01/2022;RICARICA;ATTIVO
39320016395;22/09/2022;CONSUMO;ATTIVO
39320016396;11/07/2023;RICARICA;ATTIVO
39320016397;30/06/2021;CONSUMO;ATTIVO
39320016398;24/07/2021;RICARICA;ATTIVO
39320016399;16/06/2024;CONSUMO;SOSPESO
39320016400;25/02/2025;RICARICA;ATTIVO
39320016401;11/06/2024;CONSUMO;ATTIVO
39320016402;21/09/2024;RICARICA;ATTIVO
39320016403;17/10/2022;CONSUMO;ATTIVO
39320016404;27/02/2025;RICARICA;ATTIVO
39320016405;05/06/2023;CONSUMO;ATTIVO
39320016406;27/06/2025;RICARICA;ATTIVO
39320016407;21/12/2025;CONSUMO;ATTIVO
39320016408;23/05/2025;RICARICA;ATTIVO
39320016409;12/01/2022;CONSUMO;ATTIVO
39320016410;21/07/2021;RICARICA;ATTIVO
39320016411;11/06/2024;CONSUMO;ATTIVO
39320016412;09/05/2024;RICARICA;ATTIVO
39320016413;09/11/2021;CONSUMO;ATTIVO
39320016414;21/09/2022;RICARICA;ATTIVO
39320016415;19/06/2024;CONSUMO;ATTIVO
39320016416;04/07/2025;RICARICA;ATTIVO
39320016417;09/05/2023;CONSUMO;SOSPESO
39320016418;23/02/2026;RICARICA;ATTIVO
39320016419;23/02/2023;CONSUMO;SOSPESO
39320016420;19/02/2023;RICARICA;ATTIVO
39320016421;11/07/2021;CONSUMO;ATTIVO
39320016422;08/01/2026;RICARICA;ATTIVO
39320016423;17/09/2025;CONSUMO;ATTIVO
39320016424;28/01/2025;RICARICA;ATTIVO
39320016425;29/09/2021;CONSUMO;ATTIVO
39320016426;28/05/2022;RICARICA;ATTIVO
39320016427;24/02/2025;CONSUMO;ATTIVO
39320016428;02/01/2024;RICARICA;ATTIVO
39320016429;16/08/2025;CONSUMO;ATTIVO
39320016430;15/09/2021;RICARICA;ATTIVO
39320016431;21/06/2021;CONSUMO;ATTIVO
39320016432;20/10/2023;RICARICA;ATTIVO
39320016433;30/07/2024;CONSUMO;ATTIVO
39320016434;24/08/2024;RICARICA;ATTIVO
39320016435;08/09/2025;CONSUMO;ATTIVO
39320016436;15/05/2025;RICARICA;ATTIVO
39320016437;27/10/2021;CONSUMO;ATTIVO
39320016438;01/02/2022;RICARICA;ATTIVO
39320016439;14/10/2023;CONSUMO;ATTIVO
39320016440;21/12/2024;RICARICA;ATTIVO
39320016441;08/01/2021;CONSUMO;ATTIVO
39320016442;10/03/2024;RICARICA;ATTIVO
39320016443;17/09/2024;CONSUMO;ATTIVO
39320016444;21/07/2024;RICARICA;SOSPESO
39320016445;21/07/2024;CONSUMO;ATTIVO
39320016446;23/09/2021;RICARICA;ATTIVO
39320016447;03/02/2024;CONSUMO;ATTIVO
39320016448;11/04/2021;RICARICA;ATTIVO
39320016449;20/11/2021;CONSUMO;ATTIVO
39320016450;06/04/2021;RICARICA;SOSPESO
39320016451;15/09/2024;CONSUMO;ATTIVO
39320016452;28/09/2025;RICARICA;ATTIVO
39320016453;27/11/2022;CONSUMO;ATTIVO
39320016454;14/02/2025;RICARICA;ATTIVO
39320016455;07/07/2025;CONSUMO;ATTIVO
39320016456;07/08/2023;RICARICA;SOSPESO
39320016457;24/10/2021;CONSUMO;ATTIVO
39320016458;30/06/2021;RICARICA;ATTIVO
39320016459;17/01/2022;CONSUMO;ATTIVO
39320016460;20/07/2025;RICARICA;ATTIVO
39320016461;18/10/2024;CONSUMO;SOSPESO
39320016462;17/12/2025;RICARICA;SOSPESO
39320016463;08/08/2024;CONSUMO;ATTIVO
39320016464;29/10/2021;RICARICA;ATTIVO
39320016465;23/11/2023;CONSUMO;ATTIVO
39320016466;09/07/2025;RICARICA;ATTIVO
39320016467;13/08/2022;CONSUMO;ATTIVO
39320016468;22/12/2021;RICARICA;ATTIVO
39320016469;31/08/2025;CONSUMO;ATTIVO
39320016470;27/01/2021;RICARICA;ATTIVO
39320016471;05/01/2023;CONSUMO;ATTIVO
39320016472;21/12/2025;RICARICA;ATTIVO
39320016473;13/07/2023;CONSUMO;SOSPESO
39320016474;29/03/2023;RICARICA;ATTIVO
39320016475;28/05/2024;CONSUMO;SOSPESO
39320016476;27/03/2021;RICARICA;ATTIVO
39320016477;17/02/2021;CONSUMO;ATTIVO
39320016478;20/06/2021;RICARICA;ATTIVO
39320016479;01/02/2025;CONSUMO;ATTIVO
39320016480;08/11/2022;RICARICA;ATTIVO
39320016481;09/11/2024;CONSUMO;ATTIVO
39320016482;14/03/2021;RICARICA;ATTIVO
39320016483;08/03/2023;CONSUMO;ATTIVO
39320016484;19/09/2025;RICARICA;ATTIVO
39320016485;08/07/2025;CONSUMO;ATTIVO
39320016486;21/11/2023;RICARICA;ATTIVO
39320016487;24/12/2023;CONSUMO;ATTIVO
39320016488;12/11/2023;RICARICA;ATTIVO
39320016489;08/12/2025;CONSUMO;ATTIVO
39320016490;22/05/2023;RICARICA;ATTIVO
39320016491;10/02/2026;CONSUMO;SOSPESO
39320016492;30/06/2024;RICARICA;ATTIVO
39320016493;01/06/2021;CONSUMO;ATTIVO
39320016494;11/09/2024;RICARICA;SOSPESO
39320016495;04/05/2023;CONSUMO;ATTIVO
39320016496;18/12/2025;RICARICA;SOSPESO
39320016497;24/09/2025;CONSUMO;ATTIVO
39320016498;17/12/2025;RICARICA;ATTIVO
39320016499;20/07/2021;CONSUMO;ATTIVO
39320016500;13/11/2025;RICARICA;ATTIVO
39320016501;22/02/2023;CONSUMO;ATTIVO
39320016502;27/07/2022;RICARICA;ATTIVO
39320016503;21/04/2024;CONSUMO;ATTIVO
39320016504;23/03/2025;RICARICA;ATTIVO
39320016505;12/12/2025;CONSUMO;ATTIVO
39320016506;28/03/2024;RICARICA;ATTIVO
39320016507;15/03/2022;CONSUMO;ATTIVO
39320016508;01/03/2022;RICARICA;ATTIVO
39320016509;06/04/2025;CONSUMO;ATTIVO
39320016510;10/06/2022;RICARICA;ATTIVO
39320016511;04/12/2023;CONSUMO;ATTIVO
39320016512;17/04/2025;RICARICA;ATTIVO
39320016513;19/05/2022;CONSUMO;ATTIVO
39320016514;10/01/2025;RICARICA;ATTIVO
39320016515;23/09/2022;CONSUMO;ATTIVO
39320016516;27/12/2024;RICARICA;ATTIVO
39320016517;16/06/2022;CONSUMO;ATTIVO
39320016518;28/02/2024;RICARICA;ATTIVO
39320016519;11/01/2023;CONSUMO;ATTIVO
39320016520;22/06/2023;RICARICA;ATTIVO
39320016521;06/05/2022;CONSUMO;ATTIVO
39320016522;13/12/2025;RICARICA;ATTIVO
39320016523;15/02/2025;CONSUMO;ATTIVO
39320016524;17/03/2022;RICARICA;ATTIVO
39320016525;07/08/2025;CONSUMO;ATTIVO
39320016526;01/02/2025;RICARICA;ATTIVO
39320016527;08/09/2024;CONSUMO;ATTIVO
39320016528;08/10/2023;RICARICA;ATTIVO
39320016529;14/02/2024;CONSUMO;ATTIVO
39320016530;12/11/2023;RICARICA;ATTIVO
39320016531;08/04/2023;CONSUMO;ATTIVO
39320016532;19/12/2023;RICARICA;ATTIVO
39320016533;28/04/2023;CONSUMO;ATTIVO
39320016534;11/11/2022;RICARICA;ATTIVO
39320016535;15/09/2024;CONSUMO;ATTIVO
39320016536;30/12/2025;RICARICA;ATTIVO
39320016537;05/05/2025;CONSUMO;ATTIVO
39320016538;18/09/2024;RICARICA;ATTIVO
39320016539;16/01/2022;CONSUMO;ATTIVO
39320016540;22/11/2021;RICARICA;ATTIVO
39320016541;04/12/2021;CONSUMO;ATTIVO
39320016542;20/01/2026;RICARICA;ATTIVO
39320016543;14/04/2025;CONSUMO;ATTIVO
39320016544;24/03/2022;RICARICA;ATTIVO
39320016545;04/02/2023;CONSUMO;ATTIVO
39320016546;14/06/2023;RICARICA;ATTIVO
39320016547;20/11/2023;CONSUMO;ATTIVO
39320016548;02/01/2024;RICARICA;ATTIVO
39320016549;27/10/2024;CONSUMO;SOSPESO
39320016550;16/05/2023;RICARICA;ATTIVO
39320016551;19/04/2023;CONSUMO;ATTIVO
39320016552;26/10/2023;RICARICA;ATTIVO
39320016553;29/03/2023;CONSUMO;ATTIVO
39320016554;30/06/2025;RICARICA;ATTIVO
39320016555;10/09/2023;CONSUMO;SOSPESO
39320016556;12/02/2025;RICARICA;ATTIVO
39320016557;29/10/2022;CONSUMO;ATTIVO
39320016558;31/08/2023;RICARICA;ATTIVO
39320016559;12/06/2021;CONSUMO;ATTIVO
39320016560;26/07/2024;RICARICA;ATTIVO
39320016561;06/09/2023;CONSUMO;ATTIVO
39320016562;07/12/2022;RICARICA;ATTIVO
39320016563;23/12/2024;CONSUMO;ATTIVO
39320016564;11/07/2024;RICARICA;ATTIVO
39320016565;28/10/2023;CONSUMO;ATTIVO
39320016566;28/09/2023;RICARICA;ATTIVO
39320016567;22/12/2024;CONSUMO;ATTIVO
39320016568;21/07/2022;RICARICA;ATTIVO
39320016569;05/11/2024;CONSUMO;ATTIVO
39320016570;26/07/2024;RICARICA;ATTIVO
39320016571;15/12/2023;CONSUMO;ATTIVO
39320016572;23/12/2025;RICARICA;SOSPESO
39320016573;17/11/2021;CONSUMO;ATTIVO
39320016574;24/10/2022;RICARICA;ATTIVO
39320016575;15/09/2025;CONSUMO;ATTIVO
39320016576;30/08/2021;RICARICA;ATTIVO
39320016577;21/06/2024;CONSUMO;ATTIVO
39320016578;11/06/2022;RICARICA;ATTIVO
39320016579;04/07/2022;CONSUMO;ATTIVO
39320016580;30/12/2022;RICARICA;ATTIVO
39320016581;28/05/2021;CONSUMO;ATTIVO
39320016582;14/05/2025;RICARICA;ATTIVO
39320016583;29/09/2022;CONSUMO;ATTIVO
39320016584;06/06/2024;RICARICA;ATTIVO
39320016585;21/12/2023;CONSUMO;ATTIVO
39320016586;02/05/2022;RICARICA;SOSPESO
39320016587;17/01/2021;CONSUMO;ATTIVO
39320016588;13/04/2021;RICARICA;ATTIVO
39320016589;28/02/2022;CONSUMO;ATTIVO
39320016590;30/10/2023;RICARICA;ATTIVO
39320016591;05/05/2021;CONSUMO;ATTIVO
39320016592;23/03/2023;RICARICA;ATTIVO
39320016593;11/09/2025;CONSUMO;ATTIVO
39320016594;03/04/2025;RICARICA;ATTIVO
39320016595;24/03/2024;CONSUMO;ATTIVO
39320016596;02/08/2024;RICARICA;ATTIVO
39320016597;04/03/2026;CONSUMO;ATTIVO
39320016598;16/09/2021;RICARICA;ATTIVO
39320016599;05/04/2025;CONSUMO;ATTIVO
39320016600;06/03/2025;RICARICA;ATTIVO
39320016601;01/05/2025;CONSUMO;ATTIVO
39320016602;09/12/2021;RICARICA;ATTIVO
39320016603;21/04/2023;CONSUMO;ATTIVO
39320016604;08/03/2024;RICARICA;ATTIVO
39320016605;19/04/2025;CONSUMO;ATTIVO
39320016606;03/09/2024;RICARICA;ATTIVO
39320016607;19/06/2021;CONSUMO;ATTIVO
39320016608;26/11/2025;RICARICA;ATTIVO
39320016609;10/03/2021;CONSUMO;ATTIVO
39320016610;14/06/2025;RICARICA;ATTIVO
39320016611;07/02/2026;CONSUMO;ATTIVO
39320016612;11/01/2021;RICARICA;ATTIVO
39320016613;16/10/2025;CONSUMO;ATTIVO
39320016614;25/03/2022;RICARICA;ATTIVO
39320016615;11/05/2022;CONSUMO;ATTIVO
39320016616;10/12/2025;RICARICA;ATTIVO
39320016617;31/03/2023;CONSUMO;SOSPESO
39320016618;23/09/2023;RICARICA;ATTIVO
39320016619;10/12/2022;CONSUMO;ATTIVO
39320016620;13/07/2022;RICARICA;ATTIVO
39320016621;02/02/2021;CONSUMO;ATTIVO
39320016622;14/04/2024;RICARICA;ATTIVO
39320016623;16/03/2023;CONSUMO;ATTIVO
39320016624;29/12/2025;RICARICA;ATTIVO
39320016625;19/10/2025;CONSUMO;ATTIVO
39320016626;12/03/2025;RICARICA;ATTIVO
39320016627;06/04/2023;CONSUMO;ATTIVO
39320016628;10/10/2021;RICARICA;ATTIVO
39320016629;09/04/2021;CONSUMO;ATTIVO
39320016630;15/03/2025;RICARICA;ATTIVO
39320016631;10/03/2026;CONSUMO;ATTIVO
39320016632;13/06/2025;RICARICA;ATTIVO
39320016633;20/03/2024;CONSUMO;ATTIVO
39320016634;12/05/2024;RICARICA;ATTIVO
39320016635;26/12/2024;CONSUMO;ATTIVO
39320016636;16/12/2022;RICARICA;ATTIVO
39320016637;22/02/2025;CONSUMO;ATTIVO
39320016638;30/10/2024;RICARICA;ATTIVO
39320016639;24/10/2023;CONSUMO;ATTIVO
39320016640;29/03/2021;RICARICA;ATTIVO
39320016641;25/06/2021;CONSUMO;ATTIVO
39320016642;02/01/2023;RICARICA;SOSPESO
39320016643;19/01/2025;CONSUMO;ATTIVO
39320016644;26/05/2025;RICARICA;ATTIVO
39320016645;06/09/2024;CONSUMO;ATTIVO
39320016646;19/05/2022;RICARICA;ATTIVO
39320016647;11/10/2024;CONSUMO;ATTIVO
39320016648;28/11/2022;RICARICA;ATTIVO
39320016649;30/01/2024;CONSUMO;ATTIVO
39320016650;16/02/2026;RICARICA;ATTIVO
39320016651;09/01/2022;CONSUMO;ATTIVO
39320016652;22/03/2022;RICARICA;SOSPESO
39320016653;30/01/2023;CONSUMO;ATTIVO
39320016654;06/08/2024;RICARICA;ATTIVO
39320016655;14/08/2022;CONSUMO;ATTIVO
39320016656;06/01/2021;RICARICA;ATTIVO
39320016657;02/06/2024;CONSUMO;ATTIVO
39320016658;15/02/2021;RICARICA;ATTIVO
39320016659;28/08/2025;CONSUMO;ATTIVO
39320016660;26/09/2024;RICARICA;ATTIVO
39320016661;27/02/2024;CONSUMO;ATTIVO
39320016662;24/07/2021;RICARICA;ATTIVO
39320016663;13/05/2021;CONSUMO;ATTIVO
39320016664;07/02/2023;RICARICA;ATTIVO
39320016665;10/11/2021;CONSUMO;ATTIVO
39320016666;10/11/2024;RICARICA;ATTIVO
39320016667;16/07/2021;CONSUMO;ATTIVO
39320016668;22/05/2024;RICARICA;ATTIVO
39320016669;26/11/2022;CONSUMO;ATTIVO
39320016670;25/07/2021;RICARICA;ATTIVO
39320016671;19/07/2022;CONSUMO;ATTIVO
39320016672;31/12/2021;RICARICA;ATTIVO
39320016673;10/10/2024;CONSUMO;ATTIVO
39320016674;26/11/2023;RICARICA;ATTIVO
39320016675;20/11/2022;CONSUMO;ATTIVO
39320016676;02/09/2023;RICARICA;ATTIVO
39320016677;01/07/2023;CONSUMO;ATTIVO
39320016678;16/02/2023;RICARICA;ATTIVO
39320016679;07/04/2024;CONSUMO;ATTIVO
39320016680;13/09/2023;RICARICA;ATTIVO
39320016681;30/10/2022;CONSUMO;ATTIVO
39320016682;08/06/2024;RICARICA;ATTIVO
39320016683;14/06/2025;CONSUMO;ATTIVO
39320016684;31/07/2024;RICARICA;ATTIVO
39320016685;01/04/2022;CONSUMO;SOSPESO
39320016686;04/06/2023;RICARICA;ATTIVO
39320016687;08/09/2024;CONSUMO;ATTIVO
39320016688;20/11/2022;RICARICA;ATTIVO
39320016689;28/06/2025;CONSUMO;ATTIVO
39320016690;16/10/2021;RICARICA;ATTIVO
39320016691;27/08/2025;CONSUMO;ATTIVO
39320016692;22/04/2025;RICARICA;ATTIVO
39320016693;13/01/2026;CONSUMO;ATTIVO
39320016694;10/04/2023;RICARICA;SOSPESO
39320016695;22/11/2024;CONSUMO;ATTIVO
39320016696;07/11/2025;RICARICA;ATTIVO
39320016697;08/03/2022;CONSUMO;ATTIVO
39320016698;08/08/2023;RICARICA;ATTIVO
39320016699;15/04/2021;CONSUMO;ATTIVO
39320016700;13/08/2021;RICARICA;ATTIVO
39320016701;14/11/2022;CONSUMO;ATTIVO
39320016702;05/08/2023;RICARICA;ATTIVO
39320016703;14/04/2022;CONSUMO;ATTIVO
39320016704;12/06/2024;RICARICA;SOSPESO
39320016705;08/05/2022;CONSUMO;ATTIVO
39320016706;04/08/2025;RICARICA;ATTIVO
39320016707;22/06/2022;CONSUMO;ATTIVO
39320016708;18/09/2023;RICARICA;ATTIVO
39320016709;23/12/2022;CONSUMO;SOSPESO
39320016710;18/08/2023;RICARICA;SOSPESO
39320016711;21/11/2022;CONSUMO;ATTIVO
39320016712;01/08/2021;RICARICA;ATTIVO
39320016713;08/07/2022;CONSUMO;ATTIVO
39320016714;06/02/2025;RICARICA;ATTIVO
39320016715;25/09/2022;CONSUMO;ATTIVO
39320016716;30/12/2023;RICARICA;ATTIVO
39320016717;21/08/2024;CONSUMO;ATTIVO
39320016718;15/03/2022;RICARICA;ATTIVO
39320016719;06/10/2022;CONSUMO;ATTIVO
39320016720;29/10/2025;RICARICA;ATTIVO
39320016721;22/01/2023;CONSUMO;SOSPESO
39320016722;17/12/2022;RICARICA;ATTIVO
39320016723;05/09/2025;CONSUMO;ATTIVO
39320016724;16/03/2025;RICARICA;ATTIVO
39320016725;10/09/2025;CONSUMO;ATTIVO
39320016726;10/03/2025;RICARICA;ATTIVO
39320016727;02/09/2025;CONSUMO;ATTIVO
39320016728;16/03/2026;RICARICA;ATTIVO
39320016729;31/08/2024;CONSUMO;ATTIVO
39320016730;01/04/2021;RICARICA;ATTIVO
39320016731;13/01/2026;CONSUMO;ATTIVO
39320016732;03/05/2025;RICARICA;ATTIVO
39320016733;10/07/2024;CONSUMO;ATTIVO
39320016734;10/05/2025;RICARICA;ATTIVO
39320016735;10/12/2021;CONSUMO;ATTIVO
39320016736;27/02/2025;RICARICA;ATTIVO
39320016737;31/05/2025;CONSUMO;SOSPESO
39320016738;11/09/2022;RICARICA;ATTIVO
39320016739;08/09/2022;CONSUMO;ATTIVO
39320016740;28/07/2021;RICARICA;ATTIVO
39320016741;11/07/2025;CONSUMO;ATTIVO
39320016742;30/06/2023;RICARICA;ATTIVO
39320016743;16/07/2021;CONSUMO;ATTIVO
39320016744;07/10/2023;RICARICA;ATTIVO
39320016745;29/09/2023;CONSUMO;ATTIVO
39320016746;10/07/2025;RICARICA;ATTIVO
39320016747;18/05/2022;CONSUMO;SOSPESO
39320016748;12/09/2021;RICARICA;ATTIVO
39320016749;01/01/2025;CONSUMO;ATTIVO
39320016750;28/11/2022;RICARICA;SOSPESO
39320016751;28/11/2023;CONSUMO;ATTIVO
39320016752;20/10/2023;RICARICA;SOSPESO
39320016753;03/02/2023;CONSUMO;ATTIVO
39320016754;05/04/2023;RICARICA;ATTIVO
39320016755;04/08/2023;CONSUMO;ATTIVO
39320016756;31/05/2024;RICARICA;ATTIVO
39320016757;26/07/2021;CONSUMO;ATTIVO
39320016758;01/08/2023;RICARICA;ATTIVO
39320016759;20/10/2024;CONSUMO;ATTIVO
39320016760;30/09/2025;RICARICA;ATTIVO
39320016761;03/08/2021;CONSUMO;ATTIVO
39320016762;14/03/2021;RICARICA;SOSPESO
39320016763;01/08/2023;CONSUMO;ATTIVO
39320016764;16/08/2024;RICARICA;ATTIVO
39320016765;10/03/2021;CONSUMO;ATTIVO
39320016766;05/06/2023;RICARICA;ATTIVO
39320016767;31/12/2021;CONSUMO;SOSPESO
39320016768;03/10/2022;RICARICA;ATTIVO
39320016769;20/07/2021;CONSUMO;ATTIVO
39320016770;12/12/2024;RICARICA;ATTIVO
39320016771;15/03/2025;CONSUMO;ATTIVO
39320016772;30/03/2024;RICARICA;ATTIVO
39320016773;30/04/2022;CONSUMO;ATTIVO
39320016774;28/04/2025;RICARICA;ATTIVO
39320016775;13/04/2024;CONSUMO;ATTIVO
39320016776;03/04/2023;RICARICA;ATTIVO
39320016777;24/12/2022;CONSUMO;SOSPESO
39320016778;08/06/2025;RICARICA;ATTIVO
39320016779;07/05/2022;CONSUMO;ATTIVO
39320016780;11/10/2024;RICARICA;ATTIVO
39320016781;11/12/2024;CONSUMO;ATTIVO
39320016782;15/04/2023;RICARICA;ATTIVO
39320016783;29/04/2021;CONSUMO;ATTIVO
39320016784;30/09/2021;RICARICA;ATTIVO
39320016785;16/03/2022;CONSUMO;ATTIVO
39320016786;24/06/2021;RICARICA;SOSPESO
39320016787;18/04/2022;CONSUMO;ATTIVO
39320016788;07/08/2025;RICARICA;ATTIVO
39320016789;02/02/2022;CONSUMO;ATTIVO
39320016790;02/06/2021;RICARICA;ATTIVO
39320016791;07/04/2021;CONSUMO;ATTIVO
39320016792;09/02/2026;RICARICA;ATTIVO
39320016793;04/12/2021;CONSUMO;ATTIVO
39320016794;27/09/2022;RICARICA;SOSPESO
39320016795;10/04/2022;CONSUMO;ATTIVO
39320016796;09/10/2025;RICARICA;ATTIVO
39320016797;06/04/2022;CONSUMO;ATTIVO
39320016798;29/12/2024;RICARICA;ATTIVO
39320016799;08/03/2024;CONSUMO;ATTIVO
39320016800;24/04/2025;RICARICA;ATTIVO
39320016801;09/05/2021;CONSUMO;SOSPESO
39320016802;03/07/2022;RICARICA;ATTIVO
39320016803;15/02/2021;CONSUMO;ATTIVO
39320016804;22/04/2025;RICARICA;ATTIVO
39320016805;31/12/2025;CONSUMO;ATTIVO
39320016806;22/09/2024;RICARICA;ATTIVO
39320016807;24/07/2023;CONSUMO;ATTIVO
39320016808;13/04/2022;RICARICA;ATTIVO
39320016809;05/05/2025;CONSUMO;ATTIVO
39320016810;24/09/2025;RICARICA;ATTIVO
39320016811;25/07/2025;CONSUMO;ATTIVO
39320016812;16/08/2025;RICARICA;ATTIVO
39320016813;23/12/2021;CONSUMO;SOSPESO
39320016814;03/12/2022;RICARICA;ATTIVO
39320016815;02/10/2024;CONSUMO;ATTIVO
39320016816;11/01/2026;RICARICA;ATTIVO
39320016817;17/07/2025;CONSUMO;ATTIVO
39320016818;26/06/2022;RICARICA;ATTIVO
39320016819;27/06/2025;CONSUMO;ATTIVO
39320016820;21/12/2025;RICARICA;ATTIVO
39320016821;13/04/2025;CONSUMO;ATTIVO
39320016822;29/05/2023;RICARICA;SOSPESO
39320016823;01/08/2021;CONSUMO;ATTIVO
39320016824;16/09/2021;RICARICA;ATTIVO
39320016825;06/02/2022;CONSUMO;ATTIVO
39320016826;07/12/2021;RICARICA;ATTIVO
39320016827;07/07/2024;CONSUMO;ATTIVO
39320016828;23/10/2022;RICARICA;ATTIVO
39320016829;07/07/2025;CONSUMO;ATTIVO
39320016830;06/03/2026;RICARICA;ATTIVO
39320016831;29/09/2023;CONSUMO;ATTIVO
39320016832;25/01/2024;RICARICA;ATTIVO
39320016833;28/10/2021;CONSUMO;ATTIVO
39320016834;17/07/2025;RICARICA;ATTIVO
39320016835;19/09/2022;CONSUMO;ATTIVO
39320016836;02/04/2025;RICARICA;ATTIVO
39320016837;14/07/2023;CONSUMO;SOSPESO
39320016838;12/07/2024;RICARICA;ATTIVO
39320016839;13/02/2023;CONSUMO;ATTIVO
39320016840;04/12/2024;RICARICA;ATTIVO
39320016841;07/02/2023;CONSUMO;ATTIVO
39320016842;12/10/2022;RICARICA;ATTIVO
39320016843;09/03/2026;CONSUMO;ATTIVO
39320016844;03/12/2023;RICARICA;ATTIVO
39320016845;02/05/2025;CONSUMO;ATTIVO
39320016846;25/09/2024;RICARICA;ATTIVO
39320016847;28/01/2026;CONSUMO;ATTIVO
39320016848;24/06/2021;RICARICA;ATTIVO
39320016849;02/03/2026;CONSUMO;ATTIVO
39320016850;13/11/2023;RICARICA;SOSPESO
39320016851;08/11/2024;CONSUMO;ATTIVO
39320016852;29/04/2021;RICARICA;ATTIVO
39320016853;18/08/2025;CONSUMO;ATTIVO
39320016854;11/01/2024;RICARICA;ATTIVO
39320016855;29/04/2024;CONSUMO;ATTIVO
39320016856;12/09/2025;RICARICA;SOSPESO
39320016857;29/05/2023;CONSUMO;ATTIVO
39320016858;18/05/2025;RICARICA;ATTIVO
39320016859;14/05/2025;CONSUMO;ATTIVO
39320016860;01/11/2025;RICARICA;ATTIVO
39320016861;14/06/2021;CONSUMO;ATTIVO
39320016862;05/10/2024;RICARICA;ATTIVO
39320016863;27/02/2021;CONSUMO;SOSPESO
39320016864;19/06/2022;RICARICA;ATTIVO
39320016865;15/05/2022;CONSUMO;ATTIVO
39320016866;25/10/2022;RICARICA;ATTIVO
39320016867;03/05/2021;CONSUMO;ATTIVO
39320016868;16/08/2021;RICARICA;ATTIVO
39320016869;13/12/2021;CONSUMO;ATTIVO
39320016870;10/02/2026;RICARICA;ATTIVO
39320016871;05/02/2022;CONSUMO;ATTIVO
39320016872;14/09/2023;RICARICA;ATTIVO
39320016873;20/03/2023;CONSUMO;SOSPESO
39320016874;18/08/2023;RICARICA;ATTIVO
39320016875;05/04/2021;CONSUMO;ATTIVO
39320016876;22/01/2021;RICARICA;SOSPESO
39320016877;16/09/2024;CONSUMO;ATTIVO
39320016878;11/06/2023;RICARICA;ATTIVO
39320016879;19/01/2024;CONSUMO;ATTIVO
39320016880;11/08/2023;RICARICA;ATTIVO
39320016881;25/02/2025;CONSUMO;ATTIVO
39320016882;06/01/2021;RICARICA;ATTIVO
39320016883;01/09/2024;CONSUMO;ATTIVO
39320016884;13/09/2025;RICARICA;ATTIVO
39320016885;03/05/2023;CONSUMO;ATTIVO
39320016886;12/07/2021;RICARICA;ATTIVO
39320016887;27/03/2021;CONSUMO;ATTIVO
39320016888;09/12/2023;RICARICA;ATTIVO
39320016889;20/03/2023;CONSUMO;ATTIVO
39320016890;07/09/2024;RICARICA;ATTIVO
39320016891;24/10/2023;CONSUMO;ATTIVO
39320016892;22/03/2024;RICARICA;ATTIVO
39320016893;09/04/2022;CONSUMO;ATTIVO
39320016894;06/10/2024;RICARICA;ATTIVO
39320016895;27/09/2025;CONSUMO;ATTIVO
39320016896;04/11/2022;RICARICA;ATTIVO
39320016897;10/06/2022;CONSUMO;ATTIVO
39320016898;15/08/2023;RICARICA;ATTIVO
39320016899;20/04/2024;CONSUMO;ATTIVO
39320016900;02/04/2023;RICARICA;ATTIVO
39320016901;10/01/2025;CONSUMO;ATTIVO
39320016902;22/03/2025;RICARICA;ATTIVO
39320016903;28/10/2024;CONSUMO;ATTIVO
39320016904;26/05/2025;RICARICA;ATTIVO
39320016905;19/06/2025;CONSUMO;ATTIVO
39320016906;09/03/2021;RICARICA;SOSPESO
39320016907;13/01/2025;CONSUMO;ATTIVO
39320016908;24/09/2023;RICARICA;ATTIVO
39320016909;15/04/2022;CONSUMO;ATTIVO
39320016910;20/11/2022;RICARICA;ATTIVO
39320016911;23/08/2021;CONSUMO;ATTIVO
39320016912;05/05/2024;RICARICA;ATTIVO
39320016913;19/04/2021;CONSUMO;ATTIVO
39320016914;22/05/2021;RICARICA;ATTIVO
39320016915;05/02/2023;CONSUMO;ATTIVO
39320016916;24/07/2021;RICARICA;ATTIVO
39320016917;21/01/2024;CONSUMO;ATTIVO
39320016918;13/03/2023;RICARICA;ATTIVO
39320016919;23/01/2021;CONSUMO;ATTIVO
39320016920;25/12/2021;RICARICA;ATTIVO
39320016921;12/11/2022;CONSUMO;SOSPESO
39320016922;18/05/2021;RICARICA;ATTIVO
39320016923;29/07/2024;CONSUMO;ATTIVO
39320016924;01/02/2025;RICARICA;ATTIVO
39320016925;27/11/2025;CONSUMO;ATTIVO
39320016926;18/12/2021;RICARICA;ATTIVO
39320016927;08/01/2021;CONSUMO;ATTIVO
39320016928;20/08/2021;RICARICA;ATTIVO
39320016929;14/02/2025;CONSUMO;SOSPESO
39320016930;21/02/2021;RICARICA;ATTIVO
39320016931;11/11/2023;CONSUMO;ATTIVO
39320016932;12/06/2025;RICARICA;ATTIVO
39320016933;22/01/2021;CONSUMO;ATTIVO
39320016934;23/09/2025;RICARICA;SOSPESO
39320016935;20/04/2022;CONSUMO;ATTIVO
39320016936;24/01/2023;RICARICA;ATTIVO
39320016937;29/03/2025;CONSUMO;ATTIVO
39320016938;03/09/2022;RICARICA;ATTIVO
39320016939;15/09/2025;CONSUMO;ATTIVO
39320016940;19/06/2021;RICARICA;ATTIVO
39320016941;12/01/2023;CONSUMO;ATTIVO
39320016942;19/12/2025;RICARICA;ATTIVO
39320016943;10/10/2025;CONSUMO;ATTIVO
39320016944;30/09/2022;RICARICA;ATTIVO
39320016945;04/06/2022;CONSUMO;ATTIVO
39320016946;22/03/2022;RICARICA;ATTIVO
39320016947;16/12/2024;CONSUMO;ATTIVO
39320016948;23/02/2021;RICARICA;ATTIVO
39320016949;13/02/2025;CONSUMO;ATTIVO
39320016950;07/04/2021;RICARICA;ATTIVO
39320016951;17/04/2025;CONSUMO;ATTIVO
39320016952;09/02/2026;RICARICA;ATTIVO
39320016953;23/01/2022;CONSUMO;ATTIVO
39320016954;08/11/2022;RICARICA;ATTIVO
39320016955;24/07/2024;CONSUMO;ATTIVO
39320016956;15/09/2023;RICARICA;ATTIVO
39320016957;25/01/2021;CONSUMO;SOSPESO
39320016958;26/11/2022;RICARICA;ATTIVO
39320016959;02/11/2025;CONSUMO;ATTIVO
39320016960;24/07/2021;RICARICA;ATTIVO
39320016961;07/10/2023;CONSUMO;ATTIVO
39320016962;23/09/2023;RICARICA;ATTIVO
39320016963;29/01/2022;CONSUMO;ATTIVO
39320016964;22/04/2023;RICARICA;ATTIVO
39320016965;02/02/2026;CONSUMO;ATTIVO
39320016966;19/03/2024;RICARICA;ATTIVO
39320016967;23/09/2021;CONSUMO;ATTIVO
39320016968;01/12/2024;RICARICA;ATTIVO
39320016969;07/11/2022;CONSUMO;ATTIVO
39320016970;15/03/2023;RICARICA;ATTIVO
39320016971;16/07/2025;CONSUMO;ATTIVO
39320016972;23/07/2024;RICARICA;ATTIVO
39320016973;24/04/2024;CONSUMO;ATTIVO
39320016974;05/05/2022;RICARICA;ATTIVO
39320016975;19/02/2024;CONSUMO;ATTIVO
39320016976;29/03/2025;RICARICA;ATTIVO
39320016977;14/04/2025;CONSUMO;ATTIVO
39320016978;26/07/2023;RICARICA;ATTIVO
39320016979;28/09/2024;CONSUMO;ATTIVO
39320016980;05/05/2021;RICARICA;ATTIVO
39320016981;28/07/2022;CONSUMO;ATTIVO
39320016982;27/10/2022;RICARICA;SOSPESO
39320016983;05/09/2024;CONSUMO;ATTIVO
39320016984;17/04/2024;RICARICA;ATTIVO
39320016985;21/07/2023;CONSUMO;ATTIVO
39320016986;30/09/2024;RICARICA;ATTIVO
39320016987;22/09/2025;CONSUMO;ATTIVO
39320016988;11/04/2025;RICARICA;ATTIVO
39320016989;30/04/2022;CONSUMO;ATTIVO
39320016990;08/04/2022;RICARICA;ATTIVO
39320016991;03/04/2024;CONSUMO;ATTIVO
39320016992;13/03/2025;RICARICA;ATTIVO
39320016993;25/01/2025;CONSUMO;ATTIVO
39320016994;12/02/2026;RICARICA;ATTIVO
39320016995;21/10/2023;CONSUMO;ATTIVO
39320016996;25/06/2022;RICARICA;SOSPESO
39320016997;28/11/2022;CONSUMO;ATTIVO
39320016998;01/01/2021;RICARICA;ATTIVO
39320016999;30/07/2022;CONSUMO;ATTIVO
39320017000;25/10/2025;RICARICA;ATTIVO
39320017001;14/09/2022;CONSUMO;ATTIVO
39320017002;18/06/2023;RICARICA;ATTIVO
39320017003;21/03/2022;CONSUMO;ATTIVO
39320017004;14/01/2024;RICARICA;ATTIVO
39320017005;07/12/2022;CONSUMO;ATTIVO
39320017006;21/10/2025;RICARICA;ATTIVO
39320017007;16/08/2022;CONSUMO;ATTIVO
39320017008;16/04/2021;RICARICA;ATTIVO
39320017009;16/05/2025;CONSUMO;ATTIVO
39320017010;30/12/2025;RICARICA;SOSPESO
39320017011;02/08/2025;CONSUMO;ATTIVO
39320017012;28/12/2025;RICARICA;ATTIVO
39320017013;05/09/2023;CONSUMO;ATTIVO
39320017014;29/08/2021;RICARICA;ATTIVO
39320017015;15/04/2021;CONSUMO;ATTIVO
39320017016;25/03/2024;RICARICA;ATTIVO
39320017017;21/09/2022;CONSUMO;ATTIVO
39320017018;12/01/2023;RICARICA;ATTIVO
39320017019;03/03/2025;CONSUMO;ATTIVO
39320017020;01/12/2022;RICARICA;ATTIVO
39320017021;15/11/2023;CONSUMO;ATTIVO
39320017022;23/07/2023;RICARICA;ATTIVO
39320017023;05/03/2023;CONSUMO;ATTIVO
39320017024;07/03/2022;RICARICA;ATTIVO
39320017025;23/11/2022;CONSUMO;ATTIVO
39320017026;25/10/2024;RICARICA;ATTIVO
39320017027;21/02/2022;CONSUMO;ATTIVO
39320017028;31/05/2024;RICARICA;ATTIVO
39320017029;04/11/2024;CONSUMO;ATTIVO
39320017030;24/10/2025;RICARICA;ATTIVO
39320017031;04/05/2023;CONSUMO;ATTIVO
39320017032;08/06/2023;RICARICA;ATTIVO
39320017033;23/04/2024;CONSUMO;ATTIVO
39320017034;08/01/2022;RICARICA;SOSPESO
39320017035;24/08/2024;CONSUMO;ATTIVO
39320017036;16/04/2023;RICARICA;ATTIVO
39320017037;30/11/2023;CONSUMO;ATTIVO
39320017038;20/04/2023;RICARICA;ATTIVO
39320017039;03/09/2023;CONSUMO;ATTIVO
39320017040;21/04/2025;RICARICA;ATTIVO
39320017041;14/12/2025;CONSUMO;ATTIVO
39320017042;24/07/2023;RICARICA;ATTIVO
39320017043;07/02/2023;CONSUMO;ATTIVO
39320017044;31/03/2025;RICARICA;ATTIVO
39320017045;12/03/2024;CONSUMO;ATTIVO
39320017046;18/08/2025;RICARICA;ATTIVO
39320017047;10/02/2023;CONSUMO;ATTIVO
39320017048;18/08/2023;RICARICA;ATTIVO
39320017049;06/12/2025;CONSUMO;ATTIVO
39320017050;04/04/2025;RICARICA;SOSPESO
39320017051;23/05/2021;CONSUMO;ATTIVO
39320017052;24/06/2021;RICARICA;ATTIVO
39320017053;16/06/2023;CONSUMO;ATTIVO
39320017054;03/01/2023;RICARICA;ATTIVO
39320017055;09/02/2024;CONSUMO;ATTIVO
39320017056;20/12/2021;RICARICA;ATTIVO
39320017057;13/06/2025;CONSUMO;ATTIVO
39320017058;11/01/2024;RICARICA;SOSPESO
39320017059;30/08/2024;CONSUMO;ATTIVO
39320017060;12/08/2022;RICARICA;ATTIVO
39320017061;20/04/2022;CONSUMO;ATTIVO
39320017062;09/05/2025;RICARICA;ATTIVO
39320017063;02/06/2025;CONSUMO;ATTIVO
39320017064;17/06/2024;RICARICA;ATTIVO
39320017065;16/04/2022;CONSUMO;ATTIVO
39320017066;16/02/2023;RICARICA;ATTIVO
39320017067;02/04/2023;CONSUMO;ATTIVO
39320017068;27/12/2025;RICARICA;ATTIVO
39320017069;04/10/2025;CONSUMO;SOSPESO
39320017070;13/02/2023;RICARICA;ATTIVO
39320017071;14/06/2022;CONSUMO;ATTIVO
39320017072;24/10/2024;RICARICA;ATTIVO
39320017073;28/03/2023;CONSUMO;ATTIVO
39320017074;02/09/2024;RICARICA;ATTIVO
39320017075;30/11/2022;CONSUMO;ATTIVO
39320017076;08/12/2025;RICARICA;ATTIVO
39320017077;14/05/2025;CONSUMO;ATTIVO
39320017078;18/09/2022;RICARICA;ATTIVO
39320017079;02/11/2023;CONSUMO;ATTIVO
39320017080;15/09/2023;RICARICA;ATTIVO
39320017081;10/04/2021;CONSUMO;ATTIVO
39320017082;23/02/2023;RICARICA;ATTIVO
39320017083;27/06/2022;CONSUMO;ATTIVO
39320017084;20/12/2025;RICARICA;ATTIVO
39320017085;20/11/2022;CONSUMO;ATTIVO
39320017086;08/09/2023;RICARICA;ATTIVO
39320017087;29/11/2022;CONSUMO;ATTIVO
39320017088;27/08/2021;RICARICA;SOSPESO
39320017089;17/07/2024;CONSUMO;ATTIVO
39320017090;26/06/2025;RICARICA;ATTIVO
39320017091;21/01/2021;CONSUMO;ATTIVO
39320017092;12/01/2023;RICARICA;ATTIVO
39320017093;29/09/2022;CONSUMO;ATTIVO
39320017094;21/12/2023;RICARICA;ATTIVO
39320017095;26/10/2022;CONSUMO;ATTIVO
39320017096;29/06/2023;RICARICA;ATTIVO
39320017097;12/09/2022;CONSUMO;SOSPESO
39320017098;18/01/2023;RICARICA;ATTIVO
39320017099;03/03/2021;CONSUMO;ATTIVO
39320017100;27/10/2025;RICARICA;SOSPESO
39320017101;19/05/2023;CONSUMO;ATTIVO
39320017102;29/07/2024;RICARICA;SOSPESO
39320017103;20/01/2024;CONSUMO;ATTIVO
39320017104;22/10/2024;RICARICA;ATTIVO
39320017105;14/04/2022;CONSUMO;ATTIVO
39320017106;24/09/2021;RICARICA;ATTIVO
39320017107;26/05/2022;CONSUMO;ATTIVO
39320017108;22/02/2026;RICARICA;ATTIVO
39320017109;22/01/2026;CONSUMO;ATTIVO
39320017110;26/06/2024;RICARICA;SOSPESO
39320017111;25/01/2026;CONSUMO;ATTIVO
39320017112;02/04/2023;RICARICA;SOSPESO
39320017113;05/03/2026;CONSUMO;ATTIVO
39320017114;27/04/2024;RICARICA;ATTIVO
39320017115;17/09/2024;CONSUMO;ATTIVO
39320017116;20/07/2025;RICARICA;ATTIVO
39320017117;11/12/2023;CONSUMO;ATTIVO
39320017118;23/11/2021;RICARICA;ATTIVO
39320017119;30/11/2023;CONSUMO;ATTIVO
39320017120;20/08/2025;RICARICA;ATTIVO
39320017121;06/06/2021;CONSUMO;ATTIVO
39320017122;19/11/2021;RICARICA;ATTIVO
39320017123;08/03/2024;CONSUMO;ATTIVO
39320017124;18/04/2023;RICARICA;ATTIVO
39320017125;02/08/2025;CONSUMO;ATTIVO
39320017126;19/02/2026;RICARICA;ATTIVO
39320017127;15/03/2023;CONSUMO;ATTIVO
39320017128;24/08/2021;RICARICA;ATTIVO
39320017129;26/04/2022;CONSUMO;ATTIVO
39320017130;10/01/2022;RICARICA;ATTIVO
39320017131;04/11/2023;CONSUMO;ATTIVO
39320017132;10/01/2021;RICARICA;ATTIVO
39320017133;10/06/2021;CONSUMO;ATTIVO
39320017134;02/01/2022;RICARICA;ATTIVO
39320017135;02/10/2022;CONSUMO;ATTIVO
39320017136;12/06/2021;RICARICA;ATTIVO
39320017137;13/02/2021;CONSUMO;ATTIVO
39320017138;23/11/2021;RICARICA;ATTIVO
39320017139;05/09/2024;CONSUMO;ATTIVO
39320017140;18/06/2021;RICARICA;ATTIVO
39320017141;29/09/2023;CONSUMO;ATTIVO
39320017142;21/01/2023;RICARICA;SOSPESO
39320017143;17/05/2021;CONSUMO;ATTIVO
39320017144;22/12/2023;RICARICA;ATTIVO
39320017145;09/10/2021;CONSUMO;ATTIVO
39320017146;26/11/2024;RICARICA;ATTIVO
39320017147;14/11/2025;CONSUMO;ATTIVO
39320017148;12/04/2023;RICARICA;ATTIVO
39320017149;26/11/2025;CONSUMO;ATTIVO
39320017150;24/08/2024;RICARICA;ATTIVO
39320017151;17/05/2025;CONSUMO;ATTIVO
39320017152;17/12/2021;RICARICA;ATTIVO
39320017153;25/10/2024;CONSUMO;ATTIVO
39320017154;02/06/2022;RICARICA;ATTIVO
39320017155;18/08/2025;CONSUMO;ATTIVO
39320017156;13/11/2025;RICARICA;ATTIVO
39320017157;24/04/2021;CONSUMO;ATTIVO
39320017158;04/02/2026;RICARICA;ATTIVO
39320017159;22/08/2022;CONSUMO;ATTIVO
39320017160;07/07/2025;RICARICA;ATTIVO
39320017161;28/01/2021;CONSUMO;ATTIVO
39320017162;02/02/2023;RICARICA;ATTIVO
39320017163;08/10/2023;CONSUMO;ATTIVO
39320017164;03/05/2022;RICARICA;ATTIVO
39320017165;19/03/2022;CONSUMO;ATTIVO
39320017166;19/12/2024;RICARICA;ATTIVO
39320017167;23/05/2023;CONSUMO;ATTIVO
39320017168;30/06/2021;RICARICA;ATTIVO
39320017169;19/11/2022;CONSUMO;ATTIVO
39320017170;02/05/2024;RICARICA;ATTIVO
39320017171;03/10/2021;CONSUMO;ATTIVO
39320017172;04/06/2021;RICARICA;ATTIVO
39320017173;21/09/2024;CONSUMO;ATTIVO
39320017174;22/10/2023;RICARICA;ATTIVO
39320017175;25/06/2024;CONSUMO;ATTIVO
39320017176;15/01/2021;RICARICA;ATTIVO
39320017177;01/04/2021;CONSUMO;ATTIVO
39320017178;04/03/2024;RICARICA;ATTIVO
39320017179;01/06/2024;CONSUMO;SOSPESO
39320017180;17/09/2023;RICARICA;ATTIVO
39320017181;26/02/2021;CONSUMO;ATTIVO
39320017182;19/12/2022;RICARICA;ATTIVO
39320017183;25/09/2021;CONSUMO;ATTIVO
39320017184;04/10/2025;RICARICA;ATTIVO
39320017185;31/01/2024;CONSUMO;ATTIVO
39320017186;24/12/2022;RICARICA;ATTIVO
39320017187;10/04/2022;CONSUMO;ATTIVO
39320017188;03/03/2024;RICARICA;ATTIVO
39320017189;08/01/2021;CONSUMO;ATTIVO
39320017190;24/03/2024;RICARICA;ATTIVO
39320017191;09/02/2022;CONSUMO;ATTIVO
39320017192;14/04/2024;RICARICA;ATTIVO
39320017193;27/11/2021;CONSUMO;ATTIVO
39320017194;31/07/2021;RICARICA;ATTIVO
39320017195;17/07/2024;CONSUMO;ATTIVO
39320017196;16/02/2026;RICARICA;ATTIVO
39320017197;13/09/2021;CONSUMO;ATTIVO
39320017198;22/09/2025;RICARICA;ATTIVO
39320017199;22/05/2024;CONSUMO;ATTIVO
39320017200;20/06/2021;RICARICA;ATTIVO
39320017201;04/12/2021;CONSUMO;SOSPESO
39320017202;26/01/2026;RICARICA;ATTIVO
39320017203;16/11/2022;CONSUMO;ATTIVO
39320017204;31/07/2023;RICARICA;ATTIVO
39320017205;26/10/2025;CONSUMO;ATTIVO
39320017206;10/06/2025;RICARICA;SOSPESO
39320017207;17/02/2026;CONSUMO;ATTIVO
39320017208;24/02/2024;RICARICA;ATTIVO
39320017209;21/08/2025;CONSUMO;ATTIVO
39320017210;24/04/2023;RICARICA;ATTIVO
39320017211;24/09/2021;CONSUMO;ATTIVO
39320017212;13/06/2021;RICARICA;ATTIVO
39320017213;23/01/2024;CONSUMO;ATTIVO
39320017214;24/05/2021;RICARICA;ATTIVO
39320017215;30/08/2024;CONSUMO;ATTIVO
39320017216;10/06/2025;RICARICA;ATTIVO
39320017217;30/01/2025;CONSUMO;ATTIVO
39320017218;05/04/2025;RICARICA;SOSPESO
39320017219;09/06/2023;CONSUMO;ATTIVO
39320017220;03/08/2023;RICARICA;ATTIVO
39320017221;12/12/2025;CONSUMO;ATTIVO
39320017222;01/09/2022;RICARICA;ATTIVO
39320017223;19/09/2022;CONSUMO;ATTIVO
39320017224;15/12/2025;RICARICA;ATTIVO
39320017225;16/09/2022;CONSUMO;ATTIVO
39320017226;06/08/2023;RICARICA;ATTIVO
39320017227;04/12/2021;CONSUMO;ATTIVO
39320017228;11/11/2025;RICARICA;ATTIVO
39320017229;03/09/2023;CONSUMO;ATTIVO
39320017230;26/01/2026;RICARICA;ATTIVO
39320017231;27/12/2024;CONSUMO;ATTIVO
39320017232;02/04/2022;RICARICA;ATTIVO
39320017233;10/11/2025;CONSUMO;ATTIVO
39320017234;30/03/2021;RICARICA;ATTIVO
39320017235;10/06/2024;CONSUMO;ATTIVO
39320017236;07/04/2021;RICARICA;ATTIVO
39320017237;09/04/2022;CONSUMO;ATTIVO
39320017238;30/12/2023;RICARICA;ATTIVO
39320017239;05/08/2024;CONSUMO;ATTIVO
39320017240;24/08/2022;RICARICA;ATTIVO
39320017241;05/11/2025;CONSUMO;ATTIVO
39320017242;14/04/2021;RICARICA;ATTIVO
39320017243;16/01/2025;CONSUMO;ATTIVO
39320017244;11/08/2022;RICARICA;ATTIVO
39320017245;15/05/2021;CONSUMO;ATTIVO
39320017246;27/12/2022;RICARICA;ATTIVO
39320017247;06/09/2023;CONSUMO;ATTIVO
39320017248;13/08/2022;RICARICA;ATTIVO
39320017249;11/04/2023;CONSUMO;ATTIVO
39320017250;15/05/2025;RICARICA;SOSPESO
39320017251;03/09/2025;CONSUMO;ATTIVO
39320017252;20/01/2023;RICARICA;ATTIVO
39320017253;11/11/2021;CONSUMO;SOSPESO
39320017254;29/03/2022;RICARICA;ATTIVO
39320017255;12/05/2024;CONSUMO;ATTIVO
39320017256;04/05/2024;RICARICA;ATTIVO
39320017257;10/01/2025;CONSUMO;SOSPESO
39320017258;06/03/2026;RICARICA;ATTIVO
39320017259;01/05/2021;CONSUMO;ATTIVO
39320017260;22/10/2024;RICARICA;ATTIVO
39320017261;14/08/2023;CONSUMO;ATTIVO
39320017262;26/12/2024;RICARICA;ATTIVO
39320017263;01/08/2023;CONSUMO;ATTIVO
39320017264;09/01/2022;RICARICA;ATTIVO
39320017265;10/02/2026;CONSUMO;ATTIVO
39320017266;04/10/2023;RICARICA;SOSPESO
39320017267;04/11/2022;CONSUMO;ATTIVO
39320017268;02/06/2025;RICARICA;ATTIVO
39320017269;24/01/2021;CONSUMO;ATTIVO
39320017270;05/12/2023;RICARICA;ATTIVO
39320017271;24/02/2026;CONSUMO;ATTIVO
39320017272;02/04/2022;RICARICA;ATTIVO
39320017273;07/11/2022;CONSUMO;ATTIVO
39320017274;18/02/2025;RICARICA;ATTIVO
39320017275;29/06/2025;CONSUMO;ATTIVO
39320017276;20/11/2021;RICARICA;ATTIVO
39320017277;29/07/2024;CONSUMO;ATTIVO
39320017278;14/06/2025;RICARICA;SOSPESO
39320017279;18/08/2024;CONSUMO;ATTIVO
39320017280;16/06/2024;RICARICA;ATTIVO
39320017281;01/05/2023;CONSUMO;ATTIVO
39320017282;13/09/2023;RICARICA;ATTIVO
39320017283;21/06/2025;CONSUMO;SOSPESO
39320017284;24/12/2022;RICARICA;ATTIVO
39320017285;03/05/2024;CONSUMO;ATTIVO
39320017286;12/12/2021;RICARICA;ATTIVO
39320017287;25/04/2025;CONSUMO;ATTIVO
39320017288;28/02/2025;RICARICA;ATTIVO
39320017289;01/02/2025;CONSUMO;ATTIVO
39320017290;05/04/2023;RICARICA;ATTIVO
39320017291;29/03/2021;CONSUMO;ATTIVO
39320017292;21/10/2021;RICARICA;ATTIVO
39320017293;02/02/2021;CONSUMO;ATTIVO
39320017294;11/12/2024;RICARICA;SOSPESO
39320017295;24/04/2021;CONSUMO;ATTIVO
39320017296;22/09/2025;RICARICA;ATTIVO
39320017297;19/05/2021;CONSUMO;ATTIVO
39320017298;13/08/2024;RICARICA;ATTIVO
39320017299;26/10/2021;CONSUMO;ATTIVO
39320017300;29/09/2023;RICARICA;ATTIVO
39320017301;19/02/2025;CONSUMO;ATTIVO
39320017302;14/10/2022;RICARICA;ATTIVO
39320017303;18/04/2021;CONSUMO;ATTIVO
39320017304;05/08/2022;RICARICA;ATTIVO
39320017305;25/05/2022;CONSUMO;ATTIVO
39320017306;22/06/2024;RICARICA;ATTIVO
39320017307;22/10/2021;CONSUMO;ATTIVO
39320017308;16/03/2025;RICARICA;ATTIVO
39320017309;06/06/2023;CONSUMO;ATTIVO
39320017310;15/01/2023;RICARICA;ATTIVO
39320017311;03/07/2022;CONSUMO;SOSPESO
39320017312;06/04/2022;RICARICA;ATTIVO
39320017313;19/09/2022;CONSUMO;SOSPESO
39320017314;01/11/2024;RICARICA;ATTIVO
39320017315;18/04/2024;CONSUMO;ATTIVO
39320017316;17/10/2022;RICARICA;ATTIVO
39320017317;23/02/2025;CONSUMO;ATTIVO
39320017318;23/04/2024;RICARICA;ATTIVO
39320017319;09/06/2025;CONSUMO;SOSPESO
39320017320;12/12/2022;RICARICA;ATTIVO
39320017321;19/08/2023;CONSUMO;ATTIVO
39320017322;01/04/2022;RICARICA;ATTIVO
39320017323;10/02/2022;CONSUMO;ATTIVO
39320017324;23/06/2025;RICARICA;ATTIVO
39320017325;21/07/2021;CONSUMO;ATTIVO
39320017326;20/05/2022;RICARICA;ATTIVO
39320017327;13/09/2023;CONSUMO;ATTIVO
39320017328;29/11/2022;RICARICA;ATTIVO
39320017329;14/01/2026;CONSUMO;ATTIVO
39320017330;03/03/2022;RICARICA;ATTIVO
39320017331;17/04/2022;CONSUMO;ATTIVO
39320017332;27/07/2021;RICARICA;ATTIVO
39320017333;09/11/2021;CONSUMO;ATTIVO
39320017334;02/09/2023;RICARICA;SOSPESO
39320017335;14/02/2021;CONSUMO;ATTIVO
39320017336;09/01/2024;RICARICA;ATTIVO
39320017337;03/01/2025;CONSUMO;ATTIVO
39320017338;19/11/2021;RICARICA;ATTIVO
39320017339;17/04/2022;CONSUMO;ATTIVO
39320017340;26/10/2022;RICARICA;ATTIVO
39320017341;30/03/2023;CONSUMO;ATTIVO
39320017342;25/05/2022;RICARICA;ATTIVO
39320017343;31/10/2022;CONSUMO;ATTIVO
39320017344;28/02/2021;RICARICA;ATTIVO
39320017345;03/07/2021;CONSUMO;ATTIVO
39320017346;01/01/2023;RICARICA;ATTIVO
39320017347;26/10/2025;CONSUMO;ATTIVO
39320017348;05/07/2025;RICARICA;ATTIVO
39320017349;01/07/2022;CONSUMO;ATTIVO
39320017350;01/12/2024;RICARICA;ATTIVO
39320017351;08/11/2021;CONSUMO;ATTIVO
39320017352;19/08/2024;RICARICA;ATTIVO
39320017353;14/10/2024;CONSUMO;ATTIVO
39320017354;30/11/2022;RICARICA;ATTIVO
39320017355;26/05/2021;CONSUMO;ATTIVO
39320017356;25/06/2024;RICARICA;ATTIVO
39320017357;24/07/2025;CONSUMO;ATTIVO
39320017358;29/06/2021;RICARICA;ATTIVO
39320017359;22/04/2022;CONSUMO;ATTIVO
39320017360;23/07/2025;RICARICA;ATTIVO
39320017361;23/09/2023;CONSUMO;ATTIVO
39320017362;04/06/2021;RICARICA;ATTIVO
39320017363;26/09/2025;CONSUMO;ATTIVO
39320017364;09/02/2025;RICARICA;SOSPESO
39320017365;09/12/2022;CONSUMO;ATTIVO
39320017366;17/12/2022;RICARICA;ATTIVO
39320017367;03/04/2022;CONSUMO;ATTIVO
39320017368;28/09/2022;RICARICA;ATTIVO
39320017369;05/06/2022;CONSUMO;SOSPESO
39320017370;21/05/2021;RICARICA;ATTIVO
39320017371;26/11/2025;CONSUMO;ATTIVO
39320017372;14/11/2022;RICARICA;ATTIVO
39320017373;24/10/2025;CONSUMO;ATTIVO
39320017374;04/01/2023;RICARICA;ATTIVO
39320017375;06/09/2021;CONSUMO;ATTIVO
39320017376;15/03/2023;RICARICA;ATTIVO
39320017377;18/04/2022;CONSUMO;ATTIVO
39320017378;21/11/2023;RICARICA;ATTIVO
39320017379;27/09/2021;CONSUMO;SOSPESO
39320017380;19/04/2023;RICARICA;ATTIVO
39320017381;17/09/2025;CONSUMO;ATTIVO
39320017382;04/09/2021;RICARICA;ATTIVO
39320017383;02/10/2021;CONSUMO;ATTIVO
39320017384;02/06/2021;RICARICA;ATTIVO
39320017385;23/11/2025;CONSUMO;ATTIVO
39320017386;17/01/2023;RICARICA;ATTIVO
39320017387;06/01/2025;CONSUMO;ATTIVO
39320017388;10/10/2022;RICARICA;ATTIVO
39320017389;25/11/2025;CONSUMO;ATTIVO
39320017390;28/07/2023;RICARICA;ATTIVO
39320017391;30/05/2021;CONSUMO;ATTIVO
39320017392;16/08/2022;RICARICA;ATTIVO
39320017393;06/10/2022;CONSUMO;ATTIVO
39320017394;12/09/2024;RICARICA;ATTIVO
39320017395;15/07/2025;CONSUMO;ATTIVO
39320017396;28/08/2024;RICARICA;ATTIVO
39320017397;02/07/2023;CONSUMO;ATTIVO
39320017398;08/06/2021;RICARICA;ATTIVO
39320017399;05/11/2024;CONSUMO;ATTIVO
39320017400;16/05/2023;RICARICA;ATTIVO
39320017401;01/11/2023;CONSUMO;ATTIVO
39320017402;17/04/2025;RICARICA;ATTIVO
39320017403;12/08/2021;CONSUMO;ATTIVO
39320017404;20/02/2026;RICARICA;ATTIVO
39320017405;25/03/2025;CONSUMO;ATTIVO
39320017406;16/07/2021;RICARICA;ATTIVO
39320017407;09/02/2025;CONSUMO;ATTIVO
39320017408;01/11/2021;RICARICA;ATTIVO
39320017409;18/11/2023;CONSUMO;ATTIVO
39320017410;16/02/2024;RICARICA;ATTIVO
39320017411;01/05/2024;CONSUMO;ATTIVO
39320017412;30/07/2022;RICARICA;ATTIVO
39320017413;09/01/2026;CONSUMO;ATTIVO
39320017414;23/08/2021;RICARICA;ATTIVO
39320017415;13/05/2022;CONSUMO;ATTIVO
39320017416;22/08/2021;RICARICA;ATTIVO
39320017417;07/11/2023;CONSUMO;ATTIVO
39320017418;03/01/2024;RICARICA;ATTIVO
39320017419;01/07/2021;CONSUMO;ATTIVO
39320017420;03/11/2024;RICARICA;ATTIVO
39320017421;12/05/2023;CONSUMO;SOSPESO
39320017422;04/04/2021;RICARICA;SOSPESO
39320017423;09/07/2024;CONSUMO;ATTIVO
39320017424;25/04/2024;RICARICA;ATTIVO
39320017425;31/03/2023;CONSUMO;ATTIVO
39320017426;04/01/2024;RICARICA;ATTIVO
39320017427;18/02/2023;CONSUMO;ATTIVO
39320017428;10/12/2023;RICARICA;ATTIVO
39320017429;09/09/2023;CONSUMO;SOSPESO
39320017430;03/01/2025;RICARICA;ATTIVO
39320017431;15/08/2025;CONSUMO;ATTIVO
39320017432;31/07/2024;RICARICA;SOSPESO
39320017433;18/08/2021;CONSUMO;ATTIVO
39320017434;07/11/2025;RICARICA;ATTIVO
39320017435;13/11/2021;CONSUMO;ATTIVO
39320017436;28/07/2023;RICARICA;ATTIVO
39320017437;11/05/2023;CONSUMO;ATTIVO
39320017438;13/08/2023;RICARICA;ATTIVO
39320017439;29/01/2025;CONSUMO;ATTIVO
39320017440;19/05/2025;RICARICA;ATTIVO
39320017441;29/12/2023;CONSUMO;ATTIVO
39320017442;24/04/2025;RICARICA;ATTIVO
39320017443;28/06/2023;CONSUMO;SOSPESO
39320017444;02/12/2023;RICARICA;ATTIVO
39320017445;11/04/2024;CONSUMO;ATTIVO
39320017446;12/03/2024;RICARICA;ATTIVO
39320017447;06/08/2024;CONSUMO;ATTIVO
39320017448;05/08/2022;RICARICA;ATTIVO
39320017449;23/02/2022;CONSUMO;ATTIVO
39320017450;01/01/2026;RICARICA;ATTIVO
39320017451;05/03/2023;CONSUMO;ATTIVO
39320017452;01/03/2024;RICARICA;ATTIVO
39320017453;10/06/2023;CONSUMO;ATTIVO
39320017454;21/11/2023;RICARICA;ATTIVO
39320017455;10/07/2023;CONSUMO;ATTIVO
39320017456;14/11/2025;RICARICA;ATTIVO
39320017457;12/04/2025;CONSUMO;ATTIVO
39320017458;26/07/2021;RICARICA;ATTIVO
39320017459;16/09/2022;CONSUMO;ATTIVO
39320017460;04/04/2021;RICARICA;ATTIVO
39320017461;29/05/2024;CONSUMO;ATTIVO
39320017462;09/08/2025;RICARICA;ATTIVO
39320017463;14/09/2022;CONSUMO;ATTIVO
39320017464;18/03/2025;RICARICA;ATTIVO
39320017465;10/04/2021;CONSUMO;ATTIVO
39320017466;05/09/2024;RICARICA;ATTIVO
39320017467;20/04/2024;CONSUMO;SOSPESO
39320017468;03/02/2021;RICARICA;ATTIVO
39320017469;03/10/2021;CONSUMO;ATTIVO
39320017470;06/09/2025;RICARICA;SOSPESO
39320017471;28/05/2023;CONSUMO;ATTIVO
39320017472;08/06/2025;RICARICA;ATTIVO
39320017473;28/04/2025;CONSUMO;ATTIVO
39320017474;04/09/2023;RICARICA;ATTIVO
39320017475;11/05/2022;CONSUMO;ATTIVO
39320017476;14/02/2022;RICARICA;ATTIVO
39320017477;12/10/2023;CONSUMO;ATTIVO
39320017478;13/09/2023;RICARICA;ATTIVO
39320017479;23/05/2025;CONSUMO;ATTIVO
39320017480;02/05/2023;RICARICA;ATTIVO
39320017481;03/08/2022;CONSUMO;ATTIVO
39320017482;10/10/2024;RICARICA;ATTIVO
39320017483;12/10/2025;CONSUMO;ATTIVO
39320017484;22/06/2022;RICARICA;ATTIVO
39320017485;11/10/2021;CONSUMO;SOSPESO
39320017486;03/08/2025;RICARICA;ATTIVO
39320017487;20/10/2022;CONSUMO;ATTIVO
39320017488;29/04/2021;RICARICA;SOSPESO
39320017489;29/08/2022;CONSUMO;ATTIVO
39320017490;06/03/2021;RICARICA;ATTIVO
39320017491;05/03/2025;CONSUMO;ATTIVO
39320017492;25/09/2024;RICARICA;ATTIVO
39320017493;24/02/2026;CONSUMO;ATTIVO
39320017494;04/03/2022;RICARICA;ATTIVO
39320017495;13/10/2023;CONSUMO;ATTIVO
39320017496;28/07/2023;RICARICA;ATTIVO
39320017497;11/11/2023;CONSUMO;ATTIVO
39320017498;27/09/2022;RICARICA;ATTIVO
39320017499;14/03/2023;CONSUMO;ATTIVO
39320017500;19/02/2022;RICARICA;ATTIVO
39320017501;30/04/2025;CONSUMO;ATTIVO
39320017502;14/12/2023;RICARICA;ATTIVO
39320017503;06/10/2024;CONSUMO;ATTIVO
39320017504;03/03/2021;RICARICA;ATTIVO
39320017505;20/08/2022;CONSUMO;ATTIVO
39320017506;19/11/2021;RICARICA;ATTIVO
39320017507;20/06/2024;CONSUMO;SOSPESO
39320017508;06/02/2021;RICARICA;ATTIVO
39320017509;02/01/2025;CONSUMO;ATTIVO
39320017510;16/06/2023;RICARICA;SOSPESO
39320017511;05/03/2024;CONSUMO;SOSPESO
39320017512;26/04/2023;RICARICA;ATTIVO
39320017513;10/07/2022;CONSUMO;ATTIVO
39320017514;05/03/2023;RICARICA;ATTIVO
39320017515;22/06/2024;CONSUMO;ATTIVO
39320017516;03/02/2022;RICARICA;ATTIVO
39320017517;05/12/2023;CONSUMO;ATTIVO
39320017518;13/02/2023;RICARICA;ATTIVO
39320017519;21/11/2022;CONSUMO;ATTIVO
39320017520;13/05/2025;RICARICA;ATTIVO
39320017521;08/04/2023;CONSUMO;ATTIVO
39320017522;06/12/2021;RICARICA;ATTIVO
39320017523;18/03/2021;CONSUMO;ATTIVO
39320017524;11/01/2026;RICARICA;SOSPESO
39320017525;21/03/2021;CONSUMO;ATTIVO
39320017526;03/03/2025;RICARICA;ATTIVO
39320017527;14/10/2025;CONSUMO;ATTIVO
39320017528;29/07/2021;RICARICA;ATTIVO
39320017529;11/06/2021;CONSUMO;ATTIVO
39320017530;29/11/2023;RICARICA;ATTIVO
39320017531;31/03/2021;CONSUMO;ATTIVO
39320017532;29/07/2021;RICARICA;SOSPESO
39320017533;09/10/2025;CONSUMO;ATTIVO
39320017534;01/05/2025;RICARICA;ATTIVO
39320017535;13/12/2025;CONSUMO;ATTIVO
39320017536;21/11/2022;RICARICA;ATTIVO
39320017537;05/04/2023;CONSUMO;ATTIVO
39320017538;24/12/2024;RICARICA;ATTIVO
39320017539;24/08/2021;CONSUMO;ATTIVO
39320017540;22/03/2022;RICARICA;ATTIVO
39320017541;27/09/2023;CONSUMO;ATTIVO
39320017542;25/08/2022;RICARICA;ATTIVO
39320017543;23/09/2023;CONSUMO;ATTIVO
39320017544;10/03/2021;RICARICA;ATTIVO
39320017545;21/02/2023;CONSUMO;ATTIVO
39320017546;03/05/2023;RICARICA;ATTIVO
39320017547;15/10/2021;CONSUMO;ATTIVO
39320017548;06/06/2024;RICARICA;ATTIVO
39320017549;04/02/2024;CONSUMO;ATTIVO
39320017550;19/10/2025;RICARICA;ATTIVO
39320017551;13/09/2022;CONSUMO;ATTIVO
39320017552;31/01/2021;RICARICA;ATTIVO
39320017553;25/06/2025;CONSUMO;SOSPESO
39320017554;22/11/2024;RICARICA;ATTIVO
39320017555;30/05/2022;CONSUMO;ATTIVO
39320017556;09/09/2025;RICARICA;ATTIVO
39320017557;23/01/2025;CONSUMO;ATTIVO
39320017558;14/11/2025;RICARICA;ATTIVO
39320017559;05/08/2023;CONSUMO;ATTIVO
39320017560;22/01/2023;RICARICA;ATTIVO
39320017561;31/05/2021;CONSUMO;ATTIVO
39320017562;20/11/2025;RICARICA;ATTIVO
39320017563;28/12/2023;CONSUMO;ATTIVO
39320017564;09/11/2021;RICARICA;ATTIVO
39320017565;19/02/2023;CONSUMO;ATTIVO
39320017566;22/07/2025;RICARICA;ATTIVO
39320017567;24/06/2022;CONSUMO;ATTIVO
39320017568;22/05/2024;RICARICA;ATTIVO
39320017569;03/10/2024;CONSUMO;ATTIVO
39320017570;14/01/2021;RICARICA;ATTIVO
39320017571;20/02/2021;CONSUMO;ATTIVO
39320017572;22/05/2025;RICARICA;ATTIVO
39320017573;24/11/2025;CONSUMO;ATTIVO
39320017574;03/09/2025;RICARICA;ATTIVO
39320017575;29/08/2025;CONSUMO;ATTIVO
39320017576;03/04/2024;RICARICA;ATTIVO
39320017577;14/06/2024;CONSUMO;ATTIVO
39320017578;08/10/2022;RICARICA;ATTIVO
39320017579;14/02/2023;CONSUMO;SOSPESO
39320017580;17/10/2024;RICARICA;ATTIVO
39320017581;25/12/2025;CONSUMO;ATTIVO
39320017582;23/09/2023;RICARICA;ATTIVO
39320017583;05/02/2024;CONSUMO;ATTIVO
39320017584;09/03/2022;RICARICA;ATTIVO
39320017585;03/04/2021;CONSUMO;ATTIVO
39320017586;10/06/2021;RICARICA;ATTIVO
39320017587;10/02/2022;CONSUMO;ATTIVO
39320017588;23/11/2023;RICARICA;ATTIVO
39320017589;23/10/2025;CONSUMO;SOSPESO
39320017590;26/02/2024;RICARICA;ATTIVO
39320017591;02/10/2022;CONSUMO;ATTIVO
39320017592;02/12/2022;RICARICA;SOSPESO
39320017593;29/11/2024;CONSUMO;ATTIVO
39320017594;17/11/2021;RICARICA;ATTIVO
39320017595;26/08/2021;CONSUMO;ATTIVO
39320017596;17/04/2024;RICARICA;ATTIVO
39320017597;27/09/2022;CONSUMO;ATTIVO
39320017598;20/03/2021;RICARICA;ATTIVO
39320017599;29/04/2023;CONSUMO;ATTIVO
39320017600;06/03/2025;RICARICA;ATTIVO
39320017601;08/04/2021;CONSUMO;ATTIVO
39320017602;23/01/2026;RICARICA;ATTIVO
39320017603;24/07/2021;CONSUMO;ATTIVO
39320017604;02/08/2025;RICARICA;ATTIVO
39320017605;15/12/2023;CONSUMO;ATTIVO
39320017606;14/02/2021;RICARICA;ATTIVO
39320017607;22/06/2022;CONSUMO;ATTIVO
39320017608;26/12/2022;RICARICA;ATTIVO
39320017609;10/03/2023;CONSUMO;ATTIVO
39320017610;29/08/2023;RICARICA;ATTIVO
39320017611;15/04/2025;CONSUMO;ATTIVO
39320017612;03/11/2022;RICARICA;ATTIVO
39320017613;26/08/2023;CONSUMO;ATTIVO
39320017614;08/06/2025;RICARICA;ATTIVO
39320017615;26/01/2025;CONSUMO;ATTIVO
39320017616;01/04/2022;RICARICA;ATTIVO
39320017617;11/07/2023;CONSUMO;ATTIVO
39320017618;20/06/2024;RICARICA;ATTIVO
39320017619;10/06/2024;CONSUMO;SOSPESO
39320017620;12/12/2023;RICARICA;ATTIVO
39320017621;22/05/2024;CONSUMO;SOSPESO
39320017622;21/05/2022;RICARICA;ATTIVO
39320017623;21/12/2024;CONSUMO;ATTIVO
39320017624;12/03/2025;RICARICA;SOSPESO
39320017625;13/06/2024;CONSUMO;ATTIVO
39320017626;16/01/2022;RICARICA;ATTIVO
39320017627;09/04/2023;CONSUMO;SOSPESO
39320017628;26/05/2021;RICARICA;ATTIVO
39320017629;01/03/2023;CONSUMO;ATTIVO
39320017630;10/12/2021;RICARICA;ATTIVO
39320017631;15/07/2025;CONSUMO;ATTIVO
39320017632;24/04/2022;RICARICA;SOSPESO
39320017633;10/12/2024;CONSUMO;ATTIVO
39320017634;04/04/2021;RICARICA;ATTIVO
39320017635;11/03/2026;CONSUMO;SOSPESO
39320017636;10/05/2022;RICARICA;ATTIVO
39320017637;10/09/2025;CONSUMO;ATTIVO
39320017638;24/02/2021;RICARICA;SOSPESO
39320017639;19/05/2024;CONSUMO;ATTIVO
39320017640;12/11/2022;RICARICA;ATTIVO
39320017641;31/05/2025;CONSUMO;ATTIVO
39320017642;22/10/2022;RICARICA;ATTIVO
39320017643;18/03/2021;CONSUMO;ATTIVO
39320017644;15/08/2022;RICARICA;ATTIVO
39320017645;30/07/2022;CONSUMO;ATTIVO
39320017646;04/12/2023;RICARICA;ATTIVO
39320017647;12/05/2024;CONSUMO;ATTIVO
39320017648;24/02/2024;RICARICA;ATTIVO
39320017649;25/07/2024;CONSUMO;ATTIVO
39320017650;30/07/2025;RICARICA;ATTIVO
39320017651;11/07/2022;CONSUMO;ATTIVO
39320017652;25/11/2023;RICARICA;ATTIVO
39320017653;25/01/2021;CONSUMO;ATTIVO
39320017654;20/05/2022;RICARICA;ATTIVO
39320017655;07/08/2021;CONSUMO;ATTIVO
39320017656;20/04/2021;RICARICA;SOSPESO
39320017657;23/07/2023;CONSUMO;ATTIVO
39320017658;09/01/2021;RICARICA;ATTIVO
39320017659;30/06/2023;CONSUMO;ATTIVO
39320017660;17/04/2025;RICARICA;ATTIVO
39320017661;01/09/2024;CONSUMO;ATTIVO
39320017662;21/03/2024;RICARICA;ATTIVO
39320017663;04/05/2024;CONSUMO;ATTIVO
39320017664;18/02/2022;RICARICA;ATTIVO
39320017665;17/03/2021;CONSUMO;ATTIVO
39320017666;31/07/2021;RICARICA;ATTIVO
39320017667;18/12/2025;CONSUMO;ATTIVO
39320017668;07/08/2021;RICARICA;ATTIVO
39320017669;04/04/2025;CONSUMO;ATTIVO
39320017670;17/04/2021;RICARICA;SOSPESO
39320017671;24/07/2022;CONSUMO;ATTIVO
39320017672;15/12/2021;RICARICA;SOSPESO
39320017673;03/07/2022;CONSUMO;ATTIVO
39320017674;26/06/2021;RICARICA;SOSPESO
39320017675;18/07/2025;CONSUMO;ATTIVO
39320017676;06/10/2025;RICARICA;ATTIVO
39320017677;06/07/2023;CONSUMO;ATTIVO
39320017678;21/04/2022;RICARICA;ATTIVO
39320017679;17/09/2024;CONSUMO;ATTIVO
39320017680;21/09/2024;RICARICA;ATTIVO
39320017681;14/04/2023;CONSUMO;SOSPESO
39320017682;11/03/2026;RICARICA;ATTIVO
39320017683;28/11/2021;CONSUMO;ATTIVO
39320017684;12/08/2021;RICARICA;ATTIVO
39320017685;24/10/2024;CONSUMO;ATTIVO
39320017686;09/03/2022;RICARICA;ATTIVO
39320017687;08/01/2023;CONSUMO;ATTIVO
39320017688;03/01/2021;RICARICA;ATTIVO
39320017689;31/03/2025;CONSUMO;ATTIVO
39320017690;18/06/2024;RICARICA;ATTIVO
39320017691;14/04/2024;CONSUMO;ATTIVO
39320017692;27/02/2023;RICARICA;ATTIVO
39320017693;14/12/2022;CONSUMO;ATTIVO
39320017694;02/03/2023;RICARICA;ATTIVO
39320017695;23/02/2025;CONSUMO;ATTIVO
39320017696;19/08/2024;RICARICA;ATTIVO
39320017697;28/04/2022;CONSUMO;ATTIVO
39320017698;20/07/2023;RICARICA;ATTIVO
39320017699;09/03/2024;CONSUMO;ATTIVO
39320017700;13/04/2025;RICARICA;ATTIVO
39320017701;13/02/2026;CONSUMO;ATTIVO
39320017702;04/11/2023;RICARICA;ATTIVO
39320017703;20/01/2025;CONSUMO;ATTIVO
39320017704;24/02/2026;RICARICA;ATTIVO
39320017705;09/03/2025;CONSUMO;ATTIVO
39320017706;12/08/2025;RICARICA;ATTIVO
39320017707;14/12/2023;CONSUMO;ATTIVO
39320017708;06/11/2022;RICARICA;SOSPESO
39320017709;14/05/2022;CONSUMO;ATTIVO
39320017710;11/11/2021;RICARICA;ATTIVO
39320017711;11/09/2024;CONSUMO;ATTIVO
39320017712;08/02/2024;RICARICA;ATTIVO
39320017713;09/07/2021;CONSUMO;ATTIVO
39320017714;10/06/2021;RICARICA;SOSPESO
39320017715;10/05/2022;CONSUMO;ATTIVO
39320017716;16/02/2022;RICARICA;ATTIVO
39320017717;07/01/2026;CONSUMO;ATTIVO
39320017718;22/02/2026;RICARICA;ATTIVO
39320017719;21/06/2023;CONSUMO;SOSPESO
39320017720;01/06/2023;RICARICA;ATTIVO
39320017721;16/01/2023;CONSUMO;ATTIVO
39320017722;27/07/2021;RICARICA;ATTIVO
39320017723;14/04/2022;CONSUMO;ATTIVO
39320017724;06/08/2023;RICARICA;ATTIVO
39320017725;31/08/2021;CONSUMO;ATTIVO
39320017726;06/09/2021;RICARICA;ATTIVO
39320017727;26/11/2022;CONSUMO;ATTIVO
39320017728;29/11/2024;RICARICA;ATTIVO
39320017729;16/02/2024;CONSUMO;ATTIVO
39320017730;01/12/2025;RICARICA;ATTIVO
39320017731;23/06/2022;CONSUMO;ATTIVO
39320017732;01/04/2023;RICARICA;ATTIVO
39320017733;28/04/2024;CONSUMO;ATTIVO
39320017734;05/05/2024;RICARICA;ATTIVO
39320017735;28/07/2021;CONSUMO;SOSPESO
39320017736;19/09/2024;RICARICA;SOSPESO
39320017737;15/08/2024;CONSUMO;ATTIVO
39320017738;23/09/2023;RICARICA;ATTIVO
39320017739;25/11/2025;CONSUMO;ATTIVO
39320017740;09/01/2025;RICARICA;ATTIVO
39320017741;16/09/2024;CONSUMO;ATTIVO
39320017742;25/11/2024;RICARICA;ATTIVO
39320017743;22/07/2021;CONSUMO;ATTIVO
39320017744;21/03/2023;RICARICA;ATTIVO
39320017745;11/03/2025;CONSUMO;ATTIVO
39320017746;06/11/2021;RICARICA;ATTIVO
39320017747;16/09/2021;CONSUMO;ATTIVO
39320017748;12/10/2025;RICARICA;ATTIVO
39320017749;06/11/2022;CONSUMO;ATTIVO
39320017750;08/03/2026;RICARICA;ATTIVO
39320017751;20/04/2021;CONSUMO;ATTIVO
39320017752;27/09/2024;RICARICA;ATTIVO
39320017753;19/06/2025;CONSUMO;ATTIVO
39320017754;28/09/2024;RICARICA;ATTIVO
39320017755;24/04/2021;CONSUMO;ATTIVO
39320017756;01/11/2022;RICARICA;ATTIVO
39320017757;01/05/2023;CONSUMO;ATTIVO
39320017758;13/04/2024;RICARICA;ATTIVO
39320017759;25/02/2024;CONSUMO;ATTIVO
39320017760;01/06/2022;RICARICA;SOSPESO
39320017761;10/03/2025;CONSUMO;ATTIVO
39320017762;20/11/2023;RICARICA;ATTIVO
39320017763;29/06/2021;CONSUMO;ATTIVO
39320017764;03/01/2021;RICARICA;ATTIVO
39320017765;24/02/2025;CONSUMO;ATTIVO
39320017766;14/10/2021;RICARICA;ATTIVO
39320017767;31/01/2022;CONSUMO;ATTIVO
39320017768;13/09/2022;RICARICA;ATTIVO
39320017769;08/02/2023;CONSUMO;ATTIVO
39320017770;02/07/2024;RICARICA;ATTIVO
39320017771;25/10/2024;CONSUMO;ATTIVO
39320017772;28/12/2025;RICARICA;ATTIVO
39320017773;07/08/2025;CONSUMO;ATTIVO
39320017774;10/04/2023;RICARICA;ATTIVO
39320017775;07/02/2022;CONSUMO;ATTIVO
39320017776;23/03/2022;RICARICA;ATTIVO
39320017777;25/06/2022;CONSUMO;ATTIVO
39320017778;20/12/2023;RICARICA;ATTIVO
39320017779;16/10/2024;CONSUMO;ATTIVO
39320017780;13/08/2023;RICARICA;SOSPESO
39320017781;17/05/2022;CONSUMO;ATTIVO
39320017782;26/04/2023;RICARICA;ATTIVO
39320017783;14/01/2023;CONSUMO;SOSPESO
39320017784;24/01/2025;RICARICA;ATTIVO
39320017785;25/05/2024;CONSUMO;ATTIVO
39320017786;28/05/2021;RICARICA;ATTIVO
39320017787;23/12/2023;CONSUMO;ATTIVO
39320017788;05/12/2025;RICARICA;ATTIVO
39320017789;22/04/2023;CONSUMO;ATTIVO
39320017790;17/06/2021;RICARICA;ATTIVO
39320017791;26/03/2023;CONSUMO;ATTIVO
39320017792;06/09/2021;RICARICA;ATTIVO
39320017793;10/05/2021;CONSUMO;ATTIVO
39320017794;08/07/2024;RICARICA;SOSPESO
39320017795;03/04/2022;CONSUMO;ATTIVO
39320017796;15/11/2021;RICARICA;ATTIVO
39320017797;21/06/2022;CONSUMO;ATTIVO
39320017798;14/11/2024;RICARICA;ATTIVO
39320017799;29/05/2024;CONSUMO;ATTIVO
39320017800;04/11/2023;RICARICA;ATTIVO
39320017801;13/02/2026;CONSUMO;ATTIVO
39320017802;25/04/2024;RICARICA;ATTIVO
39320017803;02/10/2025;CONSUMO;ATTIVO
39320017804;15/07/2022;RICARICA;ATTIVO
39320017805;15/05/2022;CONSUMO;ATTIVO
39320017806;20/05/2025;RICARICA;ATTIVO
39320017807;19/05/2021;CONSUMO;ATTIVO
39320017808;12/02/2025;RICARICA;ATTIVO
39320017809;03/01/2022;CONSUMO;SOSPESO
39320017810;14/10/2021;RICARICA;ATTIVO
39320017811;29/12/2023;CONSUMO;ATTIVO
39320017812;22/12/2025;RICARICA;ATTIVO
39320017813;04/04/2023;CONSUMO;ATTIVO
39320017814;10/02/2026;RICARICA;ATTIVO
39320017815;19/02/2023;CONSUMO;ATTIVO
39320017816;08/05/2022;RICARICA;ATTIVO
39320017817;17/06/2022;CONSUMO;ATTIVO
39320017818;03/07/2024;RICARICA;ATTIVO
39320017819;28/09/2025;CONSUMO;ATTIVO
39320017820;17/01/2022;RICARICA;ATTIVO
39320017821;01/02/2026;CONSUMO;ATTIVO
39320017822;09/04/2025;RICARICA;ATTIVO
39320017823;10/09/2022;CONSUMO;ATTIVO
39320017824;25/07/2022;RICARICA;ATTIVO
39320017825;24/05/2022;CONSUMO;ATTIVO
39320017826;10/03/2025;RICARICA;ATTIVO
39320017827;20/04/2025;CONSUMO;ATTIVO
39320017828;16/01/2024;RICARICA;ATTIVO
39320017829;20/08/2021;CONSUMO;ATTIVO
39320017830;16/12/2025;RICARICA;ATTIVO
39320017831;26/09/2022;CONSUMO;ATTIVO
39320017832;01/04/2022;RICARICA;ATTIVO
39320017833;23/05/2023;CONSUMO;ATTIVO
39320017834;24/05/2024;RICARICA;ATTIVO
39320017835;20/02/2021;CONSUMO;ATTIVO
39320017836;21/10/2023;RICARICA;ATTIVO
39320017837;19/09/2025;CONSUMO;ATTIVO
39320017838;09/12/2024;RICARICA;ATTIVO
39320017839;14/10/2024;CONSUMO;ATTIVO
39320017840;22/11/2024;RICARICA;ATTIVO
39320017841;04/08/2024;CONSUMO;ATTIVO
39320017842;01/12/2024;RICARICA;ATTIVO
39320017843;17/05/2025;CONSUMO;ATTIVO
39320017844;08/09/2023;RICARICA;SOSPESO
39320017845;17/04/2021;CONSUMO;ATTIVO
39320017846;31/12/2022;RICARICA;ATTIVO
39320017847;10/11/2024;CONSUMO;ATTIVO
39320017848;31/12/2024;RICARICA;ATTIVO
39320017849;11/03/2023;CONSUMO;SOSPESO
39320017850;17/08/2023;RICARICA;ATTIVO
39320017851;25/04/2023;CONSUMO;ATTIVO
39320017852;23/01/2025;RICARICA;SOSPESO
39320017853;21/03/2023;CONSUMO;ATTIVO
39320017854;20/03/2022;RICARICA;ATTIVO
39320017855;26/10/2022;CONSUMO;ATTIVO
39320017856;29/05/2021;RICARICA;ATTIVO
39320017857;14/01/2021;CONSUMO;ATTIVO
39320017858;17/10/2022;RICARICA;ATTIVO
39320017859;22/06/2024;CONSUMO;ATTIVO
39320017860;30/09/2023;RICARICA;ATTIVO
39320017861;11/04/2022;CONSUMO;ATTIVO
39320017862;21/02/2026;RICARICA;ATTIVO
39320017863;05/02/2022;CONSUMO;ATTIVO
39320017864;06/01/2023;RICARICA;SOSPESO
39320017865;13/10/2025;CONSUMO;ATTIVO
39320017866;13/04/2025;RICARICA;ATTIVO
39320017867;01/03/2024;CONSUMO;SOSPESO
39320017868;30/07/2025;RICARICA;ATTIVO
39320017869;14/01/2025;CONSUMO;ATTIVO
39320017870;29/10/2024;RICARICA;ATTIVO
39320017871;12/05/2021;CONSUMO;ATTIVO
39320017872;20/03/2022;RICARICA;SOSPESO
39320017873;05/03/2026;CONSUMO;ATTIVO
39320017874;24/03/2022;RICARICA;ATTIVO
39320017875;22/05/2023;CONSUMO;ATTIVO
39320017876;29/12/2022;RICARICA;ATTIVO
39320017877;30/08/2024;CONSUMO;ATTIVO
39320017878;02/06/2023;RICARICA;ATTIVO
39320017879;25/11/2021;CONSUMO;ATTIVO
39320017880;12/02/2024;RICARICA;ATTIVO
39320017881;08/10/2025;CONSUMO;ATTIVO
39320017882;02/03/2022;RICARICA;ATTIVO
39320017883;30/01/2021;CONSUMO;ATTIVO
39320017884;11/01/2023;RICARICA;ATTIVO
39320017885;26/05/2022;CONSUMO;ATTIVO
39320017886;07/11/2023;RICARICA;ATTIVO
39320017887;29/03/2024;CONSUMO;SOSPESO
39320017888;10/07/2024;RICARICA;ATTIVO
39320017889;29/07/2024;CONSUMO;ATTIVO
39320017890;14/11/2023;RICARICA;ATTIVO
39320017891;05/02/2026;CONSUMO;ATTIVO
39320017892;17/12/2021;RICARICA;ATTIVO
39320017893;22/03/2021;CONSUMO;ATTIVO
39320017894;30/10/2024;RICARICA;ATTIVO
39320017895;11/12/2023;CONSUMO;ATTIVO
39320017896;18/12/2021;RICARICA;ATTIVO
39320017897;16/04/2022;CONSUMO;ATTIVO
39320017898;25/12/2022;RICARICA;ATTIVO
39320017899;19/08/2022;CONSUMO;ATTIVO
39320017900;02/11/2021;RICARICA;ATTIVO
39320017901;25/08/2023;CONSUMO;ATTIVO
39320017902;12/05/2021;RICARICA;ATTIVO
39320017903;27/09/2025;CONSUMO;ATTIVO
39320017904;28/08/2022;RICARICA;ATTIVO
39320017905;21/08/2023;CONSUMO;ATTIVO
39320017906;11/10/2024;RICARICA;ATTIVO
39320017907;28/10/2024;CONSUMO;ATTIVO
39320017908;01/10/2023;RICARICA;ATTIVO
39320017909;31/05/2023;CONSUMO;ATTIVO
39320017910;05/03/2022;RICARICA;ATTIVO
39320017911;31/10/2022;CONSUMO;ATTIVO
39320017912;03/07/2024;RICARICA;ATTIVO
39320017913;02/11/2022;CONSUMO;ATTIVO
39320017914;07/07/2021;RICARICA;ATTIVO
39320017915;09/02/2021;CONSUMO;ATTIVO
39320017916;15/01/2023;RICARICA;ATTIVO
39320017917;08/03/2021;CONSUMO;ATTIVO
39320017918;20/06/2024;RICARICA;ATTIVO
39320017919;07/01/2024;CONSUMO;ATTIVO
39320017920;25/12/2024;RICARICA;ATTIVO
39320017921;30/05/2023;CONSUMO;ATTIVO
39320017922;02/03/2022;RICARICA;ATTIVO
39320017923;27/01/2021;CONSUMO;ATTIVO
39320017924;22/01/2021;RICARICA;SOSPESO
39320017925;03/10/2021;CONSUMO;ATTIVO
39320017926;22/10/2022;RICARICA;ATTIVO
39320017927;08/03/2025;CONSUMO;ATTIVO
39320017928;18/04/2022;RICARICA;ATTIVO
39320017929;27/01/2026;CONSUMO;ATTIVO
39320017930;11/07/2022;RICARICA;ATTIVO
39320017931;02/12/2025;CONSUMO;ATTIVO
39320017932;17/07/2022;RICARICA;ATTIVO
39320017933;25/07/2023;CONSUMO;ATTIVO
39320017934;24/02/2022;RICARICA;ATTIVO
39320017935;10/06/2023;CONSUMO;ATTIVO
39320017936;17/10/2021;RICARICA;ATTIVO
39320017937;22/02/2024;CONSUMO;ATTIVO
39320017938;26/05/2024;RICARICA;ATTIVO
39320017939;02/05/2023;CONSUMO;ATTIVO
39320017940;29/03/2022;RICARICA;ATTIVO
39320017941;17/09/2025;CONSUMO;ATTIVO
39320017942;24/05/2023;RICARICA;ATTIVO
39320017943;09/09/2025;CONSUMO;ATTIVO
39320017944;28/01/2025;RICARICA;ATTIVO
39320017945;19/01/2021;CONSUMO;ATTIVO
39320017946;24/10/2025;RICARICA;ATTIVO
39320017947;05/02/2023;CONSUMO;ATTIVO
39320017948;02/06/2022;RICARICA;ATTIVO
39320017949;08/02/2021;CONSUMO;ATTIVO
39320017950;12/06/2023;RICARICA;ATTIVO
39320017951;03/04/2024;CONSUMO;ATTIVO
39320017952;04/03/2021;RICARICA;ATTIVO
39320017953;12/08/2022;CONSUMO;ATTIVO
39320017954;13/02/2025;RICARICA;ATTIVO
39320017955;26/02/2021;CONSUMO;ATTIVO
39320017956;01/02/2025;RICARICA;ATTIVO
39320017957;01/10/2023;CONSUMO;ATTIVO
39320017958;20/10/2021;RICARICA;ATTIVO
39320017959;26/04/2023;CONSUMO;ATTIVO
39320017960;15/12/2021;RICARICA;ATTIVO
39320017961;15/04/2024;CONSUMO;ATTIVO
39320017962;16/07/2021;RICARICA;ATTIVO
39320017963;13/01/2021;CONSUMO;ATTIVO
39320017964;07/02/2021;RICARICA;ATTIVO
39320017965;09/07/2025;CONSUMO;ATTIVO
39320017966;19/03/2024;RICARICA;SOSPESO
39320017967;02/05/2023;CONSUMO;ATTIVO
39320017968;12/01/2025;RICARICA;ATTIVO
39320017969;08/09/2021;CONSUMO;ATTIVO
39320017970;29/11/2021;RICARICA;ATTIVO
39320017971;02/02/2023;CONSUMO;ATTIVO
39320017972;16/05/2022;RICARICA;ATTIVO
39320017973;30/09/2021;CONSUMO;ATTIVO
39320017974;06/02/2024;RICARICA;SOSPESO
39320017975;27/10/2022;CONSUMO;ATTIVO
39320017976;28/01/2024;RICARICA;ATTIVO
39320017977;23/07/2023;CONSUMO;ATTIVO
39320017978;26/07/2024;RICARICA;ATTIVO
39320017979;18/12/2022;CONSUMO;SOSPESO
39320017980;24/02/2025;RICARICA;ATTIVO
39320017981;03/12/2024;CONSUMO;ATTIVO
39320017982;19/09/2022;RICARICA;ATTIVO
39320017983;09/04/2023;CONSUMO;ATTIVO
39320017984;28/11/2022;RICARICA;ATTIVO
39320017985;17/10/2024;CONSUMO;ATTIVO
39320017986;16/01/2023;RICARICA;ATTIVO
39320017987;07/08/2021;CONSUMO;ATTIVO
39320017988;17/02/2026;RICARICA;ATTIVO
39320017989;22/11/2021;CONSUMO;ATTIVO
39320017990;17/10/2022;RICARICA;ATTIVO
39320017991;11/06/2023;CONSUMO;ATTIVO
39320017992;07/08/2023;RICARICA;ATTIVO
39320017993;18/01/2024;CONSUMO;ATTIVO
39320017994;29/12/2021;RICARICA;ATTIVO
39320017995;29/03/2022;CONSUMO;ATTIVO
39320017996;01/07/2023;RICARICA;ATTIVO
39320017997;18/04/2024;CONSUMO;ATTIVO
39320017998;03/05/2022;RICARICA;ATTIVO
39320017999;04/02/2026;CONSUMO;SOSPESO
39320018000;02/07/2025;RICARICA;ATTIVO
39320018001;30/12/2025;CONSUMO;ATTIVO
39320018002;15/01/2021;RICARICA;ATTIVO
39320018003;29/04/2024;CONSUMO;ATTIVO
39320018004;10/09/2025;RICARICA;ATTIVO
39320018005;19/05/2021;CONSUMO;ATTIVO
39320018006;06/10/2025;RICARICA;ATTIVO
39320018007;21/08/2025;CONSUMO;ATTIVO
39320018008;31/12/2021;RICARICA;ATTIVO
39320018009;03/01/2026;CONSUMO;ATTIVO
39320018010;09/12/2024;RICARICA;ATTIVO
39320018011;18/11/2024;CONSUMO;ATTIVO
39320018012;15/09/2024;RICARICA;ATTIVO
39320018013;06/05/2024;CONSUMO;ATTIVO
39320018014;03/04/2021;RICARICA;ATTIVO
39320018015;13/06/2025;CONSUMO;ATTIVO
39320018016;14/04/2023;RICARICA;ATTIVO
39320018017;01/07/2023;CONSUMO;ATTIVO
39320018018;28/05/2024;RICARICA;SOSPESO
39320018019;30/06/2021;CONSUMO;ATTIVO
39320018020;21/01/2022;RICARICA;ATTIVO
39320018021;28/04/2024;CONSUMO;ATTIVO
39320018022;03/04/2022;RICARICA;ATTIVO
39320018023;18/09/2022;CONSUMO;ATTIVO
39320018024;16/08/2023;RICARICA;ATTIVO
39320018025;20/10/2021;CONSUMO;ATTIVO
39320018026;28/05/2022;RICARICA;ATTIVO
39320018027;13/11/2025;CONSUMO;ATTIVO
39320018028;29/06/2021;RICARICA;SOSPESO
39320018029;02/01/2021;CONSUMO;ATTIVO
39320018030;02/01/2026;RICARICA;ATTIVO
39320018031;23/12/2023;CONSUMO;ATTIVO
39320018032;10/02/2026;RICARICA;SOSPESO
39320018033;23/06/2025;CONSUMO;ATTIVO
39320018034;04/12/2025;RICARICA;ATTIVO
39320018035;10/12/2021;CONSUMO;ATTIVO
39320018036;10/05/2025;RICARICA;ATTIVO
39320018037;16/02/2023;CONSUMO;ATTIVO
39320018038;03/05/2024;RICARICA;ATTIVO
39320018039;05/05/2021;CONSUMO;ATTIVO
39320018040;19/11/2023;RICARICA;ATTIVO
39320018041;29/07/2023;CONSUMO;ATTIVO
39320018042;13/03/2025;RICARICA;ATTIVO
39320018043;07/10/2024;CONSUMO;ATTIVO
39320018044;29/03/2024;RICARICA;ATTIVO
39320018045;16/04/2024;CONSUMO;ATTIVO
39320018046;11/04/2022;RICARICA;ATTIVO
39320018047;01/03/2026;CONSUMO;ATTIVO
39320018048;11/03/2023;RICARICA;ATTIVO
39320018049;25/02/2025;CONSUMO;ATTIVO
39320018050;20/05/2022;RICARICA;ATTIVO
39320018051;17/03/2024;CONSUMO;ATTIVO
39320018052;01/08/2024;RICARICA;ATTIVO
39320018053;16/12/2025;CONSUMO;ATTIVO
39320018054;02/05/2024;RICARICA;ATTIVO
39320018055;04/08/2021;CONSUMO;ATTIVO
39320018056;04/11/2022;RICARICA;ATTIVO
39320018057;10/04/2021;CONSUMO;ATTIVO
39320018058;20/10/2025;RICARICA;ATTIVO
39320018059;09/03/2022;CONSUMO;ATTIVO
39320018060;22/09/2023;RICARICA;ATTIVO
39320018061;12/12/2025;CONSUMO;ATTIVO
39320018062;24/12/2022;RICARICA;ATTIVO
39320018063;26/10/2021;CONSUMO;ATTIVO
39320018064;11/02/2025;RICARICA;ATTIVO
39320018065;23/02/2024;CONSUMO;ATTIVO
39320018066;15/11/2023;RICARICA;ATTIVO
39320018067;28/08/2024;CONSUMO;ATTIVO
39320018068;03/05/2025;RICARICA;ATTIVO
39320018069;09/05/2025;CONSUMO;ATTIVO
39320018070;24/03/2024;RICARICA;ATTIVO
39320018071;27/11/2024;CONSUMO;ATTIVO
39320018072;28/12/2024;RICARICA;ATTIVO
39320018073;10/03/2024;CONSUMO;ATTIVO
39320018074;09/01/2021;RICARICA;ATTIVO
39320018075;14/10/2023;CONSUMO;ATTIVO
39320018076;14/06/2024;RICARICA;ATTIVO
39320018077;06/06/2024;CONSUMO;ATTIVO
39320018078;30/01/2025;RICARICA;ATTIVO
39320018079;01/09/2022;CONSUMO;ATTIVO
39320018080;03/10/2022;RICARICA;ATTIVO
39320018081;19/01/2026;CONSUMO;ATTIVO
39320018082;02/06/2022;RICARICA;ATTIVO
39320018083;27/09/2022;CONSUMO;ATTIVO
39320018084;07/10/2025;RICARICA;SOSPESO
39320018085;15/07/2023;CONSUMO;ATTIVO
39320018086;29/01/2026;RICARICA;ATTIVO
39320018087;04/03/2025;CONSUMO;ATTIVO
39320018088;01/03/2023;RICARICA;ATTIVO
39320018089;12/03/2026;CONSUMO;ATTIVO
39320018090;01/09/2024;RICARICA;ATTIVO
39320018091;24/04/2025;CONSUMO;ATTIVO
39320018092;28/12/2022;RICARICA;SOSPESO
39320018093;12/08/2021;CONSUMO;ATTIVO
39320018094;05/03/2021;RICARICA;SOSPESO
39320018095;11/02/2025;CONSUMO;ATTIVO
39320018096;30/11/2022;RICARICA;ATTIVO
39320018097;27/02/2026;CONSUMO;ATTIVO
39320018098;02/03/2026;RICARICA;ATTIVO
39320018099;06/11/2022;CONSUMO;SOSPESO
39320018100;28/07/2024;RICARICA;ATTIVO
39320018101;08/03/2024;CONSUMO;ATTIVO
39320018102;05/08/2023;RICARICA;ATTIVO
39320018103;12/12/2024;CONSUMO;ATTIVO
39320018104;29/05/2023;RICARICA;ATTIVO
39320018105;18/10/2025;CONSUMO;ATTIVO
39320018106;06/11/2023;RICARICA;ATTIVO
39320018107;04/03/2026;CONSUMO;ATTIVO
39320018108;07/11/2022;RICARICA;ATTIVO
39320018109;22/06/2025;CONSUMO;ATTIVO
39320018110;14/02/2023;RICARICA;ATTIVO
39320018111;26/09/2022;CONSUMO;SOSPESO
39320018112;23/03/2022;RICARICA;SOSPESO
39320018113;18/10/2024;CONSUMO;ATTIVO
39320018114;19/09/2025;RICARICA;SOSPESO
39320018115;08/03/2022;CONSUMO;ATTIVO
39320018116;26/06/2023;RICARICA;ATTIVO
39320018117;20/07/2021;CONSUMO;ATTIVO
39320018118;17/09/2025;RICARICA;ATTIVO
39320018119;06/03/2023;CONSUMO;ATTIVO
39320018120;02/03/2026;RICARICA;ATTIVO
39320018121;28/10/2025;CONSUMO;ATTIVO
39320018122;08/09/2024;RICARICA;ATTIVO
39320018123;06/07/2024;CONSUMO;ATTIVO
39320018124;07/11/2023;RICARICA;ATTIVO
39320018125;06/03/2023;CONSUMO;ATTIVO
39320018126;01/11/2021;RICARICA;ATTIVO
39320018127;05/01/2025;CONSUMO;ATTIVO
39320018128;21/10/2022;RICARICA;ATTIVO
39320018129;29/04/2022;CONSUMO;ATTIVO
39320018130;18/04/2023;RICARICA;ATTIVO
39320018131;22/05/2024;CONSUMO;ATTIVO
39320018132;10/02/2024;RICARICA;ATTIVO
39320018133;18/04/2025;CONSUMO;ATTIVO
39320018134;19/01/2022;RICARICA;ATTIVO
39320018135;16/04/2025;CONSUMO;SOSPESO
39320018136;11/10/2021;RICARICA;SOSPESO
39320018137;31/10/2024;CONSUMO;ATTIVO
39320018138;08/10/2022;RICARICA;ATTIVO
39320018139;29/07/2023;CONSUMO;ATTIVO
39320018140;23/11/2024;RICARICA;ATTIVO
39320018141;09/11/2022;CONSUMO;ATTIVO
39320018142;07/08/2022;RICARICA;ATTIVO
39320018143;16/11/2021;CONSUMO;ATTIVO
39320018144;14/11/2024;RICARICA;ATTIVO
39320018145;14/10/2021;CONSUMO;SOSPESO
39320018146;19/05/2022;RICARICA;ATTIVO
39320018147;25/09/2023;CONSUMO;ATTIVO
39320018148;19/05/2023;RICARICA;ATTIVO
39320018149;07/11/2022;CONSUMO;ATTIVO
39320018150;13/04/2024;RICARICA;ATTIVO
39320018151;02/01/2023;CONSUMO;ATTIVO
39320018152;07/12/2022;RICARICA;ATTIVO
39320018153;27/03/2021;CONSUMO;ATTIVO
39320018154;01/11/2021;RICARICA;ATTIVO
39320018155;22/04/2023;CONSUMO;ATTIVO
39320018156;31/05/2022;RICARICA;ATTIVO
39320018157;07/05/2023;CONSUMO;SOSPESO
39320018158;28/06/2022;RICARICA;SOSPESO
39320018159;12/06/2025;CONSUMO;ATTIVO
39320018160;16/07/2022;RICARICA;ATTIVO
39320018161;25/06/2025;CONSUMO;ATTIVO
39320018162;18/04/2025;RICARICA;ATTIVO
39320018163;03/02/2024;CONSUMO;ATTIVO
39320018164;14/03/2026;RICARICA;ATTIVO
39320018165;10/07/2021;CONSUMO;SOSPESO
39320018166;30/10/2021;RICARICA;ATTIVO
39320018167;08/02/2025;CONSUMO;ATTIVO
39320018168;30/01/2021;RICARICA;ATTIVO
39320018169;28/10/2022;CONSUMO;ATTIVO
39320018170;14/02/2025;RICARICA;ATTIVO
39320018171;30/01/2026;CONSUMO;ATTIVO
39320018172;16/11/2025;RICARICA;ATTIVO
39320018173;14/01/2024;CONSUMO;ATTIVO
39320018174;05/09/2024;RICARICA;ATTIVO
39320018175;24/02/2021;CONSUMO;ATTIVO
39320018176;30/08/2022;RICARICA;ATTIVO
39320018177;16/02/2024;CONSUMO;ATTIVO
39320018178;24/05/2022;RICARICA;ATTIVO
39320018179;10/06/2022;CONSUMO;ATTIVO
39320018180;26/10/2022;RICARICA;ATTIVO
39320018181;28/11/2022;CONSUMO;ATTIVO
39320018182;15/04/2021;RICARICA;ATTIVO
39320018183;16/04/2023;CONSUMO;ATTIVO
39320018184;13/11/2022;RICARICA;ATTIVO
39320018185;21/10/2023;CONSUMO;ATTIVO
39320018186;23/04/2025;RICARICA;ATTIVO
39320018187;01/07/2025;CONSUMO;ATTIVO
39320018188;06/03/2026;RICARICA;ATTIVO
39320018189;21/04/2022;CONSUMO;ATTIVO
39320018190;27/09/2023;RICARICA;ATTIVO
39320018191;28/01/2022;CONSUMO;ATTIVO
39320018192;15/05/2024;RICARICA;ATTIVO
39320018193;21/10/2024;CONSUMO;ATTIVO
39320018194;14/03/2021;RICARICA;ATTIVO
39320018195;31/12/2021;CONSUMO;ATTIVO
39320018196;17/08/2025;RICARICA;ATTIVO
39320018197;04/03/2024;CONSUMO;ATTIVO
39320018198;15/09/2024;RICARICA;SOSPESO
39320018199;07/09/2025;CONSUMO;ATTIVO
39320018200;19/05/2023;RICARICA;ATTIVO
39320018201;27/02/2024;CONSUMO;ATTIVO
39320018202;05/11/2024;RICARICA;ATTIVO
39320018203;08/05/2021;CONSUMO;ATTIVO
39320018204;07/02/2023;RICARICA;SOSPESO
39320018205;17/10/2024;CONSUMO;ATTIVO
39320018206;02/08/2021;RICARICA;ATTIVO
39320018207;25/05/2024;CONSUMO;ATTIVO
39320018208;10/08/2024;RICARICA;SOSPESO
39320018209;05/08/2023;CONSUMO;ATTIVO
39320018210;17/01/2025;RICARICA;ATTIVO
39320018211;29/11/2022;CONSUMO;ATTIVO
39320018212;20/12/2021;RICARICA;ATTIVO
39320018213;01/03/2022;CONSUMO;ATTIVO
39320018214;04/03/2022;RICARICA;ATTIVO
39320018215;06/06/2024;CONSUMO;ATTIVO
39320018216;13/06/2023;RICARICA;ATTIVO
39320018217;06/01/2026;CONSUMO;ATTIVO
39320018218;23/08/2021;RICARICA;ATTIVO
39320018219;31/01/2025;CONSUMO;ATTIVO
39320018220;22/08/2024;RICARICA;ATTIVO
39320018221;02/05/2022;CONSUMO;ATTIVO
39320018222;03/08/2025;RICARICA;ATTIVO
39320018223;13/02/2025;CONSUMO;ATTIVO
39320018224;15/09/2025;RICARICA;ATTIVO
39320018225;06/05/2024;CONSUMO;ATTIVO
39320018226;27/02/2026;RICARICA;ATTIVO
39320018227;21/08/2024;CONSUMO;ATTIVO
39320018228;19/08/2021;RICARICA;ATTIVO
39320018229;22/11/2022;CONSUMO;ATTIVO
39320018230;11/09/2023;RICARICA;ATTIVO
39320018231;21/12/2021;CONSUMO;ATTIVO
39320018232;28/03/2021;RICARICA;ATTIVO
39320018233;13/01/2026;CONSUMO;ATTIVO
39320018234;17/12/2025;RICARICA;ATTIVO
39320018235;23/04/2022;CONSUMO;ATTIVO
39320018236;30/06/2023;RICARICA;ATTIVO
39320018237;08/01/2022;CONSUMO;ATTIVO
39320018238;21/04/2021;RICARICA;ATTIVO
39320018239;24/06/2024;CONSUMO;ATTIVO
39320018240;03/10/2023;RICARICA;ATTIVO
39320018241;02/01/2024;CONSUMO;ATTIVO
39320018242;05/06/2025;RICARICA;ATTIVO
39320018243;27/01/2024;CONSUMO;SOSPESO
39320018244;08/05/2021;RICARICA;ATTIVO
39320018245;05/11/2021;CONSUMO;ATTIVO
39320018246;14/09/2024;RICARICA;ATTIVO
39320018247;21/11/2024;CONSUMO;ATTIVO
39320018248;22/02/2021;RICARICA;SOSPESO
39320018249;09/12/2021;CONSUMO;ATTIVO
39320018250;27/03/2024;RICARICA;ATTIVO
39320018251;21/01/2026;CONSUMO;ATTIVO
39320018252;02/05/2023;RICARICA;ATTIVO
39320018253;19/01/2023;CONSUMO;ATTIVO
39320018254;26/10/2022;RICARICA;ATTIVO
39320018255;10/12/2025;CONSUMO;ATTIVO
39320018256;17/04/2023;RICARICA;ATTIVO
39320018257;08/03/2024;CONSUMO;ATTIVO
39320018258;19/11/2024;RICARICA;ATTIVO
39320018259;17/08/2024;CONSUMO;ATTIVO
39320018260;28/08/2025;RICARICA;SOSPESO
39320018261;21/06/2023;CONSUMO;ATTIVO
39320018262;09/07/2024;RICARICA;ATTIVO
39320018263;31/07/2025;CONSUMO;SOSPESO
39320018264;29/12/2021;RICARICA;ATTIVO
39320018265;22/03/2022;CONSUMO;ATTIVO
39320018266;12/08/2023;RICARICA;ATTIVO
39320018267;20/08/2023;CONSUMO;ATTIVO
39320018268;30/01/2026;RICARICA;ATTIVO
39320018269;29/01/2021;CONSUMO;ATTIVO
39320018270;18/07/2025;RICARICA;ATTIVO
39320018271;26/05/2024;CONSUMO;ATTIVO
39320018272;14/10/2022;RICARICA;ATTIVO
39320018273;28/07/2023;CONSUMO;ATTIVO
39320018274;19/04/2021;RICARICA;SOSPESO
39320018275;26/06/2021;CONSUMO;ATTIVO
39320018276;13/06/2024;RICARICA;ATTIVO
39320018277;27/05/2024;CONSUMO;ATTIVO
39320018278;02/03/2026;RICARICA;ATTIVO
39320018279;20/09/2022;CONSUMO;ATTIVO
39320018280;06/12/2023;RICARICA;ATTIVO
39320018281;11/05/2024;CONSUMO;ATTIVO
39320018282;20/06/2025;RICARICA;SOSPESO
39320018283;05/01/2026;CONSUMO;ATTIVO
39320018284;13/01/2025;RICARICA;ATTIVO
39320018285;11/08/2024;CONSUMO;ATTIVO
39320018286;11/06/2022;RICARICA;ATTIVO
39320018287;24/02/2021;CONSUMO;ATTIVO
39320018288;06/02/2022;RICARICA;ATTIVO
39320018289;02/06/2021;CONSUMO;ATTIVO
39320018290;19/05/2023;RICARICA;ATTIVO
39320018291;04/03/2023;CONSUMO;ATTIVO
39320018292;26/03/2023;RICARICA;ATTIVO
39320018293;22/01/2021;CONSUMO;ATTIVO
39320018294;02/06/2021;RICARICA;ATTIVO
39320018295;06/08/2024;CONSUMO;ATTIVO
39320018296;18/09/2022;RICARICA;SOSPESO
39320018297;17/11/2025;CONSUMO;ATTIVO
39320018298;24/01/2023;RICARICA;ATTIVO
39320018299;23/10/2021;CONSUMO;ATTIVO
39320018300;09/12/2023;RICARICA;ATTIVO
39320018301;10/09/2021;CONSUMO;ATTIVO
39320018302;08/04/2025;RICARICA;ATTIVO
39320018303;22/06/2022;CONSUMO;ATTIVO
39320018304;03/11/2024;RICARICA;ATTIVO
39320018305;04/02/2023;CONSUMO;ATTIVO
39320018306;08/07/2022;RICARICA;ATTIVO
39320018307;28/03/2023;CONSUMO;ATTIVO
39320018308;23/06/2021;RICARICA;ATTIVO
39320018309;25/06/2021;CONSUMO;SOSPESO
39320018310;14/02/2024;RICARICA;ATTIVO
39320018311;14/02/2024;CONSUMO;ATTIVO
39320018312;21/06/2023;RICARICA;ATTIVO
39320018313;09/12/2024;CONSUMO;ATTIVO
39320018314;03/01/2021;RICARICA;ATTIVO
39320018315;16/05/2025;CONSUMO;ATTIVO
39320018316;31/03/2023;RICARICA;ATTIVO
39320018317;14/01/2026;CONSUMO;ATTIVO
39320018318;16/12/2021;RICARICA;ATTIVO
39320018319;16/08/2023;CONSUMO;ATTIVO
39320018320;23/01/2025;RICARICA;SOSPESO
39320018321;24/08/2023;CONSUMO;ATTIVO
39320018322;30/04/2021;RICARICA;ATTIVO
39320018323;06/04/2022;CONSUMO;ATTIVO
39320018324;28/01/2024;RICARICA;ATTIVO
39320018325;08/02/2025;CONSUMO;ATTIVO
39320018326;16/02/2023;RICARICA;ATTIVO
39320018327;07/11/2021;CONSUMO;ATTIVO
39320018328;25/08/2022;RICARICA;ATTIVO
39320018329;03/10/2024;CONSUMO;ATTIVO
39320018330;18/05/2021;RICARICA;ATTIVO
39320018331;13/03/2026;CONSUMO;ATTIVO
39320018332;10/03/2026;RICARICA;ATTIVO
39320018333;17/10/2024;CONSUMO;ATTIVO
39320018334;28/07/2025;RICARICA;ATTIVO
39320018335;12/02/2024;CONSUMO;ATTIVO
39320018336;27/02/2021;RICARICA;ATTIVO
39320018337;25/01/2021;CONSUMO;ATTIVO
39320018338;01/11/2021;RICARICA;ATTIVO
39320018339;15/08/2022;CONSUMO;ATTIVO
39320018340;01/12/2021;RICARICA;ATTIVO
39320018341;07/07/2024;CONSUMO;ATTIVO
39320018342;30/10/2024;RICARICA;ATTIVO
39320018343;09/03/2021;CONSUMO;ATTIVO
39320018344;13/10/2024;RICARICA;ATTIVO
39320018345;20/01/2026;CONSUMO;ATTIVO
39320018346;17/01/2023;RICARICA;ATTIVO
39320018347;08/06/2025;CONSUMO;ATTIVO
39320018348;05/07/2022;RICARICA;ATTIVO
39320018349;13/10/2024;CONSUMO;ATTIVO
39320018350;21/09/2024;RICARICA;ATTIVO
39320018351;15/11/2022;CONSUMO;ATTIVO
39320018352;13/11/2025;RICARICA;ATTIVO
39320018353;21/10/2022;CONSUMO;ATTIVO
39320018354;13/03/2025;RICARICA;SOSPESO
39320018355;13/03/2025;CONSUMO;ATTIVO
39320018356;30/08/2025;RICARICA;ATTIVO
39320018357;11/12/2022;CONSUMO;ATTIVO
39320018358;20/09/2024;RICARICA;ATTIVO
39320018359;14/06/2024;CONSUMO;ATTIVO
39320018360;13/06/2022;RICARICA;ATTIVO
39320018361;06/12/2021;CONSUMO;ATTIVO
39320018362;20/06/2021;RICARICA;ATTIVO
39320018363;20/08/2021;CONSUMO;ATTIVO
39320018364;12/01/2025;RICARICA;ATTIVO
39320018365;21/08/2022;CONSUMO;ATTIVO
39320018366;13/06/2025;RICARICA;ATTIVO
39320018367;09/10/2025;CONSUMO;ATTIVO
39320018368;19/01/2026;RICARICA;ATTIVO
39320018369;20/01/2022;CONSUMO;ATTIVO
39320018370;19/05/2025;RICARICA;SOSPESO
39320018371;21/04/2025;CONSUMO;ATTIVO
39320018372;29/06/2023;RICARICA;ATTIVO
39320018373;19/06/2025;CONSUMO;ATTIVO
39320018374;27/02/2025;RICARICA;ATTIVO
39320018375;24/05/2025;CONSUMO;ATTIVO
39320018376;06/07/2023;RICARICA;ATTIVO
39320018377;24/08/2021;CONSUMO;ATTIVO
39320018378;19/01/2026;RICARICA;ATTIVO
39320018379;22/02/2026;CONSUMO;ATTIVO
39320018380;22/12/2023;RICARICA;ATTIVO
39320018381;14/10/2023;CONSUMO;ATTIVO
39320018382;14/07/2025;RICARICA;ATTIVO
39320018383;09/09/2022;CONSUMO;ATTIVO
39320018384;06/04/2021;RICARICA;ATTIVO
39320018385;03/12/2023;CONSUMO;ATTIVO
39320018386;21/01/2025;RICARICA;ATTIVO
39320018387;09/11/2023;CONSUMO;ATTIVO
39320018388;13/07/2022;RICARICA;ATTIVO
39320018389;13/03/2021;CONSUMO;ATTIVO
39320018390;10/03/2022;RICARICA;SOSPESO
39320018391;21/06/2025;CONSUMO;ATTIVO
39320018392;01/04/2023;RICARICA;ATTIVO
39320018393;13/02/2025;CONSUMO;ATTIVO
39320018394;30/12/2022;RICARICA;ATTIVO
39320018395;28/06/2022;CONSUMO;ATTIVO
39320018396;02/03/2024;RICARICA;ATTIVO
39320018397;17/02/2024;CONSUMO;ATTIVO
39320018398;10/01/2022;RICARICA;ATTIVO
39320018399;16/04/2025;CONSUMO;ATTIVO
39320018400;25/10/2021;RICARICA;SOSPESO
39320018401;17/02/2025;CONSUMO;ATTIVO
39320018402;19/07/2021;RICARICA;ATTIVO
39320018403;05/07/2021;CONSUMO;ATTIVO
39320018404;27/04/2021;RICARICA;ATTIVO
39320018405;28/11/2023;CONSUMO;ATTIVO
39320018406;20/11/2024;RICARICA;ATTIVO
39320018407;31/12/2023;CONSUMO;ATTIVO
39320018408;19/10/2024;RICARICA;ATTIVO
39320018409;14/11/2023;CONSUMO;ATTIVO
39320018410;30/09/2024;RICARICA;SOSPESO
39320018411;21/10/2022;CONSUMO;ATTIVO
39320018412;04/08/2025;RICARICA;ATTIVO
39320018413;13/05/2022;CONSUMO;ATTIVO
39320018414;27/03/2024;RICARICA;ATTIVO
39320018415;22/10/2023;CONSUMO;ATTIVO
39320018416;18/04/2021;RICARICA;ATTIVO
39320018417;19/07/2023;CONSUMO;ATTIVO
39320018418;11/02/2022;RICARICA;ATTIVO
39320018419;20/11/2024;CONSUMO;SOSPESO
39320018420;26/12/2023;RICARICA;ATTIVO
39320018421;05/04/2025;CONSUMO;ATTIVO
39320018422;16/11/2021;RICARICA;ATTIVO
39320018423;25/10/2025;CONSUMO;ATTIVO
39320018424;14/11/2021;RICARICA;ATTIVO
39320018425;12/10/2023;CONSUMO;ATTIVO
39320018426;02/10/2021;RICARICA;ATTIVO
39320018427;10/10/2025;CONSUMO;ATTIVO
39320018428;25/01/2024;RICARICA;ATTIVO
39320018429;12/08/2025;CONSUMO;ATTIVO
39320018430;17/11/2025;RICARICA;ATTIVO
39320018431;19/09/2023;CONSUMO;SOSPESO
39320018432;28/01/2024;RICARICA;ATTIVO
39320018433;10/01/2025;CONSUMO;ATTIVO
39320018434;12/05/2021;RICARICA;ATTIVO
39320018435;06/07/2025;CONSUMO;ATTIVO
39320018436;30/10/2024;RICARICA;ATTIVO
39320018437;01/02/2025;CONSUMO;ATTIVO
39320018438;05/07/2023;RICARICA;ATTIVO
39320018439;11/01/2021;CONSUMO;ATTIVO
39320018440;10/04/2024;RICARICA;ATTIVO
39320018441;23/07/2023;CONSUMO;SOSPESO
39320018442;14/09/2023;RICARICA;ATTIVO
39320018443;25/02/2026;CONSUMO;ATTIVO
39320018444;30/08/2023;RICARICA;SOSPESO
39320018445;07/12/2025;CONSUMO;ATTIVO
39320018446;22/06/2022;RICARICA;ATTIVO
39320018447;28/07/2023;CONSUMO;ATTIVO
39320018448;20/11/2022;RICARICA;ATTIVO
39320018449;15/07/2025;CONSUMO;ATTIVO
39320018450;28/06/2025;RICARICA;ATTIVO
39320018451;01/09/2025;CONSUMO;ATTIVO
39320018452;18/05/2023;RICARICA;ATTIVO
39320018453;15/09/2025;CONSUMO;ATTIVO
39320018454;27/02/2026;RICARICA;ATTIVO
39320018455;22/08/2024;CONSUMO;ATTIVO
39320018456;22/04/2024;RICARICA;SOSPESO
39320018457;11/12/2023;CONSUMO;ATTIVO
39320018458;22/08/2023;RICARICA;ATTIVO
39320018459;25/07/2022;CONSUMO;ATTIVO
39320018460;13/06/2022;RICARICA;ATTIVO
39320018461;03/04/2025;CONSUMO;ATTIVO
39320018462;22/05/2021;RICARICA;ATTIVO
39320018463;09/01/2021;CONSUMO;ATTIVO
39320018464;04/06/2024;RICARICA;SOSPESO
39320018465;06/10/2021;CONSUMO;ATTIVO
39320018466;05/04/2024;RICARICA;SOSPESO
39320018467;13/03/2022;CONSUMO;ATTIVO
39320018468;29/12/2025;RICARICA;ATTIVO
39320018469;16/11/2024;CONSUMO;ATTIVO
39320018470;18/05/2024;RICARICA;ATTIVO
39320018471;25/11/2024;CONSUMO;ATTIVO
39320018472;20/09/2024;RICARICA;SOSPESO
39320018473;01/12/2024;CONSUMO;ATTIVO
39320018474;30/05/2022;RICARICA;ATTIVO
39320018475;26/05/2022;CONSUMO;ATTIVO
39320018476;25/02/2021;RICARICA;ATTIVO
39320018477;17/09/2025;CONSUMO;ATTIVO
39320018478;18/12/2023;RICARICA;ATTIVO
39320018479;27/08/2022;CONSUMO;ATTIVO
39320018480;12/05/2022;RICARICA;ATTIVO
39320018481;03/06/2025;CONSUMO;ATTIVO
39320018482;14/04/2023;RICARICA;ATTIVO
39320018483;22/12/2025;CONSUMO;ATTIVO
39320018484;08/01/2023;RICARICA;ATTIVO
39320018485;04/07/2025;CONSUMO;ATTIVO
39320018486;15/12/2024;RICARICA;ATTIVO
39320018487;03/03/2026;CONSUMO;ATTIVO
39320018488;10/01/2026;RICARICA;ATTIVO
39320018489;20/07/2025;CONSUMO;ATTIVO
39320018490;08/09/2024;RICARICA;ATTIVO
39320018491;10/06/2024;CONSUMO;ATTIVO
39320018492;03/03/2021;RICARICA;ATTIVO
39320018493;21/04/2022;CONSUMO;ATTIVO
39320018494;13/03/2021;RICARICA;ATTIVO
39320018495;25/09/2021;CONSUMO;ATTIVO
39320018496;07/03/2026;RICARICA;ATTIVO
39320018497;24/05/2022;CONSUMO;ATTIVO
39320018498;11/09/2025;RICARICA;ATTIVO
39320018499;14/10/2024;CONSUMO;ATTIVO
39320018500;18/12/2025;RICARICA;ATTIVO
39320018501;05/01/2025;CONSUMO;ATTIVO
39320018502;05/10/2023;RICARICA;ATTIVO
39320018503;28/04/2023;CONSUMO;ATTIVO
39320018504;28/11/2021;RICARICA;ATTIVO
39320018505;25/07/2023;CONSUMO;ATTIVO
39320018506;23/12/2022;RICARICA;ATTIVO
39320018507;31/10/2025;CONSUMO;ATTIVO
39320018508;10/07/2025;RICARICA;ATTIVO
39320018509;05/07/2024;CONSUMO;ATTIVO
39320018510;19/01/2024;RICARICA;ATTIVO
39320018511;04/10/2023;CONSUMO;ATTIVO
39320018512;16/01/2022;RICARICA;ATTIVO
39320018513;27/09/2023;CONSUMO;ATTIVO
39320018514;23/06/2025;RICARICA;ATTIVO
39320018515;21/03/2023;CONSUMO;ATTIVO
39320018516;16/10/2022;RICARICA;ATTIVO
39320018517;04/09/2022;CONSUMO;ATTIVO
39320018518;31/10/2025;RICARICA;ATTIVO
39320018519;18/11/2023;CONSUMO;ATTIVO
39320018520;20/04/2022;RICARICA;ATTIVO
39320018521;30/10/2022;CONSUMO;ATTIVO
39320018522;31/08/2022;RICARICA;ATTIVO
39320018523;28/02/2021;CONSUMO;ATTIVO
39320018524;17/10/2025;RICARICA;ATTIVO
39320018525;06/12/2023;CONSUMO;ATTIVO
39320018526;13/10/2021;RICARICA;ATTIVO
39320018527;17/12/2021;CONSUMO;ATTIVO
39320018528;08/12/2023;RICARICA;ATTIVO
39320018529;20/02/2023;CONSUMO;ATTIVO
39320018530;26/03/2021;RICARICA;ATTIVO
39320018531;10/10/2022;CONSUMO;ATTIVO
39320018532;10/06/2024;RICARICA;ATTIVO
39320018533;21/04/2024;CONSUMO;SOSPESO
39320018534;25/05/2024;RICARICA;ATTIVO
39320018535;28/09/2022;CONSUMO;ATTIVO
39320018536;25/10/2023;RICARICA;ATTIVO
39320018537;19/11/2024;CONSUMO;ATTIVO
39320018538;10/08/2022;RICARICA;ATTIVO
39320018539;15/03/2021;CONSUMO;ATTIVO
39320018540;02/04/2021;RICARICA;ATTIVO
39320018541;03/10/2024;CONSUMO;ATTIVO
39320018542;13/10/2024;RICARICA;ATTIVO
39320018543;17/06/2024;CONSUMO;ATTIVO
39320018544;11/11/2025;RICARICA;ATTIVO
39320018545;06/07/2021;CONSUMO;ATTIVO
39320018546;26/03/2025;RICARICA;ATTIVO
39320018547;06/03/2022;CONSUMO;ATTIVO
39320018548;23/02/2026;RICARICA;ATTIVO
39320018549;12/11/2025;CONSUMO;ATTIVO
39320018550;21/02/2023;RICARICA;ATTIVO
39320018551;24/08/2022;CONSUMO;ATTIVO
39320018552;26/06/2023;RICARICA;SOSPESO
39320018553;14/03/2025;CONSUMO;ATTIVO
39320018554;09/03/2023;RICARICA;ATTIVO
39320018555;15/01/2024;CONSUMO;ATTIVO
39320018556;12/05/2025;RICARICA;ATTIVO
39320018557;24/08/2023;CONSUMO;ATTIVO
39320018558;06/08/2023;RICARICA;ATTIVO
39320018559;01/03/2021;CONSUMO;ATTIVO
39320018560;03/11/2021;RICARICA;ATTIVO
39320018561;13/02/2026;CONSUMO;ATTIVO
39320018562;24/02/2024;RICARICA;ATTIVO
39320018563;05/07/2022;CONSUMO;ATTIVO
39320018564;13/06/2021;RICARICA;SOSPESO
39320018565;15/01/2021;CONSUMO;ATTIVO
39320018566;25/09/2024;RICARICA;ATTIVO
39320018567;15/08/2025;CONSUMO;ATTIVO
39320018568;30/07/2024;RICARICA;ATTIVO
39320018569;24/07/2025;CONSUMO;ATTIVO
39320018570;30/03/2025;RICARICA;SOSPESO
39320018571;27/07/2024;CONSUMO;ATTIVO
39320018572;11/09/2023;RICARICA;ATTIVO
39320018573;30/12/2025;CONSUMO;ATTIVO
39320018574;31/01/2022;RICARICA;SOSPESO
39320018575;22/09/2021;CONSUMO;ATTIVO
39320018576;10/10/2025;RICARICA;ATTIVO
39320018577;21/10/2023;CONSUMO;ATTIVO
39320018578;21/04/2025;RICARICA;ATTIVO
39320018579;06/06/2022;CONSUMO;ATTIVO
39320018580;27/11/2022;RICARICA;ATTIVO
39320018581;16/12/2024;CONSUMO;ATTIVO
39320018582;24/03/2022;RICARICA;ATTIVO
39320018583;15/09/2021;CONSUMO;ATTIVO
39320018584;28/03/2022;RICARICA;ATTIVO
39320018585;02/10/2024;CONSUMO;ATTIVO
39320018586;15/12/2021;RICARICA;ATTIVO
39320018587;29/07/2025;CONSUMO;SOSPESO
39320018588;07/07/2023;RICARICA;SOSPESO
39320018589;16/02/2021;CONSUMO;ATTIVO
39320018590;01/12/2021;RICARICA;ATTIVO
39320018591;27/03/2021;CONSUMO;ATTIVO
39320018592;09/11/2021;RICARICA;ATTIVO
39320018593;23/11/2022;CONSUMO;ATTIVO
39320018594;21/04/2023;RICARICA;ATTIVO
39320018595;27/01/2025;CONSUMO;ATTIVO
39320018596;01/11/2024;RICARICA;ATTIVO
39320018597;31/03/2024;CONSUMO;ATTIVO
39320018598;02/01/2026;RICARICA;ATTIVO
39320018599;28/07/2023;CONSUMO;ATTIVO
39320018600;24/08/2022;RICARICA;ATTIVO
39320018601;02/05/2023;CONSUMO;ATTIVO
39320018602;17/02/2024;RICARICA;ATTIVO
39320018603;22/05/2021;CONSUMO;ATTIVO
39320018604;10/04/2024;RICARICA;ATTIVO
39320018605;26/05/2025;CONSUMO;ATTIVO
39320018606;30/03/2023;RICARICA;ATTIVO
39320018607;01/08/2023;CONSUMO;ATTIVO
39320018608;12/03/2023;RICARICA;ATTIVO
39320018609;25/11/2025;CONSUMO;ATTIVO
39320018610;31/05/2024;RICARICA;ATTIVO
39320018611;25/07/2022;CONSUMO;ATTIVO
39320018612;15/03/2026;RICARICA;ATTIVO
39320018613;09/03/2025;CONSUMO;ATTIVO
39320018614;20/10/2023;RICARICA;ATTIVO
39320018615;01/03/2022;CONSUMO;ATTIVO
39320018616;01/01/2022;RICARICA;ATTIVO
39320018617;25/05/2021;CONSUMO;SOSPESO
39320018618;30/11/2021;RICARICA;ATTIVO
39320018619;18/05/2024;CONSUMO;ATTIVO
39320018620;31/12/2023;RICARICA;ATTIVO
39320018621;13/11/2024;CONSUMO;ATTIVO
39320018622;22/01/2021;RICARICA;ATTIVO
39320018623;17/05/2023;CONSUMO;ATTIVO
39320018624;05/05/2022;RICARICA;ATTIVO
39320018625;21/06/2022;CONSUMO;SOSPESO
39320018626;08/04/2024;RICARICA;ATTIVO
39320018627;19/10/2024;CONSUMO;ATTIVO
39320018628;23/11/2021;RICARICA;ATTIVO
39320018629;07/03/2021;CONSUMO;ATTIVO
39320018630;19/02/2021;RICARICA;ATTIVO
39320018631;02/05/2024;CONSUMO;ATTIVO
39320018632;02/05/2021;RICARICA;ATTIVO
39320018633;11/01/2025;CONSUMO;ATTIVO
39320018634;27/10/2025;RICARICA;SOSPESO
39320018635;25/03/2024;CONSUMO;ATTIVO
39320018636;21/11/2024;RICARICA;ATTIVO
39320018637;17/01/2025;CONSUMO;SOSPESO
39320018638;19/10/2023;RICARICA;ATTIVO
39320018639;04/04/2025;CONSUMO;ATTIVO
39320018640;20/01/2024;RICARICA;ATTIVO
39320018641;30/12/2022;CONSUMO;ATTIVO
39320018642;03/07/2024;RICARICA;ATTIVO
39320018643;30/12/2025;CONSUMO;ATTIVO
39320018644;07/05/2025;RICARICA;SOSPESO
39320018645;20/03/2021;CONSUMO;ATTIVO
39320018646;04/02/2021;RICARICA;SOSPESO
39320018647;20/01/2023;CONSUMO;ATTIVO
39320018648;28/02/2022;RICARICA;ATTIVO
39320018649;12/09/2025;CONSUMO;ATTIVO
39320018650;30/10/2022;RICARICA;ATTIVO
39320018651;13/02/2021;CONSUMO;ATTIVO
39320018652;05/09/2024;RICARICA;ATTIVO
39320018653;06/12/2021;CONSUMO;ATTIVO
39320018654;02/08/2023;RICARICA;ATTIVO
39320018655;15/10/2022;CONSUMO;SOSPESO
39320018656;20/01/2023;RICARICA;ATTIVO
39320018657;13/09/2024;CONSUMO;ATTIVO
39320018658;06/08/2023;RICARICA;ATTIVO
39320018659;05/04/2024;CONSUMO;ATTIVO
39320018660;29/08/2022;RICARICA;ATTIVO
39320018661;11/10/2023;CONSUMO;ATTIVO
39320018662;04/12/2022;RICARICA;ATTIVO
39320018663;30/01/2023;CONSUMO;SOSPESO
39320018664;22/02/2021;RICARICA;ATTIVO
39320018665;26/10/2022;CONSUMO;ATTIVO
39320018666;07/05/2022;RICARICA;ATTIVO
39320018667;04/03/2023;CONSUMO;ATTIVO
39320018668;25/12/2024;RICARICA;ATTIVO
39320018669;27/06/2023;CONSUMO;ATTIVO
39320018670;19/11/2023;RICARICA;ATTIVO
39320018671;28/12/2025;CONSUMO;SOSPESO
39320018672;10/08/2022;RICARICA;ATTIVO
39320018673;20/02/2024;CONSUMO;ATTIVO
39320018674;08/12/2022;RICARICA;SOSPESO
39320018675;13/11/2024;CONSUMO;ATTIVO
39320018676;22/02/2025;RICARICA;ATTIVO
39320018677;11/01/2026;CONSUMO;ATTIVO
39320018678;15/07/2025;RICARICA;SOSPESO
39320018679;18/07/2023;CONSUMO;ATTIVO
39320018680;04/05/2025;RICARICA;ATTIVO
39320018681;23/10/2023;CONSUMO;ATTIVO
39320018682;05/04/2025;RICARICA;ATTIVO
39320018683;24/08/2024;CONSUMO;ATTIVO
39320018684;25/11/2025;RICARICA;ATTIVO
39320018685;12/07/2024;CONSUMO;ATTIVO
39320018686;09/07/2021;RICARICA;ATTIVO
39320018687;02/02/2026;CONSUMO;ATTIVO
39320018688;28/08/2022;RICARICA;ATTIVO
39320018689;17/10/2022;CONSUMO;ATTIVO
39320018690;05/07/2025;RICARICA;ATTIVO
39320018691;05/06/2025;CONSUMO;ATTIVO
39320018692;05/10/2021;RICARICA;ATTIVO
39320018693;01/03/2023;CONSUMO;ATTIVO
39320018694;11/12/2025;RICARICA;ATTIVO
39320018695;19/02/2022;CONSUMO;ATTIVO
39320018696;05/02/2025;RICARICA;ATTIVO
39320018697;17/10/2021;CONSUMO;ATTIVO
39320018698;27/04/2021;RICARICA;ATTIVO
39320018699;01/02/2025;CONSUMO;ATTIVO
39320018700;24/10/2025;RICARICA;ATTIVO
39320018701;21/01/2025;CONSUMO;SOSPESO
39320018702;29/05/2025;RICARICA;ATTIVO
39320018703;06/08/2022;CONSUMO;ATTIVO
39320018704;09/08/2022;RICARICA;ATTIVO
39320018705;09/12/2024;CONSUMO;ATTIVO
39320018706;15/02/2022;RICARICA;SOSPESO
39320018707;13/06/2023;CONSUMO;ATTIVO
39320018708;11/08/2024;RICARICA;ATTIVO
39320018709;29/05/2025;CONSUMO;ATTIVO
39320018710;29/05/2022;RICARICA;ATTIVO
39320018711;21/06/2025;CONSUMO;ATTIVO
39320018712;12/08/2025;RICARICA;ATTIVO
39320018713;21/03/2021;CONSUMO;ATTIVO
39320018714;28/08/2025;RICARICA;ATTIVO
39320018715;26/12/2022;CONSUMO;ATTIVO
39320018716;12/10/2022;RICARICA;ATTIVO
39320018717;06/05/2021;CONSUMO;ATTIVO
39320018718;02/08/2022;RICARICA;SOSPESO
39320018719;07/09/2023;CONSUMO;ATTIVO
39320018720;02/06/2022;RICARICA;ATTIVO
39320018721;28/06/2025;CONSUMO;ATTIVO
39320018722;30/04/2022;RICARICA;ATTIVO
39320018723;28/10/2022;CONSUMO;ATTIVO
39320018724;17/01/2021;RICARICA;ATTIVO
39320018725;18/01/2026;CONSUMO;ATTIVO
39320018726;20/05/2025;RICARICA;ATTIVO
39320018727;27/06/2025;CONSUMO;ATTIVO
39320018728;03/02/2025;RICARICA;SOSPESO
39320018729;21/06/2022;CONSUMO;ATTIVO
39320018730;25/12/2024;RICARICA;ATTIVO
39320018731;21/05/2021;CONSUMO;ATTIVO
39320018732;15/05/2024;RICARICA;ATTIVO
39320018733;30/06/2024;CONSUMO;ATTIVO
39320018734;27/12/2021;RICARICA;ATTIVO
39320018735;26/05/2023;CONSUMO;ATTIVO
39320018736;28/06/2021;RICARICA;ATTIVO
39320018737;05/05/2022;CONSUMO;ATTIVO
39320018738;21/09/2021;RICARICA;ATTIVO
39320018739;27/08/2021;CONSUMO;ATTIVO
39320018740;03/05/2025;RICARICA;ATTIVO
39320018741;26/06/2021;CONSUMO;ATTIVO
39320018742;20/12/2024;RICARICA;ATTIVO
39320018743;21/06/2021;CONSUMO;SOSPESO
39320018744;22/03/2021;RICARICA;ATTIVO
39320018745;27/04/2024;CONSUMO;ATTIVO
39320018746;22/02/2024;RICARICA;ATTIVO
39320018747;19/06/2024;CONSUMO;ATTIVO
39320018748;18/05/2024;RICARICA;ATTIVO
39320018749;22/01/2024;CONSUMO;ATTIVO
39320018750;27/12/2024;RICARICA;ATTIVO
39320018751;17/02/2023;CONSUMO;ATTIVO
39320018752;11/09/2022;RICARICA;ATTIVO
39320018753;20/11/2021;CONSUMO;ATTIVO
39320018754;16/08/2025;RICARICA;ATTIVO
39320018755;16/10/2024;CONSUMO;ATTIVO
39320018756;23/04/2024;RICARICA;ATTIVO
39320018757;12/11/2021;CONSUMO;ATTIVO
39320018758;21/03/2022;RICARICA;ATTIVO
39320018759;15/03/2023;CONSUMO;SOSPESO
39320018760;29/01/2025;RICARICA;ATTIVO
39320018761;28/02/2022;CONSUMO;ATTIVO
39320018762;07/11/2021;RICARICA;ATTIVO
39320018763;02/06/2023;CONSUMO;ATTIVO
39320018764;06/07/2024;RICARICA;ATTIVO
39320018765;21/04/2021;CONSUMO;SOSPESO
39320018766;11/03/2026;RICARICA;ATTIVO
39320018767;25/11/2024;CONSUMO;SOSPESO
39320018768;10/02/2026;RICARICA;ATTIVO
39320018769;24/01/2021;CONSUMO;ATTIVO
39320018770;22/03/2022;RICARICA;ATTIVO
39320018771;22/01/2026;CONSUMO;ATTIVO
39320018772;20/06/2024;RICARICA;ATTIVO
39320018773;03/11/2023;CONSUMO;ATTIVO
39320018774;09/09/2023;RICARICA;ATTIVO
39320018775;20/10/2022;CONSUMO;ATTIVO
39320018776;03/03/2021;RICARICA;ATTIVO
39320018777;19/01/2025;CONSUMO;ATTIVO
39320018778;22/11/2021;RICARICA;ATTIVO
39320018779;23/12/2025;CONSUMO;SOSPESO
39320018780;12/07/2022;RICARICA;SOSPESO
39320018781;24/06/2022;CONSUMO;ATTIVO
39320018782;31/05/2023;RICARICA;ATTIVO
39320018783;07/10/2023;CONSUMO;ATTIVO
39320018784;06/01/2026;RICARICA;ATTIVO
39320018785;26/04/2025;CONSUMO;ATTIVO
39320018786;29/04/2021;RICARICA;ATTIVO
39320018787;13/10/2023;CONSUMO;ATTIVO
39320018788;19/03/2025;RICARICA;ATTIVO
39320018789;04/01/2023;CONSUMO;ATTIVO
39320018790;30/08/2024;RICARICA;ATTIVO
39320018791;09/04/2022;CONSUMO;ATTIVO
39320018792;12/02/2023;RICARICA;ATTIVO
39320018793;04/03/2022;CONSUMO;ATTIVO
39320018794;23/02/2021;RICARICA;ATTIVO
39320018795;18/09/2024;CONSUMO;ATTIVO
39320018796;08/08/2024;RICARICA;ATTIVO
39320018797;07/06/2021;CONSUMO;ATTIVO
39320018798;13/10/2025;RICARICA;ATTIVO
39320018799;25/04/2025;CONSUMO;ATTIVO
39320018800;28/04/2025;RICARICA;ATTIVO
39320018801;27/03/2025;CONSUMO;ATTIVO
39320018802;01/10/2025;RICARICA;SOSPESO
39320018803;20/01/2022;CONSUMO;ATTIVO
39320018804;20/03/2024;RICARICA;ATTIVO
39320018805;27/10/2025;CONSUMO;ATTIVO
39320018806;04/05/2021;RICARICA;ATTIVO
39320018807;17/11/2025;CONSUMO;ATTIVO
39320018808;28/01/2021;RICARICA;ATTIVO
39320018809;29/05/2024;CONSUMO;ATTIVO
39320018810;15/02/2026;RICARICA;ATTIVO
39320018811;11/09/2025;CONSUMO;SOSPESO
39320018812;25/03/2023;RICARICA;ATTIVO
39320018813;18/05/2022;CONSUMO;ATTIVO
39320018814;08/10/2021;RICARICA;SOSPESO
39320018815;23/05/2022;CONSUMO;ATTIVO
39320018816;03/08/2023;RICARICA;ATTIVO
39320018817;07/10/2023;CONSUMO;ATTIVO
39320018818;27/10/2024;RICARICA;ATTIVO
39320018819;04/08/2025;CONSUMO;ATTIVO
39320018820;24/02/2021;RICARICA;ATTIVO
39320018821;10/11/2025;CONSUMO;ATTIVO
39320018822;16/07/2022;RICARICA;ATTIVO
39320018823;20/02/2024;CONSUMO;ATTIVO
39320018824;27/05/2022;RICARICA;ATTIVO
39320018825;03/09/2022;CONSUMO;ATTIVO
39320018826;04/03/2021;RICARICA;ATTIVO
39320018827;12/04/2023;CONSUMO;ATTIVO
39320018828;31/12/2023;RICARICA;ATTIVO
39320018829;24/08/2022;CONSUMO;ATTIVO
39320018830;26/11/2024;RICARICA;ATTIVO
39320018831;14/12/2023;CONSUMO;ATTIVO
39320018832;30/06/2024;RICARICA;ATTIVO
39320018833;17/12/2021;CONSUMO;ATTIVO
39320018834;18/11/2022;RICARICA;ATTIVO
39320018835;11/01/2021;CONSUMO;ATTIVO
39320018836;07/10/2023;RICARICA;ATTIVO
39320018837;11/12/2023;CONSUMO;ATTIVO
39320018838;28/10/2022;RICARICA;ATTIVO
39320018839;14/09/2025;CONSUMO;ATTIVO
39320018840;05/11/2024;RICARICA;ATTIVO
39320018841;23/11/2022;CONSUMO;ATTIVO
39320018842;31/12/2022;RICARICA;ATTIVO
39320018843;18/11/2025;CONSUMO;ATTIVO
39320018844;24/06/2024;RICARICA;ATTIVO
39320018845;06/01/2026;CONSUMO;ATTIVO
39320018846;12/05/2023;RICARICA;ATTIVO
39320018847;16/03/2022;CONSUMO;ATTIVO
39320018848;30/11/2023;RICARICA;ATTIVO
39320018849;13/05/2025;CONSUMO;ATTIVO
39320018850;28/05/2023;RICARICA;ATTIVO
39320018851;23/02/2024;CONSUMO;ATTIVO
39320018852;27/01/2024;RICARICA;ATTIVO
39320018853;05/02/2022;CONSUMO;ATTIVO
39320018854;27/02/2024;RICARICA;ATTIVO
39320018855;30/01/2022;CONSUMO;ATTIVO
39320018856;08/05/2022;RICARICA;ATTIVO
39320018857;08/03/2021;CONSUMO;ATTIVO
39320018858;28/04/2022;RICARICA;ATTIVO
39320018859;19/06/2023;CONSUMO;ATTIVO
39320018860;30/09/2022;RICARICA;ATTIVO
39320018861;15/01/2026;CONSUMO;ATTIVO
39320018862;26/11/2023;RICARICA;ATTIVO
39320018863;10/09/2023;CONSUMO;SOSPESO
39320018864;29/06/2022;RICARICA;ATTIVO
39320018865;18/04/2022;CONSUMO;ATTIVO
39320018866;30/06/2021;RICARICA;ATTIVO
39320018867;31/03/2023;CONSUMO;ATTIVO
39320018868;26/07/2023;RICARICA;ATTIVO
39320018869;29/12/2025;CONSUMO;ATTIVO
39320018870;25/06/2023;RICARICA;ATTIVO
39320018871;18/03/2021;CONSUMO;ATTIVO
39320018872;04/01/2023;RICARICA;ATTIVO
39320018873;10/01/2021;CONSUMO;ATTIVO
39320018874;16/08/2021;RICARICA;ATTIVO
39320018875;06/07/2022;CONSUMO;ATTIVO
39320018876;12/06/2021;RICARICA;ATTIVO
39320018877;01/01/2022;CONSUMO;ATTIVO
39320018878;18/12/2024;RICARICA;ATTIVO
39320018879;15/03/2022;CONSUMO;ATTIVO
39320018880;01/01/2026;RICARICA;ATTIVO
39320018881;29/04/2023;CONSUMO;ATTIVO
39320018882;31/08/2021;RICARICA;ATTIVO
39320018883;03/03/2023;CONSUMO;ATTIVO
39320018884;27/10/2025;RICARICA;ATTIVO
39320018885;08/02/2023;CONSUMO;ATTIVO
39320018886;24/11/2023;RICARICA;ATTIVO
39320018887;30/03/2023;CONSUMO;ATTIVO
39320018888;15/02/2021;RICARICA;ATTIVO
39320018889;01/12/2022;CONSUMO;ATTIVO
39320018890;15/07/2024;RICARICA;ATTIVO
39320018891;20/12/2022;CONSUMO;ATTIVO
39320018892;26/12/2021;RICARICA;ATTIVO
39320018893;23/10/2023;CONSUMO;SOSPESO
39320018894;17/02/2023;RICARICA;ATTIVO
39320018895;08/06/2022;CONSUMO;SOSPESO
39320018896;15/05/2025;RICARICA;SOSPESO
39320018897;20/04/2022;CONSUMO;ATTIVO
39320018898;03/07/2021;RICARICA;SOSPESO
39320018899;11/07/2025;CONSUMO;ATTIVO
39320018900;18/08/2022;RICARICA;ATTIVO
39320018901;17/10/2024;CONSUMO;ATTIVO
39320018902;05/11/2024;RICARICA;ATTIVO
39320018903;24/11/2022;CONSUMO;ATTIVO
39320018904;27/12/2022;RICARICA;ATTIVO
39320018905;02/06/2025;CONSUMO;ATTIVO
39320018906;19/01/2021;RICARICA;ATTIVO
39320018907;15/01/2021;CONSUMO;ATTIVO
39320018908;09/07/2021;RICARICA;ATTIVO
39320018909;28/04/2023;CONSUMO;ATTIVO
39320018910;09/10/2021;RICARICA;ATTIVO
39320018911;08/05/2025;CONSUMO;ATTIVO
39320018912;28/03/2022;RICARICA;SOSPESO
39320018913;10/02/2023;CONSUMO;ATTIVO
39320018914;24/08/2023;RICARICA;ATTIVO
39320018915;07/11/2024;CONSUMO;ATTIVO
39320018916;22/07/2021;RICARICA;ATTIVO
39320018917;28/01/2025;CONSUMO;SOSPESO
39320018918;01/07/2023;RICARICA;ATTIVO
39320018919;03/07/2025;CONSUMO;ATTIVO
39320018920;22/06/2025;RICARICA;ATTIVO
39320018921;01/01/2024;CONSUMO;ATTIVO
39320018922;29/05/2025;RICARICA;ATTIVO
39320018923;04/04/2024;CONSUMO;ATTIVO
39320018924;22/10/2024;RICARICA;ATTIVO
39320018925;13/02/2021;CONSUMO;SOSPESO
39320018926;14/04/2024;RICARICA;ATTIVO
39320018927;02/03/2021;CONSUMO;ATTIVO
39320018928;23/05/2024;RICARICA;ATTIVO
39320018929;13/04/2023;CONSUMO;ATTIVO
39320018930;01/02/2026;RICARICA;ATTIVO
39320018931;19/01/2024;CONSUMO;ATTIVO
39320018932;23/01/2022;RICARICA;ATTIVO
39320018933;20/11/2024;CONSUMO;ATTIVO
39320018934;20/10/2025;RICARICA;ATTIVO
39320018935;04/05/2025;CONSUMO;SOSPESO
39320018936;08/05/2022;RICARICA;ATTIVO
39320018937;17/12/2023;CONSUMO;ATTIVO
39320018938;25/02/2024;RICARICA;ATTIVO
39320018939;21/11/2025;CONSUMO;ATTIVO
39320018940;29/08/2023;RICARICA;ATTIVO
39320018941;11/03/2021;CONSUMO;ATTIVO
39320018942;11/05/2023;RICARICA;ATTIVO
39320018943;25/09/2023;CONSUMO;SOSPESO
39320018944;09/11/2022;RICARICA;ATTIVO
39320018945;26/03/2024;CONSUMO;ATTIVO
39320018946;24/12/2024;RICARICA;ATTIVO
39320018947;20/07/2025;CONSUMO;ATTIVO
39320018948;29/12/2022;RICARICA;ATTIVO
39320018949;09/06/2024;CONSUMO;ATTIVO
39320018950;27/05/2023;RICARICA;ATTIVO
39320018951;25/08/2022;CONSUMO;ATTIVO
39320018952;23/06/2021;RICARICA;SOSPESO
39320018953;20/03/2025;CONSUMO;ATTIVO
39320018954;22/09/2025;RICARICA;ATTIVO
39320018955;26/12/2022;CONSUMO;ATTIVO
39320018956;25/09/2021;RICARICA;ATTIVO
39320018957;12/12/2021;CONSUMO;ATTIVO
39320018958;25/01/2021;RICARICA;ATTIVO
39320018959;01/03/2025;CONSUMO;ATTIVO
39320018960;24/12/2025;RICARICA;SOSPESO
39320018961;06/11/2025;CONSUMO;ATTIVO
39320018962;05/07/2023;RICARICA;ATTIVO
39320018963;19/09/2022;CONSUMO;ATTIVO
39320018964;18/09/2024;RICARICA;ATTIVO
39320018965;28/11/2024;CONSUMO;ATTIVO
39320018966;13/04/2024;RICARICA;ATTIVO
39320018967;04/10/2022;CONSUMO;ATTIVO
39320018968;30/07/2025;RICARICA;ATTIVO
39320018969;12/03/2022;CONSUMO;ATTIVO
39320018970;14/08/2025;RICARICA;ATTIVO
39320018971;25/07/2022;CONSUMO;ATTIVO
39320018972;20/11/2023;RICARICA;ATTIVO
39320018973;11/01/2025;CONSUMO;ATTIVO
39320018974;31/10/2024;RICARICA;ATTIVO
39320018975;19/04/2021;CONSUMO;ATTIVO
39320018976;27/01/2021;RICARICA;ATTIVO
39320018977;31/07/2021;CONSUMO;ATTIVO
39320018978;29/12/2024;RICARICA;ATTIVO
39320018979;27/07/2024;CONSUMO;ATTIVO
39320018980;08/07/2023;RICARICA;ATTIVO
39320018981;03/06/2021;CONSUMO;ATTIVO
39320018982;06/05/2022;RICARICA;ATTIVO
39320018983;09/07/2022;CONSUMO;ATTIVO
39320018984;13/05/2025;RICARICA;SOSPESO
39320018985;05/03/2024;CONSUMO;ATTIVO
39320018986;01/08/2022;RICARICA;ATTIVO
39320018987;02/03/2026;CONSUMO;ATTIVO
39320018988;22/12/2021;RICARICA;ATTIVO
39320018989;30/12/2025;CONSUMO;ATTIVO
39320018990;27/12/2025;RICARICA;ATTIVO
39320018991;04/10/2022;CONSUMO;ATTIVO
39320018992;04/05/2025;RICARICA;ATTIVO
39320018993;22/12/2025;CONSUMO;ATTIVO
39320018994;15/01/2024;RICARICA;ATTIVO
39320018995;13/03/2022;CONSUMO;ATTIVO
39320018996;13/10/2024;RICARICA;ATTIVO
39320018997;25/08/2023;CONSUMO;ATTIVO
39320018998;27/10/2025;RICARICA;ATTIVO
39320018999;05/10/2023;CONSUMO;ATTIVO
39320019000;11/02/2024;RICARICA;ATTIVO
39320019001;03/03/2022;CONSUMO;ATTIVO
39320019002;11/10/2021;RICARICA;ATTIVO
39320019003;30/10/2022;CONSUMO;ATTIVO
39320019004;29/07/2024;RICARICA;ATTIVO
39320019005;27/12/2024;CONSUMO;ATTIVO
39320019006;23/08/2025;RICARICA;ATTIVO
39320019007;27/11/2023;CONSUMO;ATTIVO
39320019008;15/12/2025;RICARICA;ATTIVO
39320019009;13/05/2021;CONSUMO;ATTIVO
39320019010;08/11/2025;RICARICA;SOSPESO
39320019011;18/08/2023;CONSUMO;SOSPESO
39320019012;14/10/2024;RICARICA;ATTIVO
39320019013;07/06/2025;CONSUMO;ATTIVO
39320019014;30/05/2021;RICARICA;SOSPESO
39320019015;05/01/2021;CONSUMO;ATTIVO
39320019016;27/03/2024;RICARICA;ATTIVO
39320019017;04/05/2023;CONSUMO;ATTIVO
39320019018;08/09/2022;RICARICA;SOSPESO
39320019019;12/06/2022;CONSUMO;ATTIVO
39320019020;30/12/2024;RICARICA;ATTIVO
39320019021;31/07/2021;CONSUMO;SOSPESO
39320019022;20/10/2025;RICARICA;ATTIVO
39320019023;04/05/2021;CONSUMO;ATTIVO
39320019024;26/07/2023;RICARICA;ATTIVO
39320019025;14/09/2022;CONSUMO;ATTIVO
39320019026;21/04/2025;RICARICA;ATTIVO
39320019027;24/02/2026;CONSUMO;ATTIVO
39320019028;07/02/2025;RICARICA;ATTIVO
39320019029;05/10/2024;CONSUMO;ATTIVO
39320019030;25/01/2024;RICARICA;ATTIVO
39320019031;17/04/2025;CONSUMO;ATTIVO
39320019032;25/12/2024;RICARICA;ATTIVO
39320019033;15/10/2023;CONSUMO;SOSPESO
39320019034;02/10/2024;RICARICA;ATTIVO
39320019035;22/08/2022;CONSUMO;ATTIVO
39320019036;14/09/2025;RICARICA;SOSPESO
39320019037;12/10/2023;CONSUMO;ATTIVO
39320019038;26/04/2021;RICARICA;ATTIVO
39320019039;22/02/2024;CONSUMO;ATTIVO
39320019040;19/07/2024;RICARICA;ATTIVO
39320019041;12/05/2022;CONSUMO;ATTIVO
39320019042;14/07/2021;RICARICA;ATTIVO
39320019043;18/03/2025;CONSUMO;ATTIVO
39320019044;28/04/2025;RICARICA;ATTIVO
39320019045;05/03/2021;CONSUMO;ATTIVO
39320019046;01/12/2021;RICARICA;ATTIVO
39320019047;12/04/2023;CONSUMO;ATTIVO
39320019048;14/04/2024;RICARICA;ATTIVO
39320019049;18/04/2023;CONSUMO;ATTIVO
39320019050;24/04/2023;RICARICA;ATTIVO
39320019051;31/10/2021;CONSUMO;ATTIVO
39320019052;09/01/2023;RICARICA;ATTIVO
39320019053;24/09/2025;CONSUMO;ATTIVO
39320019054;17/03/2022;RICARICA;ATTIVO
39320019055;17/08/2024;CONSUMO;SOSPESO
39320019056;30/07/2023;RICARICA;ATTIVO
39320019057;22/09/2022;CONSUMO;ATTIVO
39320019058;18/08/2025;RICARICA;ATTIVO
39320019059;01/10/2021;CONSUMO;SOSPESO
39320019060;23/04/2025;RICARICA;ATTIVO
39320019061;26/08/2025;CONSUMO;ATTIVO
39320019062;30/10/2024;RICARICA;SOSPESO
39320019063;26/08/2023;CONSUMO;ATTIVO
39320019064;31/03/2025;RICARICA;ATTIVO
39320019065;23/09/2025;CONSUMO;SOSPESO
39320019066;05/07/2023;RICARICA;ATTIVO
39320019067;19/05/2022;CONSUMO;ATTIVO
39320019068;10/05/2025;RICARICA;ATTIVO
39320019069;17/07/2024;CONSUMO;ATTIVO
39320019070;10/02/2025;RICARICA;ATTIVO
39320019071;01/01/2025;CONSUMO;ATTIVO
39320019072;10/06/2023;RICARICA;ATTIVO
39320019073;02/04/2024;CONSUMO;ATTIVO
39320019074;16/03/2021;RICARICA;ATTIVO
39320019075;18/09/2025;CONSUMO;ATTIVO
39320019076;17/12/2024;RICARICA;ATTIVO
39320019077;27/12/2025;CONSUMO;ATTIVO
39320019078;26/04/2022;RICARICA;ATTIVO
39320019079;10/07/2022;CONSUMO;ATTIVO
39320019080;09/10/2024;RICARICA;ATTIVO
39320019081;11/06/2023;CONSUMO;ATTIVO
39320019082;16/09/2022;RICARICA;ATTIVO
39320019083;07/11/2025;CONSUMO;ATTIVO
39320019084;02/11/2024;RICARICA;ATTIVO
39320019085;20/04/2023;CONSUMO;ATTIVO
39320019086;12/10/2025;RICARICA;ATTIVO
39320019087;10/08/2022;CONSUMO;ATTIVO
39320019088;05/07/2022;RICARICA;ATTIVO
39320019089;20/03/2023;CONSUMO;ATTIVO
39320019090;30/09/2021;RICARICA;ATTIVO
39320019091;21/03/2023;CONSUMO;ATTIVO
39320019092;20/07/2022;RICARICA;ATTIVO
39320019093;09/05/2024;CONSUMO;ATTIVO
39320019094;26/10/2023;RICARICA;ATTIVO
39320019095;15/04/2024;CONSUMO;ATTIVO
39320019096;04/09/2023;RICARICA;ATTIVO
39320019097;08/01/2021;CONSUMO;ATTIVO
39320019098;10/07/2025;RICARICA;ATTIVO
39320019099;22/09/2022;CONSUMO;ATTIVO
39320019100;29/09/2021;RICARICA;ATTIVO
39320019101;05/05/2021;CONSUMO;ATTIVO
39320019102;03/01/2022;RICARICA;ATTIVO
39320019103;08/04/2022;CONSUMO;ATTIVO
39320019104;14/09/2021;RICARICA;ATTIVO
39320019105;08/03/2023;CONSUMO;ATTIVO
39320019106;26/01/2026;RICARICA;ATTIVO
39320019107;18/12/2021;CONSUMO;SOSPESO
39320019108;31/01/2023;RICARICA;SOSPESO
39320019109;02/04/2022;CONSUMO;ATTIVO
39320019110;06/06/2024;RICARICA;ATTIVO
39320019111;04/04/2025;CONSUMO;ATTIVO
39320019112;04/08/2023;RICARICA;ATTIVO
39320019113;07/08/2025;CONSUMO;ATTIVO
39320019114;07/04/2025;RICARICA;ATTIVO
39320019115;20/02/2023;CONSUMO;ATTIVO
39320019116;27/06/2021;RICARICA;ATTIVO
39320019117;04/12/2022;CONSUMO;ATTIVO
39320019118;01/11/2021;RICARICA;ATTIVO
39320019119;30/03/2023;CONSUMO;ATTIVO
39320019120;24/01/2023;RICARICA;ATTIVO
39320019121;03/12/2022;CONSUMO;ATTIVO
39320019122;14/02/2022;RICARICA;ATTIVO
39320019123;20/07/2024;CONSUMO;ATTIVO
39320019124;20/02/2021;RICARICA;ATTIVO
39320019125;24/06/2025;CONSUMO;ATTIVO
39320019126;13/09/2025;RICARICA;ATTIVO
39320019127;30/03/2023;CONSUMO;ATTIVO
39320019128;20/04/2025;RICARICA;ATTIVO
39320019129;04/03/2022;CONSUMO;ATTIVO
39320019130;06/10/2023;RICARICA;ATTIVO
39320019131;21/03/2022;CONSUMO;SOSPESO
39320019132;23/09/2021;RICARICA;ATTIVO
39320019133;28/12/2022;CONSUMO;ATTIVO
39320019134;23/11/2021;RICARICA;ATTIVO
39320019135;28/04/2025;CONSUMO;ATTIVO
39320019136;12/08/2023;RICARICA;ATTIVO
39320019137;30/05/2025;CONSUMO;ATTIVO
39320019138;25/07/2025;RICARICA;ATTIVO
39320019139;12/10/2024;CONSUMO;ATTIVO
39320019140;22/11/2022;RICARICA;ATTIVO
39320019141;02/03/2022;CONSUMO;ATTIVO
39320019142;23/04/2022;RICARICA;ATTIVO
39320019143;09/01/2025;CONSUMO;ATTIVO
39320019144;20/04/2025;RICARICA;ATTIVO
39320019145;03/01/2025;CONSUMO;ATTIVO
39320019146;15/01/2021;RICARICA;ATTIVO
39320019147;11/04/2024;CONSUMO;ATTIVO
39320019148;03/09/2024;RICARICA;ATTIVO
39320019149;10/01/2026;CONSUMO;ATTIVO
39320019150;02/03/2025;RICARICA;ATTIVO
39320019151;02/07/2022;CONSUMO;ATTIVO
39320019152;23/04/2022;RICARICA;ATTIVO
39320019153;07/02/2022;CONSUMO;ATTIVO
39320019154;18/07/2024;RICARICA;ATTIVO
39320019155;23/12/2025;CONSUMO;ATTIVO
39320019156;08/03/2022;RICARICA;ATTIVO
39320019157;22/01/2023;CONSUMO;ATTIVO
39320019158;18/04/2025;RICARICA;SOSPESO
39320019159;19/09/2021;CONSUMO;ATTIVO
39320019160;25/09/2023;RICARICA;ATTIVO
39320019161;05/07/2024;CONSUMO;SOSPESO
39320019162;06/07/2022;RICARICA;ATTIVO
39320019163;20/06/2023;CONSUMO;ATTIVO
39320019164;09/12/2023;RICARICA;ATTIVO
39320019165;07/08/2024;CONSUMO;ATTIVO
39320019166;22/03/2025;RICARICA;SOSPESO
39320019167;19/10/2024;CONSUMO;ATTIVO
39320019168;13/05/2023;RICARICA;ATTIVO
39320019169;01/03/2023;CONSUMO;ATTIVO
39320019170;05/01/2026;RICARICA;SOSPESO
39320019171;09/07/2024;CONSUMO;ATTIVO
39320019172;27/01/2023;RICARICA;ATTIVO
39320019173;01/01/2023;CONSUMO;ATTIVO
39320019174;30/01/2025;RICARICA;ATTIVO
39320019175;23/10/2021;CONSUMO;ATTIVO
39320019176;30/09/2023;RICARICA;ATTIVO
39320019177;10/01/2024;CONSUMO;ATTIVO
39320019178;08/08/2023;RICARICA;ATTIVO
39320019179;19/11/2021;CONSUMO;ATTIVO
39320019180;03/03/2021;RICARICA;ATTIVO
39320019181;31/12/2024;CONSUMO;ATTIVO
39320019182;15/08/2025;RICARICA;ATTIVO
39320019183;19/08/2024;CONSUMO;SOSPESO
39320019184;18/05/2024;RICARICA;ATTIVO
39320019185;21/12/2023;CONSUMO;ATTIVO
39320019186;23/02/2022;RICARICA;ATTIVO
39320019187;29/09/2021;CONSUMO;ATTIVO
39320019188;13/02/2024;RICARICA;ATTIVO
39320019189;03/07/2025;CONSUMO;ATTIVO
39320019190;29/03/2022;RICARICA;ATTIVO
39320019191;10/06/2024;CONSUMO;ATTIVO
39320019192;18/08/2023;RICARICA;ATTIVO
39320019193;18/10/2024;CONSUMO;ATTIVO
39320019194;02/11/2025;RICARICA;ATTIVO
39320019195;09/03/2022;CONSUMO;ATTIVO
39320019196;02/02/2023;RICARICA;ATTIVO
39320019197;04/12/2021;CONSUMO;ATTIVO
39320019198;11/11/2023;RICARICA;ATTIVO
39320019199;06/04/2024;CONSUMO;ATTIVO
39320019200;12/05/2023;RICARICA;SOSPESO
39320019201;23/06/2025;CONSUMO;ATTIVO
39320019202;15/06/2021;RICARICA;ATTIVO
39320019203;29/01/2025;CONSUMO;ATTIVO
39320019204;11/11/2022;RICARICA;ATTIVO
39320019205;12/06/2023;CONSUMO;ATTIVO
39320019206;10/02/2026;RICARICA;ATTIVO
39320019207;10/12/2023;CONSUMO;ATTIVO
39320019208;06/10/2024;RICARICA;ATTIVO
39320019209;06/04/2023;CONSUMO;ATTIVO
39320019210;03/04/2022;RICARICA;SOSPESO
39320019211;10/10/2023;CONSUMO;ATTIVO
39320019212;11/07/2021;RICARICA;ATTIVO
39320019213;25/08/2025;CONSUMO;ATTIVO
39320019214;21/10/2024;RICARICA;ATTIVO
39320019215;21/05/2022;CONSUMO;ATTIVO
39320019216;10/04/2024;RICARICA;ATTIVO
39320019217;14/06/2024;CONSUMO;ATTIVO
39320019218;05/02/2025;RICARICA;ATTIVO
39320019219;17/12/2023;CONSUMO;ATTIVO
39320019220;28/09/2022;RICARICA;ATTIVO
39320019221;20/08/2023;CONSUMO;ATTIVO
39320019222;09/11/2021;RICARICA;ATTIVO
39320019223;23/12/2022;CONSUMO;ATTIVO
39320019224;01/04/2023;RICARICA;ATTIVO
39320019225;18/10/2024;CONSUMO;ATTIVO
39320019226;26/02/2022;RICARICA;ATTIVO
39320019227;30/04/2023;CONSUMO;ATTIVO
39320019228;21/05/2024;RICARICA;ATTIVO
39320019229;21/11/2022;CONSUMO;ATTIVO
39320019230;15/08/2022;RICARICA;ATTIVO
39320019231;14/02/2024;CONSUMO;ATTIVO
39320019232;19/10/2022;RICARICA;ATTIVO
39320019233;09/08/2022;CONSUMO;ATTIVO
39320019234;11/06/2023;RICARICA;ATTIVO
39320019235;30/08/2024;CONSUMO;ATTIVO
39320019236;02/06/2021;RICARICA;ATTIVO
39320019237;18/11/2023;CONSUMO;ATTIVO
39320019238;06/03/2021;RICARICA;ATTIVO
39320019239;21/02/2025;CONSUMO;ATTIVO
39320019240;02/02/2021;RICARICA;ATTIVO
39320019241;16/02/2025;CONSUMO;ATTIVO
39320019242;16/08/2023;RICARICA;SOSPESO
39320019243;18/02/2023;CONSUMO;ATTIVO
39320019244;30/03/2022;RICARICA;ATTIVO
39320019245;10/12/2021;CONSUMO;ATTIVO
39320019246;11/03/2023;RICARICA;ATTIVO
39320019247;03/08/2023;CONSUMO;ATTIVO
39320019248;13/12/2024;RICARICA;ATTIVO
39320019249;15/12/2021;CONSUMO;SOSPESO
39320019250;23/02/2022;RICARICA;ATTIVO
39320019251;01/11/2023;CONSUMO;ATTIVO
39320019252;01/03/2024;RICARICA;ATTIVO
39320019253;14/05/2021;CONSUMO;ATTIVO
39320019254;13/03/2023;RICARICA;ATTIVO
39320019255;16/07/2021;CONSUMO;ATTIVO
39320019256;10/03/2021;RICARICA;ATTIVO
39320019257;12/09/2022;CONSUMO;ATTIVO
39320019258;02/06/2023;RICARICA;ATTIVO
39320019259;29/01/2025;CONSUMO;ATTIVO
39320019260;25/06/2023;RICARICA;ATTIVO
39320019261;25/10/2025;CONSUMO;ATTIVO
39320019262;27/04/2023;RICARICA;ATTIVO
39320019263;08/03/2026;CONSUMO;ATTIVO
39320019264;04/05/2025;RICARICA;ATTIVO
39320019265;21/12/2025;CONSUMO;ATTIVO
39320019266;15/11/2024;RICARICA;ATTIVO
39320019267;19/08/2023;CONSUMO;ATTIVO
39320019268;11/06/2024;RICARICA;ATTIVO
39320019269;27/07/2022;CONSUMO;ATTIVO
39320019270;02/06/2023;RICARICA;ATTIVO
39320019271;31/05/2025;CONSUMO;ATTIVO
39320019272;05/10/2024;RICARICA;ATTIVO
39320019273;10/02/2022;CONSUMO;ATTIVO
39320019274;25/02/2026;RICARICA;ATTIVO
39320019275;18/02/2026;CONSUMO;SOSPESO
39320019276;19/12/2024;RICARICA;ATTIVO
39320019277;20/01/2023;CONSUMO;ATTIVO
39320019278;20/02/2024;RICARICA;ATTIVO
39320019279;08/08/2022;CONSUMO;ATTIVO
39320019280;03/10/2023;RICARICA;ATTIVO
39320019281;05/01/2025;CONSUMO;ATTIVO
39320019282;11/06/2023;RICARICA;SOSPESO
39320019283;07/09/2025;CONSUMO;ATTIVO
39320019284;16/02/2026;RICARICA;ATTIVO
39320019285;14/03/2022;CONSUMO;ATTIVO
39320019286;24/04/2022;RICARICA;ATTIVO
39320019287;23/04/2025;CONSUMO;ATTIVO
39320019288;27/04/2021;RICARICA;ATTIVO
39320019289;30/05/2025;CONSUMO;ATTIVO
39320019290;28/12/2024;RICARICA;ATTIVO
39320019291;24/10/2023;CONSUMO;SOSPESO
39320019292;03/03/2021;RICARICA;ATTIVO
39320019293;08/03/2023;CONSUMO;ATTIVO
39320019294;24/02/2026;RICARICA;SOSPESO
39320019295;07/02/2024;CONSUMO;ATTIVO
39320019296;16/01/2024;RICARICA;ATTIVO
39320019297;13/09/2022;CONSUMO;ATTIVO
39320019298;26/06/2023;RICARICA;ATTIVO
39320019299;19/12/2023;CONSUMO;SOSPESO
39320019300;11/01/2024;RICARICA;ATTIVO
39320019301;01/07/2023;CONSUMO;ATTIVO
39320019302;28/07/2025;RICARICA;ATTIVO
39320019303;30/03/2021;CONSUMO;ATTIVO
39320019304;06/04/2023;RICARICA;ATTIVO
39320019305;21/06/2024;CONSUMO;ATTIVO
39320019306;25/03/2021;RICARICA;ATTIVO
39320019307;10/03/2025;CONSUMO;ATTIVO
39320019308;03/11/2021;RICARICA;ATTIVO
39320019309;14/11/2023;CONSUMO;ATTIVO
39320019310;13/08/2024;RICARICA;ATTIVO
39320019311;10/10/2024;CONSUMO;ATTIVO
39320019312;17/03/2023;RICARICA;ATTIVO
39320019313;03/08/2024;CONSUMO;ATTIVO
39320019314;01/04/2022;RICARICA;ATTIVO
39320019315;27/11/2025;CONSUMO;ATTIVO
39320019316;30/05/2022;RICARICA;ATTIVO
39320019317;03/05/2024;CONSUMO;ATTIVO
39320019318;18/08/2021;RICARICA;ATTIVO
39320019319;29/07/2021;CONSUMO;ATTIVO
39320019320;08/03/2023;RICARICA;ATTIVO
39320019321;27/04/2022;CONSUMO;ATTIVO
39320019322;11/05/2021;RICARICA;ATTIVO
39320019323;24/01/2024;CONSUMO;ATTIVO
39320019324;08/11/2022;RICARICA;ATTIVO
39320019325;10/05/2023;CONSUMO;ATTIVO
39320019326;21/02/2023;RICARICA;ATTIVO
39320019327;27/01/2026;CONSUMO;ATTIVO
39320019328;02/07/2025;RICARICA;ATTIVO
39320019329;04/09/2023;CONSUMO;ATTIVO
39320019330;23/06/2023;RICARICA;ATTIVO
39320019331;01/06/2023;CONSUMO;ATTIVO
39320019332;08/04/2024;RICARICA;ATTIVO
39320019333;27/02/2025;CONSUMO;ATTIVO
39320019334;23/05/2023;RICARICA;ATTIVO
39320019335;30/12/2021;CONSUMO;ATTIVO
39320019336;24/11/2022;RICARICA;ATTIVO
39320019337;26/03/2025;CONSUMO;ATTIVO
39320019338;22/03/2024;RICARICA;ATTIVO
39320019339;10/04/2023;CONSUMO;ATTIVO
39320019340;21/12/2022;RICARICA;ATTIVO
39320019341;18/04/2023;CONSUMO;ATTIVO
39320019342;27/12/2024;RICARICA;SOSPESO
39320019343;24/05/2021;CONSUMO;ATTIVO
39320019344;24/01/2026;RICARICA;ATTIVO
39320019345;28/03/2021;CONSUMO;ATTIVO
39320019346;12/09/2022;RICARICA;ATTIVO
39320019347;04/12/2023;CONSUMO;ATTIVO
39320019348;17/03/2022;RICARICA;ATTIVO
39320019349;26/09/2021;CONSUMO;ATTIVO
39320019350;02/05/2023;RICARICA;ATTIVO
39320019351;16/09/2024;CONSUMO;ATTIVO
39320019352;25/07/2021;RICARICA;ATTIVO
39320019353;22/11/2023;CONSUMO;ATTIVO
39320019354;15/03/2025;RICARICA;ATTIVO
39320019355;02/11/2025;CONSUMO;ATTIVO
39320019356;15/04/2024;RICARICA;ATTIVO
39320019357;17/10/2025;CONSUMO;ATTIVO
39320019358;06/06/2025;RICARICA;ATTIVO
39320019359;05/08/2021;CONSUMO;SOSPESO
39320019360;17/12/2025;RICARICA;ATTIVO
39320019361;13/01/2022;CONSUMO;ATTIVO
39320019362;19/07/2025;RICARICA;ATTIVO
39320019363;12/08/2023;CONSUMO;ATTIVO
39320019364;15/01/2024;RICARICA;ATTIVO
39320019365;07/02/2023;CONSUMO;ATTIVO
39320019366;28/02/2023;RICARICA;ATTIVO
39320019367;01/09/2024;CONSUMO;ATTIVO
39320019368;09/05/2024;RICARICA;ATTIVO
39320019369;09/03/2024;CONSUMO;ATTIVO
39320019370;26/08/2021;RICARICA;ATTIVO
39320019371;02/04/2023;CONSUMO;ATTIVO
39320019372;22/01/2025;RICARICA;ATTIVO
39320019373;02/12/2025;CONSUMO;ATTIVO
39320019374;05/09/2021;RICARICA;ATTIVO
39320019375;07/10/2024;CONSUMO;ATTIVO
39320019376;19/07/2025;RICARICA;ATTIVO
39320019377;03/09/2025;CONSUMO;SOSPESO
39320019378;24/04/2023;RICARICA;ATTIVO
39320019379;16/06/2021;CONSUMO;ATTIVO
39320019380;17/06/2025;RICARICA;ATTIVO
39320019381;07/06/2021;CONSUMO;ATTIVO
39320019382;04/01/2024;RICARICA;ATTIVO
39320019383;30/09/2022;CONSUMO;ATTIVO
39320019384;30/10/2021;RICARICA;ATTIVO
39320019385;22/02/2022;CONSUMO;ATTIVO
39320019386;19/03/2025;RICARICA;ATTIVO
39320019387;07/10/2025;CONSUMO;ATTIVO
39320019388;05/01/2025;RICARICA;SOSPESO
39320019389;02/10/2025;CONSUMO;SOSPESO
39320019390;19/01/2023;RICARICA;ATTIVO
39320019391;24/02/2026;CONSUMO;ATTIVO
39320019392;27/07/2021;RICARICA;ATTIVO
39320019393;21/06/2021;CONSUMO;ATTIVO
39320019394;25/04/2024;RICARICA;ATTIVO
39320019395;23/07/2025;CONSUMO;ATTIVO
39320019396;11/04/2025;RICARICA;ATTIVO
39320019397;26/03/2024;CONSUMO;ATTIVO
39320019398;04/10/2021;RICARICA;ATTIVO
39320019399;20/11/2025;CONSUMO;SOSPESO
39320019400;30/04/2025;RICARICA;ATTIVO
39320019401;26/03/2021;CONSUMO;ATTIVO
39320019402;21/08/2025;RICARICA;ATTIVO
39320019403;23/11/2025;CONSUMO;ATTIVO
39320019404;23/08/2023;RICARICA;ATTIVO
39320019405;06/12/2023;CONSUMO;ATTIVO
39320019406;01/03/2023;RICARICA;ATTIVO
39320019407;09/07/2023;CONSUMO;ATTIVO
39320019408;15/01/2021;RICARICA;ATTIVO
39320019409;06/08/2021;CONSUMO;ATTIVO
39320019410;24/02/2026;RICARICA;ATTIVO
39320019411;07/01/2022;CONSUMO;ATTIVO
39320019412;04/06/2025;RICARICA;SOSPESO
39320019413;26/09/2021;CONSUMO;ATTIVO
39320019414;23/08/2024;RICARICA;ATTIVO
39320019415;02/05/2021;CONSUMO;SOSPESO
39320019416;27/04/2024;RICARICA;SOSPESO
39320019417;29/01/2023;CONSUMO;SOSPESO
39320019418;30/05/2023;RICARICA;ATTIVO
39320019419;11/10/2024;CONSUMO;ATTIVO
39320019420;14/08/2021;RICARICA;ATTIVO
39320019421;03/06/2023;CONSUMO;ATTIVO
39320019422;10/08/2024;RICARICA;ATTIVO
39320019423;17/06/2021;CONSUMO;ATTIVO
39320019424;28/09/2024;RICARICA;ATTIVO
39320019425;04/11/2025;CONSUMO;ATTIVO
39320019426;14/08/2024;RICARICA;ATTIVO
39320019427;27/11/2025;CONSUMO;ATTIVO
39320019428;25/09/2025;RICARICA;ATTIVO
39320019429;30/03/2022;CONSUMO;ATTIVO
39320019430;08/01/2022;RICARICA;ATTIVO
39320019431;10/04/2024;CONSUMO;ATTIVO
39320019432;07/11/2023;RICARICA;ATTIVO
39320019433;04/04/2024;CONSUMO;ATTIVO
39320019434;05/10/2021;RICARICA;ATTIVO
39320019435;02/06/2025;CONSUMO;ATTIVO
39320019436;24/08/2021;RICARICA;ATTIVO
39320019437;30/07/2025;CONSUMO;ATTIVO
39320019438;13/05/2024;RICARICA;ATTIVO
39320019439;09/09/2024;CONSUMO;ATTIVO
39320019440;06/12/2024;RICARICA;ATTIVO
39320019441;30/09/2025;CONSUMO;ATTIVO
39320019442;29/09/2025;RICARICA;ATTIVO
39320019443;08/04/2024;CONSUMO;ATTIVO
39320019444;20/07/2024;RICARICA;ATTIVO
39320019445;12/04/2025;CONSUMO;ATTIVO
39320019446;27/01/2024;RICARICA;ATTIVO
39320019447;14/08/2022;CONSUMO;ATTIVO
39320019448;06/12/2022;RICARICA;ATTIVO
39320019449;14/05/2021;CONSUMO;ATTIVO
39320019450;11/04/2021;RICARICA;ATTIVO
39320019451;12/06/2025;CONSUMO;ATTIVO
39320019452;29/11/2023;RICARICA;ATTIVO
39320019453;29/05/2025;CONSUMO;ATTIVO
39320019454;31/07/2021;RICARICA;SOSPESO
39320019455;28/12/2025;CONSUMO;ATTIVO
39320019456;28/01/2021;RICARICA;ATTIVO
39320019457;11/03/2025;CONSUMO;ATTIVO
39320019458;14/04/2023;RICARICA;ATTIVO
39320019459;30/11/2025;CONSUMO;ATTIVO
39320019460;04/06/2021;RICARICA;ATTIVO
39320019461;21/10/2023;CONSUMO;ATTIVO
39320019462;10/06/2022;RICARICA;ATTIVO
39320019463;06/05/2025;CONSUMO;ATTIVO
39320019464;29/04/2022;RICARICA;ATTIVO
39320019465;29/02/2024;CONSUMO;ATTIVO
39320019466;29/07/2022;RICARICA;ATTIVO
39320019467;23/12/2022;CONSUMO;ATTIVO
39320019468;08/04/2023;RICARICA;ATTIVO
39320019469;24/10/2024;CONSUMO;ATTIVO
39320019470;24/02/2025;RICARICA;ATTIVO
39320019471;04/02/2026;CONSUMO;ATTIVO
39320019472;13/03/2021;RICARICA;ATTIVO
39320019473;27/09/2021;CONSUMO;ATTIVO
39320019474;25/07/2023;RICARICA;ATTIVO
39320019475;27/03/2023;CONSUMO;ATTIVO
39320019476;16/02/2024;RICARICA;ATTIVO
39320019477;20/06/2024;CONSUMO;ATTIVO
39320019478;17/02/2026;RICARICA;ATTIVO
39320019479;16/03/2024;CONSUMO;ATTIVO
39320019480;25/09/2023;RICARICA;ATTIVO
39320019481;30/05/2024;CONSUMO;SOSPESO
39320019482;10/06/2021;RICARICA;ATTIVO
39320019483;24/09/2024;CONSUMO;ATTIVO
39320019484;02/02/2021;RICARICA;ATTIVO
39320019485;06/01/2023;CONSUMO;ATTIVO
39320019486;27/10/2025;RICARICA;SOSPESO
39320019487;27/06/2023;CONSUMO;ATTIVO
39320019488;02/01/2022;RICARICA;ATTIVO
39320019489;26/01/2022;CONSUMO;ATTIVO
39320019490;08/07/2024;RICARICA;ATTIVO
39320019491;20/07/2023;CONSUMO;ATTIVO
39320019492;11/03/2023;RICARICA;ATTIVO
39320019493;04/12/2025;CONSUMO;ATTIVO
39320019494;09/12/2022;RICARICA;ATTIVO
39320019495;16/07/2021;CONSUMO;ATTIVO
39320019496;21/10/2025;RICARICA;SOSPESO
39320019497;12/10/2023;CONSUMO;ATTIVO
39320019498;14/07/2024;RICARICA;ATTIVO
39320019499;20/08/2023;CONSUMO;SOSPESO
39320019500;08/10/2024;RICARICA;ATTIVO
39320019501;29/12/2025;CONSUMO;ATTIVO
39320019502;07/04/2024;RICARICA;ATTIVO
39320019503;03/10/2021;CONSUMO;SOSPESO
39320019504;06/11/2024;RICARICA;ATTIVO
39320019505;31/05/2024;CONSUMO;ATTIVO
39320019506;06/03/2023;RICARICA;ATTIVO
39320019507;03/04/2025;CONSUMO;ATTIVO
39320019508;08/10/2021;RICARICA;ATTIVO
39320019509;12/01/2024;CONSUMO;ATTIVO
39320019510;17/01/2021;RICARICA;ATTIVO
39320019511;24/09/2022;CONSUMO;ATTIVO
39320019512;19/09/2021;RICARICA;ATTIVO
39320019513;31/03/2023;CONSUMO;ATTIVO
39320019514;02/05/2024;RICARICA;ATTIVO
39320019515;29/05/2025;CONSUMO;ATTIVO
39320019516;17/09/2023;RICARICA;ATTIVO
39320019517;13/09/2021;CONSUMO;ATTIVO
39320019518;15/02/2023;RICARICA;ATTIVO
39320019519;17/10/2023;CONSUMO;ATTIVO
39320019520;10/08/2025;RICARICA;ATTIVO
39320019521;02/04/2021;CONSUMO;ATTIVO
39320019522;11/01/2026;RICARICA;ATTIVO
39320019523;16/10/2023;CONSUMO;SOSPESO
39320019524;27/02/2022;RICARICA;ATTIVO
39320019525;30/10/2021;CONSUMO;ATTIVO
39320019526;15/07/2022;RICARICA;ATTIVO
39320019527;20/02/2022;CONSUMO;ATTIVO
39320019528;01/12/2022;RICARICA;ATTIVO
39320019529;11/03/2023;CONSUMO;ATTIVO
39320019530;02/01/2021;RICARICA;ATTIVO
39320019531;07/03/2025;CONSUMO;ATTIVO
39320019532;12/09/2025;RICARICA;ATTIVO
39320019533;14/05/2024;CONSUMO;ATTIVO
39320019534;09/05/2021;RICARICA;ATTIVO
39320019535;10/08/2021;CONSUMO;ATTIVO
39320019536;06/10/2025;RICARICA;ATTIVO
39320019537;02/05/2025;CONSUMO;ATTIVO
39320019538;05/07/2024;RICARICA;ATTIVO
39320019539;08/02/2025;CONSUMO;ATTIVO
39320019540;08/11/2022;RICARICA;ATTIVO
39320019541;29/06/2021;CONSUMO;ATTIVO
39320019542;01/09/2021;RICARICA;ATTIVO
39320019543;31/01/2023;CONSUMO;ATTIVO
39320019544;04/02/2021;RICARICA;ATTIVO
39320019545;26/08/2025;CONSUMO;ATTIVO
39320019546;14/08/2022;RICARICA;ATTIVO
39320019547;12/05/2022;CONSUMO;ATTIVO
39320019548;26/01/2025;RICARICA;ATTIVO
39320019549;11/09/2021;CONSUMO;ATTIVO
39320019550;24/06/2021;RICARICA;ATTIVO
39320019551;02/03/2026;CONSUMO;ATTIVO
39320019552;09/07/2022;RICARICA;ATTIVO
39320019553;26/12/2025;CONSUMO;ATTIVO
39320019554;25/01/2025;RICARICA;ATTIVO
39320019555;26/07/2025;CONSUMO;ATTIVO
39320019556;01/12/2024;RICARICA;ATTIVO
39320019557;03/06/2021;CONSUMO;ATTIVO
39320019558;05/03/2021;RICARICA;ATTIVO
39320019559;08/01/2024;CONSUMO;SOSPESO
39320019560;22/09/2023;RICARICA;ATTIVO
39320019561;28/06/2022;CONSUMO;ATTIVO
39320019562;28/06/2025;RICARICA;ATTIVO
39320019563;26/10/2024;CONSUMO;ATTIVO
39320019564;12/08/2023;RICARICA;ATTIVO
39320019565;14/09/2023;CONSUMO;ATTIVO
39320019566;20/01/2024;RICARICA;ATTIVO
39320019567;25/11/2025;CONSUMO;ATTIVO
39320019568;29/03/2025;RICARICA;ATTIVO
39320019569;16/03/2026;CONSUMO;ATTIVO
39320019570;24/12/2023;RICARICA;ATTIVO
39320019571;09/07/2021;CONSUMO;ATTIVO
39320019572;29/06/2024;RICARICA;SOSPESO
39320019573;08/11/2025;CONSUMO;ATTIVO
39320019574;08/03/2025;RICARICA;ATTIVO
39320019575;26/10/2023;CONSUMO;ATTIVO
39320019576;01/02/2021;RICARICA;SOSPESO
39320019577;05/07/2025;CONSUMO;ATTIVO
39320019578;24/02/2023;RICARICA;ATTIVO
39320019579;29/09/2022;CONSUMO;ATTIVO
39320019580;17/04/2023;RICARICA;ATTIVO
39320019581;07/08/2023;CONSUMO;ATTIVO
39320019582;16/06/2024;RICARICA;ATTIVO
39320019583;11/06/2023;CONSUMO;ATTIVO
39320019584;23/10/2024;RICARICA;ATTIVO
39320019585;30/10/2023;CONSUMO;ATTIVO
39320019586;02/08/2022;RICARICA;ATTIVO
39320019587;19/11/2025;CONSUMO;ATTIVO
39320019588;19/09/2021;RICARICA;ATTIVO
39320019589;21/04/2025;CONSUMO;ATTIVO
39320019590;26/10/2023;RICARICA;ATTIVO
39320019591;28/12/2023;CONSUMO;ATTIVO
39320019592;14/03/2025;RICARICA;ATTIVO
39320019593;09/10/2023;CONSUMO;ATTIVO
39320019594;02/11/2021;RICARICA;ATTIVO
39320019595;29/08/2022;CONSUMO;ATTIVO
39320019596;20/09/2021;RICARICA;ATTIVO
39320019597;19/02/2022;CONSUMO;ATTIVO
39320019598;19/05/2021;RICARICA;ATTIVO
39320019599;15/12/2023;CONSUMO;ATTIVO
39320019600;31/03/2025;RICARICA;ATTIVO
39320019601;21/02/2021;CONSUMO;ATTIVO
39320019602;27/05/2022;RICARICA;ATTIVO
39320019603;19/01/2023;CONSUMO;ATTIVO
39320019604;16/02/2025;RICARICA;ATTIVO
39320019605;13/11/2023;CONSUMO;SOSPESO
39320019606;22/11/2021;RICARICA;ATTIVO
39320019607;21/06/2022;CONSUMO;ATTIVO
39320019608;27/08/2023;RICARICA;ATTIVO
39320019609;18/02/2026;CONSUMO;ATTIVO
39320019610;01/04/2021;RICARICA;ATTIVO
39320019611;12/01/2024;CONSUMO;ATTIVO
39320019612;12/10/2023;RICARICA;ATTIVO
39320019613;18/12/2024;CONSUMO;ATTIVO
39320019614;23/10/2023;RICARICA;ATTIVO
39320019615;20/01/2025;CONSUMO;ATTIVO
39320019616;24/04/2021;RICARICA;ATTIVO
39320019617;04/10/2022;CONSUMO;ATTIVO
39320019618;01/11/2024;RICARICA;ATTIVO
39320019619;17/03/2022;CONSUMO;ATTIVO
39320019620;10/03/2023;RICARICA;ATTIVO
39320019621;22/05/2024;CONSUMO;ATTIVO
39320019622;31/01/2023;RICARICA;ATTIVO
39320019623;23/12/2024;CONSUMO;ATTIVO
39320019624;20/09/2021;RICARICA;ATTIVO
39320019625;03/09/2024;CONSUMO;ATTIVO
39320019626;20/09/2025;RICARICA;ATTIVO
39320019627;15/01/2026;CONSUMO;SOSPESO
39320019628;11/06/2022;RICARICA;ATTIVO
39320019629;24/06/2022;CONSUMO;ATTIVO
39320019630;25/07/2024;RICARICA;ATTIVO
39320019631;01/02/2021;CONSUMO;ATTIVO
39320019632;17/06/2021;RICARICA;ATTIVO
39320019633;10/08/2022;CONSUMO;ATTIVO
39320019634;25/04/2024;RICARICA;ATTIVO
39320019635;08/05/2024;CONSUMO;ATTIVO
39320019636;19/09/2022;RICARICA;ATTIVO
39320019637;03/08/2023;CONSUMO;ATTIVO
39320019638;24/02/2022;RICARICA;ATTIVO
39320019639;03/05/2024;CONSUMO;ATTIVO
39320019640;08/10/2025;RICARICA;ATTIVO
39320019641;19/07/2025;CONSUMO;ATTIVO
39320019642;10/10/2025;RICARICA;ATTIVO
39320019643;11/04/2022;CONSUMO;ATTIVO
39320019644;22/12/2025;RICARICA;ATTIVO
39320019645;04/04/2024;CONSUMO;SOSPESO
39320019646;04/12/2021;RICARICA;ATTIVO
39320019647;21/09/2025;CONSUMO;ATTIVO
39320019648;28/02/2021;RICARICA;ATTIVO
39320019649;17/03/2025;CONSUMO;ATTIVO
39320019650;26/02/2022;RICARICA;ATTIVO
39320019651;12/09/2022;CONSUMO;ATTIVO
39320019652;10/09/2022;RICARICA;ATTIVO
39320019653;14/10/2023;CONSUMO;ATTIVO
39320019654;28/12/2024;RICARICA;ATTIVO
39320019655;30/12/2022;CONSUMO;ATTIVO
39320019656;08/01/2025;RICARICA;ATTIVO
39320019657;21/05/2021;CONSUMO;ATTIVO
39320019658;09/12/2023;RICARICA;ATTIVO
39320019659;12/09/2025;CONSUMO;SOSPESO
39320019660;15/11/2023;RICARICA;ATTIVO
39320019661;26/12/2024;CONSUMO;SOSPESO
39320019662;15/07/2025;RICARICA;ATTIVO
39320019663;25/08/2021;CONSUMO;ATTIVO
39320019664;24/04/2024;RICARICA;ATTIVO
39320019665;28/05/2024;CONSUMO;ATTIVO
39320019666;24/07/2023;RICARICA;ATTIVO
39320019667;24/02/2026;CONSUMO;ATTIVO
39320019668;19/09/2021;RICARICA;ATTIVO
39320019669;14/08/2022;CONSUMO;ATTIVO
39320019670;03/04/2021;RICARICA;SOSPESO
39320019671;08/03/2022;CONSUMO;ATTIVO
39320019672;25/11/2021;RICARICA;ATTIVO
39320019673;15/04/2022;CONSUMO;ATTIVO
39320019674;21/10/2022;RICARICA;ATTIVO
39320019675;25/03/2021;CONSUMO;SOSPESO
39320019676;19/06/2023;RICARICA;ATTIVO
39320019677;12/07/2023;CONSUMO;ATTIVO
39320019678;29/08/2021;RICARICA;SOSPESO
39320019679;07/02/2025;CONSUMO;SOSPESO
39320019680;20/02/2025;RICARICA;ATTIVO
39320019681;12/12/2023;CONSUMO;ATTIVO
39320019682;23/03/2023;RICARICA;ATTIVO
39320019683;27/09/2022;CONSUMO;ATTIVO
39320019684;20/01/2025;RICARICA;ATTIVO
39320019685;08/06/2022;CONSUMO;ATTIVO
39320019686;06/02/2021;RICARICA;ATTIVO
39320019687;28/02/2023;CONSUMO;ATTIVO
39320019688;11/04/2025;RICARICA;ATTIVO
39320019689;26/01/2021;CONSUMO;ATTIVO
39320019690;10/07/2023;RICARICA;ATTIVO
39320019691;08/01/2025;CONSUMO;ATTIVO
39320019692;17/10/2025;RICARICA;SOSPESO
39320019693;12/10/2025;CONSUMO;ATTIVO
39320019694;08/11/2025;RICARICA;SOSPESO
39320019695;01/06/2025;CONSUMO;ATTIVO
39320019696;09/01/2024;RICARICA;ATTIVO
39320019697;04/04/2024;CONSUMO;ATTIVO
39320019698;12/03/2022;RICARICA;ATTIVO
39320019699;29/10/2023;CONSUMO;ATTIVO
39320019700;06/01/2024;RICARICA;ATTIVO
39320019701;12/02/2024;CONSUMO;ATTIVO
39320019702;11/04/2025;RICARICA;ATTIVO
39320019703;24/05/2023;CONSUMO;ATTIVO
39320019704;07/06/2025;RICARICA;ATTIVO
39320019705;26/02/2022;CONSUMO;ATTIVO
39320019706;23/01/2021;RICARICA;ATTIVO
39320019707;18/01/2025;CONSUMO;ATTIVO
39320019708;11/08/2024;RICARICA;ATTIVO
39320019709;14/09/2025;CONSUMO;ATTIVO
39320019710;07/12/2021;RICARICA;ATTIVO
39320019711;17/03/2021;CONSUMO;ATTIVO
39320019712;02/04/2023;RICARICA;ATTIVO
39320019713;25/03/2023;CONSUMO;ATTIVO
39320019714;14/07/2022;RICARICA;ATTIVO
39320019715;20/04/2022;CONSUMO;ATTIVO
39320019716;19/02/2022;RICARICA;ATTIVO
39320019717;16/02/2026;CONSUMO;ATTIVO
39320019718;28/11/2022;RICARICA;ATTIVO
39320019719;28/01/2025;CONSUMO;ATTIVO
39320019720;04/12/2025;RICARICA;SOSPESO
39320019721;07/07/2021;CONSUMO;ATTIVO
39320019722;03/12/2023;RICARICA;ATTIVO
39320019723;28/10/2025;CONSUMO;ATTIVO
39320019724;21/12/2022;RICARICA;ATTIVO
39320019725;20/06/2022;CONSUMO;ATTIVO
39320019726;01/03/2021;RICARICA;ATTIVO
39320019727;15/03/2025;CONSUMO;ATTIVO
39320019728;16/02/2024;RICARICA;ATTIVO
39320019729;29/08/2023;CONSUMO;ATTIVO
39320019730;08/02/2021;RICARICA;ATTIVO
39320019731;25/12/2024;CONSUMO;ATTIVO
39320019732;07/04/2022;RICARICA;ATTIVO
39320019733;01/06/2022;CONSUMO;ATTIVO
39320019734;20/12/2023;RICARICA;ATTIVO
39320019735;12/11/2024;CONSUMO;ATTIVO
39320019736;24/11/2022;RICARICA;ATTIVO
39320019737;11/03/2026;CONSUMO;ATTIVO
39320019738;07/08/2025;RICARICA;ATTIVO
39320019739;04/07/2024;CONSUMO;ATTIVO
39320019740;18/03/2024;RICARICA;SOSPESO
39320019741;08/12/2021;CONSUMO;ATTIVO
39320019742;21/05/2022;RICARICA;ATTIVO
39320019743;26/03/2025;CONSUMO;ATTIVO
39320019744;02/08/2021;RICARICA;ATTIVO
39320019745;14/10/2025;CONSUMO;ATTIVO
39320019746;06/02/2026;RICARICA;ATTIVO
39320019747;21/11/2022;CONSUMO;ATTIVO
39320019748;30/12/2021;RICARICA;ATTIVO
39320019749;03/08/2023;CONSUMO;ATTIVO
39320019750;06/10/2023;RICARICA;ATTIVO
39320019751;20/01/2023;CONSUMO;ATTIVO
39320019752;10/01/2023;RICARICA;ATTIVO
39320019753;21/05/2023;CONSUMO;ATTIVO
39320019754;03/09/2025;RICARICA;ATTIVO
39320019755;02/07/2021;CONSUMO;ATTIVO
39320019756;04/05/2024;RICARICA;ATTIVO
39320019757;10/12/2022;CONSUMO;ATTIVO
39320019758;26/07/2025;RICARICA;SOSPESO
39320019759;18/02/2021;CONSUMO;SOSPESO
39320019760;29/08/2024;RICARICA;ATTIVO
39320019761;02/09/2022;CONSUMO;ATTIVO
39320019762;31/05/2025;RICARICA;ATTIVO
39320019763;24/09/2021;CONSUMO;ATTIVO
39320019764;29/05/2024;RICARICA;ATTIVO
39320019765;23/10/2024;CONSUMO;ATTIVO
39320019766;06/10/2025;RICARICA;ATTIVO
39320019767;15/01/2023;CONSUMO;ATTIVO
39320019768;09/03/2021;RICARICA;ATTIVO
39320019769;17/06/2021;CONSUMO;ATTIVO
39320019770;06/08/2021;RICARICA;ATTIVO
39320019771;13/12/2023;CONSUMO;SOSPESO
39320019772;23/09/2022;RICARICA;ATTIVO
39320019773;15/03/2025;CONSUMO;ATTIVO
39320019774;30/05/2022;RICARICA;ATTIVO
39320019775;17/11/2021;CONSUMO;ATTIVO
39320019776;20/06/2022;RICARICA;SOSPESO
39320019777;21/05/2024;CONSUMO;ATTIVO
39320019778;06/01/2021;RICARICA;ATTIVO
39320019779;11/12/2023;CONSUMO;SOSPESO
39320019780;19/07/2021;RICARICA;ATTIVO
39320019781;27/02/2023;CONSUMO;ATTIVO
39320019782;02/02/2026;RICARICA;ATTIVO
39320019783;18/08/2025;CONSUMO;ATTIVO
39320019784;25/05/2024;RICARICA;ATTIVO
39320019785;15/09/2025;CONSUMO;ATTIVO
39320019786;28/06/2025;RICARICA;ATTIVO
39320019787;14/03/2024;CONSUMO;SOSPESO
39320019788;03/12/2022;RICARICA;SOSPESO
39320019789;13/09/2023;CONSUMO;ATTIVO
39320019790;16/09/2024;RICARICA;SOSPESO
39320019791;21/02/2023;CONSUMO;ATTIVO
39320019792;18/03/2024;RICARICA;ATTIVO
39320019793;26/09/2024;CONSUMO;ATTIVO
39320019794;15/07/2023;RICARICA;ATTIVO
39320019795;16/03/2021;CONSUMO;ATTIVO
39320019796;19/03/2023;RICARICA;ATTIVO
39320019797;29/06/2025;CONSUMO;ATTIVO
39320019798;01/02/2022;RICARICA;ATTIVO
39320019799;05/06/2023;CONSUMO;ATTIVO
39320019800;13/10/2024;RICARICA;ATTIVO
39320019801;16/01/2023;CONSUMO;ATTIVO
39320019802;04/03/2023;RICARICA;ATTIVO
39320019803;18/06/2023;CONSUMO;SOSPESO
39320019804;09/01/2026;RICARICA;ATTIVO
39320019805;14/01/2023;CONSUMO;ATTIVO
39320019806;19/08/2023;RICARICA;ATTIVO
39320019807;26/09/2025;CONSUMO;ATTIVO
39320019808;16/01/2023;RICARICA;ATTIVO
39320019809;28/10/2024;CONSUMO;ATTIVO
39320019810;05/02/2022;RICARICA;ATTIVO
39320019811;30/11/2025;CONSUMO;ATTIVO
39320019812;15/01/2021;RICARICA;ATTIVO
39320019813;27/10/2024;CONSUMO;ATTIVO
39320019814;20/10/2024;RICARICA;ATTIVO
39320019815;04/09/2025;CONSUMO;SOSPESO
39320019816;16/10/2024;RICARICA;ATTIVO
39320019817;04/07/2024;CONSUMO;ATTIVO
39320019818;04/02/2025;RICARICA;ATTIVO
39320019819;28/04/2023;CONSUMO;ATTIVO
39320019820;15/04/2024;RICARICA;ATTIVO
39320019821;28/11/2022;CONSUMO;ATTIVO
39320019822;05/02/2024;RICARICA;ATTIVO
39320019823;12/11/2025;CONSUMO;ATTIVO
39320019824;02/02/2024;RICARICA;ATTIVO
39320019825;09/05/2021;CONSUMO;ATTIVO
39320019826;29/03/2025;RICARICA;ATTIVO
39320019827;11/10/2024;CONSUMO;ATTIVO
39320019828;15/02/2022;RICARICA;SOSPESO
39320019829;23/10/2023;CONSUMO;ATTIVO
39320019830;08/09/2023;RICARICA;ATTIVO
39320019831;02/08/2025;CONSUMO;SOSPESO
39320019832;25/04/2024;RICARICA;ATTIVO
39320019833;12/03/2022;CONSUMO;SOSPESO
39320019834;19/02/2026;RICARICA;ATTIVO
39320019835;18/10/2025;CONSUMO;ATTIVO
39320019836;11/07/2022;RICARICA;ATTIVO
39320019837;15/04/2021;CONSUMO;ATTIVO
39320019838;16/02/2022;RICARICA;ATTIVO
39320019839;22/03/2023;CONSUMO;ATTIVO
39320019840;09/09/2024;RICARICA;ATTIVO
39320019841;01/07/2025;CONSUMO;ATTIVO
39320019842;20/12/2022;RICARICA;ATTIVO
39320019843;14/07/2025;CONSUMO;ATTIVO
39320019844;25/06/2022;RICARICA;ATTIVO
39320019845;28/11/2023;CONSUMO;ATTIVO
39320019846;27/02/2025;RICARICA;ATTIVO
39320019847;21/06/2024;CONSUMO;ATTIVO
39320019848;09/04/2024;RICARICA;ATTIVO
39320019849;26/06/2023;CONSUMO;ATTIVO
39320019850;16/12/2022;RICARICA;ATTIVO
39320019851;10/07/2024;CONSUMO;ATTIVO
39320019852;04/05/2022;RICARICA;ATTIVO
39320019853;27/06/2023;CONSUMO;ATTIVO
39320019854;04/11/2025;RICARICA;ATTIVO
39320019855;15/03/2021;CONSUMO;ATTIVO
39320019856;23/09/2021;RICARICA;ATTIVO
39320019857;06/05/2025;CONSUMO;ATTIVO
39320019858;26/06/2023;RICARICA;ATTIVO
39320019859;14/05/2024;CONSUMO;ATTIVO
39320019860;20/02/2024;RICARICA;ATTIVO
39320019861;23/10/2024;CONSUMO;ATTIVO
39320019862;10/12/2023;RICARICA;ATTIVO
39320019863;07/10/2022;CONSUMO;ATTIVO
39320019864;07/08/2024;RICARICA;ATTIVO
39320019865;13/11/2022;CONSUMO;ATTIVO
39320019866;01/05/2022;RICARICA;ATTIVO
39320019867;27/07/2025;CONSUMO;ATTIVO
39320019868;09/02/2024;RICARICA;ATTIVO
39320019869;08/03/2021;CONSUMO;ATTIVO
39320019870;15/09/2023;RICARICA;ATTIVO
39320019871;07/02/2023;CONSUMO;ATTIVO
39320019872;19/03/2022;RICARICA;ATTIVO
39320019873;29/12/2023;CONSUMO;ATTIVO
39320019874;06/04/2023;RICARICA;ATTIVO
39320019875;18/01/2022;CONSUMO;ATTIVO
39320019876;05/09/2021;RICARICA;ATTIVO
39320019877;15/05/2024;CONSUMO;ATTIVO
39320019878;25/02/2025;RICARICA;ATTIVO
39320019879;27/11/2024;CONSUMO;ATTIVO
39320019880;20/07/2025;RICARICA;ATTIVO
39320019881;31/08/2023;CONSUMO;ATTIVO
39320019882;05/03/2022;RICARICA;ATTIVO
39320019883;03/07/2025;CONSUMO;ATTIVO
39320019884;28/06/2021;RICARICA;ATTIVO
39320019885;18/01/2025;CONSUMO;ATTIVO
39320019886;24/03/2022;RICARICA;ATTIVO
39320019887;17/12/2024;CONSUMO;ATTIVO
39320019888;02/03/2021;RICARICA;ATTIVO
39320019889;04/04/2021;CONSUMO;ATTIVO
39320019890;07/12/2025;RICARICA;ATTIVO
39320019891;10/01/2023;CONSUMO;ATTIVO
39320019892;16/11/2025;RICARICA;ATTIVO
39320019893;17/07/2024;CONSUMO;ATTIVO
39320019894;26/02/2022;RICARICA;ATTIVO
39320019895;20/08/2022;CONSUMO;SOSPESO
39320019896;15/08/2023;RICARICA;ATTIVO
39320019897;25/05/2023;CONSUMO;ATTIVO
39320019898;04/06/2025;RICARICA;SOSPESO
39320019899;19/03/2023;CONSUMO;ATTIVO
39320019900;07/03/2025;RICARICA;ATTIVO
39320019901;24/03/2022;CONSUMO;ATTIVO
39320019902;07/10/2021;RICARICA;ATTIVO
39320019903;07/02/2022;CONSUMO;ATTIVO
39320019904;14/03/2024;RICARICA;ATTIVO
39320019905;26/06/2022;CONSUMO;ATTIVO
39320019906;02/05/2024;RICARICA;ATTIVO
39320019907;20/04/2021;CONSUMO;ATTIVO
39320019908;02/04/2025;RICARICA;ATTIVO
39320019909;03/08/2025;CONSUMO;ATTIVO
39320019910;20/04/2021;RICARICA;ATTIVO
39320019911;13/02/2021;CONSUMO;ATTIVO
39320019912;29/09/2023;RICARICA;ATTIVO
39320019913;17/09/2023;CONSUMO;ATTIVO
39320019914;14/08/2021;RICARICA;ATTIVO
39320019915;06/05/2024;CONSUMO;ATTIVO
39320019916;14/03/2023;RICARICA;ATTIVO
39320019917;27/11/2023;CONSUMO;ATTIVO
39320019918;10/12/2025;RICARICA;ATTIVO
39320019919;04/03/2024;CONSUMO;ATTIVO
39320019920;19/02/2022;RICARICA;ATTIVO
39320019921;29/04/2022;CONSUMO;ATTIVO
39320019922;14/02/2021;RICARICA;ATTIVO
39320019923;24/06/2022;CONSUMO;ATTIVO
39320019924;27/12/2025;RICARICA;ATTIVO
39320019925;01/11/2025;CONSUMO;ATTIVO
39320019926;07/07/2022;RICARICA;ATTIVO
39320019927;27/08/2023;CONSUMO;ATTIVO
39320019928;07/03/2022;RICARICA;ATTIVO
39320019929;16/02/2021;CONSUMO;SOSPESO
39320019930;10/02/2026;RICARICA;ATTIVO
39320019931;01/04/2025;CONSUMO;ATTIVO
39320019932;06/11/2024;RICARICA;ATTIVO
39320019933;06/03/2021;CONSUMO;ATTIVO
39320019934;16/08/2023;RICARICA;ATTIVO
39320019935;07/04/2023;CONSUMO;ATTIVO
39320019936;22/08/2023;RICARICA;ATTIVO
39320019937;29/03/2025;CONSUMO;ATTIVO
39320019938;12/09/2023;RICARICA;ATTIVO
39320019939;29/09/2025;CONSUMO;ATTIVO
39320019940;15/01/2024;RICARICA;ATTIVO
39320019941;03/09/2021;CONSUMO;SOSPESO
39320019942;13/05/2024;RICARICA;ATTIVO
39320019943;14/12/2025;CONSUMO;ATTIVO
39320019944;05/03/2026;RICARICA;ATTIVO
39320019945;24/03/2022;CONSUMO;ATTIVO
39320019946;18/09/2021;RICARICA;ATTIVO
39320019947;04/08/2023;CONSUMO;ATTIVO
39320019948;10/05/2024;RICARICA;ATTIVO
39320019949;03/12/2023;CONSUMO;SOSPESO
39320019950;08/10/2024;RICARICA;ATTIVO
39320019951;17/02/2025;CONSUMO;SOSPESO
39320019952;06/02/2026;RICARICA;ATTIVO
39320019953;18/10/2023;CONSUMO;ATTIVO
39320019954;23/10/2023;RICARICA;ATTIVO
39320019955;16/11/2022;CONSUMO;ATTIVO
39320019956;01/11/2023;RICARICA;ATTIVO
39320019957;24/01/2021;CONSUMO;ATTIVO
39320019958;16/05/2021;RICARICA;ATTIVO
39320019959;10/07/2024;CONSUMO;ATTIVO
39320019960;09/04/2023;RICARICA;ATTIVO
39320019961;15/01/2023;CONSUMO;ATTIVO
39320019962;03/03/2021;RICARICA;ATTIVO
39320019963;02/07/2022;CONSUMO;ATTIVO
39320019964;15/03/2021;RICARICA;SOSPESO
39320019965;17/12/2023;CONSUMO;ATTIVO
39320019966;07/01/2024;RICARICA;ATTIVO
39320019967;10/09/2022;CONSUMO;ATTIVO
39320019968;05/02/2025;RICARICA;ATTIVO
39320019969;06/02/2022;CONSUMO;ATTIVO
39320019970;12/04/2022;RICARICA;ATTIVO
39320019971;20/09/2025;CONSUMO;ATTIVO
39320019972;06/08/2023;RICARICA;ATTIVO
39320019973;09/11/2025;CONSUMO;ATTIVO
39320019974;07/08/2022;RICARICA;ATTIVO
39320019975;15/01/2021;CONSUMO;ATTIVO
39320019976;03/12/2025;RICARICA;ATTIVO
39320019977;22/09/2021;CONSUMO;ATTIVO
39320019978;19/11/2023;RICARICA;ATTIVO
39320019979;21/01/2021;CONSUMO;ATTIVO
39320019980;11/11/2025;RICARICA;ATTIVO
39320019981;15/11/2025;CONSUMO;ATTIVO
39320019982;17/05/2022;RICARICA;ATTIVO
39320019983;29/05/2025;CONSUMO;ATTIVO
39320019984;09/06/2022;RICARICA;ATTIVO
39320019985;19/06/2021;CONSUMO;ATTIVO
39320019986;05/03/2025;RICARICA;ATTIVO
39320019987;09/03/2025;CONSUMO;ATTIVO
39320019988;25/08/2025;RICARICA;ATTIVO
39320019989;19/06/2022;CONSUMO;SOSPESO
39320019990;26/12/2025;RICARICA;ATTIVO
39320019991;25/02/2024;CONSUMO;ATTIVO
39320019992;20/01/2026;RICARICA;ATTIVO
39320019993;01/03/2025;CONSUMO;ATTIVO
39320019994;19/02/2021;RICARICA;ATTIVO
39320019995;17/01/2022;CONSUMO;SOSPESO
39320019996;10/03/2021;RICARICA;ATTIVO
39320019997;23/12/2025;CONSUMO;ATTIVO
39320019998;11/01/2021;RICARICA;ATTIVO
39320019999;17/08/2025;CONSUMO;ATTIVO
39320020000;17/05/2023;RICARICA;ATTIVO
