+39320000001;443
+39320000003;2962
+39320000005;5316
+39320000007;1067
+39320000009;4899
+39320000011;3294
+39320000013;1793
+39320000015;4918
+39320000017;1352
+39320000019;2934
+39320000021;3273
+39320000023;26
+39320000025;240
+39320000027;5264
+39320000029;2893
+39320000031;492
+39320000033;5592
+39320000035;1338
+39320000037;1195
+39320000039;5144
+39320000041;1761
+39320000043;2673
+39320000045;2393
+39320000047;642
+39320000049;4355
+39320000051;319
+39320000053;5675
+39320000055;4236
+39320000057;454
+39320000059;1019
+39320000061;266
+39320000063;458
+39320000065;2839
+39320000067;2358
+39320000069;1781
+39320000071;2940
+39320000073;3976
+39320000075;1675
+39320000077;4304
+39320000079;1231
+39320000081;5871
+39320000083;5569
+39320000085;4311
+39320000087;3069
+39320000089;4389
+39320000091;1190
+39320000093;1538
+39320000095;1131
+39320000097;2248
+39320000099;4807
+39320000101;806
+39320000103;1512
+39320000105;2991
+39320000107;5616
+39320000109;4324
+39320000111;5418
+39320000113;2756
+39320000115;4847
+39320000117;439
+39320000119;1015
+39320000121;5963
+39320000123;5083
+39320000125;2484
+39320000127;4110
+39320000129;846
+39320000131;2773
+39320000133;5804
+39320000135;4198
+39320000137;4793
+39320000139;5840
+39320000141;249
+39320000143;1115
+39320000145;2360
+39320000147;2379
+39320000149;2723
+39320000151;3383
+39320000153;2958
+39320000155;2886
+39320000157;1723
+39320000159;2724
+39320000161;637
+39320000163;4159
+39320000165;1098
+39320000167;3658
+39320000169;2701
+39320000171;3702
+39320000173;4039
+39320000175;4705
+39320000177;3030
+39320000179;5800
+39320000181;1776
+39320000183;1215
+39320000185;4807
+39320000187;2034
+39320000189;3849
+39320000191;139
+39320000193;5822
+39320000195;2711
+39320000197;4913
+39320000199;4484
+39320000201;4662
+39320000203;3408
+39320000205;2172
+39320000207;864
+39320000209;1086
+39320000211;4617
+39320000213;3455
+39320000215;4002
+39320000217;2702
+39320000219;1810
+39320000221;244
+39320000223;3689
+39320000225;2158
+39320000227;170
+39320000229;1015
+39320000231;1253
+39320000233;5566
+39320000235;2952
+39320000237;514
+39320000239;3013
+39320000241;5680
+39320000243;2263
+39320000245;5218
+39320000247;457
+39320000249;2986
+39320000251;1971
+39320000253;2893
+39320000255;2754
+39320000257;2978
+39320000259;1534
+39320000261;3473
+39320000263;5435
+39320000265;3055
+39320000267;5390
+39320000269;3396
+39320000271;442
+39320000273;5019
+39320000275;63
+39320000277;4755
+39320000279;4118
+39320000281;5878
+39320000283;1645
+39320000285;727
+39320000287;2700
+39320000289;4580
+39320000291;1299
+39320000293;5883
+39320000295;4776
+39320000297;3202
+39320000299;378
+39320000301;5046
+39320000303;1987
+39320000305;5474
+39320000307;295
+39320000309;4240
+39320000311;4475
+39320000313;5564
+39320000315;720
+39320000317;3045
+39320000319;4520
+39320000321;641
+39320000323;3026
+39320000325;1418
+39320000327;3325
+39320000329;270
+39320000331;1555
+39320000333;1944
+39320000335;4674
+39320000337;4094
+39320000339;1515
+39320000341;5453
+39320000343;1934
+39320000345;5212
+39320000347;1389
+39320000349;514
+39320000351;5037
+39320000353;2434
+39320000355;3684
+39320000357;3376
+39320000359;3541
+39320000361;2236
+39320000363;1106
+39320000365;4453
+39320000367;4198
+39320000369;1520
+39320000371;3315
+39320000373;3938
+39320000375;5963
+39320000377;2514
+39320000379;245
+39320000381;5310
+39320000383;5605
+39320000385;4054
+39320000387;3556
+39320000389;3623
+39320000391;5334
+39320000393;761
+39320000395;4502
+39320000397;2476
+39320000399;4640
+39320000401;3179
+39320000403;5437
+39320000405;2107
+39320000407;4995
+39320000409;4661
+39320000411;2743
+39320000413;2679
+39320000415;3581
+39320000417;5354
+39320000419;5038
+39320000421;1250
+39320000423;4778
+39320000425;4550
+39320000427;3072
+39320000429;4826
+39320000431;3426
+39320000433;4254
+39320000435;997
+39320000437;4405
+39320000439;1139
+39320000441;1195
+39320000443;5324
+39320000445;5288
+39320000447;3143
+39320000449;1125
+39320000451;429
+39320000453;1702
+39320000455;5791
+39320000457;2210
+39320000459;3168
+39320000461;526
+39320000463;3388
+39320000465;2464
+39320000467;4266
+39320000469;4061
+39320000471;421
+39320000473;2700
+39320000475;3154
+39320000477;2666
+39320000479;3681
+39320000481;5338
+39320000483;3046
+39320000485;3771
+39320000487;4600
+39320000489;443
+39320000491;2763
+39320000493;1079
+39320000495;5219
+39320000497;5338
+39320000499;5235
+39320000501;4928
+39320000503;3393
+39320000505;1356
+39320000507;3011
+39320000509;2091
+39320000511;2909
+39320000513;2058
+39320000515;1454
+39320000517;2390
+39320000519;5611
+39320000521;3629
+39320000523;5860
+39320000525;3020
+39320000527;2044
+39320000529;5173
+39320000531;4682
+39320000533;2847
+39320000535;5385
+39320000537;2787
+39320000539;5139
+39320000541;1833
+39320000543;4483
+39320000545;4451
+39320000547;2155
+39320000549;1520
+39320000551;5812
+39320000553;3897
+39320000555;3364
+39320000557;1677
+39320000559;4013
+39320000561;5667
+39320000563;2286
+39320000565;1674
+39320000567;12
+39320000569;4140
+39320000571;634
+39320000573;4022
+39320000575;2978
+39320000577;4940
+39320000579;2189
+39320000581;5360
+39320000583;2420
+39320000585;3329
+39320000587;4903
+39320000589;1087
+39320000591;5761
+39320000593;5049
+39320000595;783
+39320000597;2375
+39320000599;4127
+39320000601;366
+39320000603;51
+39320000605;3925
+39320000607;5894
+39320000609;1809
+39320000611;629
+39320000613;1254
+39320000615;1146
+39320000617;4503
+39320000619;2355
+39320000621;1647
+39320000623;903
+39320000625;3661
+39320000627;1269
+39320000629;2013
+39320000631;1034
+39320000633;2039
+39320000635;1471
+39320000637;3368
+39320000639;354
+39320000641;1648
+39320000643;3390
+39320000645;2783
+39320000647;3428
+39320000649;2052
+39320000651;2717
+39320000653;3448
+39320000655;1137
+39320000657;5525
+39320000659;5153
+39320000661;470
+39320000663;5931
+39320000665;63
+39320000667;2918
+39320000669;5613
+39320000671;4504
+39320000673;3491
+39320000675;2614
+39320000677;622
+39320000679;1456
+39320000681;4280
+39320000683;3138
+39320000685;5637
+39320000687;1476
+39320000689;2989
+39320000691;1537
+39320000693;1881
+39320000695;1895
+39320000697;3035
+39320000699;2309
+39320000701;5741
+39320000703;670
+39320000705;3429
+39320000707;459
+39320000709;4765
+39320000711;1190
+39320000713;5785
+39320000715;262
+39320000717;1447
+39320000719;2171
+39320000721;4328
+39320000723;5145
+39320000725;2710
+39320000727;4698
+39320000729;5904
+39320000731;563
+39320000733;5344
+39320000735;2645
+39320000737;4459
+39320000739;2589
+39320000741;4970
+39320000743;2330
+39320000745;2990
+39320000747;1837
+39320000749;1663
+39320000751;53
+39320000753;5805
+39320000755;5733
+39320000757;3813
+39320000759;433
+39320000761;4425
+39320000763;979
+39320000765;2158
+39320000767;3677
+39320000769;5298
+39320000771;3788
+39320000773;2208
+39320000775;911
+39320000777;2793
+39320000779;5098
+39320000781;5570
+39320000783;1834
+39320000785;5141
+39320000787;3855
+39320000789;5258
+39320000791;4416
+39320000793;4335
+39320000795;3101
+39320000797;3071
+39320000799;4950
+39320000801;1939
+39320000803;4610
+39320000805;5746
+39320000807;468
+39320000809;5907
+39320000811;4830
+39320000813;3100
+39320000815;4490
+39320000817;5877
+39320000819;3998
+39320000821;3078
+39320000823;4092
+39320000825;4932
+39320000827;2111
+39320000829;353
+39320000831;5768
+39320000833;5156
+39320000835;2907
+39320000837;2736
+39320000839;3019
+39320000841;5439
+39320000843;3130
+39320000845;54
+39320000847;3210
+39320000849;101
+39320000851;5308
+39320000853;1205
+39320000855;5908
+39320000857;906
+39320000859;1311
+39320000861;1054
+39320000863;5173
+39320000865;531
+39320000867;3572
+39320000869;163
+39320000871;216
+39320000873;1804
+39320000875;26
+39320000877;557
+39320000879;4683
+39320000881;4552
+39320000883;3828
+39320000885;1608
+39320000887;4092
+39320000889;5462
+39320000891;197
+39320000893;5474
+39320000895;4291
+39320000897;4021
+39320000899;407
+39320000901;5497
+39320000903;1098
+39320000905;4149
+39320000907;823
+39320000909;2751
+39320000911;5374
+39320000913;4914
+39320000915;2506
+39320000917;4021
+39320000919;5207
+39320000921;4871
+39320000923;5696
+39320000925;5618
+39320000927;4856
+39320000929;1223
+39320000931;984
+39320000933;3017
+39320000935;5974
+39320000937;5430
+39320000939;2312
+39320000941;5490
+39320000943;2881
+39320000945;4063
+39320000947;3476
+39320000949;2176
+39320000951;5918
+39320000953;5234
+39320000955;2974
+39320000957;4513
+39320000959;925
+39320000961;4068
+39320000963;3680
+39320000965;2311
+39320000967;4974
+39320000969;5031
+39320000971;5461
+39320000973;2728
+39320000975;2514
+39320000977;1926
+39320000979;4951
+39320000981;3847
+39320000983;1453
+39320000985;295
+39320000987;5010
+39320000989;5710
+39320000991;2082
+39320000993;4734
+39320000995;3125
+39320000997;916
+39320000999;4657
+39320001001;4794
+39320001003;1727
+39320001005;5556
+39320001007;5137
+39320001009;4547
+39320001011;1775
+39320001013;5254
+39320001015;1086
+39320001017;5928
+39320001019;3063
+39320001021;2698
+39320001023;1457
+39320001025;1406
+39320001027;4900
+39320001029;4496
+39320001031;2077
+39320001033;1014
+39320001035;4575
+39320001037;4840
+39320001039;4827
+39320001041;3017
+39320001043;1890
+39320001045;1353
+39320001047;1125
+39320001049;677
+39320001051;3769
+39320001053;2749
+39320001055;66
+39320001057;4650
+39320001059;5616
+39320001061;3599
+39320001063;5277
+39320001065;2590
+39320001067;3951
+39320001069;4054
+39320001071;4608
+39320001073;2462
+39320001075;1028
+39320001077;1734
+39320001079;2615
+39320001081;2028
+39320001083;5698
+39320001085;5651
+39320001087;2881
+39320001089;4813
+39320001091;3763
+39320001093;5070
+39320001095;283
+39320001097;1540
+39320001099;5749
+39320001101;3692
+39320001103;3421
+39320001105;5011
+39320001107;1634
+39320001109;3333
+39320001111;3773
+39320001113;4266
+39320001115;2658
+39320001117;4690
+39320001119;1866
+39320001121;4744
+39320001123;2233
+39320001125;869
+39320001127;5872
+39320001129;2456
+39320001131;3987
+39320001133;4857
+39320001135;5097
+39320001137;2280
+39320001139;1230
+39320001141;11
+39320001143;4297
+39320001145;4136
+39320001147;5245
+39320001149;5007
+39320001151;5099
+39320001153;1754
+39320001155;5141
+39320001157;3028
+39320001159;2629
+39320001161;2512
+39320001163;5195
+39320001165;730
+39320001167;4091
+39320001169;1545
+39320001171;3026
+39320001173;5267
+39320001175;3375
+39320001177;5628
+39320001179;1534
+39320001181;2738
+39320001183;2325
+39320001185;1332
+39320001187;1457
+39320001189;1888
+39320001191;2053
+39320001193;5103
+39320001195;1389
+39320001197;2047
+39320001199;32
+39320001201;682
+39320001203;2016
+39320001205;1876
+39320001207;3137
+39320001209;5113
+39320001211;2123
+39320001213;406
+39320001215;414
+39320001217;2046
+39320001219;4304
+39320001221;630
+39320001223;4735
+39320001225;2928
+39320001227;1555
+39320001229;610
+39320001231;699
+39320001233;3
+39320001235;1355
+39320001237;874
+39320001239;3271
+39320001241;4215
+39320001243;4975
+39320001245;2073
+39320001247;703
+39320001249;2750
+39320001251;1570
+39320001253;1614
+39320001255;2946
+39320001257;101
+39320001259;2789
+39320001261;4892
+39320001263;551
+39320001265;3531
+39320001267;2617
+39320001269;3598
+39320001271;810
+39320001273;5955
+39320001275;1396
+39320001277;5766
+39320001279;2490
+39320001281;1394
+39320001283;4791
+39320001285;5268
+39320001287;5328
+39320001289;4672
+39320001291;4977
+39320001293;924
+39320001295;2328
+39320001297;688
+39320001299;4204
+39320001301;5680
+39320001303;4728
+39320001305;4755
+39320001307;1379
+39320001309;1260
+39320001311;988
+39320001313;5821
+39320001315;3688
+39320001317;351
+39320001319;5073
+39320001321;5296
+39320001323;2516
+39320001325;4122
+39320001327;4264
+39320001329;2981
+39320001331;4454
+39320001333;4443
+39320001335;1528
+39320001337;4914
+39320001339;5423
+39320001341;5472
+39320001343;4969
+39320001345;3410
+39320001347;2237
+39320001349;4724
+39320001351;2567
+39320001353;1224
+39320001355;4585
+39320001357;779
+39320001359;504
+39320001361;1125
+39320001363;2943
+39320001365;4371
+39320001367;1931
+39320001369;4449
+39320001371;5859
+39320001373;5957
+39320001375;5951
+39320001377;2062
+39320001379;3219
+39320001381;669
+39320001383;1295
+39320001385;1142
+39320001387;2073
+39320001389;4398
+39320001391;322
+39320001393;3883
+39320001395;2547
+39320001397;5071
+39320001399;1621
+39320001401;5197
+39320001403;5412
+39320001405;4384
+39320001407;5784
+39320001409;3494
+39320001411;3848
+39320001413;4416
+39320001415;4089
+39320001417;1098
+39320001419;3676
+39320001421;1462
+39320001423;5637
+39320001425;1975
+39320001427;5725
+39320001429;3034
+39320001431;152
+39320001433;4901
+39320001435;4039
+39320001437;1184
+39320001439;3784
+39320001441;1126
+39320001443;1497
+39320001445;2370
+39320001447;3578
+39320001449;5459
+39320001451;4854
+39320001453;4862
+39320001455;3558
+39320001457;5812
+39320001459;4758
+39320001461;5728
+39320001463;4551
+39320001465;4516
+39320001467;4188
+39320001469;3123
+39320001471;5493
+39320001473;3763
+39320001475;3493
+39320001477;3916
+39320001479;325
+39320001481;5330
+39320001483;2885
+39320001485;3740
+39320001487;1892
+39320001489;5031
+39320001491;4741
+39320001493;660
+39320001495;5584
+39320001497;1532
+39320001499;5331
+39320001501;2043
+39320001503;3830
+39320001505;2835
+39320001507;3844
+39320001509;5369
+39320001511;3927
+39320001513;5924
+39320001515;2437
+39320001517;5395
+39320001519;5013
+39320001521;3272
+39320001523;2838
+39320001525;4133
+39320001527;3396
+39320001529;579
+39320001531;94
+39320001533;4741
+39320001535;5004
+39320001537;2107
+39320001539;2940
+39320001541;1403
+39320001543;3037
+39320001545;2757
+39320001547;1547
+39320001549;2682
+39320001551;2875
+39320001553;4766
+39320001555;5402
+39320001557;898
+39320001559;5767
+39320001561;815
+39320001563;3364
+39320001565;2806
+39320001567;1887
+39320001569;3513
+39320001571;2912
+39320001573;80
+39320001575;2745
+39320001577;2062
+39320001579;1944
+39320001581;1166
+39320001583;2136
+39320001585;5751
+39320001587;4115
+39320001589;3818
+39320001591;323
+39320001593;1627
+39320001595;5557
+39320001597;5188
+39320001599;917
+39320001601;656
+39320001603;4311
+39320001605;5356
+39320001607;1884
+39320001609;2516
+39320001611;5586
+39320001613;2622
+39320001615;983
+39320001617;1320
+39320001619;2598
+39320001621;3466
+39320001623;4079
+39320001625;1781
+39320001627;2505
+39320001629;1686
+39320001631;861
+39320001633;4383
+39320001635;1326
+39320001637;441
+39320001639;5996
+39320001641;4763
+39320001643;5515
+39320001645;219
+39320001647;4362
+39320001649;153
+39320001651;3420
+39320001653;3049
+39320001655;5550
+39320001657;364
+39320001659;4102
+39320001661;620
+39320001663;194
+39320001665;3667
+39320001667;4241
+39320001669;3462
+39320001671;5197
+39320001673;4365
+39320001675;5180
+39320001677;526
+39320001679;4969
+39320001681;88
+39320001683;1051
+39320001685;2294
+39320001687;2550
+39320001689;2095
+39320001691;1678
+39320001693;1062
+39320001695;3369
+39320001697;368
+39320001699;2410
+39320001701;15
+39320001703;5152
+39320001705;1632
+39320001707;2754
+39320001709;3729
+39320001711;1090
+39320001713;3869
+39320001715;1202
+39320001717;1047
+39320001719;4888
+39320001721;3467
+39320001723;5672
+39320001725;5381
+39320001727;3094
+39320001729;628
+39320001731;4914
+39320001733;4581
+39320001735;4540
+39320001737;4536
+39320001739;3718
+39320001741;3900
+39320001743;3039
+39320001745;1783
+39320001747;3806
+39320001749;1055
+39320001751;4968
+39320001753;4366
+39320001755;1828
+39320001757;5269
+39320001759;1316
+39320001761;4150
+39320001763;318
+39320001765;957
+39320001767;2613
+39320001769;4106
+39320001771;4176
+39320001773;692
+39320001775;3737
+39320001777;1829
+39320001779;4411
+39320001781;5616
+39320001783;4741
+39320001785;2553
+39320001787;328
+39320001789;5191
+39320001791;2849
+39320001793;2613
+39320001795;5077
+39320001797;4659
+39320001799;4418
+39320001801;1953
+39320001803;5900
+39320001805;2963
+39320001807;2504
+39320001809;1929
+39320001811;3670
+39320001813;4616
+39320001815;254
+39320001817;1866
+39320001819;3444
+39320001821;69
+39320001823;446
+39320001825;5200
+39320001827;2909
+39320001829;4578
+39320001831;1522
+39320001833;2837
+39320001835;5315
+39320001837;2757
+39320001839;5519
+39320001841;2313
+39320001843;295
+39320001845;4228
+39320001847;5550
+39320001849;3833
+39320001851;4123
+39320001853;4407
+39320001855;4815
+39320001857;1349
+39320001859;5979
+39320001861;867
+39320001863;256
+39320001865;3731
+39320001867;5563
+39320001869;2271
+39320001871;5067
+39320001873;557
+39320001875;1423
+39320001877;865
+39320001879;3006
+39320001881;4402
+39320001883;2289
+39320001885;188
+39320001887;2544
+39320001889;3349
+39320001891;4274
+39320001893;2239
+39320001895;3550
+39320001897;2394
+39320001899;4076
+39320001901;2119
+39320001903;3394
+39320001905;941
+39320001907;962
+39320001909;3819
+39320001911;1891
+39320001913;2673
+39320001915;385
+39320001917;5403
+39320001919;238
+39320001921;1102
+39320001923;3081
+39320001925;4342
+39320001927;5026
+39320001929;5384
+39320001931;4921
+39320001933;5564
+39320001935;1751
+39320001937;467
+39320001939;1864
+39320001941;828
+39320001943;3623
+39320001945;4097
+39320001947;4697
+39320001949;3309
+39320001951;1317
+39320001953;182
+39320001955;4320
+39320001957;5571
+39320001959;763
+39320001961;2362
+39320001963;2027
+39320001965;2165
+39320001967;5647
+39320001969;3044
+39320001971;1021
+39320001973;3008
+39320001975;3888
+39320001977;2013
+39320001979;3770
+39320001981;5970
+39320001983;2900
+39320001985;5592
+39320001987;232
+39320001989;5642
+39320001991;3112
+39320001993;748
+39320001995;5503
+39320001997;1011
+39320001999;2757
+39320002001;5218
+39320002003;4848
+39320002005;221
+39320002007;227
+39320002009;4004
+39320002011;3293
+39320002013;1670
+39320002015;270
+39320002017;1053
+39320002019;5528
+39320002021;1343
+39320002023;3472
+39320002025;3585
+39320002027;2001
+39320002029;2994
+39320002031;4591
+39320002033;1114
+39320002035;3476
+39320002037;3353
+39320002039;5614
+39320002041;5088
+39320002043;5006
+39320002045;1160
+39320002047;5748
+39320002049;2254
+39320002051;2698
+39320002053;3592
+39320002055;2594
+39320002057;1263
+39320002059;1042
+39320002061;5118
+39320002063;4373
+39320002065;5013
+39320002067;5381
+39320002069;257
+39320002071;1568
+39320002073;2845
+39320002075;4859
+39320002077;2849
+39320002079;5682
+39320002081;5485
+39320002083;5149
+39320002085;5282
+39320002087;4242
+39320002089;229
+39320002091;4061
+39320002093;4072
+39320002095;4165
+39320002097;5620
+39320002099;5164
+39320002101;1735
+39320002103;2414
+39320002105;2933
+39320002107;5765
+39320002109;4033
+39320002111;2073
+39320002113;2240
+39320002115;2167
+39320002117;2009
+39320002119;3499
+39320002121;433
+39320002123;71
+39320002125;4358
+39320002127;1111
+39320002129;4475
+39320002131;5501
+39320002133;2990
+39320002135;4070
+39320002137;1866
+39320002139;4607
+39320002141;5337
+39320002143;5351
+39320002145;169
+39320002147;1144
+39320002149;2082
+39320002151;1287
+39320002153;2074
+39320002155;2901
+39320002157;4940
+39320002159;758
+39320002161;495
+39320002163;5033
+39320002165;1823
+39320002167;5179
+39320002169;3839
+39320002171;4617
+39320002173;1114
+39320002175;853
+39320002177;2430
+39320002179;5616
+39320002181;465
+39320002183;3045
+39320002185;1893
+39320002187;5673
+39320002189;2434
+39320002191;5198
+39320002193;4351
+39320002195;2190
+39320002197;3767
+39320002199;2928
+39320002201;1988
+39320002203;4090
+39320002205;2167
+39320002207;5946
+39320002209;2509
+39320002211;2902
+39320002213;2900
+39320002215;4153
+39320002217;1419
+39320002219;1581
+39320002221;4038
+39320002223;2358
+39320002225;5396
+39320002227;3599
+39320002229;4334
+39320002231;1188
+39320002233;2292
+39320002235;1322
+39320002237;1709
+39320002239;5453
+39320002241;3897
+39320002243;3781
+39320002245;2216
+39320002247;5458
+39320002249;331
+39320002251;3190
+39320002253;3003
+39320002255;1338
+39320002257;1895
+39320002259;1005
+39320002261;2868
+39320002263;1112
+39320002265;1075
+39320002267;4940
+39320002269;3906
+39320002271;2391
+39320002273;2773
+39320002275;1390
+39320002277;4308
+39320002279;1104
+39320002281;3440
+39320002283;2235
+39320002285;5119
+39320002287;5727
+39320002289;1877
+39320002291;3742
+39320002293;1091
+39320002295;4260
+39320002297;4980
+39320002299;4738
+39320002301;2823
+39320002303;97
+39320002305;11
+39320002307;1352
+39320002309;1586
+39320002311;5133
+39320002313;5709
+39320002315;4663
+39320002317;3134
+39320002319;2812
+39320002321;4069
+39320002323;2920
+39320002325;912
+39320002327;2917
+39320002329;4590
+39320002331;1593
+39320002333;3712
+39320002335;5449
+39320002337;2960
+39320002339;5101
+39320002341;1908
+39320002343;1865
+39320002345;1066
+39320002347;1579
+39320002349;2254
+39320002351;2550
+39320002353;423
+39320002355;1309
+39320002357;3718
+39320002359;3056
+39320002361;5707
+39320002363;1223
+39320002365;5866
+39320002367;4976
+39320002369;1234
+39320002371;4593
+39320002373;3912
+39320002375;1283
+39320002377;993
+39320002379;2287
+39320002381;2009
+39320002383;5268
+39320002385;4671
+39320002387;309
+39320002389;1717
+39320002391;2685
+39320002393;5110
+39320002395;3805
+39320002397;941
+39320002399;3649
+39320002401;242
+39320002403;1610
+39320002405;4512
+39320002407;464
+39320002409;24
+39320002411;2318
+39320002413;3808
+39320002415;1386
+39320002417;2291
+39320002419;1810
+39320002421;385
+39320002423;5122
+39320002425;4043
+39320002427;4224
+39320002429;3969
+39320002431;5593
+39320002433;40
+39320002435;4710
+39320002437;2487
+39320002439;2430
+39320002441;3585
+39320002443;2032
+39320002445;5095
+39320002447;3222
+39320002449;1458
+39320002451;2778
+39320002453;1022
+39320002455;5650
+39320002457;2526
+39320002459;1851
+39320002461;2215
+39320002463;2653
+39320002465;5586
+39320002467;2123
+39320002469;1197
+39320002471;3162
+39320002473;1584
+39320002475;4954
+39320002477;4702
+39320002479;873
+39320002481;5856
+39320002483;3093
+39320002485;274
+39320002487;5560
+39320002489;5693
+39320002491;4184
+39320002493;5705
+39320002495;2948
+39320002497;3657
+39320002499;617
+39320002501;704
+39320002503;5288
+39320002505;3577
+39320002507;1238
+39320002509;2373
+39320002511;4128
+39320002513;1934
+39320002515;3686
+39320002517;2597
+39320002519;3872
+39320002521;1311
+39320002523;1742
+39320002525;897
+39320002527;2178
+39320002529;5488
+39320002531;1206
+39320002533;2119
+39320002535;3592
+39320002537;2215
+39320002539;2398
+39320002541;5146
+39320002543;3186
+39320002545;4169
+39320002547;3057
+39320002549;4750
+39320002551;3539
+39320002553;4829
+39320002555;411
+39320002557;1806
+39320002559;5941
+39320002561;1706
+39320002563;4065
+39320002565;2983
+39320002567;3963
+39320002569;592
+39320002571;2041
+39320002573;4526
+39320002575;3750
+39320002577;4719
+39320002579;4808
+39320002581;1917
+39320002583;2498
+39320002585;3181
+39320002587;56
+39320002589;5930
+39320002591;2733
+39320002593;4404
+39320002595;5352
+39320002597;5716
+39320002599;252
+39320002601;2200
+39320002603;2014
+39320002605;3323
+39320002607;1548
+39320002609;4223
+39320002611;5998
+39320002613;2186
+39320002615;5567
+39320002617;3635
+39320002619;3614
+39320002621;226
+39320002623;356
+39320002625;203
+39320002627;3091
+39320002629;2277
+39320002631;2027
+39320002633;257
+39320002635;2275
+39320002637;649
+39320002639;5410
+39320002641;2530
+39320002643;2324
+39320002645;4586
+39320002647;5409
+39320002649;3125
+39320002651;5755
+39320002653;1527
+39320002655;2930
+39320002657;5798
+39320002659;2466
+39320002661;2662
+39320002663;3069
+39320002665;3580
+39320002667;4288
+39320002669;4417
+39320002671;2519
+39320002673;1395
+39320002675;2961
+39320002677;5142
+39320002679;891
+39320002681;4950
+39320002683;3851
+39320002685;1697
+39320002687;5620
+39320002689;673
+39320002691;1117
+39320002693;1792
+39320002695;4794
+39320002697;4293
+39320002699;1304
+39320002701;4613
+39320002703;117
+39320002705;1006
+39320002707;1135
+39320002709;55
+39320002711;2237
+39320002713;2118
+39320002715;2876
+39320002717;3956
+39320002719;5462
+39320002721;3806
+39320002723;3111
+39320002725;2430
+39320002727;4489
+39320002729;1889
+39320002731;808
+39320002733;2540
+39320002735;5348
+39320002737;5467
+39320002739;3272
+39320002741;3881
+39320002743;3152
+39320002745;2061
+39320002747;3228
+39320002749;2890
+39320002751;4097
+39320002753;2801
+39320002755;1144
+39320002757;2546
+39320002759;2626
+39320002761;578
+39320002763;508
+39320002765;5105
+39320002767;4055
+39320002769;4860
+39320002771;3994
+39320002773;3834
+39320002775;2259
+39320002777;40
+39320002779;5627
+39320002781;2963
+39320002783;3392
+39320002785;1394
+39320002787;4392
+39320002789;5565
+39320002791;4310
+39320002793;5616
+39320002795;505
+39320002797;3923
+39320002799;3398
+39320002801;3537
+39320002803;306
+39320002805;718
+39320002807;455
+39320002809;4456
+39320002811;4642
+39320002813;1958
+39320002815;162
+39320002817;888
+39320002819;4164
+39320002821;175
+39320002823;2061
+39320002825;2649
+39320002827;4080
+39320002829;1093
+39320002831;2912
+39320002833;3216
+39320002835;612
+39320002837;3375
+39320002839;2072
+39320002841;5795
+39320002843;1729
+39320002845;3711
+39320002847;4474
+39320002849;4109
+39320002851;729
+39320002853;2688
+39320002855;3255
+39320002857;5059
+39320002859;2027
+39320002861;1665
+39320002863;4445
+39320002865;4711
+39320002867;4400
+39320002869;2050
+39320002871;5352
+39320002873;1153
+39320002875;5591
+39320002877;376
+39320002879;4915
+39320002881;4777
+39320002883;3540
+39320002885;3478
+39320002887;2511
+39320002889;3448
+39320002891;1377
+39320002893;3222
+39320002895;5603
+39320002897;2326
+39320002899;4302
+39320002901;957
+39320002903;4832
+39320002905;3556
+39320002907;5954
+39320002909;398
+39320002911;32
+39320002913;4050
+39320002915;4970
+39320002917;5567
+39320002919;5080
+39320002921;5900
+39320002923;1042
+39320002925;1539
+39320002927;5410
+39320002929;826
+39320002931;1017
+39320002933;2992
+39320002935;4686
+39320002937;2244
+39320002939;5988
+39320002941;1405
+39320002943;5923
+39320002945;5641
+39320002947;292
+39320002949;2757
+39320002951;1778
+39320002953;1931
+39320002955;5555
+39320002957;4275
+39320002959;1545
+39320002961;3139
+39320002963;1970
+39320002965;748
+39320002967;118
+39320002969;5269
+39320002971;2567
+39320002973;4876
+39320002975;2325
+39320002977;2241
+39320002979;502
+39320002981;2319
+39320002983;1553
+39320002985;2838
+39320002987;2293
+39320002989;4917
+39320002991;2021
+39320002993;4222
+39320002995;4786
+39320002997;4628
+39320002999;3814
+39320003001;2170
+39320003003;2476
+39320003005;1656
+39320003007;5076
+39320003009;3966
+39320003011;4565
+39320003013;5551
+39320003015;5648
+39320003017;1058
+39320003019;4005
+39320003021;5268
+39320003023;3573
+39320003025;2107
+39320003027;531
+39320003029;3635
+39320003031;1845
+39320003033;2539
+39320003035;874
+39320003037;797
+39320003039;3191
+39320003041;866
+39320003043;5597
+39320003045;1778
+39320003047;4727
+39320003049;1044
+39320003051;1468
+39320003053;417
+39320003055;565
+39320003057;5256
+39320003059;2086
+39320003061;1823
+39320003063;4664
+39320003065;1291
+39320003067;4420
+39320003069;5275
+39320003071;4130
+39320003073;2359
+39320003075;3876
+39320003077;5774
+39320003079;4628
+39320003081;1078
+39320003083;4945
+39320003085;1810
+39320003087;916
+39320003089;898
+39320003091;3617
+39320003093;1985
+39320003095;2970
+39320003097;5471
+39320003099;2357
+39320003101;690
+39320003103;733
+39320003105;5516
+39320003107;1452
+39320003109;5785
+39320003111;5353
+39320003113;2664
+39320003115;375
+39320003117;2261
+39320003119;1553
+39320003121;1766
+39320003123;2376
+39320003125;1313
+39320003127;4615
+39320003129;3427
+39320003131;2071
+39320003133;5652
+39320003135;5796
+39320003137;461
+39320003139;1230
+39320003141;3616
+39320003143;4097
+39320003145;1287
+39320003147;384
+39320003149;4155
+39320003151;3653
+39320003153;2618
+39320003155;871
+39320003157;1788
+39320003159;3048
+39320003161;116
+39320003163;355
+39320003165;5452
+39320003167;5194
+39320003169;2802
+39320003171;3474
+39320003173;3898
+39320003175;2709
+39320003177;3028
+39320003179;987
+39320003181;4528
+39320003183;3788
+39320003185;1976
+39320003187;3450
+39320003189;1804
+39320003191;2351
+39320003193;2897
+39320003195;5489
+39320003197;4328
+39320003199;532
+39320003201;3365
+39320003203;2727
+39320003205;2560
+39320003207;2568
+39320003209;556
+39320003211;4216
+39320003213;5972
+39320003215;4093
+39320003217;5526
+39320003219;5764
+39320003221;2956
+39320003223;3345
+39320003225;3373
+39320003227;5247
+39320003229;1873
+39320003231;3667
+39320003233;1257
+39320003235;3237
+39320003237;4225
+39320003239;1144
+39320003241;4619
+39320003243;1047
+39320003245;5999
+39320003247;2892
+39320003249;4815
+39320003251;5901
+39320003253;5252
+39320003255;3970
+39320003257;369
+39320003259;2332
+39320003261;3519
+39320003263;470
+39320003265;3865
+39320003267;634
+39320003269;3986
+39320003271;4836
+39320003273;998
+39320003275;1640
+39320003277;1217
+39320003279;5498
+39320003281;1251
+39320003283;5226
+39320003285;712
+39320003287;5519
+39320003289;2503
+39320003291;1090
+39320003293;209
+39320003295;3543
+39320003297;5469
+39320003299;2690
+39320003301;445
+39320003303;3832
+39320003305;1740
+39320003307;5376
+39320003309;4086
+39320003311;5628
+39320003313;412
+39320003315;3590
+39320003317;2545
+39320003319;3530
+39320003321;3090
+39320003323;5634
+39320003325;3534
+39320003327;39
+39320003329;4629
+39320003331;1723
+39320003333;4141
+39320003335;5589
+39320003337;5970
+39320003339;2678
+39320003341;1480
+39320003343;5187
+39320003345;4676
+39320003347;1510
+39320003349;4633
+39320003351;1198
+39320003353;1169
+39320003355;1301
+39320003357;5177
+39320003359;5880
+39320003361;3382
+39320003363;5878
+39320003365;1356
+39320003367;449
+39320003369;2215
+39320003371;1576
+39320003373;5570
+39320003375;5226
+39320003377;3526
+39320003379;863
+39320003381;820
+39320003383;2443
+39320003385;3164
+39320003387;394
+39320003389;4204
+39320003391;4113
+39320003393;3163
+39320003395;4259
+39320003397;3857
+39320003399;5046
+39320003401;2226
+39320003403;4948
+39320003405;2087
+39320003407;2013
+39320003409;5324
+39320003411;5101
+39320003413;4260
+39320003415;5092
+39320003417;3416
+39320003419;1880
+39320003421;2237
+39320003423;4599
+39320003425;1866
+39320003427;1927
+39320003429;4460
+39320003431;226
+39320003433;4745
+39320003435;2194
+39320003437;4797
+39320003439;1107
+39320003441;1666
+39320003443;4045
+39320003445;2029
+39320003447;4996
+39320003449;19
+39320003451;5516
+39320003453;1310
+39320003455;227
+39320003457;1761
+39320003459;3006
+39320003461;48
+39320003463;1969
+39320003465;2980
+39320003467;599
+39320003469;1985
+39320003471;3235
+39320003473;5617
+39320003475;545
+39320003477;39
+39320003479;1453
+39320003481;3973
+39320003483;2002
+39320003485;4872
+39320003487;3964
+39320003489;920
+39320003491;2848
+39320003493;2006
+39320003495;3739
+39320003497;2623
+39320003499;4712
+39320003501;112
+39320003503;46
+39320003505;5375
+39320003507;648
+39320003509;3081
+39320003511;1741
+39320003513;1426
+39320003515;2530
+39320003517;2106
+39320003519;4180
+39320003521;3940
+39320003523;595
+39320003525;5888
+39320003527;3566
+39320003529;930
+39320003531;5131
+39320003533;5861
+39320003535;3704
+39320003537;3953
+39320003539;1526
+39320003541;2084
+39320003543;5105
+39320003545;5889
+39320003547;4467
+39320003549;1655
+39320003551;5844
+39320003553;934
+39320003555;1678
+39320003557;3116
+39320003559;103
+39320003561;4917
+39320003563;1758
+39320003565;5717
+39320003567;1912
+39320003569;2869
+39320003571;3693
+39320003573;2956
+39320003575;351
+39320003577;723
+39320003579;808
+39320003581;4620
+39320003583;2376
+39320003585;1762
+39320003587;3164
+39320003589;217
+39320003591;683
+39320003593;4141
+39320003595;3547
+39320003597;3836
+39320003599;4399
+39320003601;1111
+39320003603;57
+39320003605;785
+39320003607;4154
+39320003609;2101
+39320003611;3541
+39320003613;128
+39320003615;334
+39320003617;2448
+39320003619;5617
+39320003621;2768
+39320003623;189
+39320003625;5519
+39320003627;1616
+39320003629;4275
+39320003631;608
+39320003633;2807
+39320003635;2640
+39320003637;21
+39320003639;4110
+39320003641;4487
+39320003643;4009
+39320003645;1906
+39320003647;4130
+39320003649;3703
+39320003651;405
+39320003653;4580
+39320003655;1861
+39320003657;5328
+39320003659;2233
+39320003661;330
+39320003663;4177
+39320003665;2684
+39320003667;63
+39320003669;1338
+39320003671;3723
+39320003673;3626
+39320003675;5939
+39320003677;1535
+39320003679;965
+39320003681;4482
+39320003683;1068
+39320003685;884
+39320003687;1291
+39320003689;1583
+39320003691;3499
+39320003693;3140
+39320003695;597
+39320003697;4886
+39320003699;241
+39320003701;339
+39320003703;526
+39320003705;3842
+39320003707;2237
+39320003709;3888
+39320003711;5890
+39320003713;401
+39320003715;2224
+39320003717;3603
+39320003719;4179
+39320003721;1599
+39320003723;733
+39320003725;2085
+39320003727;3668
+39320003729;4949
+39320003731;5199
+39320003733;5609
+39320003735;2018
+39320003737;5387
+39320003739;4731
+39320003741;1018
+39320003743;2247
+39320003745;2746
+39320003747;4094
+39320003749;3294
+39320003751;3408
+39320003753;4787
+39320003755;1058
+39320003757;3269
+39320003759;789
+39320003761;4655
+39320003763;774
+39320003765;2510
+39320003767;3958
+39320003769;3823
+39320003771;328
+39320003773;1249
+39320003775;4547
+39320003777;5766
+39320003779;1884
+39320003781;4135
+39320003783;3607
+39320003785;1113
+39320003787;1553
+39320003789;485
+39320003791;2894
+39320003793;5278
+39320003795;4359
+39320003797;4620
+39320003799;1931
+39320003801;4112
+39320003803;3756
+39320003805;5074
+39320003807;1557
+39320003809;5937
+39320003811;3871
+39320003813;5136
+39320003815;5734
+39320003817;245
+39320003819;5016
+39320003821;4120
+39320003823;3470
+39320003825;4967
+39320003827;2525
+39320003829;2344
+39320003831;2183
+39320003833;3726
+39320003835;4564
+39320003837;5921
+39320003839;5546
+39320003841;5817
+39320003843;634
+39320003845;4529
+39320003847;3718
+39320003849;1274
+39320003851;2731
+39320003853;1849
+39320003855;2553
+39320003857;3198
+39320003859;463
+39320003861;3367
+39320003863;2013
+39320003865;484
+39320003867;5661
+39320003869;752
+39320003871;5650
+39320003873;5644
+39320003875;1450
+39320003877;3404
+39320003879;1403
+39320003881;4326
+39320003883;1490
+39320003885;1597
+39320003887;263
+39320003889;2181
+39320003891;5870
+39320003893;5344
+39320003895;1666
+39320003897;2379
+39320003899;688
+39320003901;3827
+39320003903;4717
+39320003905;4650
+39320003907;5255
+39320003909;663
+39320003911;4353
+39320003913;1471
+39320003915;2459
+39320003917;4142
+39320003919;3007
+39320003921;5112
+39320003923;3341
+39320003925;4023
+39320003927;1422
+39320003929;5411
+39320003931;1458
+39320003933;4105
+39320003935;1421
+39320003937;5967
+39320003939;1756
+39320003941;5093
+39320003943;4061
+39320003945;5285
+39320003947;968
+39320003949;17
+39320003951;2589
+39320003953;2138
+39320003955;5332
+39320003957;4333
+39320003959;2277
+39320003961;4659
+39320003963;5630
+39320003965;399
+39320003967;3813
+39320003969;4568
+39320003971;2656
+39320003973;624
+39320003975;4121
+39320003977;2056
+39320003979;2456
+39320003981;1954
+39320003983;4383
+39320003985;3145
+39320003987;2527
+39320003989;388
+39320003991;5207
+39320003993;2200
+39320003995;108
+39320003997;4836
+39320003999;5942
+39320004001;4873
+39320004003;1985
+39320004005;2535
+39320004007;1204
+39320004009;523
+39320004011;4022
+39320004013;5734
+39320004015;3160
+39320004017;3479
+39320004019;2181
+39320004021;2867
+39320004023;838
+39320004025;1349
+39320004027;1136
+39320004029;1564
+39320004031;361
+39320004033;2083
+39320004035;1533
+39320004037;3937
+39320004039;5087
+39320004041;4189
+39320004043;5233
+39320004045;1414
+39320004047;3203
+39320004049;2164
+39320004051;5055
+39320004053;1155
+39320004055;3785
+39320004057;3118
+39320004059;5215
+39320004061;3708
+39320004063;2140
+39320004065;505
+39320004067;2342
+39320004069;2209
+39320004071;3213
+39320004073;3896
+39320004075;4000
+39320004077;5779
+39320004079;3466
+39320004081;2899
+39320004083;1389
+39320004085;2638
+39320004087;5805
+39320004089;2238
+39320004091;2651
+39320004093;5714
+39320004095;4012
+39320004097;4987
+39320004099;4858
+39320004101;2785
+39320004103;3914
+39320004105;5407
+39320004107;5253
+39320004109;1711
+39320004111;3559
+39320004113;2554
+39320004115;816
+39320004117;4805
+39320004119;2233
+39320004121;4386
+39320004123;36
+39320004125;1883
+39320004127;1936
+39320004129;3552
+39320004131;1092
+39320004133;4518
+39320004135;5070
+39320004137;3138
+39320004139;123
+39320004141;3433
+39320004143;2517
+39320004145;3217
+39320004147;3982
+39320004149;670
+39320004151;713
+39320004153;4099
+39320004155;3190
+39320004157;1120
+39320004159;5369
+39320004161;850
+39320004163;1070
+39320004165;2828
+39320004167;498
+39320004169;4968
+39320004171;2634
+39320004173;1969
+39320004175;2264
+39320004177;3855
+39320004179;5979
+39320004181;2710
+39320004183;3663
+39320004185;3418
+39320004187;2969
+39320004189;2643
+39320004191;1830
+39320004193;2064
+39320004195;5953
+39320004197;1267
+39320004199;1396
+39320004201;2711
+39320004203;4512
+39320004205;3434
+39320004207;4854
+39320004209;420
+39320004211;4028
+39320004213;1391
+39320004215;3934
+39320004217;5198
+39320004219;5088
+39320004221;5616
+39320004223;3507
+39320004225;1327
+39320004227;5113
+39320004229;2087
+39320004231;4790
+39320004233;4618
+39320004235;1164
+39320004237;1835
+39320004239;2780
+39320004241;3585
+39320004243;4589
+39320004245;734
+39320004247;5853
+39320004249;1055
+39320004251;3398
+39320004253;2620
+39320004255;2622
+39320004257;5691
+39320004259;566
+39320004261;1652
+39320004263;4982
+39320004265;3072
+39320004267;2733
+39320004269;2329
+39320004271;2558
+39320004273;3558
+39320004275;178
+39320004277;4187
+39320004279;183
+39320004281;2015
+39320004283;3339
+39320004285;4318
+39320004287;4305
+39320004289;3676
+39320004291;1470
+39320004293;2861
+39320004295;1544
+39320004297;5665
+39320004299;2349
+39320004301;5021
+39320004303;696
+39320004305;3150
+39320004307;2008
+39320004309;5549
+39320004311;4133
+39320004313;2391
+39320004315;4334
+39320004317;2046
+39320004319;3521
+39320004321;1480
+39320004323;5164
+39320004325;1631
+39320004327;3860
+39320004329;4426
+39320004331;1297
+39320004333;547
+39320004335;1968
+39320004337;3977
+39320004339;5924
+39320004341;4085
+39320004343;3799
+39320004345;3408
+39320004347;3736
+39320004349;2925
+39320004351;2710
+39320004353;476
+39320004355;4130
+39320004357;2710
+39320004359;5700
+39320004361;2934
+39320004363;5913
+39320004365;413
+39320004367;5113
+39320004369;2581
+39320004371;1925
+39320004373;4402
+39320004375;1108
+39320004377;2043
+39320004379;673
+39320004381;5560
+39320004383;572
+39320004385;5364
+39320004387;2755
+39320004389;233
+39320004391;1173
+39320004393;142
+39320004395;3461
+39320004397;3604
+39320004399;869
+39320004401;1010
+39320004403;2432
+39320004405;4153
+39320004407;1287
+39320004409;3441
+39320004411;4607
+39320004413;2088
+39320004415;3712
+39320004417;4742
+39320004419;446
+39320004421;2309
+39320004423;4643
+39320004425;3915
+39320004427;2825
+39320004429;275
+39320004431;2959
+39320004433;1689
+39320004435;914
+39320004437;4474
+39320004439;2166
+39320004441;4582
+39320004443;693
+39320004445;5884
+39320004447;2458
+39320004449;2934
+39320004451;3146
+39320004453;2734
+39320004455;550
+39320004457;5737
+39320004459;2568
+39320004461;3224
+39320004463;2401
+39320004465;3543
+39320004467;2633
+39320004469;4785
+39320004471;2112
+39320004473;3034
+39320004475;1279
+39320004477;4311
+39320004479;4410
+39320004481;2094
+39320004483;76
+39320004485;4113
+39320004487;3998
+39320004489;2839
+39320004491;1023
+39320004493;2467
+39320004495;356
+39320004497;5046
+39320004499;1871
+39320004501;1173
+39320004503;2815
+39320004505;1050
+39320004507;5715
+39320004509;5662
+39320004511;628
+39320004513;5825
+39320004515;5203
+39320004517;2210
+39320004519;3468
+39320004521;2033
+39320004523;800
+39320004525;2441
+39320004527;3992
+39320004529;1044
+39320004531;719
+39320004533;2197
+39320004535;2651
+39320004537;3996
+39320004539;5305
+39320004541;4119
+39320004543;5461
+39320004545;1028
+39320004547;3273
+39320004549;4113
+39320004551;739
+39320004553;5571
+39320004555;3205
+39320004557;4162
+39320004559;2937
+39320004561;899
+39320004563;2988
+39320004565;5548
+39320004567;3451
+39320004569;4769
+39320004571;353
+39320004573;3445
+39320004575;1957
+39320004577;3336
+39320004579;2798
+39320004581;3035
+39320004583;5698
+39320004585;587
+39320004587;4808
+39320004589;1539
+39320004591;2136
+39320004593;611
+39320004595;3057
+39320004597;3310
+39320004599;1053
+39320004601;1190
+39320004603;3519
+39320004605;3694
+39320004607;2555
+39320004609;5732
+39320004611;4749
+39320004613;2491
+39320004615;4678
+39320004617;4157
+39320004619;3345
+39320004621;698
+39320004623;1838
+39320004625;1327
+39320004627;417
+39320004629;1678
+39320004631;1500
+39320004633;2847
+39320004635;5994
+39320004637;2051
+39320004639;35
+39320004641;1098
+39320004643;3320
+39320004645;5885
+39320004647;906
+39320004649;1669
+39320004651;4963
+39320004653;4115
+39320004655;1996
+39320004657;5588
+39320004659;4293
+39320004661;2833
+39320004663;3181
+39320004665;1228
+39320004667;98
+39320004669;2853
+39320004671;1688
+39320004673;2890
+39320004675;3061
+39320004677;5991
+39320004679;4980
+39320004681;531
+39320004683;2440
+39320004685;5815
+39320004687;1305
+39320004689;151
+39320004691;1044
+39320004693;4290
+39320004695;3641
+39320004697;5691
+39320004699;1695
+39320004701;2661
+39320004703;5936
+39320004705;2797
+39320004707;662
+39320004709;4217
+39320004711;1239
+39320004713;1989
+39320004715;4424
+39320004717;3516
+39320004719;5509
+39320004721;4773
+39320004723;5457
+39320004725;1136
+39320004727;4605
+39320004729;5320
+39320004731;524
+39320004733;769
+39320004735;1340
+39320004737;643
+39320004739;4938
+39320004741;1712
+39320004743;3472
+39320004745;1872
+39320004747;5898
+39320004749;2488
+39320004751;4154
+39320004753;2017
+39320004755;2673
+39320004757;2292
+39320004759;1576
+39320004761;5602
+39320004763;403
+39320004765;5470
+39320004767;2278
+39320004769;252
+39320004771;4018
+39320004773;2826
+39320004775;1621
+39320004777;881
+39320004779;1272
+39320004781;2809
+39320004783;5646
+39320004785;5641
+39320004787;3699
+39320004789;4768
+39320004791;388
+39320004793;5993
+39320004795;3024
+39320004797;3725
+39320004799;3736
+39320004801;1030
+39320004803;3260
+39320004805;2326
+39320004807;5100
+39320004809;4438
+39320004811;4100
+39320004813;5924
+39320004815;4139
+39320004817;4118
+39320004819;32
+39320004821;604
+39320004823;2265
+39320004825;3618
+39320004827;2197
+39320004829;2015
+39320004831;695
+39320004833;2883
+39320004835;2837
+39320004837;1364
+39320004839;5760
+39320004841;3168
+39320004843;4648
+39320004845;5378
+39320004847;4616
+39320004849;194
+39320004851;1073
+39320004853;4603
+39320004855;4754
+39320004857;1554
+39320004859;2097
+39320004861;2620
+39320004863;3352
+39320004865;629
+39320004867;1947
+39320004869;4391
+39320004871;2811
+39320004873;134
+39320004875;278
+39320004877;4772
+39320004879;5713
+39320004881;2839
+39320004883;3633
+39320004885;1160
+39320004887;4622
+39320004889;2986
+39320004891;4842
+39320004893;3142
+39320004895;958
+39320004897;2332
+39320004899;5219
+39320004901;3400
+39320004903;4603
+39320004905;5499
+39320004907;281
+39320004909;4036
+39320004911;3590
+39320004913;5479
+39320004915;1830
+39320004917;5832
+39320004919;4498
+39320004921;546
+39320004923;4733
+39320004925;3244
+39320004927;3511
+39320004929;3628
+39320004931;142
+39320004933;3635
+39320004935;2049
+39320004937;3074
+39320004939;3956
+39320004941;5247
+39320004943;5152
+39320004945;2846
+39320004947;2670
+39320004949;2351
+39320004951;1587
+39320004953;4006
+39320004955;2602
+39320004957;3691
+39320004959;1998
+39320004961;2058
+39320004963;46
+39320004965;2799
+39320004967;3487
+39320004969;5355
+39320004971;1974
+39320004973;410
+39320004975;4239
+39320004977;3512
+39320004979;476
+39320004981;2707
+39320004983;774
+39320004985;4831
+39320004987;3460
+39320004989;3437
+39320004991;2229
+39320004993;4164
+39320004995;5623
+39320004997;2685
+39320004999;2505
+39320005001;742
+39320005003;3162
+39320005005;2584
+39320005007;3824
+39320005009;106
+39320005011;576
+39320005013;5501
+39320005015;286
+39320005017;4252
+39320005019;2623
+39320005021;3612
+39320005023;5808
+39320005025;2531
+39320005027;2318
+39320005029;3292
+39320005031;1900
+39320005033;5211
+39320005035;4542
+39320005037;857
+39320005039;4705
+39320005041;4712
+39320005043;554
+39320005045;1175
+39320005047;108
+39320005049;1030
+39320005051;4436
+39320005053;5363
+39320005055;1434
+39320005057;555
+39320005059;4775
+39320005061;1608
+39320005063;4924
+39320005065;117
+39320005067;1360
+39320005069;2315
+39320005071;1486
+39320005073;3673
+39320005075;4830
+39320005077;5597
+39320005079;1142
+39320005081;4442
+39320005083;5565
+39320005085;3835
+39320005087;3524
+39320005089;5183
+39320005091;1354
+39320005093;4289
+39320005095;2622
+39320005097;581
+39320005099;2537
+39320005101;1740
+39320005103;3853
+39320005105;4372
+39320005107;2377
+39320005109;5345
+39320005111;4325
+39320005113;1610
+39320005115;1319
+39320005117;4656
+39320005119;5190
+39320005121;5604
+39320005123;5780
+39320005125;3152
+39320005127;1985
+39320005129;36
+39320005131;2852
+39320005133;4581
+39320005135;2668
+39320005137;1828
+39320005139;863
+39320005141;3849
+39320005143;462
+39320005145;3678
+39320005147;3705
+39320005149;4857
+39320005151;5769
+39320005153;5446
+39320005155;4970
+39320005157;273
+39320005159;483
+39320005161;4347
+39320005163;3636
+39320005165;3586
+39320005167;2928
+39320005169;1521
+39320005171;105
+39320005173;106
+39320005175;4004
+39320005177;907
+39320005179;5270
+39320005181;4891
+39320005183;1433
+39320005185;2798
+39320005187;3812
+39320005189;3316
+39320005191;3393
+39320005193;2119
+39320005195;776
+39320005197;2532
+39320005199;3707
+39320005201;1455
+39320005203;5891
+39320005205;2434
+39320005207;4245
+39320005209;2647
+39320005211;3434
+39320005213;4944
+39320005215;397
+39320005217;4264
+39320005219;853
+39320005221;843
+39320005223;2577
+39320005225;3902
+39320005227;1902
+39320005229;2820
+39320005231;3767
+39320005233;3444
+39320005235;303
+39320005237;493
+39320005239;4358
+39320005241;4984
+39320005243;4128
+39320005245;554
+39320005247;1829
+39320005249;2651
+39320005251;1453
+39320005253;2621
+39320005255;3508
+39320005257;5124
+39320005259;2818
+39320005261;5637
+39320005263;1692
+39320005265;4735
+39320005267;2462
+39320005269;2945
+39320005271;2629
+39320005273;2777
+39320005275;2762
+39320005277;4345
+39320005279;5226
+39320005281;1575
+39320005283;61
+39320005285;1659
+39320005287;2206
+39320005289;1190
+39320005291;3092
+39320005293;4303
+39320005295;3192
+39320005297;5859
+39320005299;4188
+39320005301;3095
+39320005303;3790
+39320005305;2055
+39320005307;5925
+39320005309;1766
+39320005311;201
+39320005313;4558
+39320005315;2286
+39320005317;3636
+39320005319;5693
+39320005321;4313
+39320005323;1550
+39320005325;5002
+39320005327;5930
+39320005329;2298
+39320005331;5838
+39320005333;5748
+39320005335;4181
+39320005337;7
+39320005339;3209
+39320005341;1971
+39320005343;2053
+39320005345;776
+39320005347;2953
+39320005349;3015
+39320005351;4416
+39320005353;2607
+39320005355;4340
+39320005357;1958
+39320005359;29
+39320005361;1902
+39320005363;1840
+39320005365;1298
+39320005367;3531
+39320005369;2673
+39320005371;5016
+39320005373;3659
+39320005375;4478
+39320005377;2951
+39320005379;3494
+39320005381;4126
+39320005383;3577
+39320005385;756
+39320005387;3003
+39320005389;3422
+39320005391;4422
+39320005393;4392
+39320005395;2393
+39320005397;1722
+39320005399;3167
+39320005401;5571
+39320005403;4409
+39320005405;166
+39320005407;2961
+39320005409;1450
+39320005411;5333
+39320005413;3236
+39320005415;5442
+39320005417;1714
+39320005419;1657
+39320005421;4539
+39320005423;343
+39320005425;1291
+39320005427;1247
+39320005429;116
+39320005431;1699
+39320005433;3319
+39320005435;402
+39320005437;2326
+39320005439;5468
+39320005441;4677
+39320005443;739
+39320005445;1962
+39320005447;5341
+39320005449;5569
+39320005451;778
+39320005453;5649
+39320005455;3375
+39320005457;3074
+39320005459;1177
+39320005461;2972
+39320005463;2506
+39320005465;21
+39320005467;2713
+39320005469;3099
+39320005471;4709
+39320005473;852
+39320005475;4189
+39320005477;3497
+39320005479;3134
+39320005481;3396
+39320005483;5405
+39320005485;1496
+39320005487;50
+39320005489;4842
+39320005491;851
+39320005493;5017
+39320005495;1632
+39320005497;5195
+39320005499;5890
+39320005501;1098
+39320005503;2272
+39320005505;195
+39320005507;5132
+39320005509;4459
+39320005511;3855
+39320005513;1809
+39320005515;1208
+39320005517;3527
+39320005519;1455
+39320005521;2243
+39320005523;1732
+39320005525;4687
+39320005527;2179
+39320005529;114
+39320005531;554
+39320005533;125
+39320005535;1405
+39320005537;3070
+39320005539;1997
+39320005541;209
+39320005543;5232
+39320005545;249
+39320005547;3553
+39320005549;2069
+39320005551;1916
+39320005553;5382
+39320005555;999
+39320005557;660
+39320005559;4709
+39320005561;2923
+39320005563;540
+39320005565;4525
+39320005567;2397
+39320005569;4743
+39320005571;47
+39320005573;1473
+39320005575;5500
+39320005577;591
+39320005579;5354
+39320005581;4169
+39320005583;5571
+39320005585;906
+39320005587;3215
+39320005589;984
+39320005591;1293
+39320005593;3523
+39320005595;372
+39320005597;467
+39320005599;1867
+39320005601;1113
+39320005603;4916
+39320005605;4921
+39320005607;443
+39320005609;5636
+39320005611;2993
+39320005613;1379
+39320005615;4918
+39320005617;1244
+39320005619;1963
+39320005621;4143
+39320005623;2422
+39320005625;5563
+39320005627;3947
+39320005629;2906
+39320005631;4883
+39320005633;2179
+39320005635;5991
+39320005637;2919
+39320005639;156
+39320005641;215
+39320005643;5247
+39320005645;786
+39320005647;3370
+39320005649;1048
+39320005651;383
+39320005653;166
+39320005655;468
+39320005657;2231
+39320005659;4187
+39320005661;5413
+39320005663;4788
+39320005665;2580
+39320005667;1026
+39320005669;3822
+39320005671;858
+39320005673;425
+39320005675;2366
+39320005677;4689
+39320005679;4653
+39320005681;587
+39320005683;3968
+39320005685;5851
+39320005687;1641
+39320005689;2920
+39320005691;5567
+39320005693;5634
+39320005695;4341
+39320005697;5523
+39320005699;1704
+39320005701;2278
+39320005703;3316
+39320005705;40
+39320005707;1795
+39320005709;5976
+39320005711;2393
+39320005713;3849
+39320005715;1212
+39320005717;865
+39320005719;1580
+39320005721;4867
+39320005723;5238
+39320005725;1087
+39320005727;5557
+39320005729;5121
+39320005731;2507
+39320005733;2023
+39320005735;958
+39320005737;1120
+39320005739;5804
+39320005741;3613
+39320005743;5651
+39320005745;3430
+39320005747;4578
+39320005749;1777
+39320005751;808
+39320005753;3279
+39320005755;569
+39320005757;1224
+39320005759;5304
+39320005761;2035
+39320005763;3993
+39320005765;2192
+39320005767;4220
+39320005769;5023
+39320005771;1713
+39320005773;2931
+39320005775;3003
+39320005777;5719
+39320005779;3253
+39320005781;5353
+39320005783;2832
+39320005785;4915
+39320005787;3833
+39320005789;2377
+39320005791;247
+39320005793;2080
+39320005795;4934
+39320005797;5896
+39320005799;2695
+39320005801;4009
+39320005803;5359
+39320005805;3794
+39320005807;4820
+39320005809;326
+39320005811;3416
+39320005813;555
+39320005815;2986
+39320005817;3189
+39320005819;2755
+39320005821;3692
+39320005823;3153
+39320005825;256
+39320005827;5629
+39320005829;2810
+39320005831;3288
+39320005833;5974
+39320005835;419
+39320005837;165
+39320005839;897
+39320005841;4070
+39320005843;2570
+39320005845;5235
+39320005847;1757
+39320005849;5844
+39320005851;852
+39320005853;4119
+39320005855;4147
+39320005857;3718
+39320005859;5549
+39320005861;4720
+39320005863;3171
+39320005865;3789
+39320005867;3360
+39320005869;574
+39320005871;2160
+39320005873;2718
+39320005875;4554
+39320005877;3437
+39320005879;904
+39320005881;3154
+39320005883;3908
+39320005885;4499
+39320005887;4532
+39320005889;4807
+39320005891;1361
+39320005893;4605
+39320005895;4374
+39320005897;5312
+39320005899;4730
+39320005901;4771
+39320005903;3312
+39320005905;4340
+39320005907;5890
+39320005909;5549
+39320005911;2742
+39320005913;1583
+39320005915;1858
+39320005917;2278
+39320005919;3410
+39320005921;4338
+39320005923;4632
+39320005925;4047
+39320005927;1009
+39320005929;5097
+39320005931;2091
+39320005933;782
+39320005935;2502
+39320005937;484
+39320005939;2226
+39320005941;3641
+39320005943;369
+39320005945;1007
+39320005947;3463
+39320005949;330
+39320005951;4974
+39320005953;4786
+39320005955;1321
+39320005957;4602
+39320005959;2704
+39320005961;2502
+39320005963;1688
+39320005965;2118
+39320005967;5826
+39320005969;4908
+39320005971;3070
+39320005973;5259
+39320005975;3935
+39320005977;3367
+39320005979;2635
+39320005981;3648
+39320005983;3000
+39320005985;3780
+39320005987;5752
+39320005989;5464
+39320005991;1993
+39320005993;3967
+39320005995;490
+39320005997;2642
+39320005999;4808
+39320006001;1170
+39320006003;5848
+39320006005;3523
+39320006007;4059
+39320006009;4573
+39320006011;5854
+39320006013;5203
+39320006015;2371
+39320006017;5739
+39320006019;501
+39320006021;1292
+39320006023;482
+39320006025;990
+39320006027;815
+39320006029;3250
+39320006031;3808
+39320006033;3934
+39320006035;4
+39320006037;1275
+39320006039;4715
+39320006041;5640
+39320006043;3596
+39320006045;2668
+39320006047;2421
+39320006049;5704
+39320006051;4665
+39320006053;192
+39320006055;1725
+39320006057;5153
+39320006059;5892
+39320006061;3257
+39320006063;1375
+39320006065;3591
+39320006067;2848
+39320006069;588
+39320006071;1901
+39320006073;2609
+39320006075;3448
+39320006077;3952
+39320006079;3428
+39320006081;2316
+39320006083;3828
+39320006085;4197
+39320006087;5352
+39320006089;1672
+39320006091;175
+39320006093;880
+39320006095;5758
+39320006097;5432
+39320006099;3218
+39320006101;1946
+39320006103;5747
+39320006105;3860
+39320006107;1106
+39320006109;5505
+39320006111;5834
+39320006113;3596
+39320006115;2645
+39320006117;34
+39320006119;5201
+39320006121;1284
+39320006123;5340
+39320006125;3374
+39320006127;2273
+39320006129;1832
+39320006131;4100
+39320006133;600
+39320006135;5452
+39320006137;4538
+39320006139;1964
+39320006141;4254
+39320006143;2727
+39320006145;1530
+39320006147;3097
+39320006149;3633
+39320006151;5353
+39320006153;2429
+39320006155;3049
+39320006157;902
+39320006159;247
+39320006161;2849
+39320006163;4077
+39320006165;1281
+39320006167;3059
+39320006169;3264
+39320006171;2186
+39320006173;1037
+39320006175;2815
+39320006177;4806
+39320006179;5723
+39320006181;3555
+39320006183;2604
+39320006185;4888
+39320006187;3269
+39320006189;3529
+39320006191;3136
+39320006193;2742
+39320006195;515
+39320006197;3953
+39320006199;4811
+39320006201;3659
+39320006203;2975
+39320006205;4792
+39320006207;4267
+39320006209;2740
+39320006211;1414
+39320006213;1621
+39320006215;2057
+39320006217;2738
+39320006219;162
+39320006221;5115
+39320006223;3466
+39320006225;917
+39320006227;2202
+39320006229;730
+39320006231;5597
+39320006233;2620
+39320006235;5733
+39320006237;3535
+39320006239;2033
+39320006241;1156
+39320006243;5530
+39320006245;3683
+39320006247;5541
+39320006249;19
+39320006251;4325
+39320006253;1374
+39320006255;3626
+39320006257;4574
+39320006259;356
+39320006261;4551
+39320006263;5392
+39320006265;3665
+39320006267;2474
+39320006269;5307
+39320006271;978
+39320006273;3291
+39320006275;3993
+39320006277;4927
+39320006279;5962
+39320006281;148
+39320006283;4438
+39320006285;4980
+39320006287;2700
+39320006289;4160
+39320006291;989
+39320006293;1577
+39320006295;5835
+39320006297;2784
+39320006299;4529
+39320006301;920
+39320006303;395
+39320006305;5817
+39320006307;5255
+39320006309;5384
+39320006311;4844
+39320006313;5199
+39320006315;865
+39320006317;561
+39320006319;5747
+39320006321;2485
+39320006323;1123
+39320006325;615
+39320006327;2380
+39320006329;3670
+39320006331;2115
+39320006333;940
+39320006335;5614
+39320006337;2840
+39320006339;1557
+39320006341;1300
+39320006343;2191
+39320006345;4587
+39320006347;2158
+39320006349;5654
+39320006351;4905
+39320006353;1410
+39320006355;4740
+39320006357;2004
+39320006359;5930
+39320006361;3544
+39320006363;5626
+39320006365;5860
+39320006367;982
+39320006369;3200
+39320006371;4196
+39320006373;1729
+39320006375;4707
+39320006377;469
+39320006379;4106
+39320006381;3244
+39320006383;822
+39320006385;2881
+39320006387;3158
+39320006389;5931
+39320006391;4616
+39320006393;1556
+39320006395;1066
+39320006397;1852
+39320006399;1210
+39320006401;5959
+39320006403;4526
+39320006405;3158
+39320006407;1526
+39320006409;1782
+39320006411;4657
+39320006413;2974
+39320006415;2626
+39320006417;971
+39320006419;109
+39320006421;4128
+39320006423;2010
+39320006425;296
+39320006427;3022
+39320006429;2287
+39320006431;5532
+39320006433;4218
+39320006435;4625
+39320006437;4177
+39320006439;1408
+39320006441;5012
+39320006443;3120
+39320006445;1456
+39320006447;4898
+39320006449;1163
+39320006451;3568
+39320006453;1137
+39320006455;4414
+39320006457;1425
+39320006459;1889
+39320006461;1005
+39320006463;5021
+39320006465;5764
+39320006467;2821
+39320006469;5200
+39320006471;4595
+39320006473;268
+39320006475;1099
+39320006477;145
+39320006479;3722
+39320006481;5553
+39320006483;3444
+39320006485;2426
+39320006487;145
+39320006489;3166
+39320006491;4680
+39320006493;3725
+39320006495;2988
+39320006497;2273
+39320006499;5263
+39320006501;2021
+39320006503;251
+39320006505;1525
+39320006507;5736
+39320006509;4330
+39320006511;5431
+39320006513;3839
+39320006515;5219
+39320006517;3477
+39320006519;3984
+39320006521;2105
+39320006523;5291
+39320006525;423
+39320006527;799
+39320006529;503
+39320006531;4516
+39320006533;2050
+39320006535;3836
+39320006537;1420
+39320006539;695
+39320006541;3661
+39320006543;3896
+39320006545;2832
+39320006547;1543
+39320006549;2314
+39320006551;2658
+39320006553;1851
+39320006555;1062
+39320006557;1049
+39320006559;4034
+39320006561;1486
+39320006563;2066
+39320006565;5525
+39320006567;1350
+39320006569;5393
+39320006571;4305
+39320006573;1529
+39320006575;2309
+39320006577;3538
+39320006579;1861
+39320006581;1553
+39320006583;4771
+39320006585;5828
+39320006587;4007
+39320006589;4141
+39320006591;1444
+39320006593;129
+39320006595;5465
+39320006597;2713
+39320006599;5126
+39320006601;4815
+39320006603;2020
+39320006605;4120
+39320006607;2548
+39320006609;3889
+39320006611;3140
+39320006613;5916
+39320006615;5590
+39320006617;4310
+39320006619;1071
+39320006621;447
+39320006623;2598
+39320006625;665
+39320006627;5838
+39320006629;5287
+39320006631;2374
+39320006633;3646
+39320006635;4303
+39320006637;559
+39320006639;4665
+39320006641;3559
+39320006643;3393
+39320006645;642
+39320006647;4703
+39320006649;5887
+39320006651;5220
+39320006653;4798
+39320006655;529
+39320006657;4589
+39320006659;3589
+39320006661;5181
+39320006663;5163
+39320006665;5068
+39320006667;1751
+39320006669;4677
+39320006671;3285
+39320006673;4138
+39320006675;4779
+39320006677;2892
+39320006679;4609
+39320006681;4042
+39320006683;4671
+39320006685;3921
+39320006687;5174
+39320006689;1107
+39320006691;4506
+39320006693;1010
+39320006695;247
+39320006697;2093
+39320006699;3340
+39320006701;4883
+39320006703;1492
+39320006705;2636
+39320006707;4801
+39320006709;2075
+39320006711;350
+39320006713;3256
+39320006715;5181
+39320006717;5494
+39320006719;114
+39320006721;64
+39320006723;2172
+39320006725;2892
+39320006727;3962
+39320006729;2235
+39320006731;1429
+39320006733;5516
+39320006735;2400
+39320006737;5903
+39320006739;3228
+39320006741;5765
+39320006743;5072
+39320006745;4229
+39320006747;367
+39320006749;2828
+39320006751;1018
+39320006753;1272
+39320006755;523
+39320006757;1778
+39320006759;2097
+39320006761;1925
+39320006763;3539
+39320006765;5533
+39320006767;3965
+39320006769;1742
+39320006771;5916
+39320006773;1065
+39320006775;2742
+39320006777;3949
+39320006779;1694
+39320006781;74
+39320006783;5300
+39320006785;4909
+39320006787;8
+39320006789;3910
+39320006791;5617
+39320006793;4177
+39320006795;3382
+39320006797;5409
+39320006799;4885
+39320006801;2164
+39320006803;3219
+39320006805;3377
+39320006807;4075
+39320006809;2236
+39320006811;738
+39320006813;1394
+39320006815;1886
+39320006817;3466
+39320006819;2006
+39320006821;413
+39320006823;2852
+39320006825;3169
+39320006827;4692
+39320006829;1182
+39320006831;2669
+39320006833;5960
+39320006835;3110
+39320006837;2622
+39320006839;3887
+39320006841;766
+39320006843;5416
+39320006845;4281
+39320006847;5344
+39320006849;3778
+39320006851;2195
+39320006853;3401
+39320006855;589
+39320006857;3103
+39320006859;4992
+39320006861;4976
+39320006863;3316
+39320006865;1937
+39320006867;4694
+39320006869;3615
+39320006871;5718
+39320006873;1826
+39320006875;313
+39320006877;521
+39320006879;2759
+39320006881;3284
+39320006883;135
+39320006885;3226
+39320006887;1188
+39320006889;967
+39320006891;440
+39320006893;632
+39320006895;462
+39320006897;3787
+39320006899;5835
+39320006901;454
+39320006903;4107
+39320006905;1675
+39320006907;2981
+39320006909;1600
+39320006911;5634
+39320006913;5175
+39320006915;5169
+39320006917;3404
+39320006919;1311
+39320006921;5149
+39320006923;4879
+39320006925;4457
+39320006927;3774
+39320006929;501
+39320006931;2442
+39320006933;4790
+39320006935;302
+39320006937;1492
+39320006939;4957
+39320006941;4926
+39320006943;2667
+39320006945;4498
+39320006947;3917
+39320006949;5380
+39320006951;2025
+39320006953;5696
+39320006955;1737
+39320006957;3203
+39320006959;1597
+39320006961;2144
+39320006963;1282
+39320006965;3559
+39320006967;4388
+39320006969;2946
+39320006971;684
+39320006973;4976
+39320006975;4311
+39320006977;5737
+39320006979;3067
+39320006981;4836
+39320006983;3388
+39320006985;3874
+39320006987;2986
+39320006989;4915
+39320006991;1803
+39320006993;2961
+39320006995;5659
+39320006997;4557
+39320006999;211
+39320007001;3581
+39320007003;5463
+39320007005;1211
+39320007007;5844
+39320007009;1825
+39320007011;2923
+39320007013;4449
+39320007015;4318
+39320007017;850
+39320007019;1588
+39320007021;4903
+39320007023;2460
+39320007025;1283
+39320007027;5441
+39320007029;4086
+39320007031;2269
+39320007033;2629
+39320007035;5607
+39320007037;4259
+39320007039;80
+39320007041;1006
+39320007043;2895
+39320007045;403
+39320007047;402
+39320007049;3933
+39320007051;2543
+39320007053;2872
+39320007055;5551
+39320007057;910
+39320007059;2621
+39320007061;891
+39320007063;5257
+39320007065;5574
+39320007067;3985
+39320007069;2129
+39320007071;3565
+39320007073;1737
+39320007075;5979
+39320007077;3496
+39320007079;3146
+39320007081;2422
+39320007083;2707
+39320007085;1796
+39320007087;3638
+39320007089;4702
+39320007091;1874
+39320007093;3928
+39320007095;1211
+39320007097;5672
+39320007099;1394
+39320007101;5047
+39320007103;2825
+39320007105;1790
+39320007107;1693
+39320007109;5233
+39320007111;2361
+39320007113;411
+39320007115;1348
+39320007117;2373
+39320007119;5188
+39320007121;3876
+39320007123;3413
+39320007125;3917
+39320007127;5255
+39320007129;1342
+39320007131;2209
+39320007133;4812
+39320007135;1935
+39320007137;3356
+39320007139;4686
+39320007141;2597
+39320007143;4968
+39320007145;3596
+39320007147;3970
+39320007149;1899
+39320007151;2988
+39320007153;3614
+39320007155;4318
+39320007157;3689
+39320007159;4144
+39320007161;5595
+39320007163;5362
+39320007165;3708
+39320007167;927
+39320007169;5014
+39320007171;2149
+39320007173;5920
+39320007175;3197
+39320007177;3564
+39320007179;4624
+39320007181;2776
+39320007183;3911
+39320007185;2274
+39320007187;5244
+39320007189;1160
+39320007191;2245
+39320007193;3640
+39320007195;595
+39320007197;5085
+39320007199;4491
+39320007201;4252
+39320007203;3058
+39320007205;5478
+39320007207;1809
+39320007209;1535
+39320007211;331
+39320007213;233
+39320007215;2651
+39320007217;2618
+39320007219;928
+39320007221;3111
+39320007223;2984
+39320007225;2642
+39320007227;550
+39320007229;2271
+39320007231;1514
+39320007233;1029
+39320007235;3844
+39320007237;1103
+39320007239;1919
+39320007241;453
+39320007243;3329
+39320007245;1656
+39320007247;1595
+39320007249;3018
+39320007251;3869
+39320007253;4794
+39320007255;164
+39320007257;1281
+39320007259;5982
+39320007261;4869
+39320007263;0
+39320007265;4588
+39320007267;5154
+39320007269;3855
+39320007271;4522
+39320007273;5747
+39320007275;1559
+39320007277;3480
+39320007279;4816
+39320007281;3732
+39320007283;5252
+39320007285;5937
+39320007287;3582
+39320007289;3374
+39320007291;4092
+39320007293;4084
+39320007295;2669
+39320007297;91
+39320007299;452
+39320007301;2394
+39320007303;2980
+39320007305;3634
+39320007307;4920
+39320007309;4995
+39320007311;5974
+39320007313;222
+39320007315;141
+39320007317;5014
+39320007319;1490
+39320007321;1208
+39320007323;1210
+39320007325;1297
+39320007327;3160
+39320007329;2724
+39320007331;5494
+39320007333;2877
+39320007335;991
+39320007337;3621
+39320007339;4784
+39320007341;5939
+39320007343;3623
+39320007345;5222
+39320007347;741
+39320007349;4835
+39320007351;4530
+39320007353;280
+39320007355;5498
+39320007357;58
+39320007359;5831
+39320007361;1642
+39320007363;18
+39320007365;3210
+39320007367;5133
+39320007369;3583
+39320007371;5072
+39320007373;272
+39320007375;5719
+39320007377;2860
+39320007379;1555
+39320007381;3348
+39320007383;3673
+39320007385;1052
+39320007387;2601
+39320007389;1985
+39320007391;230
+39320007393;1500
+39320007395;4265
+39320007397;1838
+39320007399;4560
+39320007401;914
+39320007403;5939
+39320007405;2540
+39320007407;3875
+39320007409;1977
+39320007411;3490
+39320007413;4639
+39320007415;4335
+39320007417;1767
+39320007419;4581
+39320007421;4111
+39320007423;3482
+39320007425;4226
+39320007427;3468
+39320007429;1629
+39320007431;3486
+39320007433;3389
+39320007435;3269
+39320007437;3042
+39320007439;2866
+39320007441;3677
+39320007443;2679
+39320007445;24
+39320007447;5233
+39320007449;3620
+39320007451;5398
+39320007453;97
+39320007455;1465
+39320007457;4367
+39320007459;4113
+39320007461;211
+39320007463;2622
+39320007465;4330
+39320007467;1730
+39320007469;4127
+39320007471;2947
+39320007473;5155
+39320007475;4312
+39320007477;2360
+39320007479;134
+39320007481;701
+39320007483;3824
+39320007485;2481
+39320007487;957
+39320007489;112
+39320007491;973
+39320007493;5574
+39320007495;704
+39320007497;3004
+39320007499;3577
+39320007501;5307
+39320007503;5772
+39320007505;5435
+39320007507;368
+39320007509;2554
+39320007511;2464
+39320007513;5248
+39320007515;1128
+39320007517;3912
+39320007519;4675
+39320007521;304
+39320007523;3149
+39320007525;2521
+39320007527;2720
+39320007529;2853
+39320007531;5320
+39320007533;333
+39320007535;1845
+39320007537;3225
+39320007539;1782
+39320007541;3991
+39320007543;1349
+39320007545;2664
+39320007547;796
+39320007549;4292
+39320007551;1930
+39320007553;2431
+39320007555;5471
+39320007557;2229
+39320007559;5018
+39320007561;5817
+39320007563;5753
+39320007565;4976
+39320007567;332
+39320007569;2128
+39320007571;4847
+39320007573;5816
+39320007575;2238
+39320007577;5933
+39320007579;4454
+39320007581;3417
+39320007583;1357
+39320007585;855
+39320007587;5631
+39320007589;896
+39320007591;417
+39320007593;4112
+39320007595;1726
+39320007597;113
+39320007599;4104
+39320007601;3260
+39320007603;4368
+39320007605;840
+39320007607;145
+39320007609;5133
+39320007611;3110
+39320007613;5565
+39320007615;785
+39320007617;828
+39320007619;2666
+39320007621;3349
+39320007623;1257
+39320007625;1897
+39320007627;2860
+39320007629;884
+39320007631;3296
+39320007633;3706
+39320007635;1325
+39320007637;4784
+39320007639;4081
+39320007641;5233
+39320007643;2531
+39320007645;2980
+39320007647;490
+39320007649;5304
+39320007651;3697
+39320007653;1896
+39320007655;733
+39320007657;4063
+39320007659;3475
+39320007661;2275
+39320007663;675
+39320007665;2068
+39320007667;3419
+39320007669;2170
+39320007671;858
+39320007673;3523
+39320007675;2826
+39320007677;4097
+39320007679;1175
+39320007681;3392
+39320007683;2341
+39320007685;3023
+39320007687;5405
+39320007689;4696
+39320007691;938
+39320007693;5982
+39320007695;4568
+39320007697;4873
+39320007699;3510
+39320007701;4939
+39320007703;4485
+39320007705;3639
+39320007707;3212
+39320007709;1349
+39320007711;1422
+39320007713;5489
+39320007715;5775
+39320007717;2304
+39320007719;991
+39320007721;2142
+39320007723;2213
+39320007725;1395
+39320007727;1015
+39320007729;1566
+39320007731;2666
+39320007733;3157
+39320007735;1617
+39320007737;3524
+39320007739;723
+39320007741;2095
+39320007743;5635
+39320007745;593
+39320007747;4715
+39320007749;2237
+39320007751;5148
+39320007753;1158
+39320007755;2779
+39320007757;3292
+39320007759;4123
+39320007761;4182
+39320007763;5302
+39320007765;1408
+39320007767;3593
+39320007769;588
+39320007771;1541
+39320007773;267
+39320007775;1510
+39320007777;1735
+39320007779;862
+39320007781;2033
+39320007783;3849
+39320007785;2027
+39320007787;3354
+39320007789;3663
+39320007791;3518
+39320007793;3558
+39320007795;2750
+39320007797;4167
+39320007799;4756
+39320007801;2399
+39320007803;4402
+39320007805;5244
+39320007807;2410
+39320007809;1237
+39320007811;2371
+39320007813;5001
+39320007815;597
+39320007817;4005
+39320007819;4054
+39320007821;5961
+39320007823;3303
+39320007825;2135
+39320007827;4944
+39320007829;37
+39320007831;2706
+39320007833;5317
+39320007835;3597
+39320007837;1714
+39320007839;260
+39320007841;3250
+39320007843;5842
+39320007845;1690
+39320007847;3962
+39320007849;121
+39320007851;2477
+39320007853;1698
+39320007855;4374
+39320007857;1635
+39320007859;2612
+39320007861;5445
+39320007863;5964
+39320007865;128
+39320007867;3299
+39320007869;92
+39320007871;3468
+39320007873;477
+39320007875;4890
+39320007877;4329
+39320007879;5034
+39320007881;2993
+39320007883;589
+39320007885;2261
+39320007887;5473
+39320007889;4615
+39320007891;772
+39320007893;2015
+39320007895;709
+39320007897;4749
+39320007899;176
+39320007901;3492
+39320007903;3442
+39320007905;1930
+39320007907;2893
+39320007909;3253
+39320007911;1156
+39320007913;5349
+39320007915;1175
+39320007917;4050
+39320007919;4957
+39320007921;2759
+39320007923;4507
+39320007925;1199
+39320007927;3491
+39320007929;813
+39320007931;2004
+39320007933;3406
+39320007935;494
+39320007937;271
+39320007939;3932
+39320007941;4767
+39320007943;5337
+39320007945;1113
+39320007947;4288
+39320007949;4623
+39320007951;3912
+39320007953;1506
+39320007955;3462
+39320007957;3427
+39320007959;406
+39320007961;1756
+39320007963;761
+39320007965;4564
+39320007967;5518
+39320007969;931
+39320007971;3625
+39320007973;3858
+39320007975;441
+39320007977;3714
+39320007979;2298
+39320007981;4739
+39320007983;5071
+39320007985;1270
+39320007987;426
+39320007989;5447
+39320007991;3258
+39320007993;3951
+39320007995;1452
+39320007997;2330
+39320007999;4207
+39320008001;5351
+39320008003;4287
+39320008005;4338
+39320008007;517
+39320008009;3783
+39320008011;960
+39320008013;1426
+39320008015;1697
+39320008017;4709
+39320008019;5562
+39320008021;2686
+39320008023;918
+39320008025;5494
+39320008027;2038
+39320008029;2422
+39320008031;3013
+39320008033;5250
+39320008035;4399
+39320008037;2550
+39320008039;2197
+39320008041;426
+39320008043;5154
+39320008045;4702
+39320008047;2208
+39320008049;1775
+39320008051;4904
+39320008053;1983
+39320008055;2870
+39320008057;5230
+39320008059;5311
+39320008061;2754
+39320008063;4420
+39320008065;316
+39320008067;4094
+39320008069;256
+39320008071;444
+39320008073;946
+39320008075;1186
+39320008077;637
+39320008079;2970
+39320008081;5788
+39320008083;2316
+39320008085;1937
+39320008087;3070
+39320008089;4756
+39320008091;150
+39320008093;683
+39320008095;253
+39320008097;5063
+39320008099;1710
+39320008101;58
+39320008103;3561
+39320008105;1426
+39320008107;3139
+39320008109;4645
+39320008111;3176
+39320008113;1068
+39320008115;3265
+39320008117;1857
+39320008119;3105
+39320008121;429
+39320008123;1279
+39320008125;63
+39320008127;702
+39320008129;991
+39320008131;4768
+39320008133;3810
+39320008135;2048
+39320008137;902
+39320008139;5216
+39320008141;236
+39320008143;4898
+39320008145;95
+39320008147;2725
+39320008149;3612
+39320008151;1906
+39320008153;1288
+39320008155;1850
+39320008157;3023
+39320008159;3540
+39320008161;1491
+39320008163;1964
+39320008165;230
+39320008167;1521
+39320008169;4319
+39320008171;3083
+39320008173;801
+39320008175;3393
+39320008177;3468
+39320008179;2415
+39320008181;1583
+39320008183;3651
+39320008185;2355
+39320008187;2465
+39320008189;3008
+39320008191;4082
+39320008193;1238
+39320008195;4063
+39320008197;5112
+39320008199;4040
+39320008201;5551
+39320008203;1337
+39320008205;999
+39320008207;3805
+39320008209;4281
+39320008211;4293
+39320008213;5850
+39320008215;5969
+39320008217;2042
+39320008219;867
+39320008221;928
+39320008223;2114
+39320008225;2155
+39320008227;2398
+39320008229;4102
+39320008231;2984
+39320008233;3411
+39320008235;609
+39320008237;1670
+39320008239;3849
+39320008241;5848
+39320008243;4697
+39320008245;4
+39320008247;3295
+39320008249;2541
+39320008251;2600
+39320008253;4446
+39320008255;40
+39320008257;60
+39320008259;5320
+39320008261;743
+39320008263;3303
+39320008265;731
+39320008267;3169
+39320008269;5326
+39320008271;928
+39320008273;1029
+39320008275;4360
+39320008277;741
+39320008279;4279
+39320008281;5324
+39320008283;1329
+39320008285;2002
+39320008287;3851
+39320008289;2929
+39320008291;3456
+39320008293;251
+39320008295;522
+39320008297;5324
+39320008299;2598
+39320008301;1063
+39320008303;5921
+39320008305;3585
+39320008307;1216
+39320008309;615
+39320008311;2295
+39320008313;5640
+39320008315;5413
+39320008317;571
+39320008319;2076
+39320008321;3875
+39320008323;2389
+39320008325;3575
+39320008327;4326
+39320008329;1874
+39320008331;511
+39320008333;2407
+39320008335;600
+39320008337;3462
+39320008339;2143
+39320008341;1837
+39320008343;4895
+39320008345;801
+39320008347;2768
+39320008349;1950
+39320008351;5647
+39320008353;2609
+39320008355;4057
+39320008357;2106
+39320008359;1913
+39320008361;3548
+39320008363;2214
+39320008365;2576
+39320008367;276
+39320008369;5288
+39320008371;847
+39320008373;1746
+39320008375;5351
+39320008377;1833
+39320008379;2380
+39320008381;1983
+39320008383;5600
+39320008385;4066
+39320008387;5602
+39320008389;3961
+39320008391;4723
+39320008393;2631
+39320008395;3078
+39320008397;4566
+39320008399;4316
+39320008401;112
+39320008403;5697
+39320008405;5193
+39320008407;2279
+39320008409;4001
+39320008411;4082
+39320008413;2191
+39320008415;3040
+39320008417;5349
+39320008419;3840
+39320008421;4939
+39320008423;768
+39320008425;4112
+39320008427;1279
+39320008429;2972
+39320008431;626
+39320008433;5753
+39320008435;2619
+39320008437;33
+39320008439;1755
+39320008441;676
+39320008443;946
+39320008445;5090
+39320008447;4688
+39320008449;2200
+39320008451;5080
+39320008453;4625
+39320008455;5933
+39320008457;2902
+39320008459;2868
+39320008461;4673
+39320008463;552
+39320008465;3661
+39320008467;3199
+39320008469;406
+39320008471;1683
+39320008473;4967
+39320008475;1408
+39320008477;3489
+39320008479;777
+39320008481;2837
+39320008483;288
+39320008485;5906
+39320008487;5212
+39320008489;3123
+39320008491;3997
+39320008493;5008
+39320008495;4364
+39320008497;5375
+39320008499;4114
+39320008501;729
+39320008503;1229
+39320008505;964
+39320008507;4772
+39320008509;1143
+39320008511;1216
+39320008513;1312
+39320008515;666
+39320008517;3196
+39320008519;1122
+39320008521;5653
+39320008523;1754
+39320008525;2818
+39320008527;3513
+39320008529;1432
+39320008531;5728
+39320008533;2139
+39320008535;2287
+39320008537;4069
+39320008539;4051
+39320008541;1651
+39320008543;4029
+39320008545;4014
+39320008547;1473
+39320008549;829
+39320008551;2535
+39320008553;97
+39320008555;1516
+39320008557;4865
+39320008559;3941
+39320008561;3027
+39320008563;3730
+39320008565;5807
+39320008567;1175
+39320008569;5427
+39320008571;4641
+39320008573;2703
+39320008575;5251
+39320008577;17
+39320008579;4707
+39320008581;5645
+39320008583;5602
+39320008585;4049
+39320008587;5784
+39320008589;3238
+39320008591;1492
+39320008593;3771
+39320008595;3717
+39320008597;4264
+39320008599;815
+39320008601;5578
+39320008603;585
+39320008605;1217
+39320008607;2626
+39320008609;5404
+39320008611;603
+39320008613;1699
+39320008615;240
+39320008617;1537
+39320008619;5541
+39320008621;2131
+39320008623;4724
+39320008625;4303
+39320008627;2362
+39320008629;848
+39320008631;1142
+39320008633;1033
+39320008635;1393
+39320008637;4568
+39320008639;2042
+39320008641;2635
+39320008643;3887
+39320008645;5894
+39320008647;1697
+39320008649;858
+39320008651;97
+39320008653;2893
+39320008655;3601
+39320008657;1680
+39320008659;1388
+39320008661;914
+39320008663;4537
+39320008665;3078
+39320008667;4225
+39320008669;4882
+39320008671;553
+39320008673;5116
+39320008675;3679
+39320008677;2470
+39320008679;4903
+39320008681;2018
+39320008683;1616
+39320008685;2279
+39320008687;3585
+39320008689;1894
+39320008691;784
+39320008693;1711
+39320008695;5498
+39320008697;2183
+39320008699;2508
+39320008701;2565
+39320008703;3601
+39320008705;124
+39320008707;1905
+39320008709;2637
+39320008711;4159
+39320008713;1674
+39320008715;4520
+39320008717;5465
+39320008719;4187
+39320008721;4549
+39320008723;4625
+39320008725;1903
+39320008727;2637
+39320008729;1116
+39320008731;4382
+39320008733;3942
+39320008735;4532
+39320008737;2790
+39320008739;2900
+39320008741;574
+39320008743;3491
+39320008745;821
+39320008747;1923
+39320008749;272
+39320008751;132
+39320008753;3408
+39320008755;4042
+39320008757;5427
+39320008759;1746
+39320008761;1908
+39320008763;4694
+39320008765;565
+39320008767;5709
+39320008769;854
+39320008771;4835
+39320008773;1804
+39320008775;2006
+39320008777;5950
+39320008779;1559
+39320008781;467
+39320008783;4037
+39320008785;3821
+39320008787;1760
+39320008789;5169
+39320008791;225
+39320008793;4411
+39320008795;416
+39320008797;2349
+39320008799;3039
+39320008801;369
+39320008803;790
+39320008805;2214
+39320008807;5675
+39320008809;2445
+39320008811;2211
+39320008813;1997
+39320008815;2631
+39320008817;3478
+39320008819;1101
+39320008821;4963
+39320008823;5869
+39320008825;3150
+39320008827;3613
+39320008829;980
+39320008831;3688
+39320008833;5965
+39320008835;2831
+39320008837;5418
+39320008839;185
+39320008841;2570
+39320008843;5748
+39320008845;4400
+39320008847;4951
+39320008849;3394
+39320008851;2154
+39320008853;3567
+39320008855;5767
+39320008857;5710
+39320008859;650
+39320008861;3663
+39320008863;1519
+39320008865;2577
+39320008867;5208
+39320008869;695
+39320008871;3030
+39320008873;5455
+39320008875;3967
+39320008877;2298
+39320008879;1427
+39320008881;5974
+39320008883;4083
+39320008885;4926
+39320008887;5566
+39320008889;196
+39320008891;2109
+39320008893;642
+39320008895;272
+39320008897;5153
+39320008899;3175
+39320008901;156
+39320008903;2087
+39320008905;2226
+39320008907;2943
+39320008909;2108
+39320008911;401
+39320008913;2406
+39320008915;2399
+39320008917;2087
+39320008919;2063
+39320008921;3154
+39320008923;1728
+39320008925;4386
+39320008927;2875
+39320008929;3328
+39320008931;4518
+39320008933;1163
+39320008935;3246
+39320008937;2590
+39320008939;495
+39320008941;1576
+39320008943;5707
+39320008945;2714
+39320008947;730
+39320008949;918
+39320008951;874
+39320008953;3146
+39320008955;5580
+39320008957;490
+39320008959;962
+39320008961;2702
+39320008963;2525
+39320008965;2770
+39320008967;3597
+39320008969;578
+39320008971;2103
+39320008973;3545
+39320008975;3940
+39320008977;3966
+39320008979;5912
+39320008981;1545
+39320008983;831
+39320008985;5658
+39320008987;1873
+39320008989;1280
+39320008991;996
+39320008993;3293
+39320008995;1328
+39320008997;3078
+39320008999;4177
+39320009001;2396
+39320009003;4863
+39320009005;2993
+39320009007;5272
+39320009009;1474
+39320009011;2525
+39320009013;5441
+39320009015;1517
+39320009017;551
+39320009019;1983
+39320009021;5183
+39320009023;5593
+39320009025;4039
+39320009027;4879
+39320009029;1287
+39320009031;3748
+39320009033;2659
+39320009035;756
+39320009037;2180
+39320009039;2452
+39320009041;4712
+39320009043;163
+39320009045;4705
+39320009047;3149
+39320009049;4459
+39320009051;3319
+39320009053;4751
+39320009055;2369
+39320009057;4121
+39320009059;149
+39320009061;3904
+39320009063;3919
+39320009065;5231
+39320009067;3910
+39320009069;2086
+39320009071;3850
+39320009073;3709
+39320009075;2634
+39320009077;1212
+39320009079;4611
+39320009081;4407
+39320009083;3468
+39320009085;4409
+39320009087;2511
+39320009089;3749
+39320009091;5686
+39320009093;469
+39320009095;668
+39320009097;4926
+39320009099;2988
+39320009101;2073
+39320009103;4725
+39320009105;5007
+39320009107;3672
+39320009109;4746
+39320009111;126
+39320009113;2908
+39320009115;3665
+39320009117;956
+39320009119;3070
+39320009121;3572
+39320009123;1741
+39320009125;4843
+39320009127;3405
+39320009129;5419
+39320009131;2273
+39320009133;3911
+39320009135;909
+39320009137;2911
+39320009139;3834
+39320009141;453
+39320009143;2991
+39320009145;149
+39320009147;2948
+39320009149;2310
+39320009151;2311
+39320009153;5086
+39320009155;4409
+39320009157;2652
+39320009159;3190
+39320009161;1773
+39320009163;2188
+39320009165;4502
+39320009167;2757
+39320009169;5812
+39320009171;3878
+39320009173;5514
+39320009175;1982
+39320009177;5651
+39320009179;1505
+39320009181;2735
+39320009183;4630
+39320009185;1767
+39320009187;5618
+39320009189;3853
+39320009191;3851
+39320009193;5120
+39320009195;1170
+39320009197;4684
+39320009199;4157
+39320009201;4079
+39320009203;5876
+39320009205;2233
+39320009207;1290
+39320009209;5284
+39320009211;3302
+39320009213;3356
+39320009215;4998
+39320009217;5211
+39320009219;3806
+39320009221;2508
+39320009223;1412
+39320009225;4915
+39320009227;2338
+39320009229;2952
+39320009231;3948
+39320009233;3261
+39320009235;3541
+39320009237;3917
+39320009239;3825
+39320009241;2097
+39320009243;4022
+39320009245;2358
+39320009247;529
+39320009249;3191
+39320009251;5573
+39320009253;2733
+39320009255;5624
+39320009257;1422
+39320009259;1441
+39320009261;811
+39320009263;605
+39320009265;5022
+39320009267;507
+39320009269;4174
+39320009271;438
+39320009273;377
+39320009275;518
+39320009277;2522
+39320009279;4747
+39320009281;1708
+39320009283;3934
+39320009285;1456
+39320009287;3540
+39320009289;5866
+39320009291;2283
+39320009293;800
+39320009295;739
+39320009297;5511
+39320009299;2887
+39320009301;5023
+39320009303;5282
+39320009305;4688
+39320009307;3444
+39320009309;322
+39320009311;876
+39320009313;4532
+39320009315;4911
+39320009317;2155
+39320009319;2926
+39320009321;785
+39320009323;5353
+39320009325;1544
+39320009327;4611
+39320009329;487
+39320009331;4937
+39320009333;3540
+39320009335;5294
+39320009337;1263
+39320009339;2376
+39320009341;4568
+39320009343;5906
+39320009345;5537
+39320009347;2351
+39320009349;4340
+39320009351;3153
+39320009353;5894
+39320009355;2510
+39320009357;5160
+39320009359;439
+39320009361;79
+39320009363;5988
+39320009365;3674
+39320009367;1119
+39320009369;649
+39320009371;4714
+39320009373;611
+39320009375;2930
+39320009377;2703
+39320009379;1293
+39320009381;5057
+39320009383;2276
+39320009385;5362
+39320009387;5534
+39320009389;4186
+39320009391;3816
+39320009393;4574
+39320009395;5795
+39320009397;1970
+39320009399;5455
+39320009401;2198
+39320009403;649
+39320009405;4313
+39320009407;3624
+39320009409;3994
+39320009411;4078
+39320009413;3142
+39320009415;683
+39320009417;147
+39320009419;5775
+39320009421;1354
+39320009423;5082
+39320009425;3120
+39320009427;2307
+39320009429;2594
+39320009431;608
+39320009433;411
+39320009435;2340
+39320009437;634
+39320009439;65
+39320009441;837
+39320009443;1103
+39320009445;2292
+39320009447;5639
+39320009449;460
+39320009451;1474
+39320009453;3586
+39320009455;816
+39320009457;3241
+39320009459;2929
+39320009461;646
+39320009463;3031
+39320009465;516
+39320009467;248
+39320009469;5892
+39320009471;2475
+39320009473;3628
+39320009475;750
+39320009477;3908
+39320009479;379
+39320009481;5864
+39320009483;5440
+39320009485;2254
+39320009487;755
+39320009489;3694
+39320009491;227
+39320009493;1910
+39320009495;849
+39320009497;5736
+39320009499;3647
+39320009501;1745
+39320009503;4878
+39320009505;5190
+39320009507;683
+39320009509;46
+39320009511;2370
+39320009513;3389
+39320009515;4518
+39320009517;1294
+39320009519;1304
+39320009521;5548
+39320009523;127
+39320009525;3407
+39320009527;4294
+39320009529;2211
+39320009531;4862
+39320009533;3300
+39320009535;5327
+39320009537;696
+39320009539;2218
+39320009541;4444
+39320009543;2267
+39320009545;683
+39320009547;4563
+39320009549;253
+39320009551;266
+39320009553;2776
+39320009555;2587
+39320009557;573
+39320009559;4687
+39320009561;5007
+39320009563;5137
+39320009565;1237
+39320009567;4918
+39320009569;5757
+39320009571;4050
+39320009573;4972
+39320009575;407
+39320009577;2102
+39320009579;2722
+39320009581;2595
+39320009583;67
+39320009585;1385
+39320009587;3282
+39320009589;466
+39320009591;2158
+39320009593;5670
+39320009595;898
+39320009597;4030
+39320009599;2112
+39320009601;4245
+39320009603;4087
+39320009605;948
+39320009607;4571
+39320009609;795
+39320009611;3023
+39320009613;172
+39320009615;4649
+39320009617;2705
+39320009619;4014
+39320009621;1395
+39320009623;4492
+39320009625;2671
+39320009627;2151
+39320009629;2373
+39320009631;2449
+39320009633;2285
+39320009635;5112
+39320009637;2134
+39320009639;3312
+39320009641;5154
+39320009643;4413
+39320009645;2838
+39320009647;530
+39320009649;1014
+39320009651;5481
+39320009653;3400
+39320009655;1448
+39320009657;2064
+39320009659;3639
+39320009661;1171
+39320009663;3366
+39320009665;5450
+39320009667;2415
+39320009669;45
+39320009671;3130
+39320009673;643
+39320009675;86
+39320009677;4381
+39320009679;2168
+39320009681;2948
+39320009683;1262
+39320009685;1848
+39320009687;5329
+39320009689;3206
+39320009691;858
+39320009693;2563
+39320009695;3760
+39320009697;2641
+39320009699;4049
+39320009701;658
+39320009703;3745
+39320009705;908
+39320009707;4398
+39320009709;44
+39320009711;3876
+39320009713;1466
+39320009715;3012
+39320009717;3578
+39320009719;5121
+39320009721;3958
+39320009723;374
+39320009725;3998
+39320009727;756
+39320009729;1305
+39320009731;1448
+39320009733;1905
+39320009735;961
+39320009737;87
+39320009739;4848
+39320009741;907
+39320009743;3706
+39320009745;2978
+39320009747;4380
+39320009749;3463
+39320009751;3799
+39320009753;2296
+39320009755;445
+39320009757;5553
+39320009759;1397
+39320009761;368
+39320009763;4784
+39320009765;2347
+39320009767;5144
+39320009769;3203
+39320009771;4369
+39320009773;4419
+39320009775;1444
+39320009777;1353
+39320009779;3317
+39320009781;498
+39320009783;3399
+39320009785;119
+39320009787;4421
+39320009789;2930
+39320009791;5391
+39320009793;572
+39320009795;5316
+39320009797;387
+39320009799;3262
+39320009801;3749
+39320009803;3044
+39320009805;5071
+39320009807;5101
+39320009809;1009
+39320009811;3103
+39320009813;3568
+39320009815;1242
+39320009817;3324
+39320009819;2844
+39320009821;3248
+39320009823;1579
+39320009825;445
+39320009827;2947
+39320009829;3077
+39320009831;1540
+39320009833;496
+39320009835;1456
+39320009837;2260
+39320009839;4502
+39320009841;160
+39320009843;2197
+39320009845;3597
+39320009847;3793
+39320009849;5320
+39320009851;4079
+39320009853;4389
+39320009855;5210
+39320009857;960
+39320009859;416
+39320009861;3580
+39320009863;4422
+39320009865;2352
+39320009867;1973
+39320009869;4616
+39320009871;223
+39320009873;2266
+39320009875;1844
+39320009877;2565
+39320009879;5853
+39320009881;5807
+39320009883;5704
+39320009885;5150
+39320009887;312
+39320009889;4630
+39320009891;5597
+39320009893;3055
+39320009895;43
+39320009897;3829
+39320009899;417
+39320009901;2579
+39320009903;1987
+39320009905;3849
+39320009907;4002
+39320009909;4726
+39320009911;3731
+39320009913;3017
+39320009915;1540
+39320009917;391
+39320009919;5165
+39320009921;968
+39320009923;4468
+39320009925;2685
+39320009927;2690
+39320009929;1718
+39320009931;4161
+39320009933;4439
+39320009935;3970
+39320009937;3135
+39320009939;1348
+39320009941;21
+39320009943;2821
+39320009945;1505
+39320009947;5680
+39320009949;4392
+39320009951;2618
+39320009953;459
+39320009955;2699
+39320009957;3834
+39320009959;3585
+39320009961;3882
+39320009963;2830
+39320009965;2960
+39320009967;5098
+39320009969;986
+39320009971;5202
+39320009973;4201
+39320009975;758
+39320009977;834
+39320009979;5842
+39320009981;26
+39320009983;5176
+39320009985;2251
+39320009987;3061
+39320009989;3504
+39320009991;1743
+39320009993;1261
+39320009995;5735
+39320009997;3134
+39320009999;4783
+39320010001;1852
+39320010003;5011
+39320010005;4647
+39320010007;5524
+39320010009;1668
+39320010011;3075
+39320010013;3006
+39320010015;3370
+39320010017;3595
+39320010019;2471
+39320010021;1008
+39320010023;1680
+39320010025;2433
+39320010027;1121
+39320010029;4384
+39320010031;569
+39320010033;3524
+39320010035;2352
+39320010037;3528
+39320010039;3502
+39320010041;5679
+39320010043;5388
+39320010045;2581
+39320010047;4883
+39320010049;2293
+39320010051;3446
+39320010053;961
+39320010055;4448
+39320010057;891
+39320010059;3125
+39320010061;5350
+39320010063;883
+39320010065;5057
+39320010067;3923
+39320010069;1869
+39320010071;5519
+39320010073;1054
+39320010075;2303
+39320010077;1721
+39320010079;1818
+39320010081;4302
+39320010083;1960
+39320010085;4669
+39320010087;1189
+39320010089;5001
+39320010091;5398
+39320010093;132
+39320010095;198
+39320010097;2008
+39320010099;4475
+39320010101;3109
+39320010103;2483
+39320010105;4093
+39320010107;3184
+39320010109;1312
+39320010111;3904
+39320010113;4964
+39320010115;3494
+39320010117;4124
+39320010119;1680
+39320010121;3977
+39320010123;474
+39320010125;4307
+39320010127;1206
+39320010129;353
+39320010131;242
+39320010133;4757
+39320010135;2413
+39320010137;412
+39320010139;3823
+39320010141;4289
+39320010143;3245
+39320010145;26
+39320010147;5408
+39320010149;5375
+39320010151;3391
+39320010153;3307
+39320010155;5616
+39320010157;5315
+39320010159;3470
+39320010161;4702
+39320010163;112
+39320010165;3268
+39320010167;4130
+39320010169;4289
+39320010171;1307
+39320010173;384
+39320010175;1338
+39320010177;4458
+39320010179;3091
+39320010181;190
+39320010183;615
+39320010185;4888
+39320010187;5171
+39320010189;5454
+39320010191;3738
+39320010193;3627
+39320010195;1010
+39320010197;510
+39320010199;2165
+39320010201;35
+39320010203;2832
+39320010205;2117
+39320010207;4347
+39320010209;4513
+39320010211;2225
+39320010213;4374
+39320010215;2088
+39320010217;2607
+39320010219;5669
+39320010221;5197
+39320010223;490
+39320010225;1773
+39320010227;4131
+39320010229;3459
+39320010231;5956
+39320010233;459
+39320010235;5242
+39320010237;4734
+39320010239;5601
+39320010241;5245
+39320010243;4085
+39320010245;70
+39320010247;1733
+39320010249;1417
+39320010251;5262
+39320010253;5783
+39320010255;1975
+39320010257;1038
+39320010259;4308
+39320010261;189
+39320010263;657
+39320010265;2621
+39320010267;5215
+39320010269;5175
+39320010271;1640
+39320010273;2324
+39320010275;978
+39320010277;5477
+39320010279;1126
+39320010281;4867
+39320010283;5919
+39320010285;1608
+39320010287;4069
+39320010289;1302
+39320010291;5917
+39320010293;2882
+39320010295;5051
+39320010297;3561
+39320010299;4324
+39320010301;114
+39320010303;3608
+39320010305;5857
+39320010307;2073
+39320010309;941
+39320010311;3678
+39320010313;3163
+39320010315;4914
+39320010317;3979
+39320010319;2593
+39320010321;2809
+39320010323;2589
+39320010325;5439
+39320010327;1226
+39320010329;4605
+39320010331;3292
+39320010333;4998
+39320010335;4973
+39320010337;3794
+39320010339;5886
+39320010341;5045
+39320010343;3550
+39320010345;810
+39320010347;2128
+39320010349;4233
+39320010351;5875
+39320010353;1911
+39320010355;5496
+39320010357;1791
+39320010359;5047
+39320010361;1662
+39320010363;5459
+39320010365;4298
+39320010367;1270
+39320010369;2071
+39320010371;4104
+39320010373;1529
+39320010375;3528
+39320010377;494
+39320010379;3288
+39320010381;2201
+39320010383;424
+39320010385;2557
+39320010387;5339
+39320010389;5783
+39320010391;4748
+39320010393;1193
+39320010395;5135
+39320010397;5304
+39320010399;428
+39320010401;1217
+39320010403;3379
+39320010405;3197
+39320010407;297
+39320010409;3554
+39320010411;4955
+39320010413;4641
+39320010415;684
+39320010417;4893
+39320010419;3213
+39320010421;5455
+39320010423;2646
+39320010425;2547
+39320010427;2036
+39320010429;787
+39320010431;4251
+39320010433;3277
+39320010435;4021
+39320010437;5331
+39320010439;34
+39320010441;2578
+39320010443;5849
+39320010445;5449
+39320010447;4674
+39320010449;3749
+39320010451;1617
+39320010453;1624
+39320010455;3372
+39320010457;3059
+39320010459;3275
+39320010461;868
+39320010463;3665
+39320010465;4359
+39320010467;3309
+39320010469;538
+39320010471;4052
+39320010473;5480
+39320010475;7
+39320010477;2929
+39320010479;183
+39320010481;1442
+39320010483;3755
+39320010485;2107
+39320010487;4712
+39320010489;5500
+39320010491;1148
+39320010493;5518
+39320010495;2917
+39320010497;2620
+39320010499;2330
+39320010501;4016
+39320010503;2157
+39320010505;3368
+39320010507;4164
+39320010509;4694
+39320010511;1574
+39320010513;4500
+39320010515;4083
+39320010517;4911
+39320010519;4595
+39320010521;2592
+39320010523;1534
+39320010525;5928
+39320010527;2820
+39320010529;1340
+39320010531;4336
+39320010533;1349
+39320010535;407
+39320010537;810
+39320010539;2242
+39320010541;167
+39320010543;2016
+39320010545;1096
+39320010547;4055
+39320010549;2287
+39320010551;2353
+39320010553;5878
+39320010555;4859
+39320010557;2826
+39320010559;4303
+39320010561;4086
+39320010563;5992
+39320010565;5794
+39320010567;3870
+39320010569;1060
+39320010571;5213
+39320010573;5893
+39320010575;5081
+39320010577;4177
+39320010579;2423
+39320010581;83
+39320010583;5143
+39320010585;5399
+39320010587;178
+39320010589;4688
+39320010591;2388
+39320010593;1423
+39320010595;1352
+39320010597;2028
+39320010599;5210
+39320010601;992
+39320010603;1037
+39320010605;4144
+39320010607;4951
+39320010609;412
+39320010611;1474
+39320010613;4850
+39320010615;2804
+39320010617;3846
+39320010619;4652
+39320010621;4331
+39320010623;1872
+39320010625;2873
+39320010627;2869
+39320010629;5330
+39320010631;1826
+39320010633;2172
+39320010635;5871
+39320010637;5667
+39320010639;164
+39320010641;5343
+39320010643;1960
+39320010645;4999
+39320010647;1955
+39320010649;3684
+39320010651;5372
+39320010653;2671
+39320010655;3871
+39320010657;5660
+39320010659;1011
+39320010661;1339
+39320010663;825
+39320010665;1494
+39320010667;5221
+39320010669;5406
+39320010671;2616
+39320010673;4061
+39320010675;4138
+39320010677;3804
+39320010679;3733
+39320010681;477
+39320010683;231
+39320010685;5093
+39320010687;5286
+39320010689;5230
+39320010691;1066
+39320010693;1780
+39320010695;3315
+39320010697;2091
+39320010699;1656
+39320010701;2741
+39320010703;27
+39320010705;4063
+39320010707;430
+39320010709;4022
+39320010711;4205
+39320010713;5249
+39320010715;4950
+39320010717;4085
+39320010719;2693
+39320010721;5339
+39320010723;4824
+39320010725;1598
+39320010727;891
+39320010729;2462
+39320010731;2193
+39320010733;5561
+39320010735;4467
+39320010737;4152
+39320010739;3705
+39320010741;4658
+39320010743;1356
+39320010745;1202
+39320010747;146
+39320010749;2882
+39320010751;4942
+39320010753;2569
+39320010755;2327
+39320010757;4451
+39320010759;4047
+39320010761;2958
+39320010763;1834
+39320010765;1677
+39320010767;5305
+39320010769;1865
+39320010771;5448
+39320010773;2447
+39320010775;2699
+39320010777;520
+39320010779;3465
+39320010781;3807
+39320010783;5164
+39320010785;922
+39320010787;167
+39320010789;1405
+39320010791;3474
+39320010793;5003
+39320010795;2922
+39320010797;4274
+39320010799;3801
+39320010801;40
+39320010803;5214
+39320010805;2667
+39320010807;5339
+39320010809;5322
+39320010811;1583
+39320010813;5735
+39320010815;1767
+39320010817;3138
+39320010819;1705
+39320010821;4557
+39320010823;4714
+39320010825;5600
+39320010827;4079
+39320010829;3152
+39320010831;1466
+39320010833;4223
+39320010835;3897
+39320010837;727
+39320010839;2850
+39320010841;2131
+39320010843;1690
+39320010845;1097
+39320010847;215
+39320010849;3654
+39320010851;794
+39320010853;5333
+39320010855;5358
+39320010857;942
+39320010859;4624
+39320010861;2213
+39320010863;5558
+39320010865;5338
+39320010867;5185
+39320010869;1658
+39320010871;51
+39320010873;5870
+39320010875;4039
+39320010877;5446
+39320010879;2906
+39320010881;1872
+39320010883;3391
+39320010885;45
+39320010887;481
+39320010889;899
+39320010891;1278
+39320010893;5294
+39320010895;250
+39320010897;734
+39320010899;3559
+39320010901;155
+39320010903;4743
+39320010905;2275
+39320010907;3057
+39320010909;632
+39320010911;3296
+39320010913;5622
+39320010915;78
+39320010917;5897
+39320010919;5868
+39320010921;2229
+39320010923;664
+39320010925;1518
+39320010927;3047
+39320010929;3100
+39320010931;3780
+39320010933;5262
+39320010935;3234
+39320010937;3751
+39320010939;5940
+39320010941;5266
+39320010943;2464
+39320010945;480
+39320010947;3548
+39320010949;5032
+39320010951;5951
+39320010953;1996
+39320010955;2432
+39320010957;3491
+39320010959;1522
+39320010961;5758
+39320010963;191
+39320010965;800
+39320010967;2739
+39320010969;3791
+39320010971;103
+39320010973;2427
+39320010975;4885
+39320010977;4020
+39320010979;575
+39320010981;3423
+39320010983;1658
+39320010985;4714
+39320010987;3095
+39320010989;460
+39320010991;413
+39320010993;997
+39320010995;447
+39320010997;3765
+39320010999;4720
+39320011001;970
+39320011003;5381
+39320011005;5241
+39320011007;3844
+39320011009;3528
+39320011011;851
+39320011013;2335
+39320011015;264
+39320011017;5094
+39320011019;398
+39320011021;2221
+39320011023;567
+39320011025;1225
+39320011027;4188
+39320011029;4203
+39320011031;4014
+39320011033;2547
+39320011035;3705
+39320011037;4416
+39320011039;4134
+39320011041;1775
+39320011043;5093
+39320011045;4350
+39320011047;4406
+39320011049;1449
+39320011051;2077
+39320011053;1535
+39320011055;1919
+39320011057;292
+39320011059;3606
+39320011061;2657
+39320011063;2727
+39320011065;2907
+39320011067;1592
+39320011069;1770
+39320011071;1240
+39320011073;719
+39320011075;2683
+39320011077;5995
+39320011079;541
+39320011081;4388
+39320011083;4380
+39320011085;2406
+39320011087;3323
+39320011089;4989
+39320011091;975
+39320011093;3681
+39320011095;2671
+39320011097;2281
+39320011099;1373
+39320011101;1774
+39320011103;3061
+39320011105;3344
+39320011107;3843
+39320011109;702
+39320011111;967
+39320011113;5007
+39320011115;870
+39320011117;610
+39320011119;3122
+39320011121;191
+39320011123;3605
+39320011125;2489
+39320011127;2500
+39320011129;2144
+39320011131;2843
+39320011133;4475
+39320011135;804
+39320011137;1824
+39320011139;1275
+39320011141;4625
+39320011143;5761
+39320011145;595
+39320011147;5617
+39320011149;4381
+39320011151;172
+39320011153;3489
+39320011155;409
+39320011157;4281
+39320011159;2387
+39320011161;661
+39320011163;5232
+39320011165;5918
+39320011167;842
+39320011169;3822
+39320011171;4991
+39320011173;16
+39320011175;3840
+39320011177;244
+39320011179;4250
+39320011181;2823
+39320011183;2294
+39320011185;95
+39320011187;5304
+39320011189;5830
+39320011191;5752
+39320011193;3966
+39320011195;55
+39320011197;481
+39320011199;2994
+39320011201;4259
+39320011203;756
+39320011205;4829
+39320011207;3565
+39320011209;1247
+39320011211;5003
+39320011213;3835
+39320011215;5286
+39320011217;4997
+39320011219;2836
+39320011221;1735
+39320011223;2972
+39320011225;4690
+39320011227;82
+39320011229;3305
+39320011231;2149
+39320011233;1096
+39320011235;3629
+39320011237;3983
+39320011239;3878
+39320011241;2681
+39320011243;5562
+39320011245;4146
+39320011247;5054
+39320011249;2952
+39320011251;2162
+39320011253;2279
+39320011255;1489
+39320011257;4281
+39320011259;960
+39320011261;5308
+39320011263;3909
+39320011265;2264
+39320011267;5506
+39320011269;840
+39320011271;4470
+39320011273;2969
+39320011275;2035
+39320011277;1677
+39320011279;114
+39320011281;1767
+39320011283;1984
+39320011285;2618
+39320011287;2619
+39320011289;5876
+39320011291;2283
+39320011293;5723
+39320011295;1675
+39320011297;3953
+39320011299;3542
+39320011301;3581
+39320011303;53
+39320011305;1824
+39320011307;100
+39320011309;2121
+39320011311;2668
+39320011313;5901
+39320011315;2497
+39320011317;1398
+39320011319;2397
+39320011321;5560
+39320011323;4254
+39320011325;2992
+39320011327;4272
+39320011329;1472
+39320011331;6000
+39320011333;190
+39320011335;1288
+39320011337;2958
+39320011339;3793
+39320011341;3117
+39320011343;495
+39320011345;4411
+39320011347;5541
+39320011349;1176
+39320011351;5789
+39320011353;3348
+39320011355;3057
+39320011357;520
+39320011359;1621
+39320011361;5209
+39320011363;200
+39320011365;1761
+39320011367;781
+39320011369;2339
+39320011371;3635
+39320011373;2764
+39320011375;5717
+39320011377;5706
+39320011379;1732
+39320011381;735
+39320011383;3601
+39320011385;4815
+39320011387;64
+39320011389;5654
+39320011391;2726
+39320011393;1509
+39320011395;4778
+39320011397;616
+39320011399;5770
+39320011401;1826
+39320011403;5011
+39320011405;2704
+39320011407;2979
+39320011409;5285
+39320011411;3186
+39320011413;2360
+39320011415;1298
+39320011417;3141
+39320011419;1384
+39320011421;4437
+39320011423;5380
+39320011425;2298
+39320011427;2100
+39320011429;1077
+39320011431;5629
+39320011433;999
+39320011435;465
+39320011437;4579
+39320011439;3080
+39320011441;5971
+39320011443;4854
+39320011445;1658
+39320011447;2154
+39320011449;302
+39320011451;5390
+39320011453;1635
+39320011455;1244
+39320011457;578
+39320011459;4769
+39320011461;5985
+39320011463;2507
+39320011465;3971
+39320011467;5743
+39320011469;866
+39320011471;2010
+39320011473;1561
+39320011475;2951
+39320011477;2728
+39320011479;5328
+39320011481;1443
+39320011483;283
+39320011485;3140
+39320011487;600
+39320011489;2614
+39320011491;4331
+39320011493;4771
+39320011495;13
+39320011497;4492
+39320011499;4251
+39320011501;254
+39320011503;751
+39320011505;29
+39320011507;2312
+39320011509;1428
+39320011511;1673
+39320011513;210
+39320011515;3391
+39320011517;4158
+39320011519;4574
+39320011521;2344
+39320011523;2228
+39320011525;3997
+39320011527;925
+39320011529;1423
+39320011531;5848
+39320011533;4061
+39320011535;1740
+39320011537;1832
+39320011539;595
+39320011541;621
+39320011543;4131
+39320011545;2493
+39320011547;2433
+39320011549;382
+39320011551;3841
+39320011553;3999
+39320011555;3078
+39320011557;2141
+39320011559;4549
+39320011561;269
+39320011563;4305
+39320011565;3870
+39320011567;1360
+39320011569;5844
+39320011571;1871
+39320011573;1306
+39320011575;2922
+39320011577;3610
+39320011579;60
+39320011581;1074
+39320011583;875
+39320011585;4008
+39320011587;3668
+39320011589;138
+39320011591;5761
+39320011593;1151
+39320011595;2578
+39320011597;4517
+39320011599;650
+39320011601;5005
+39320011603;198
+39320011605;199
+39320011607;953
+39320011609;1067
+39320011611;1371
+39320011613;732
+39320011615;4640
+39320011617;4708
+39320011619;793
+39320011621;152
+39320011623;568
+39320011625;5396
+39320011627;2653
+39320011629;3251
+39320011631;1391
+39320011633;4450
+39320011635;615
+39320011637;3676
+39320011639;1446
+39320011641;4634
+39320011643;4587
+39320011645;745
+39320011647;2553
+39320011649;2271
+39320011651;3174
+39320011653;5771
+39320011655;3301
+39320011657;3812
+39320011659;4021
+39320011661;5183
+39320011663;2985
+39320011665;5840
+39320011667;4517
+39320011669;1676
+39320011671;2874
+39320011673;1694
+39320011675;917
+39320011677;5818
+39320011679;1081
+39320011681;558
+39320011683;4720
+39320011685;979
+39320011687;290
+39320011689;2975
+39320011691;5973
+39320011693;823
+39320011695;5386
+39320011697;4847
+39320011699;1663
+39320011701;4804
+39320011703;1227
+39320011705;0
+39320011707;764
+39320011709;1650
+39320011711;5175
+39320011713;3398
+39320011715;1937
+39320011717;1821
+39320011719;1845
+39320011721;4239
+39320011723;2964
+39320011725;1643
+39320011727;828
+39320011729;4131
+39320011731;95
+39320011733;4527
+39320011735;3210
+39320011737;3089
+39320011739;358
+39320011741;2540
+39320011743;1975
+39320011745;2195
+39320011747;44
+39320011749;145
+39320011751;2094
+39320011753;3032
+39320011755;2955
+39320011757;5533
+39320011759;2379
+39320011761;2355
+39320011763;480
+39320011765;864
+39320011767;4897
+39320011769;1749
+39320011771;777
+39320011773;2851
+39320011775;4278
+39320011777;4947
+39320011779;129
+39320011781;918
+39320011783;2859
+39320011785;2814
+39320011787;4738
+39320011789;3193
+39320011791;3780
+39320011793;2902
+39320011795;2298
+39320011797;3206
+39320011799;5422
+39320011801;5221
+39320011803;5138
+39320011805;1607
+39320011807;5520
+39320011809;3481
+39320011811;5213
+39320011813;5234
+39320011815;1348
+39320011817;28
+39320011819;4552
+39320011821;658
+39320011823;1862
+39320011825;5518
+39320011827;2329
+39320011829;2419
+39320011831;2387
+39320011833;5919
+39320011835;3842
+39320011837;4768
+39320011839;2420
+39320011841;527
+39320011843;2976
+39320011845;2909
+39320011847;4586
+39320011849;407
+39320011851;5056
+39320011853;3494
+39320011855;2867
+39320011857;1603
+39320011859;3479
+39320011861;2083
+39320011863;3678
+39320011865;4861
+39320011867;3381
+39320011869;311
+39320011871;4998
+39320011873;4265
+39320011875;2138
+39320011877;5283
+39320011879;2163
+39320011881;5447
+39320011883;337
+39320011885;1622
+39320011887;3601
+39320011889;4030
+39320011891;3505
+39320011893;1420
+39320011895;2749
+39320011897;1656
+39320011899;657
+39320011901;764
+39320011903;1527
+39320011905;4472
+39320011907;4718
+39320011909;567
+39320011911;2178
+39320011913;788
+39320011915;3679
+39320011917;2875
+39320011919;2196
+39320011921;4535
+39320011923;1539
+39320011925;1730
+39320011927;5005
+39320011929;5066
+39320011931;846
+39320011933;4449
+39320011935;4792
+39320011937;5414
+39320011939;3555
+39320011941;1119
+39320011943;3135
+39320011945;2275
+39320011947;3928
+39320011949;3797
+39320011951;2913
+39320011953;2710
+39320011955;4547
+39320011957;2891
+39320011959;5574
+39320011961;2504
+39320011963;4698
+39320011965;1271
+39320011967;127
+39320011969;4742
+39320011971;4215
+39320011973;67
+39320011975;2820
+39320011977;877
+39320011979;4331
+39320011981;1254
+39320011983;2732
+39320011985;2016
+39320011987;5509
+39320011989;4436
+39320011991;2763
+39320011993;965
+39320011995;1000
+39320011997;4610
+39320011999;4334
+39320012001;2858
+39320012003;1680
+39320012005;349
+39320012007;2775
+39320012009;3547
+39320012011;122
+39320012013;4434
+39320012015;434
+39320012017;4319
+39320012019;856
+39320012021;5221
+39320012023;3291
+39320012025;5702
+39320012027;533
+39320012029;5297
+39320012031;142
+39320012033;4010
+39320012035;4740
+39320012037;4930
+39320012039;3973
+39320012041;2511
+39320012043;5788
+39320012045;3575
+39320012047;953
+39320012049;2025
+39320012051;3555
+39320012053;4524
+39320012055;2012
+39320012057;5667
+39320012059;2600
+39320012061;3052
+39320012063;3478
+39320012065;4910
+39320012067;5119
+39320012069;3089
+39320012071;3350
+39320012073;5865
+39320012075;1371
+39320012077;1870
+39320012079;351
+39320012081;5199
+39320012083;4677
+39320012085;330
+39320012087;3321
+39320012089;5597
+39320012091;894
+39320012093;2175
+39320012095;1913
+39320012097;172
+39320012099;3253
+39320012101;1889
+39320012103;4729
+39320012105;3636
+39320012107;5694
+39320012109;5250
+39320012111;3534
+39320012113;2901
+39320012115;5138
+39320012117;846
+39320012119;60
+39320012121;2195
+39320012123;1947
+39320012125;1968
+39320012127;5971
+39320012129;3788
+39320012131;370
+39320012133;616
+39320012135;2152
+39320012137;614
+39320012139;5521
+39320012141;977
+39320012143;4600
+39320012145;1018
+39320012147;2350
+39320012149;1397
+39320012151;1679
+39320012153;4412
+39320012155;1875
+39320012157;2556
+39320012159;2651
+39320012161;3420
+39320012163;3703
+39320012165;1589
+39320012167;800
+39320012169;4193
+39320012171;4853
+39320012173;3296
+39320012175;5219
+39320012177;113
+39320012179;5301
+39320012181;4951
+39320012183;4495
+39320012185;1020
+39320012187;5471
+39320012189;4154
+39320012191;852
+39320012193;3551
+39320012195;4337
+39320012197;5552
+39320012199;2167
+39320012201;4163
+39320012203;309
+39320012205;5496
+39320012207;2329
+39320012209;5862
+39320012211;4316
+39320012213;3540
+39320012215;1681
+39320012217;3092
+39320012219;4465
+39320012221;3554
+39320012223;640
+39320012225;1598
+39320012227;4229
+39320012229;3698
+39320012231;1242
+39320012233;1650
+39320012235;56
+39320012237;55
+39320012239;26
+39320012241;5260
+39320012243;1882
+39320012245;917
+39320012247;3291
+39320012249;3378
+39320012251;1514
+39320012253;1618
+39320012255;3335
+39320012257;784
+39320012259;1915
+39320012261;3891
+39320012263;5723
+39320012265;3992
+39320012267;4574
+39320012269;615
+39320012271;1700
+39320012273;1518
+39320012275;4127
+39320012277;279
+39320012279;723
+39320012281;3986
+39320012283;420
+39320012285;2001
+39320012287;595
+39320012289;3879
+39320012291;3727
+39320012293;1265
+39320012295;2537
+39320012297;117
+39320012299;3388
+39320012301;5617
+39320012303;4168
+39320012305;2773
+39320012307;2033
+39320012309;3419
+39320012311;610
+39320012313;4183
+39320012315;3639
+39320012317;1813
+39320012319;4424
+39320012321;5195
+39320012323;474
+39320012325;1271
+39320012327;1505
+39320012329;5294
+39320012331;789
+39320012333;4687
+39320012335;4862
+39320012337;3454
+39320012339;5972
+39320012341;1428
+39320012343;1371
+39320012345;4191
+39320012347;5563
+39320012349;3537
+39320012351;5505
+39320012353;1304
+39320012355;425
+39320012357;3185
+39320012359;240
+39320012361;4718
+39320012363;4024
+39320012365;693
+39320012367;634
+39320012369;4598
+39320012371;7
+39320012373;3584
+39320012375;1298
+39320012377;4602
+39320012379;3439
+39320012381;4493
+39320012383;4127
+39320012385;1522
+39320012387;3675
+39320012389;4556
+39320012391;575
+39320012393;1813
+39320012395;1064
+39320012397;3761
+39320012399;207
+39320012401;1542
+39320012403;5326
+39320012405;5247
+39320012407;1967
+39320012409;4661
+39320012411;403
+39320012413;3887
+39320012415;5718
+39320012417;4495
+39320012419;1796
+39320012421;3401
+39320012423;5802
+39320012425;2020
+39320012427;3043
+39320012429;701
+39320012431;4154
+39320012433;1813
+39320012435;3710
+39320012437;4062
+39320012439;2967
+39320012441;5636
+39320012443;2778
+39320012445;3391
+39320012447;5579
+39320012449;4202
+39320012451;1571
+39320012453;2556
+39320012455;4633
+39320012457;1557
+39320012459;3091
+39320012461;1069
+39320012463;2657
+39320012465;2878
+39320012467;3194
+39320012469;509
+39320012471;3927
+39320012473;1417
+39320012475;4814
+39320012477;586
+39320012479;888
+39320012481;1918
+39320012483;3367
+39320012485;1325
+39320012487;20
+39320012489;4160
+39320012491;5949
+39320012493;2490
+39320012495;2092
+39320012497;1284
+39320012499;4496
+39320012501;4198
+39320012503;2611
+39320012505;984
+39320012507;3384
+39320012509;832
+39320012511;4862
+39320012513;25
+39320012515;5942
+39320012517;1695
+39320012519;1692
+39320012521;1924
+39320012523;2490
+39320012525;5539
+39320012527;3007
+39320012529;1487
+39320012531;350
+39320012533;3305
+39320012535;2985
+39320012537;3889
+39320012539;3096
+39320012541;1216
+39320012543;88
+39320012545;5458
+39320012547;26
+39320012549;3230
+39320012551;2763
+39320012553;3922
+39320012555;5874
+39320012557;2325
+39320012559;4687
+39320012561;234
+39320012563;3109
+39320012565;3342
+39320012567;5521
+39320012569;5406
+39320012571;649
+39320012573;3324
+39320012575;5676
+39320012577;2391
+39320012579;3085
+39320012581;5753
+39320012583;4180
+39320012585;1744
+39320012587;5656
+39320012589;3170
+39320012591;3699
+39320012593;2723
+39320012595;2965
+39320012597;136
+39320012599;1560
+39320012601;1479
+39320012603;3053
+39320012605;4299
+39320012607;5158
+39320012609;5770
+39320012611;3565
+39320012613;3089
+39320012615;4478
+39320012617;5946
+39320012619;944
+39320012621;2623
+39320012623;296
+39320012625;2368
+39320012627;1580
+39320012629;1827
+39320012631;4312
+39320012633;2733
+39320012635;3197
+39320012637;4618
+39320012639;3687
+39320012641;1349
+39320012643;4975
+39320012645;180
+39320012647;5634
+39320012649;1764
+39320012651;574
+39320012653;694
+39320012655;2250
+39320012657;5840
+39320012659;3600
+39320012661;4887
+39320012663;335
+39320012665;2806
+39320012667;4563
+39320012669;2044
+39320012671;5248
+39320012673;3433
+39320012675;4316
+39320012677;3621
+39320012679;5303
+39320012681;894
+39320012683;430
+39320012685;1934
+39320012687;3730
+39320012689;3110
+39320012691;4966
+39320012693;4751
+39320012695;5273
+39320012697;1053
+39320012699;1086
+39320012701;4927
+39320012703;1786
+39320012705;4827
+39320012707;2569
+39320012709;3699
+39320012711;968
+39320012713;246
+39320012715;2504
+39320012717;5488
+39320012719;1337
+39320012721;5116
+39320012723;2275
+39320012725;1666
+39320012727;4328
+39320012729;4816
+39320012731;4681
+39320012733;991
+39320012735;3183
+39320012737;2208
+39320012739;4267
+39320012741;4146
+39320012743;4776
+39320012745;66
+39320012747;3923
+39320012749;1900
+39320012751;644
+39320012753;2433
+39320012755;5674
+39320012757;4784
+39320012759;5937
+39320012761;2337
+39320012763;5627
+39320012765;2384
+39320012767;2284
+39320012769;436
+39320012771;2967
+39320012773;2814
+39320012775;3935
+39320012777;522
+39320012779;2736
+39320012781;5318
+39320012783;3893
+39320012785;449
+39320012787;740
+39320012789;2012
+39320012791;2068
+39320012793;59
+39320012795;4473
+39320012797;4578
+39320012799;253
+39320012801;3390
+39320012803;4901
+39320012805;943
+39320012807;152
+39320012809;5298
+39320012811;4053
+39320012813;3
+39320012815;3847
+39320012817;870
+39320012819;5357
+39320012821;1765
+39320012823;4920
+39320012825;2640
+39320012827;3701
+39320012829;3916
+39320012831;2494
+39320012833;3231
+39320012835;753
+39320012837;3925
+39320012839;549
+39320012841;1485
+39320012843;5989
+39320012845;4321
+39320012847;3307
+39320012849;1855
+39320012851;3213
+39320012853;4375
+39320012855;84
+39320012857;1166
+39320012859;3359
+39320012861;5610
+39320012863;4224
+39320012865;223
+39320012867;3296
+39320012869;2267
+39320012871;3706
+39320012873;2562
+39320012875;2432
+39320012877;2035
+39320012879;4613
+39320012881;2353
+39320012883;892
+39320012885;3115
+39320012887;4430
+39320012889;624
+39320012891;4350
+39320012893;2086
+39320012895;1339
+39320012897;193
+39320012899;4826
+39320012901;153
+39320012903;3156
+39320012905;2366
+39320012907;3271
+39320012909;5070
+39320012911;323
+39320012913;652
+39320012915;1789
+39320012917;2589
+39320012919;2461
+39320012921;2231
+39320012923;1006
+39320012925;5220
+39320012927;4210
+39320012929;5695
+39320012931;3786
+39320012933;3418
+39320012935;763
+39320012937;1429
+39320012939;5965
+39320012941;4674
+39320012943;1616
+39320012945;1853
+39320012947;2692
+39320012949;5042
+39320012951;1267
+39320012953;4517
+39320012955;2625
+39320012957;3098
+39320012959;5876
+39320012961;1435
+39320012963;5856
+39320012965;434
+39320012967;2304
+39320012969;1751
+39320012971;2514
+39320012973;5329
+39320012975;3988
+39320012977;5475
+39320012979;3341
+39320012981;1151
+39320012983;5198
+39320012985;3026
+39320012987;2965
+39320012989;520
+39320012991;5399
+39320012993;1805
+39320012995;4437
+39320012997;3369
+39320012999;1421
+39320013001;2479
+39320013003;623
+39320013005;4202
+39320013007;5778
+39320013009;4928
+39320013011;2458
+39320013013;2735
+39320013015;2782
+39320013017;5247
+39320013019;1475
+39320013021;5857
+39320013023;3520
+39320013025;4365
+39320013027;3463
+39320013029;5296
+39320013031;5681
+39320013033;693
+39320013035;2032
+39320013037;4151
+39320013039;5829
+39320013041;2728
+39320013043;2005
+39320013045;2107
+39320013047;3794
+39320013049;5066
+39320013051;2599
+39320013053;5724
+39320013055;1135
+39320013057;424
+39320013059;5501
+39320013061;2207
+39320013063;2878
+39320013065;487
+39320013067;189
+39320013069;5281
+39320013071;784
+39320013073;5914
+39320013075;4848
+39320013077;5236
+39320013079;2688
+39320013081;8
+39320013083;2585
+39320013085;3101
+39320013087;4881
+39320013089;2223
+39320013091;1046
+39320013093;5635
+39320013095;5511
+39320013097;4787
+39320013099;5991
+39320013101;880
+39320013103;391
+39320013105;4589
+39320013107;123
+39320013109;2803
+39320013111;4766
+39320013113;310
+39320013115;2224
+39320013117;5181
+39320013119;1525
+39320013121;1303
+39320013123;1164
+39320013125;2710
+39320013127;5808
+39320013129;2836
+39320013131;5937
+39320013133;1209
+39320013135;2470
+39320013137;3043
+39320013139;2827
+39320013141;3625
+39320013143;1799
+39320013145;1879
+39320013147;4934
+39320013149;2369
+39320013151;241
+39320013153;2876
+39320013155;4419
+39320013157;2895
+39320013159;4480
+39320013161;1530
+39320013163;4336
+39320013165;123
+39320013167;4635
+39320013169;1475
+39320013171;4175
+39320013173;3651
+39320013175;99
+39320013177;583
+39320013179;4607
+39320013181;2960
+39320013183;4821
+39320013185;5573
+39320013187;3311
+39320013189;5202
+39320013191;145
+39320013193;2394
+39320013195;3436
+39320013197;2616
+39320013199;3089
+39320013201;29
+39320013203;1282
+39320013205;4376
+39320013207;4158
+39320013209;4263
+39320013211;2688
+39320013213;4749
+39320013215;261
+39320013217;283
+39320013219;5431
+39320013221;373
+39320013223;4795
+39320013225;3790
+39320013227;1705
+39320013229;5183
+39320013231;2127
+39320013233;2059
+39320013235;4054
+39320013237;1374
+39320013239;2440
+39320013241;2092
+39320013243;2202
+39320013245;3913
+39320013247;829
+39320013249;661
+39320013251;5347
+39320013253;5510
+39320013255;553
+39320013257;1604
+39320013259;4000
+39320013261;5000
+39320013263;5316
+39320013265;3234
+39320013267;5162
+39320013269;1026
+39320013271;676
+39320013273;3213
+39320013275;3443
+39320013277;542
+39320013279;4003
+39320013281;1801
+39320013283;3628
+39320013285;3003
+39320013287;5742
+39320013289;4454
+39320013291;5608
+39320013293;1579
+39320013295;42
+39320013297;3164
+39320013299;4299
+39320013301;742
+39320013303;4659
+39320013305;486
+39320013307;4032
+39320013309;3139
+39320013311;5827
+39320013313;1726
+39320013315;4504
+39320013317;2431
+39320013319;5434
+39320013321;3258
+39320013323;1738
+39320013325;2463
+39320013327;2065
+39320013329;3884
+39320013331;3119
+39320013333;3223
+39320013335;3720
+39320013337;1940
+39320013339;3712
+39320013341;5067
+39320013343;2094
+39320013345;965
+39320013347;3761
+39320013349;4981
+39320013351;5412
+39320013353;5084
+39320013355;4366
+39320013357;5950
+39320013359;778
+39320013361;2824
+39320013363;2223
+39320013365;5554
+39320013367;2711
+39320013369;3034
+39320013371;2987
+39320013373;174
+39320013375;5992
+39320013377;5148
+39320013379;5965
+39320013381;4825
+39320013383;2289
+39320013385;4941
+39320013387;169
+39320013389;5062
+39320013391;4783
+39320013393;1781
+39320013395;3957
+39320013397;4423
+39320013399;3294
+39320013401;1779
+39320013403;4407
+39320013405;2587
+39320013407;1585
+39320013409;1736
+39320013411;5012
+39320013413;1426
+39320013415;3792
+39320013417;17
+39320013419;3216
+39320013421;3838
+39320013423;2145
+39320013425;1657
+39320013427;5046
+39320013429;2380
+39320013431;732
+39320013433;1727
+39320013435;2797
+39320013437;3859
+39320013439;1155
+39320013441;5199
+39320013443;1576
+39320013445;2858
+39320013447;735
+39320013449;1435
+39320013451;1844
+39320013453;239
+39320013455;433
+39320013457;2115
+39320013459;5220
+39320013461;106
+39320013463;5663
+39320013465;3516
+39320013467;647
+39320013469;3009
+39320013471;2478
+39320013473;1897
+39320013475;2609
+39320013477;3804
+39320013479;1039
+39320013481;1093
+39320013483;5753
+39320013485;865
+39320013487;4348
+39320013489;5402
+39320013491;3404
+39320013493;1908
+39320013495;1054
+39320013497;1247
+39320013499;3964
+39320013501;5353
+39320013503;595
+39320013505;53
+39320013507;4375
+39320013509;5282
+39320013511;3433
+39320013513;2516
+39320013515;3872
+39320013517;2866
+39320013519;2546
+39320013521;4663
+39320013523;5208
+39320013525;1521
+39320013527;2601
+39320013529;3111
+39320013531;4666
+39320013533;4024
+39320013535;1811
+39320013537;4690
+39320013539;3178
+39320013541;3160
+39320013543;5940
+39320013545;5472
+39320013547;5378
+39320013549;246
+39320013551;5540
+39320013553;5038
+39320013555;5295
+39320013557;5561
+39320013559;5292
+39320013561;2876
+39320013563;799
+39320013565;3112
+39320013567;5170
+39320013569;1153
+39320013571;5328
+39320013573;4024
+39320013575;5879
+39320013577;616
+39320013579;2960
+39320013581;5262
+39320013583;5776
+39320013585;5609
+39320013587;1883
+39320013589;4137
+39320013591;750
+39320013593;5598
+39320013595;5599
+39320013597;141
+39320013599;4485
+39320013601;4168
+39320013603;5895
+39320013605;3347
+39320013607;5420
+39320013609;1581
+39320013611;4716
+39320013613;2878
+39320013615;5233
+39320013617;2154
+39320013619;2245
+39320013621;1677
+39320013623;2635
+39320013625;501
+39320013627;4278
+39320013629;5042
+39320013631;2038
+39320013633;1187
+39320013635;5744
+39320013637;5765
+39320013639;3175
+39320013641;4397
+39320013643;2377
+39320013645;5056
+39320013647;4094
+39320013649;4937
+39320013651;1147
+39320013653;1935
+39320013655;4280
+39320013657;4948
+39320013659;5229
+39320013661;2749
+39320013663;5505
+39320013665;5812
+39320013667;4558
+39320013669;2169
+39320013671;1264
+39320013673;3588
+39320013675;1685
+39320013677;1533
+39320013679;787
+39320013681;4590
+39320013683;3222
+39320013685;1826
+39320013687;2098
+39320013689;5102
+39320013691;2066
+39320013693;3830
+39320013695;5857
+39320013697;1057
+39320013699;5004
+39320013701;2712
+39320013703;940
+39320013705;1458
+39320013707;3036
+39320013709;854
+39320013711;5633
+39320013713;5152
+39320013715;2684
+39320013717;3721
+39320013719;5129
+39320013721;58
+39320013723;2903
+39320013725;3601
+39320013727;2724
+39320013729;356
+39320013731;3436
+39320013733;3765
+39320013735;942
+39320013737;5459
+39320013739;1464
+39320013741;380
+39320013743;1924
+39320013745;4969
+39320013747;1445
+39320013749;1044
+39320013751;2968
+39320013753;4432
+39320013755;3169
+39320013757;5434
+39320013759;2986
+39320013761;2533
+39320013763;3472
+39320013765;2890
+39320013767;873
+39320013769;808
+39320013771;4740
+39320013773;267
+39320013775;2399
+39320013777;3788
+39320013779;4654
+39320013781;5574
+39320013783;5155
+39320013785;4726
+39320013787;5343
+39320013789;2567
+39320013791;2307
+39320013793;5816
+39320013795;811
+39320013797;3889
+39320013799;3624
+39320013801;5712
+39320013803;2635
+39320013805;4111
+39320013807;1594
+39320013809;4928
+39320013811;4838
+39320013813;3693
+39320013815;3993
+39320013817;2067
+39320013819;4310
+39320013821;1575
+39320013823;4406
+39320013825;1310
+39320013827;5203
+39320013829;3296
+39320013831;793
+39320013833;3187
+39320013835;2420
+39320013837;5689
+39320013839;3805
+39320013841;2637
+39320013843;3407
+39320013845;4547
+39320013847;1060
+39320013849;1381
+39320013851;3152
+39320013853;1461
+39320013855;358
+39320013857;4541
+39320013859;4748
+39320013861;5481
+39320013863;4306
+39320013865;4189
+39320013867;5726
+39320013869;3
+39320013871;1598
+39320013873;1259
+39320013875;3254
+39320013877;3924
+39320013879;5935
+39320013881;5137
+39320013883;1561
+39320013885;577
+39320013887;4443
+39320013889;3474
+39320013891;1393
+39320013893;1679
+39320013895;4835
+39320013897;5304
+39320013899;924
+39320013901;566
+39320013903;5708
+39320013905;4738
+39320013907;487
+39320013909;5562
+39320013911;3721
+39320013913;5076
+39320013915;5689
+39320013917;1267
+39320013919;3349
+39320013921;4406
+39320013923;1947
+39320013925;1372
+39320013927;3198
+39320013929;4772
+39320013931;5216
+39320013933;3992
+39320013935;2206
+39320013937;2876
+39320013939;434
+39320013941;1881
+39320013943;2944
+39320013945;4296
+39320013947;3731
+39320013949;1216
+39320013951;5320
+39320013953;3276
+39320013955;5305
+39320013957;4988
+39320013959;3560
+39320013961;4914
+39320013963;2631
+39320013965;4547
+39320013967;1703
+39320013969;5212
+39320013971;3353
+39320013973;5894
+39320013975;5482
+39320013977;5541
+39320013979;4994
+39320013981;3511
+39320013983;2684
+39320013985;1284
+39320013987;1532
+39320013989;4161
+39320013991;5985
+39320013993;2251
+39320013995;2156
+39320013997;662
+39320013999;4607
+39320014001;991
+39320014003;1324
+39320014005;2762
+39320014007;2464
+39320014009;3962
+39320014011;2109
+39320014013;361
+39320014015;1427
+39320014017;4527
+39320014019;4233
+39320014021;2839
+39320014023;181
+39320014025;4040
+39320014027;175
+39320014029;4566
+39320014031;184
+39320014033;169
+39320014035;4077
+39320014037;1722
+39320014039;5387
+39320014041;2636
+39320014043;5616
+39320014045;5053
+39320014047;2816
+39320014049;5713
+39320014051;5212
+39320014053;200
+39320014055;4482
+39320014057;4913
+39320014059;11
+39320014061;5689
+39320014063;911
+39320014065;1729
+39320014067;1248
+39320014069;1533
+39320014071;5288
+39320014073;2338
+39320014075;5557
+39320014077;1109
+39320014079;2825
+39320014081;5673
+39320014083;5331
+39320014085;1138
+39320014087;2206
+39320014089;414
+39320014091;2945
+39320014093;3875
+39320014095;1305
+39320014097;4363
+39320014099;2366
+39320014101;1989
+39320014103;445
+39320014105;4353
+39320014107;3600
+39320014109;4395
+39320014111;5062
+39320014113;5524
+39320014115;5866
+39320014117;3420
+39320014119;5250
+39320014121;5140
+39320014123;659
+39320014125;2163
+39320014127;1102
+39320014129;1261
+39320014131;126
+39320014133;4617
+39320014135;2820
+39320014137;1759
+39320014139;3544
+39320014141;5345
+39320014143;4106
+39320014145;3097
+39320014147;3680
+39320014149;2926
+39320014151;2718
+39320014153;4566
+39320014155;3147
+39320014157;2949
+39320014159;3491
+39320014161;2190
+39320014163;4103
+39320014165;1374
+39320014167;2538
+39320014169;4179
+39320014171;1836
+39320014173;440
+39320014175;2886
+39320014177;5251
+39320014179;2042
+39320014181;3643
+39320014183;2860
+39320014185;2175
+39320014187;4167
+39320014189;3728
+39320014191;968
+39320014193;2550
+39320014195;2694
+39320014197;3159
+39320014199;1604
+39320014201;3501
+39320014203;2743
+39320014205;537
+39320014207;4837
+39320014209;988
+39320014211;5283
+39320014213;2981
+39320014215;2852
+39320014217;2288
+39320014219;4709
+39320014221;845
+39320014223;2016
+39320014225;5305
+39320014227;627
+39320014229;5034
+39320014231;3784
+39320014233;663
+39320014235;884
+39320014237;3091
+39320014239;3774
+39320014241;1586
+39320014243;2162
+39320014245;20
+39320014247;4257
+39320014249;1271
+39320014251;2115
+39320014253;3404
+39320014255;2222
+39320014257;4951
+39320014259;5209
+39320014261;3931
+39320014263;4233
+39320014265;1738
+39320014267;3423
+39320014269;5176
+39320014271;5739
+39320014273;5450
+39320014275;3763
+39320014277;5957
+39320014279;5520
+39320014281;2399
+39320014283;5065
+39320014285;2605
+39320014287;551
+39320014289;3662
+39320014291;297
+39320014293;226
+39320014295;1586
+39320014297;1099
+39320014299;162
+39320014301;5709
+39320014303;2450
+39320014305;5146
+39320014307;4354
+39320014309;2473
+39320014311;5088
+39320014313;3619
+39320014315;2629
+39320014317;770
+39320014319;3405
+39320014321;1860
+39320014323;4246
+39320014325;1717
+39320014327;4261
+39320014329;1980
+39320014331;2515
+39320014333;1932
+39320014335;2143
+39320014337;5872
+39320014339;1445
+39320014341;5677
+39320014343;1483
+39320014345;2615
+39320014347;635
+39320014349;3139
+39320014351;5729
+39320014353;1701
+39320014355;2318
+39320014357;4213
+39320014359;1647
+39320014361;5741
+39320014363;1683
+39320014365;2100
+39320014367;272
+39320014369;608
+39320014371;3115
+39320014373;5171
+39320014375;3177
+39320014377;2430
+39320014379;1700
+39320014381;3400
+39320014383;5321
+39320014385;3074
+39320014387;1704
+39320014389;3003
+39320014391;604
+39320014393;5229
+39320014395;4483
+39320014397;4057
+39320014399;1401
+39320014401;775
+39320014403;5915
+39320014405;2203
+39320014407;5959
+39320014409;2875
+39320014411;780
+39320014413;5321
+39320014415;3123
+39320014417;2997
+39320014419;5981
+39320014421;5399
+39320014423;2979
+39320014425;420
+39320014427;1160
+39320014429;2013
+39320014431;5366
+39320014433;1380
+39320014435;2617
+39320014437;2950
+39320014439;1942
+39320014441;3322
+39320014443;949
+39320014445;5020
+39320014447;2181
+39320014449;4348
+39320014451;1107
+39320014453;5198
+39320014455;2195
+39320014457;4028
+39320014459;3064
+39320014461;5444
+39320014463;2739
+39320014465;2930
+39320014467;4170
+39320014469;4545
+39320014471;1260
+39320014473;1719
+39320014475;3594
+39320014477;3191
+39320014479;346
+39320014481;2828
+39320014483;4000
+39320014485;1708
+39320014487;1658
+39320014489;27
+39320014491;1030
+39320014493;3181
+39320014495;5519
+39320014497;2490
+39320014499;3033
+39320014501;3727
+39320014503;127
+39320014505;5565
+39320014507;2842
+39320014509;4225
+39320014511;5013
+39320014513;318
+39320014515;2646
+39320014517;3251
+39320014519;4070
+39320014521;5830
+39320014523;1341
+39320014525;2371
+39320014527;2064
+39320014529;501
+39320014531;5654
+39320014533;860
+39320014535;3519
+39320014537;3844
+39320014539;825
+39320014541;2017
+39320014543;1983
+39320014545;643
+39320014547;744
+39320014549;5887
+39320014551;404
+39320014553;1261
+39320014555;891
+39320014557;1183
+39320014559;4536
+39320014561;988
+39320014563;5863
+39320014565;5210
+39320014567;2702
+39320014569;1193
+39320014571;4871
+39320014573;2353
+39320014575;1217
+39320014577;1077
+39320014579;456
+39320014581;790
+39320014583;3666
+39320014585;4944
+39320014587;5400
+39320014589;2168
+39320014591;2727
+39320014593;4800
+39320014595;4646
+39320014597;1911
+39320014599;1325
+39320014601;3118
+39320014603;3970
+39320014605;1505
+39320014607;5704
+39320014609;3341
+39320014611;3078
+39320014613;4402
+39320014615;4883
+39320014617;3754
+39320014619;2972
+39320014621;566
+39320014623;28
+39320014625;2
+39320014627;325
+39320014629;3212
+39320014631;1945
+39320014633;1055
+39320014635;1537
+39320014637;5909
+39320014639;3465
+39320014641;5931
+39320014643;564
+39320014645;1620
+39320014647;4814
+39320014649;2631
+39320014651;5476
+39320014653;3855
+39320014655;3726
+39320014657;5949
+39320014659;5662
+39320014661;4116
+39320014663;2288
+39320014665;4866
+39320014667;1524
+39320014669;4342
+39320014671;1612
+39320014673;677
+39320014675;2665
+39320014677;1338
+39320014679;4926
+39320014681;3152
+39320014683;5583
+39320014685;4758
+39320014687;2386
+39320014689;347
+39320014691;5631
+39320014693;2276
+39320014695;1407
+39320014697;1314
+39320014699;1268
+39320014701;3028
+39320014703;5532
+39320014705;5450
+39320014707;4647
+39320014709;5785
+39320014711;5712
+39320014713;283
+39320014715;1280
+39320014717;5026
+39320014719;1610
+39320014721;3760
+39320014723;2886
+39320014725;2801
+39320014727;5958
+39320014729;1919
+39320014731;4278
+39320014733;5275
+39320014735;2991
+39320014737;652
+39320014739;4992
+39320014741;1984
+39320014743;4745
+39320014745;2195
+39320014747;3950
+39320014749;2830
+39320014751;5728
+39320014753;2829
+39320014755;3907
+39320014757;1490
+39320014759;5577
+39320014761;46
+39320014763;4583
+39320014765;573
+39320014767;4939
+39320014769;4120
+39320014771;3226
+39320014773;2335
+39320014775;5161
+39320014777;1377
+39320014779;802
+39320014781;2044
+39320014783;5294
+39320014785;2974
+39320014787;5226
+39320014789;4680
+39320014791;1141
+39320014793;5411
+39320014795;1414
+39320014797;1066
+39320014799;3022
+39320014801;5203
+39320014803;2164
+39320014805;846
+39320014807;5471
+39320014809;3014
+39320014811;3362
+39320014813;2484
+39320014815;1170
+39320014817;3343
+39320014819;5282
+39320014821;5303
+39320014823;2173
+39320014825;2564
+39320014827;2475
+39320014829;2034
+39320014831;2184
+39320014833;2367
+39320014835;2661
+39320014837;5858
+39320014839;3523
+39320014841;5951
+39320014843;1148
+39320014845;5193
+39320014847;1807
+39320014849;480
+39320014851;1701
+39320014853;2828
+39320014855;5826
+39320014857;981
+39320014859;532
+39320014861;3369
+39320014863;5329
+39320014865;5071
+39320014867;2991
+39320014869;639
+39320014871;1526
+39320014873;2977
+39320014875;3291
+39320014877;3639
+39320014879;4497
+39320014881;3562
+39320014883;5128
+39320014885;2379
+39320014887;4147
+39320014889;1906
+39320014891;5398
+39320014893;3769
+39320014895;325
+39320014897;300
+39320014899;2411
+39320014901;2375
+39320014903;75
+39320014905;4964
+39320014907;1055
+39320014909;4171
+39320014911;5869
+39320014913;161
+39320014915;2098
+39320014917;447
+39320014919;5923
+39320014921;1388
+39320014923;5633
+39320014925;2403
+39320014927;1417
+39320014929;2320
+39320014931;1703
+39320014933;3393
+39320014935;2170
+39320014937;601
+39320014939;328
+39320014941;2248
+39320014943;1695
+39320014945;2850
+39320014947;76
+39320014949;2985
+39320014951;4207
+39320014953;2592
+39320014955;3401
+39320014957;3527
+39320014959;2930
+39320014961;2189
+39320014963;4279
+39320014965;589
+39320014967;172
+39320014969;986
+39320014971;1077
+39320014973;3884
+39320014975;1278
+39320014977;1886
+39320014979;940
+39320014981;2743
+39320014983;649
+39320014985;3558
+39320014987;5938
+39320014989;788
+39320014991;3029
+39320014993;2156
+39320014995;3218
+39320014997;3455
+39320014999;85
+39320015001;5714
+39320015003;1530
+39320015005;2848
+39320015007;5724
+39320015009;1638
+39320015011;609
+39320015013;56
+39320015015;2637
+39320015017;4470
+39320015019;2508
+39320015021;5935
+39320015023;2462
+39320015025;4495
+39320015027;5891
+39320015029;4994
+39320015031;4857
+39320015033;1886
+39320015035;3338
+39320015037;5506
+39320015039;4770
+39320015041;5022
+39320015043;609
+39320015045;4839
+39320015047;5776
+39320015049;482
+39320015051;4874
+39320015053;4137
+39320015055;5888
+39320015057;3700
+39320015059;906
+39320015061;4810
+39320015063;5740
+39320015065;5266
+39320015067;4266
+39320015069;2505
+39320015071;2747
+39320015073;2104
+39320015075;2915
+39320015077;1570
+39320015079;2709
+39320015081;1217
+39320015083;2134
+39320015085;3925
+39320015087;5814
+39320015089;4876
+39320015091;3582
+39320015093;4494
+39320015095;680
+39320015097;574
+39320015099;1401
+39320015101;5976
+39320015103;3836
+39320015105;2220
+39320015107;3490
+39320015109;4077
+39320015111;1913
+39320015113;3731
+39320015115;545
+39320015117;24
+39320015119;1103
+39320015121;440
+39320015123;1827
+39320015125;681
+39320015127;1793
+39320015129;795
+39320015131;3722
+39320015133;448
+39320015135;5503
+39320015137;3541
+39320015139;5820
+39320015141;1343
+39320015143;3655
+39320015145;1237
+39320015147;2665
+39320015149;5564
+39320015151;5279
+39320015153;3286
+39320015155;5586
+39320015157;3428
+39320015159;3467
+39320015161;716
+39320015163;163
+39320015165;13
+39320015167;5118
+39320015169;4652
+39320015171;5367
+39320015173;3911
+39320015175;3960
+39320015177;3375
+39320015179;4330
+39320015181;1693
+39320015183;4777
+39320015185;2838
+39320015187;3203
+39320015189;5265
+39320015191;3507
+39320015193;5865
+39320015195;162
+39320015197;217
+39320015199;2783
+39320015201;398
+39320015203;436
+39320015205;352
+39320015207;5094
+39320015209;392
+39320015211;4837
+39320015213;292
+39320015215;3037
+39320015217;2416
+39320015219;637
+39320015221;2358
+39320015223;1038
+39320015225;3422
+39320015227;394
+39320015229;5727
+39320015231;5207
+39320015233;4787
+39320015235;346
+39320015237;755
+39320015239;5163
+39320015241;2543
+39320015243;4395
+39320015245;4041
+39320015247;4996
+39320015249;1097
+39320015251;767
+39320015253;2286
+39320015255;5697
+39320015257;974
+39320015259;3567
+39320015261;3042
+39320015263;5677
+39320015265;332
+39320015267;4044
+39320015269;1630
+39320015271;861
+39320015273;3651
+39320015275;5446
+39320015277;1452
+39320015279;429
+39320015281;2029
+39320015283;3224
+39320015285;1620
+39320015287;482
+39320015289;4060
+39320015291;3517
+39320015293;2949
+39320015295;3866
+39320015297;1666
+39320015299;2662
+39320015301;2584
+39320015303;5418
+39320015305;4045
+39320015307;4902
+39320015309;4067
+39320015311;857
+39320015313;3753
+39320015315;5858
+39320015317;4035
+39320015319;17
+39320015321;2040
+39320015323;45
+39320015325;1960
+39320015327;793
+39320015329;3317
+39320015331;5614
+39320015333;4725
+39320015335;4006
+39320015337;4380
+39320015339;2896
+39320015341;3281
+39320015343;4608
+39320015345;3246
+39320015347;2177
+39320015349;393
+39320015351;4833
+39320015353;5500
+39320015355;3265
+39320015357;3556
+39320015359;1157
+39320015361;1383
+39320015363;5650
+39320015365;3636
+39320015367;857
+39320015369;2200
+39320015371;308
+39320015373;3125
+39320015375;1475
+39320015377;2476
+39320015379;3377
+39320015381;2712
+39320015383;745
+39320015385;4814
+39320015387;4431
+39320015389;3282
+39320015391;5118
+39320015393;1779
+39320015395;5477
+39320015397;2248
+39320015399;4968
+39320015401;4360
+39320015403;1911
+39320015405;4558
+39320015407;690
+39320015409;2488
+39320015411;1833
+39320015413;1839
+39320015415;3614
+39320015417;3094
+39320015419;5291
+39320015421;507
+39320015423;3591
+39320015425;3832
+39320015427;3627
+39320015429;1770
+39320015431;5859
+39320015433;2088
+39320015435;4689
+39320015437;1298
+39320015439;4863
+39320015441;3991
+39320015443;2800
+39320015445;1660
+39320015447;5934
+39320015449;642
+39320015451;1307
+39320015453;3493
+39320015455;37
+39320015457;4985
+39320015459;726
+39320015461;3499
+39320015463;4142
+39320015465;3651
+39320015467;1311
+39320015469;1060
+39320015471;3453
+39320015473;1071
+39320015475;1790
+39320015477;2700
+39320015479;5231
+39320015481;5144
+39320015483;5913
+39320015485;2758
+39320015487;1905
+39320015489;4509
+39320015491;4317
+39320015493;1626
+39320015495;3088
+39320015497;3195
+39320015499;185
+39320015501;2109
+39320015503;4350
+39320015505;356
+39320015507;5825
+39320015509;2709
+39320015511;1501
+39320015513;5813
+39320015515;628
+39320015517;1649
+39320015519;136
+39320015521;4922
+39320015523;855
+39320015525;2387
+39320015527;5701
+39320015529;3480
+39320015531;620
+39320015533;4223
+39320015535;5220
+39320015537;1955
+39320015539;2270
+39320015541;577
+39320015543;4323
+39320015545;5288
+39320015547;2843
+39320015549;712
+39320015551;1632
+39320015553;4588
+39320015555;2492
+39320015557;5803
+39320015559;2867
+39320015561;2527
+39320015563;1088
+39320015565;1638
+39320015567;5515
+39320015569;5824
+39320015571;3631
+39320015573;3663
+39320015575;2727
+39320015577;283
+39320015579;1557
+39320015581;2610
+39320015583;5218
+39320015585;3143
+39320015587;5343
+39320015589;3705
+39320015591;3187
+39320015593;1480
+39320015595;3864
+39320015597;2918
+39320015599;763
+39320015601;1834
+39320015603;2588
+39320015605;5806
+39320015607;2254
+39320015609;5656
+39320015611;5729
+39320015613;1983
+39320015615;4470
+39320015617;3634
+39320015619;5696
+39320015621;2962
+39320015623;3883
+39320015625;3168
+39320015627;3203
+39320015629;4035
+39320015631;704
+39320015633;2511
+39320015635;5944
+39320015637;5967
+39320015639;2682
+39320015641;4184
+39320015643;5544
+39320015645;4919
+39320015647;3494
+39320015649;3654
+39320015651;5127
+39320015653;4561
+39320015655;3920
+39320015657;2135
+39320015659;1838
+39320015661;3859
+39320015663;2319
+39320015665;1583
+39320015667;5396
+39320015669;1046
+39320015671;1338
+39320015673;2916
+39320015675;5282
+39320015677;2800
+39320015679;1824
+39320015681;3083
+39320015683;3182
+39320015685;3029
+39320015687;2793
+39320015689;2117
+39320015691;2498
+39320015693;4179
+39320015695;4689
+39320015697;3677
+39320015699;2932
+39320015701;3271
+39320015703;5147
+39320015705;1484
+39320015707;4738
+39320015709;275
+39320015711;2129
+39320015713;3258
+39320015715;5805
+39320015717;4999
+39320015719;5799
+39320015721;91
+39320015723;4605
+39320015725;3837
+39320015727;5662
+39320015729;1346
+39320015731;511
+39320015733;1966
+39320015735;2712
+39320015737;1202
+39320015739;4255
+39320015741;2893
+39320015743;4241
+39320015745;5336
+39320015747;2183
+39320015749;1076
+39320015751;5078
+39320015753;3818
+39320015755;1966
+39320015757;2545
+39320015759;1447
+39320015761;497
+39320015763;2126
+39320015765;4387
+39320015767;2470
+39320015769;4223
+39320015771;5755
+39320015773;5143
+39320015775;4570
+39320015777;383
+39320015779;3697
+39320015781;2088
+39320015783;1426
+39320015785;2517
+39320015787;3812
+39320015789;2875
+39320015791;3736
+39320015793;4399
+39320015795;3331
+39320015797;3306
+39320015799;4004
+39320015801;3880
+39320015803;1921
+39320015805;5918
+39320015807;516
+39320015809;5723
+39320015811;1765
+39320015813;4662
+39320015815;961
+39320015817;3402
+39320015819;5884
+39320015821;1389
+39320015823;5524
+39320015825;5057
+39320015827;4282
+39320015829;5267
+39320015831;3928
+39320015833;3221
+39320015835;622
+39320015837;1475
+39320015839;4665
+39320015841;5160
+39320015843;2110
+39320015845;5343
+39320015847;4522
+39320015849;347
+39320015851;3734
+39320015853;3630
+39320015855;2192
+39320015857;4675
+39320015859;4994
+39320015861;3736
+39320015863;5667
+39320015865;2584
+39320015867;4895
+39320015869;212
+39320015871;1549
+39320015873;574
+39320015875;3616
+39320015877;2794
+39320015879;2342
+39320015881;785
+39320015883;2833
+39320015885;4242
+39320015887;1480
+39320015889;4565
+39320015891;4634
+39320015893;3642
+39320015895;4945
+39320015897;3694
+39320015899;3561
+39320015901;5350
+39320015903;5467
+39320015905;958
+39320015907;3204
+39320015909;2439
+39320015911;4534
+39320015913;3278
+39320015915;1321
+39320015917;66
+39320015919;2955
+39320015921;5688
+39320015923;5934
+39320015925;725
+39320015927;1314
+39320015929;2456
+39320015931;3695
+39320015933;4880
+39320015935;4745
+39320015937;4958
+39320015939;4676
+39320015941;3678
+39320015943;1904
+39320015945;3932
+39320015947;3511
+39320015949;5943
+39320015951;4520
+39320015953;336
+39320015955;2177
+39320015957;1772
+39320015959;3038
+39320015961;1580
+39320015963;3857
+39320015965;4223
+39320015967;1887
+39320015969;3551
+39320015971;5183
+39320015973;2460
+39320015975;2555
+39320015977;4747
+39320015979;959
+39320015981;3307
+39320015983;1589
+39320015985;3379
+39320015987;1580
+39320015989;5191
+39320015991;5813
+39320015993;2250
+39320015995;4755
+39320015997;5046
+39320015999;1148
+39320016001;733
+39320016003;1432
+39320016005;2151
+39320016007;5261
+39320016009;5166
+39320016011;3529
+39320016013;3959
+39320016015;1388
+39320016017;4743
+39320016019;4117
+39320016021;972
+39320016023;151
+39320016025;1237
+39320016027;5039
+39320016029;4812
+39320016031;4880
+39320016033;335
+39320016035;21
+39320016037;5550
+39320016039;5092
+39320016041;2441
+39320016043;3488
+39320016045;4577
+39320016047;498
+39320016049;3180
+39320016051;1945
+39320016053;5958
+39320016055;252
+39320016057;2676
+39320016059;5709
+39320016061;3440
+39320016063;649
+39320016065;1643
+39320016067;2246
+39320016069;1968
+39320016071;2930
+39320016073;1605
+39320016075;882
+39320016077;2818
+39320016079;2722
+39320016081;5370
+39320016083;1065
+39320016085;5598
+39320016087;882
+39320016089;5091
+39320016091;386
+39320016093;544
+39320016095;2398
+39320016097;5271
+39320016099;5729
+39320016101;148
+39320016103;3019
+39320016105;2479
+39320016107;1671
+39320016109;205
+39320016111;223
+39320016113;610
+39320016115;4258
+39320016117;672
+39320016119;5420
+39320016121;3410
+39320016123;3153
+39320016125;4984
+39320016127;5174
+39320016129;1602
+39320016131;4978
+39320016133;1033
+39320016135;4779
+39320016137;954
+39320016139;2742
+39320016141;5166
+39320016143;237
+39320016145;1466
+39320016147;2817
+39320016149;1415
+39320016151;5547
+39320016153;4592
+39320016155;4600
+39320016157;5639
+39320016159;4419
+39320016161;2461
+39320016163;4058
+39320016165;3373
+39320016167;5742
+39320016169;2918
+39320016171;796
+39320016173;4670
+39320016175;1335
+39320016177;258
+39320016179;5231
+39320016181;5506
+39320016183;2369
+39320016185;5244
+39320016187;3027
+39320016189;804
+39320016191;1920
+39320016193;4744
+39320016195;3247
+39320016197;3279
+39320016199;5629
+39320016201;5555
+39320016203;1271
+39320016205;4156
+39320016207;2721
+39320016209;3102
+39320016211;5866
+39320016213;5693
+39320016215;4965
+39320016217;4832
+39320016219;4217
+39320016221;4350
+39320016223;1170
+39320016225;4422
+39320016227;2657
+39320016229;1637
+39320016231;4459
+39320016233;3917
+39320016235;3704
+39320016237;676
+39320016239;3016
+39320016241;4546
+39320016243;5263
+39320016245;4254
+39320016247;5668
+39320016249;2064
+39320016251;4515
+39320016253;1547
+39320016255;183
+39320016257;2859
+39320016259;963
+39320016261;116
+39320016263;588
+39320016265;1988
+39320016267;5812
+39320016269;4049
+39320016271;19
+39320016273;2262
+39320016275;2931
+39320016277;5383
+39320016279;1107
+39320016281;5451
+39320016283;848
+39320016285;5940
+39320016287;5557
+39320016289;2607
+39320016291;2039
+39320016293;3155
+39320016295;2958
+39320016297;2224
+39320016299;1272
+39320016301;5869
+39320016303;4620
+39320016305;501
+39320016307;479
+39320016309;5417
+39320016311;2730
+39320016313;2095
+39320016315;3533
+39320016317;788
+39320016319;2522
+39320016321;1918
+39320016323;5762
+39320016325;3327
+39320016327;1110
+39320016329;3369
+39320016331;1079
+39320016333;3382
+39320016335;4616
+39320016337;721
+39320016339;5219
+39320016341;630
+39320016343;5813
+39320016345;5701
+39320016347;3438
+39320016349;3125
+39320016351;3020
+39320016353;3196
+39320016355;2013
+39320016357;4492
+39320016359;1574
+39320016361;2518
+39320016363;1973
+39320016365;3220
+39320016367;1435
+39320016369;185
+39320016371;2161
+39320016373;5268
+39320016375;1636
+39320016377;5983
+39320016379;5248
+39320016381;5981
+39320016383;60
+39320016385;5975
+39320016387;1325
+39320016389;562
+39320016391;1895
+39320016393;2714
+39320016395;4029
+39320016397;215
+39320016399;4017
+39320016401;2348
+39320016403;1001
+39320016405;3053
+39320016407;2865
+39320016409;4690
+39320016411;688
+39320016413;2753
+39320016415;2555
+39320016417;5883
+39320016419;3015
+39320016421;3474
+39320016423;5135
+39320016425;1128
+39320016427;1624
+39320016429;2502
+39320016431;4296
+39320016433;5268
+39320016435;4640
+39320016437;5432
+39320016439;1269
+39320016441;5271
+39320016443;1411
+39320016445;871
+39320016447;1998
+39320016449;1192
+39320016451;5120
+39320016453;4019
+39320016455;911
+39320016457;2000
+39320016459;2972
+39320016461;3110
+39320016463;3054
+39320016465;1791
+39320016467;1134
+39320016469;535
+39320016471;124
+39320016473;1727
+39320016475;3475
+39320016477;2518
+39320016479;2310
+39320016481;5260
+39320016483;5553
+39320016485;227
+39320016487;3041
+39320016489;5055
+39320016491;1090
+39320016493;3885
+39320016495;5411
+39320016497;434
+39320016499;4615
+39320016501;5103
+39320016503;3875
+39320016505;4244
+39320016507;5700
+39320016509;3300
+39320016511;3572
+39320016513;2504
+39320016515;1734
+39320016517;3668
+39320016519;2375
+39320016521;3115
+39320016523;5739
+39320016525;3300
+39320016527;4626
+39320016529;215
+39320016531;3628
+39320016533;868
+39320016535;2315
+39320016537;390
+39320016539;2917
+39320016541;1049
+39320016543;541
+39320016545;3961
+39320016547;67
+39320016549;1166
+39320016551;5731
+39320016553;4668
+39320016555;1928
+39320016557;1132
+39320016559;4521
+39320016561;2494
+39320016563;915
+39320016565;609
+39320016567;3326
+39320016569;5090
+39320016571;3863
+39320016573;2518
+39320016575;3385
+39320016577;324
+39320016579;917
+39320016581;4317
+39320016583;4751
+39320016585;556
+39320016587;964
+39320016589;4465
+39320016591;1051
+39320016593;491
+39320016595;4052
+39320016597;5301
+39320016599;4225
+39320016601;1489
+39320016603;1066
+39320016605;1456
+39320016607;2476
+39320016609;4173
+39320016611;2339
+39320016613;4757
+39320016615;3653
+39320016617;2303
+39320016619;4517
+39320016621;211
+39320016623;188
+39320016625;5682
+39320016627;536
+39320016629;4077
+39320016631;5178
+39320016633;402
+39320016635;3992
+39320016637;4169
+39320016639;1392
+39320016641;1892
+39320016643;1678
+39320016645;3504
+39320016647;2347
+39320016649;3254
+39320016651;3756
+39320016653;4411
+39320016655;3335
+39320016657;1382
+39320016659;5872
+39320016661;1804
+39320016663;3648
+39320016665;4817
+39320016667;4242
+39320016669;3071
+39320016671;3791
+39320016673;5665
+39320016675;5261
+39320016677;838
+39320016679;4259
+39320016681;3402
+39320016683;2333
+39320016685;1749
+39320016687;2271
+39320016689;5184
+39320016691;5422
+39320016693;3741
+39320016695;244
+39320016697;4924
+39320016699;499
+39320016701;3620
+39320016703;2529
+39320016705;3057
+39320016707;1724
+39320016709;161
+39320016711;1604
+39320016713;2147
+39320016715;3856
+39320016717;2879
+39320016719;888
+39320016721;4707
+39320016723;2927
+39320016725;5657
+39320016727;428
+39320016729;2801
+39320016731;5132
+39320016733;856
+39320016735;2365
+39320016737;2909
+39320016739;1278
+39320016741;3305
+39320016743;1275
+39320016745;2209
+39320016747;2521
+39320016749;1107
+39320016751;193
+39320016753;420
+39320016755;28
+39320016757;4676
+39320016759;3748
+39320016761;2789
+39320016763;505
+39320016765;5624
+39320016767;2282
+39320016769;3435
+39320016771;3368
+39320016773;1899
+39320016775;3063
+39320016777;4698
+39320016779;1317
+39320016781;4693
+39320016783;5903
+39320016785;5096
+39320016787;1469
+39320016789;6000
+39320016791;5966
+39320016793;3251
+39320016795;3180
+39320016797;929
+39320016799;2750
+39320016801;4258
+39320016803;5484
+39320016805;1781
+39320016807;4754
+39320016809;591
+39320016811;223
+39320016813;5549
+39320016815;4405
+39320016817;4027
+39320016819;279
+39320016821;3374
+39320016823;1527
+39320016825;2970
+39320016827;3819
+39320016829;4934
+39320016831;4835
+39320016833;4723
+39320016835;2763
+39320016837;2897
+39320016839;2216
+39320016841;1735
+39320016843;1459
+39320016845;4057
+39320016847;2349
+39320016849;5610
+39320016851;3730
+39320016853;1359
+39320016855;3823
+39320016857;4894
+39320016859;4150
+39320016861;3278
+39320016863;2400
+39320016865;5960
+39320016867;672
+39320016869;3210
+39320016871;5660
+39320016873;5469
+39320016875;3688
+39320016877;4117
+39320016879;4226
+39320016881;850
+39320016883;1692
+39320016885;2867
+39320016887;4755
+39320016889;1702
+39320016891;2982
+39320016893;1346
+39320016895;3813
+39320016897;362
+39320016899;4294
+39320016901;3256
+39320016903;5154
+39320016905;2282
+39320016907;4992
+39320016909;2050
+39320016911;2283
+39320016913;5840
+39320016915;858
+39320016917;3001
+39320016919;2547
+39320016921;4796
+39320016923;5395
+39320016925;3840
+39320016927;989
+39320016929;2439
+39320016931;634
+39320016933;5018
+39320016935;285
+39320016937;5483
+39320016939;413
+39320016941;5002
+39320016943;5423
+39320016945;5318
+39320016947;2158
+39320016949;4808
+39320016951;2172
+39320016953;3808
+39320016955;1367
+39320016957;3395
+39320016959;269
+39320016961;1684
+39320016963;1379
+39320016965;3695
+39320016967;2246
+39320016969;2199
+39320016971;3254
+39320016973;4401
+39320016975;2926
+39320016977;696
+39320016979;256
+39320016981;2623
+39320016983;5996
+39320016985;1524
+39320016987;3974
+39320016989;945
+39320016991;4025
+39320016993;934
+39320016995;4937
+39320016997;5583
+39320016999;4765
+39320017001;4889
+39320017003;1143
+39320017005;1071
+39320017007;4971
+39320017009;2852
+39320017011;2107
+39320017013;3629
+39320017015;3919
+39320017017;3197
+39320017019;3319
+39320017021;3969
+39320017023;5487
+39320017025;2982
+39320017027;4263
+39320017029;1929
+39320017031;115
+39320017033;4584
+39320017035;5430
+39320017037;4208
+39320017039;1593
+39320017041;1787
+39320017043;5206
+39320017045;5197
+39320017047;3187
+39320017049;3324
+39320017051;4240
+39320017053;181
+39320017055;3024
+39320017057;1954
+39320017059;405
+39320017061;1172
+39320017063;2986
+39320017065;1652
+39320017067;5398
+39320017069;2301
+39320017071;46
+39320017073;4590
+39320017075;1819
+39320017077;712
+39320017079;5588
+39320017081;3868
+39320017083;1446
+39320017085;4659
+39320017087;1437
+39320017089;5613
+39320017091;5929
+39320017093;5096
+39320017095;4674
+39320017097;1292
+39320017099;3412
+39320017101;1031
+39320017103;5971
+39320017105;2019
+39320017107;5988
+39320017109;4184
+39320017111;2534
+39320017113;3861
+39320017115;4219
+39320017117;5054
+39320017119;5011
+39320017121;5166
+39320017123;3411
+39320017125;5445
+39320017127;4829
+39320017129;252
+39320017131;4598
+39320017133;2152
+39320017135;1702
+39320017137;5924
+39320017139;1200
+39320017141;2475
+39320017143;1040
+39320017145;2944
+39320017147;1114
+39320017149;1905
+39320017151;5648
+39320017153;5784
+39320017155;1518
+39320017157;834
+39320017159;2853
+39320017161;2622
+39320017163;789
+39320017165;4738
+39320017167;1522
+39320017169;3625
+39320017171;791
+39320017173;5448
+39320017175;5753
+39320017177;561
+39320017179;4478
+39320017181;2426
+39320017183;2662
+39320017185;1841
+39320017187;3483
+39320017189;5910
+39320017191;2793
+39320017193;2651
+39320017195;5254
+39320017197;3236
+39320017199;3923
+39320017201;5572
+39320017203;702
+39320017205;1102
+39320017207;3714
+39320017209;4696
+39320017211;5814
+39320017213;2155
+39320017215;2700
+39320017217;444
+39320017219;1780
+39320017221;5693
+39320017223;4166
+39320017225;518
+39320017227;3752
+39320017229;3444
+39320017231;2954
+39320017233;5068
+39320017235;4755
+39320017237;4890
+39320017239;3378
+39320017241;3325
+39320017243;1505
+39320017245;3098
+39320017247;2509
+39320017249;4696
+39320017251;2846
+39320017253;2370
+39320017255;5461
+39320017257;2203
+39320017259;5569
+39320017261;1270
+39320017263;848
+39320017265;1272
+39320017267;980
+39320017269;3845
+39320017271;5801
+39320017273;1211
+39320017275;809
+39320017277;5568
+39320017279;5289
+39320017281;5870
+39320017283;3928
+39320017285;4204
+39320017287;5590
+39320017289;1905
+39320017291;1671
+39320017293;2676
+39320017295;5420
+39320017297;2992
+39320017299;5969
+39320017301;120
+39320017303;1685
+39320017305;3882
+39320017307;2444
+39320017309;2642
+39320017311;1782
+39320017313;3493
+39320017315;5505
+39320017317;1844
+39320017319;3600
+39320017321;4959
+39320017323;5183
+39320017325;3118
+39320017327;1602
+39320017329;2139
+39320017331;697
+39320017333;2133
+39320017335;1729
+39320017337;5234
+39320017339;1362
+39320017341;882
+39320017343;3360
+39320017345;1152
+39320017347;1205
+39320017349;4418
+39320017351;5283
+39320017353;5946
+39320017355;4514
+39320017357;1423
+39320017359;2487
+39320017361;970
+39320017363;3421
+39320017365;5625
+39320017367;4621
+39320017369;4212
+39320017371;3499
+39320017373;3024
+39320017375;4889
+39320017377;874
+39320017379;2639
+39320017381;3426
+39320017383;1640
+39320017385;4237
+39320017387;909
+39320017389;3393
+39320017391;2382
+39320017393;669
+39320017395;3517
+39320017397;2610
+39320017399;1855
+39320017401;162
+39320017403;5473
+39320017405;1940
+39320017407;640
+39320017409;5740
+39320017411;33
+39320017413;3070
+39320017415;639
+39320017417;3714
+39320017419;4872
+39320017421;3
+39320017423;3177
+39320017425;3695
+39320017427;4866
+39320017429;1153
+39320017431;2235
+39320017433;3522
+39320017435;1600
+39320017437;866
+39320017439;3635
+39320017441;5183
+39320017443;5648
+39320017445;3154
+39320017447;4025
+39320017449;116
+39320017451;958
+39320017453;1178
+39320017455;2822
+39320017457;988
+39320017459;2743
+39320017461;9
+39320017463;842
+39320017465;2416
+39320017467;4435
+39320017469;2227
+39320017471;4939
+39320017473;1029
+39320017475;3905
+39320017477;2831
+39320017479;4824
+39320017481;4766
+39320017483;2113
+39320017485;5407
+39320017487;5050
+39320017489;1610
+39320017491;5990
+39320017493;4173
+39320017495;2638
+39320017497;4283
+39320017499;949
+39320017501;1217
+39320017503;3502
+39320017505;1770
+39320017507;2528
+39320017509;2940
+39320017511;5596
+39320017513;5059
+39320017515;4968
+39320017517;3818
+39320017519;4196
+39320017521;3209
+39320017523;5386
+39320017525;1161
+39320017527;5301
+39320017529;2209
+39320017531;5671
+39320017533;3448
+39320017535;4117
+39320017537;629
+39320017539;949
+39320017541;3581
+39320017543;1738
+39320017545;2805
+39320017547;2726
+39320017549;1599
+39320017551;3025
+39320017553;3481
+39320017555;4271
+39320017557;4116
+39320017559;1052
+39320017561;4408
+39320017563;500
+39320017565;5988
+39320017567;1232
+39320017569;2664
+39320017571;2266
+39320017573;4754
+39320017575;5048
+39320017577;1796
+39320017579;4636
+39320017581;2157
+39320017583;583
+39320017585;2539
+39320017587;271
+39320017589;3789
+39320017591;1204
+39320017593;1168
+39320017595;2955
+39320017597;270
+39320017599;3031
+39320017601;5486
+39320017603;5215
+39320017605;161
+39320017607;2060
+39320017609;3530
+39320017611;1896
+39320017613;3709
+39320017615;5397
+39320017617;4672
+39320017619;4001
+39320017621;5464
+39320017623;4774
+39320017625;5767
+39320017627;806
+39320017629;2317
+39320017631;1389
+39320017633;1871
+39320017635;3343
+39320017637;5950
+39320017639;969
+39320017641;512
+39320017643;4205
+39320017645;1241
+39320017647;4813
+39320017649;2602
+39320017651;5734
+39320017653;232
+39320017655;4793
+39320017657;366
+39320017659;767
+39320017661;2103
+39320017663;3651
+39320017665;4687
+39320017667;2846
+39320017669;2637
+39320017671;3945
+39320017673;5687
+39320017675;2068
+39320017677;4051
+39320017679;5752
+39320017681;2566
+39320017683;4457
+39320017685;1117
+39320017687;1899
+39320017689;2012
+39320017691;5198
+39320017693;2519
+39320017695;3394
+39320017697;4675
+39320017699;1697
+39320017701;4599
+39320017703;434
+39320017705;2413
+39320017707;337
+39320017709;401
+39320017711;2086
+39320017713;2154
+39320017715;336
+39320017717;5233
+39320017719;1991
+39320017721;2381
+39320017723;972
+39320017725;5593
+39320017727;5122
+39320017729;1670
+39320017731;5630
+39320017733;5805
+39320017735;5763
+39320017737;3718
+39320017739;5895
+39320017741;818
+39320017743;4352
+39320017745;3136
+39320017747;3553
+39320017749;4661
+39320017751;1800
+39320017753;3081
+39320017755;5200
+39320017757;929
+39320017759;5418
+39320017761;223
+39320017763;497
+39320017765;1929
+39320017767;4563
+39320017769;3269
+39320017771;5569
+39320017773;51
+39320017775;1150
+39320017777;5489
+39320017779;3684
+39320017781;2592
+39320017783;2930
+39320017785;2215
+39320017787;569
+39320017789;5583
+39320017791;2391
+39320017793;3697
+39320017795;4287
+39320017797;4848
+39320017799;5745
+39320017801;2508
+39320017803;5435
+39320017805;4114
+39320017807;5103
+39320017809;1847
+39320017811;5191
+39320017813;616
+39320017815;82
+39320017817;4927
+39320017819;5364
+39320017821;5528
+39320017823;3926
+39320017825;3082
+39320017827;5036
+39320017829;4721
+39320017831;734
+39320017833;5881
+39320017835;1803
+39320017837;4257
+39320017839;3145
+39320017841;2621
+39320017843;2420
+39320017845;429
+39320017847;5670
+39320017849;3188
+39320017851;5044
+39320017853;1403
+39320017855;4565
+39320017857;2826
+39320017859;1494
+39320017861;13
+39320017863;916
+39320017865;5729
+39320017867;5673
+39320017869;5568
+39320017871;2540
+39320017873;2524
+39320017875;2539
+39320017877;1156
+39320017879;2220
+39320017881;858
+39320017883;5663
+39320017885;3819
+39320017887;1546
+39320017889;1393
+39320017891;5338
+39320017893;2688
+39320017895;447
+39320017897;2057
+39320017899;5137
+39320017901;4338
+39320017903;609
+39320017905;1710
+39320017907;5661
+39320017909;5923
+39320017911;5242
+39320017913;4163
+39320017915;448
+39320017917;4894
+39320017919;4877
+39320017921;3670
+39320017923;2926
+39320017925;937
+39320017927;1758
+39320017929;5272
+39320017931;4974
+39320017933;5367
+39320017935;1702
+39320017937;1480
+39320017939;847
+39320017941;3517
+39320017943;4362
+39320017945;1427
+39320017947;1345
+39320017949;3423
+39320017951;1703
+39320017953;2985
+39320017955;5873
+39320017957;1450
+39320017959;3010
+39320017961;2870
+39320017963;523
+39320017965;1401
+39320017967;5942
+39320017969;4900
+39320017971;4643
+39320017973;2432
+39320017975;2445
+39320017977;1704
+39320017979;3502
+39320017981;3701
+39320017983;5816
+39320017985;1436
+39320017987;3419
+39320017989;4161
+39320017991;3509
+39320017993;4077
+39320017995;4780
+39320017997;5439
+39320017999;4068
+39320018001;36
+39320018003;4593
+39320018005;2992
+39320018007;428
+39320018009;4907
+39320018011;4760
+39320018013;2294
+39320018015;545
+39320018017;4799
+39320018019;2564
+39320018021;2714
+39320018023;3738
+39320018025;1357
+39320018027;3095
+39320018029;4092
+39320018031;379
+39320018033;4468
+39320018035;2452
+39320018037;3336
+39320018039;5673
+39320018041;3192
+39320018043;5768
+39320018045;1503
+39320018047;259
+39320018049;837
+39320018051;3806
+39320018053;5158
+39320018055;226
+39320018057;1293
+39320018059;1431
+39320018061;1836
+39320018063;1429
+39320018065;5504
+39320018067;2174
+39320018069;3131
+39320018071;1101
+39320018073;3096
+39320018075;5889
+39320018077;2405
+39320018079;2159
+39320018081;3860
+39320018083;2581
+39320018085;1077
+39320018087;2693
+39320018089;4590
+39320018091;5981
+39320018093;2565
+39320018095;5177
+39320018097;1859
+39320018099;5412
+39320018101;4989
+39320018103;4939
+39320018105;545
+39320018107;2846
+39320018109;2852
+39320018111;5284
+39320018113;5835
+39320018115;1093
+39320018117;3878
+39320018119;2635
+39320018121;57
+39320018123;361
+39320018125;735
+39320018127;2473
+39320018129;3747
+39320018131;518
+39320018133;2352
+39320018135;3467
+39320018137;3470
+39320018139;4624
+39320018141;5881
+39320018143;440
+39320018145;23
+39320018147;2639
+39320018149;3190
+39320018151;835
+39320018153;3705
+39320018155;2205
+39320018157;5774
+39320018159;4020
+39320018161;4258
+39320018163;5508
+39320018165;2929
+39320018167;2232
+39320018169;134
+39320018171;1334
+39320018173;4169
+39320018175;735
+39320018177;1531
+39320018179;3334
+39320018181;4671
+39320018183;3811
+39320018185;1425
+39320018187;285
+39320018189;2546
+39320018191;989
+39320018193;4700
+39320018195;3028
+39320018197;3816
+39320018199;3627
+39320018201;4745
+39320018203;5385
+39320018205;5585
+39320018207;5492
+39320018209;2257
+39320018211;2990
+39320018213;1407
+39320018215;2150
+39320018217;4559
+39320018219;4922
+39320018221;2949
+39320018223;2985
+39320018225;1311
+39320018227;504
+39320018229;4776
+39320018231;1076
+39320018233;3406
+39320018235;5376
+39320018237;3068
+39320018239;5511
+39320018241;2062
+39320018243;3563
+39320018245;4290
+39320018247;4074
+39320018249;159
+39320018251;5829
+39320018253;630
+39320018255;222
+39320018257;2120
+39320018259;4803
+39320018261;3143
+39320018263;2738
+39320018265;3844
+39320018267;2137
+39320018269;1594
+39320018271;5200
+39320018273;1641
+39320018275;2937
+39320018277;4193
+39320018279;2200
+39320018281;696
+39320018283;4428
+39320018285;5789
+39320018287;22
+39320018289;4225
+39320018291;5425
+39320018293;5775
+39320018295;982
+39320018297;1914
+39320018299;4997
+39320018301;5476
+39320018303;1707
+39320018305;2178
+39320018307;2256
+39320018309;3622
+39320018311;3811
+39320018313;805
+39320018315;4122
+39320018317;4929
+39320018319;2012
+39320018321;3975
+39320018323;5048
+39320018325;4199
+39320018327;1572
+39320018329;1410
+39320018331;413
+39320018333;1160
+39320018335;443
+39320018337;4252
+39320018339;5867
+39320018341;2605
+39320018343;4020
+39320018345;4602
+39320018347;2092
+39320018349;3897
+39320018351;281
+39320018353;1156
+39320018355;2791
+39320018357;4843
+39320018359;5761
+39320018361;5177
+39320018363;2413
+39320018365;2252
+39320018367;4084
+39320018369;1019
+39320018371;5353
+39320018373;1828
+39320018375;783
+39320018377;4032
+39320018379;1717
+39320018381;1836
+39320018383;485
+39320018385;5468
+39320018387;1397
+39320018389;5235
+39320018391;1828
+39320018393;2846
+39320018395;1905
+39320018397;1337
+39320018399;384
+39320018401;2741
+39320018403;5023
+39320018405;5643
+39320018407;3427
+39320018409;2357
+39320018411;666
+39320018413;3700
+39320018415;438
+39320018417;356
+39320018419;866
+39320018421;2194
+39320018423;5377
+39320018425;2330
+39320018427;5211
+39320018429;1745
+39320018431;4710
+39320018433;5702
+39320018435;5928
+39320018437;5185
+39320018439;859
+39320018441;2099
+39320018443;3088
+39320018445;5641
+39320018447;4751
+39320018449;4832
+39320018451;4615
+39320018453;4314
+39320018455;4796
+39320018457;2101
+39320018459;5477
+39320018461;4783
+39320018463;4864
+39320018465;2881
+39320018467;1201
+39320018469;451
+39320018471;2053
+39320018473;2511
+39320018475;5561
+39320018477;2955
+39320018479;4661
+39320018481;15
+39320018483;3147
+39320018485;2322
+39320018487;2499
+39320018489;2974
+39320018491;4233
+39320018493;2395
+39320018495;1311
+39320018497;5761
+39320018499;4184
+39320018501;3226
+39320018503;2605
+39320018505;4589
+39320018507;203
+39320018509;673
+39320018511;4571
+39320018513;626
+39320018515;4882
+39320018517;3578
+39320018519;5058
+39320018521;2787
+39320018523;1792
+39320018525;3995
+39320018527;1085
+39320018529;3615
+39320018531;2965
+39320018533;1241
+39320018535;946
+39320018537;2599
+39320018539;12
+39320018541;4317
+39320018543;2253
+39320018545;1524
+39320018547;1125
+39320018549;3729
+39320018551;356
+39320018553;563
+39320018555;2830
+39320018557;3911
+39320018559;5527
+39320018561;3519
+39320018563;1922
+39320018565;4949
+39320018567;5136
+39320018569;4010
+39320018571;1718
+39320018573;3054
+39320018575;5
+39320018577;4337
+39320018579;5244
+39320018581;2919
+39320018583;4473
+39320018585;1468
+39320018587;1854
+39320018589;717
+39320018591;2303
+39320018593;3027
+39320018595;5957
+39320018597;4287
+39320018599;4156
+39320018601;5644
+39320018603;5816
+39320018605;4323
+39320018607;816
+39320018609;4928
+39320018611;1485
+39320018613;4070
+39320018615;5822
+39320018617;2337
+39320018619;5263
+39320018621;2090
+39320018623;5390
+39320018625;5373
+39320018627;2614
+39320018629;2528
+39320018631;2324
+39320018633;3717
+39320018635;4880
+39320018637;5123
+39320018639;413
+39320018641;4629
+39320018643;1767
+39320018645;1215
+39320018647;1605
+39320018649;261
+39320018651;5020
+39320018653;5576
+39320018655;3764
+39320018657;3081
+39320018659;1095
+39320018661;1862
+39320018663;4225
+39320018665;5447
+39320018667;1398
+39320018669;3933
+39320018671;4692
+39320018673;3980
+39320018675;1108
+39320018677;1368
+39320018679;5074
+39320018681;4817
+39320018683;4916
+39320018685;408
+39320018687;913
+39320018689;4121
+39320018691;5398
+39320018693;1333
+39320018695;2382
+39320018697;2948
+39320018699;305
+39320018701;4673
+39320018703;631
+39320018705;4427
+39320018707;737
+39320018709;4632
+39320018711;4151
+39320018713;874
+39320018715;2935
+39320018717;461
+39320018719;4381
+39320018721;3050
+39320018723;170
+39320018725;3823
+39320018727;484
+39320018729;1035
+39320018731;3186
+39320018733;3861
+39320018735;200
+39320018737;158
+39320018739;3366
+39320018741;2857
+39320018743;2557
+39320018745;3889
+39320018747;1939
+39320018749;3694
+39320018751;746
+39320018753;4479
+39320018755;2999
+39320018757;3181
+39320018759;388
+39320018761;877
+39320018763;637
+39320018765;1572
+39320018767;3887
+39320018769;2705
+39320018771;764
+39320018773;5437
+39320018775;256
+39320018777;1684
+39320018779;5898
+39320018781;1263
+39320018783;1904
+39320018785;2973
+39320018787;3722
+39320018789;4562
+39320018791;1428
+39320018793;1311
+39320018795;1248
+39320018797;2670
+39320018799;3222
+39320018801;5766
+39320018803;4049
+39320018805;629
+39320018807;755
+39320018809;2899
+39320018811;438
+39320018813;2771
+39320018815;2311
+39320018817;1671
+39320018819;2094
+39320018821;3701
+39320018823;1029
+39320018825;5717
+39320018827;605
+39320018829;5275
+39320018831;97
+39320018833;2913
+39320018835;2747
+39320018837;1169
+39320018839;1398
+39320018841;2949
+39320018843;3496
+39320018845;1206
+39320018847;4950
+39320018849;430
+39320018851;1879
+39320018853;5057
+39320018855;5365
+39320018857;327
+39320018859;1548
+39320018861;4190
+39320018863;1819
+39320018865;3507
+39320018867;2850
+39320018869;2811
+39320018871;4637
+39320018873;1516
+39320018875;785
+39320018877;5236
+39320018879;5585
+39320018881;1503
+39320018883;765
+39320018885;5542
+39320018887;1750
+39320018889;3811
+39320018891;498
+39320018893;3406
+39320018895;219
+39320018897;4192
+39320018899;4319
+39320018901;3024
+39320018903;4117
+39320018905;1838
+39320018907;2627
+39320018909;4602
+39320018911;5021
+39320018913;4629
+39320018915;5827
+39320018917;1089
+39320018919;2395
+39320018921;5177
+39320018923;473
+39320018925;2484
+39320018927;4343
+39320018929;3911
+39320018931;4219
+39320018933;4052
+39320018935;4325
+39320018937;5675
+39320018939;3711
+39320018941;5250
+39320018943;3942
+39320018945;2600
+39320018947;4190
+39320018949;4341
+39320018951;3310
+39320018953;4279
+39320018955;4877
+39320018957;887
+39320018959;4935
+39320018961;5565
+39320018963;1300
+39320018965;3381
+39320018967;5289
+39320018969;4609
+39320018971;1264
+39320018973;1401
+39320018975;864
+39320018977;69
+39320018979;5965
+39320018981;3015
+39320018983;5248
+39320018985;2606
+39320018987;4583
+39320018989;2874
+39320018991;3000
+39320018993;1483
+39320018995;5884
+39320018997;625
+39320018999;5170
+39320019001;2363
+39320019003;3337
+39320019005;887
+39320019007;3951
+39320019009;4623
+39320019011;5378
+39320019013;5388
+39320019015;3501
+39320019017;4346
+39320019019;3175
+39320019021;5898
+39320019023;5809
+39320019025;5923
+39320019027;4844
+39320019029;580
+39320019031;3736
+39320019033;1553
+39320019035;2035
+39320019037;3969
+39320019039;3767
+39320019041;2166
+39320019043;3759
+39320019045;4521
+39320019047;5718
+39320019049;1770
+39320019051;864
+39320019053;4678
+39320019055;3665
+39320019057;1387
+39320019059;3389
+39320019061;690
+39320019063;3274
+39320019065;5339
+39320019067;3855
+39320019069;13
+39320019071;3784
+39320019073;4207
+39320019075;3034
+39320019077;5644
+39320019079;3123
+39320019081;584
+39320019083;3095
+39320019085;4314
+39320019087;1996
+39320019089;335
+39320019091;510
+39320019093;821
+39320019095;1226
+39320019097;1084
+39320019099;1386
+39320019101;4584
+39320019103;5030
+39320019105;784
+39320019107;292
+39320019109;627
+39320019111;4473
+39320019113;3103
+39320019115;2200
+39320019117;916
+39320019119;3129
+39320019121;3574
+39320019123;3906
+39320019125;324
+39320019127;900
+39320019129;2497
+39320019131;3486
+39320019133;1470
+39320019135;1243
+39320019137;4648
+39320019139;1106
+39320019141;4833
+39320019143;4152
+39320019145;995
+39320019147;1194
+39320019149;3970
+39320019151;1277
+39320019153;2074
+39320019155;4874
+39320019157;2677
+39320019159;1286
+39320019161;1283
+39320019163;685
+39320019165;5434
+39320019167;1162
+39320019169;2157
+39320019171;412
+39320019173;3822
+39320019175;5060
+39320019177;2692
+39320019179;1397
+39320019181;2063
+39320019183;1133
+39320019185;2007
+39320019187;1469
+39320019189;5402
+39320019191;2624
+39320019193;3626
+39320019195;1023
+39320019197;1591
+39320019199;1266
+39320019201;738
+39320019203;5043
+39320019205;1067
+39320019207;867
+39320019209;3402
+39320019211;5996
+39320019213;3786
+39320019215;4243
+39320019217;1457
+39320019219;4007
+39320019221;4087
+39320019223;5037
+39320019225;2451
+39320019227;1887
+39320019229;4739
+39320019231;3419
+39320019233;3679
+39320019235;3579
+39320019237;3099
+39320019239;1283
+39320019241;5808
+39320019243;3556
+39320019245;2554
+39320019247;4900
+39320019249;5221
+39320019251;5855
+39320019253;3399
+39320019255;4877
+39320019257;2105
+39320019259;2627
+39320019261;2168
+39320019263;3334
+39320019265;3783
+39320019267;966
+39320019269;5187
+39320019271;2822
+39320019273;1370
+39320019275;4767
+39320019277;1429
+39320019279;3803
+39320019281;1196
+39320019283;1421
+39320019285;3093
+39320019287;2624
+39320019289;4376
+39320019291;1049
+39320019293;2499
+39320019295;2372
+39320019297;5640
+39320019299;5144
+39320019301;480
+39320019303;5976
+39320019305;228
+39320019307;820
+39320019309;1914
+39320019311;2673
+39320019313;4615
+39320019315;1648
+39320019317;4531
+39320019319;1761
+39320019321;2038
+39320019323;2727
+39320019325;1788
+39320019327;3417
+39320019329;1326
+39320019331;4291
+39320019333;3402
+39320019335;3967
+39320019337;2484
+39320019339;5196
+39320019341;43
+39320019343;1811
+39320019345;5036
+39320019347;926
+39320019349;5206
+39320019351;3249
+39320019353;5009
+39320019355;2993
+39320019357;3947
+39320019359;813
+39320019361;730
+39320019363;647
+39320019365;4328
+39320019367;3116
+39320019369;1735
+39320019371;1993
+39320019373;1314
+39320019375;926
+39320019377;3790
+39320019379;3317
+39320019381;4725
+39320019383;3083
+39320019385;4916
+39320019387;5223
+39320019389;3023
+39320019391;4960
+39320019393;1123
+39320019395;3036
+39320019397;5370
+39320019399;4560
+39320019401;508
+39320019403;4737
+39320019405;2415
+39320019407;290
+39320019409;3998
+39320019411;115
+39320019413;2751
+39320019415;2368
+39320019417;5269
+39320019419;1545
+39320019421;5184
+39320019423;3134
+39320019425;1351
+39320019427;3647
+39320019429;1854
+39320019431;822
+39320019433;2019
+39320019435;503
+39320019437;1873
+39320019439;4120
+39320019441;3897
+39320019443;2263
+39320019445;1523
+39320019447;2390
+39320019449;1808
+39320019451;3083
+39320019453;2107
+39320019455;917
+39320019457;1628
+39320019459;1652
+39320019461;5962
+39320019463;518
+39320019465;2461
+39320019467;1100
+39320019469;5949
+39320019471;2563
+39320019473;418
+39320019475;2329
+39320019477;2126
+39320019479;4783
+39320019481;2752
+39320019483;4163
+39320019485;3967
+39320019487;1326
+39320019489;2733
+39320019491;3753
+39320019493;4553
+39320019495;4449
+39320019497;2357
+39320019499;5668
+39320019501;5964
+39320019503;2290
+39320019505;174
+39320019507;2459
+39320019509;5006
+39320019511;897
+39320019513;3876
+39320019515;2635
+39320019517;3045
+39320019519;5315
+39320019521;2837
+39320019523;5078
+39320019525;3148
+39320019527;3531
+39320019529;1760
+39320019531;2772
+39320019533;5988
+39320019535;266
+39320019537;5151
+39320019539;5360
+39320019541;2877
+39320019543;4872
+39320019545;5396
+39320019547;5239
+39320019549;5678
+39320019551;3993
+39320019553;1787
+39320019555;2939
+39320019557;2966
+39320019559;4009
+39320019561;1007
+39320019563;778
+39320019565;958
+39320019567;2875
+39320019569;1946
+39320019571;2988
+39320019573;3369
+39320019575;2408
+39320019577;5177
+39320019579;2759
+39320019581;3512
+39320019583;2551
+39320019585;4058
+39320019587;3896
+39320019589;560
+39320019591;5604
+39320019593;1767
+39320019595;5704
+39320019597;5577
+39320019599;462
+39320019601;2282
+39320019603;1426
+39320019605;1302
+39320019607;3964
+39320019609;3477
+39320019611;1631
+39320019613;1655
+39320019615;3526
+39320019617;1263
+39320019619;4910
+39320019621;4500
+39320019623;4370
+39320019625;5764
+39320019627;2402
+39320019629;5690
+39320019631;2707
+39320019633;1820
+39320019635;3602
+39320019637;386
+39320019639;3601
+39320019641;2897
+39320019643;3144
+39320019645;4856
+39320019647;5256
+39320019649;4477
+39320019651;3242
+39320019653;4631
+39320019655;2386
+39320019657;2339
+39320019659;1938
+39320019661;686
+39320019663;3125
+39320019665;5795
+39320019667;2557
+39320019669;1393
+39320019671;1025
+39320019673;338
+39320019675;5678
+39320019677;80
+39320019679;3349
+39320019681;1891
+39320019683;1002
+39320019685;1406
+39320019687;5399
+39320019689;2900
+39320019691;1632
+39320019693;506
+39320019695;1969
+39320019697;4223
+39320019699;643
+39320019701;2383
+39320019703;5583
+39320019705;2219
+39320019707;1628
+39320019709;3802
+39320019711;2760
+39320019713;3692
+39320019715;3841
+39320019717;992
+39320019719;2404
+39320019721;2837
+39320019723;4107
+39320019725;3288
+39320019727;1433
+39320019729;1816
+39320019731;1984
+39320019733;1612
+39320019735;3741
+39320019737;3795
+39320019739;3110
+39320019741;456
+39320019743;478
+39320019745;2757
+39320019747;5890
+39320019749;3503
+39320019751;3166
+39320019753;5519
+39320019755;4223
+39320019757;5831
+39320019759;670
+39320019761;3447
+39320019763;3356
+39320019765;1713
+39320019767;2086
+39320019769;878
+39320019771;2127
+39320019773;5509
+39320019775;5524
+39320019777;2129
+39320019779;3571
+39320019781;4217
+39320019783;2607
+39320019785;3176
+39320019787;43
+39320019789;4523
+39320019791;1272
+39320019793;4207
+39320019795;3174
+39320019797;4351
+39320019799;997
+39320019801;5823
+39320019803;5172
+39320019805;3905
+39320019807;778
+39320019809;4716
+39320019811;4579
+39320019813;866
+39320019815;4376
+39320019817;4947
+39320019819;3385
+39320019821;797
+39320019823;606
+39320019825;2965
+39320019827;65
+39320019829;262
+39320019831;3531
+39320019833;5600
+39320019835;1025
+39320019837;1074
+39320019839;708
+39320019841;5620
+39320019843;1841
+39320019845;879
+39320019847;3307
+39320019849;2760
+39320019851;658
+39320019853;4007
+39320019855;1689
+39320019857;5032
+39320019859;3775
+39320019861;4664
+39320019863;1960
+39320019865;5842
+39320019867;4005
+39320019869;3495
+39320019871;2823
+39320019873;2023
+39320019875;3465
+39320019877;512
+39320019879;4248
+39320019881;2625
+39320019883;3472
+39320019885;2765
+39320019887;1757
+39320019889;3733
+39320019891;783
+39320019893;2063
+39320019895;1591
+39320019897;4382
+39320019899;1599
+39320019901;1919
+39320019903;192
+39320019905;2320
+39320019907;5845
+39320019909;4855
+39320019911;5199
+39320019913;3612
+39320019915;2470
+39320019917;2422
+39320019919;2582
+39320019921;2072
+39320019923;941
+39320019925;4001
+39320019927;4568
+39320019929;866
+39320019931;2702
+39320019933;4178
+39320019935;4010
+39320019937;2289
+39320019939;2878
+39320019941;533
+39320019943;1703
+39320019945;5450
+39320019947;441
+39320019949;5429
+39320019951;5679
+39320019953;4609
+39320019955;5650
+39320019957;4468
+39320019959;2183
+39320019961;4030
+39320019963;2522
+39320019965;2780
+39320019967;5252
+39320019969;5702
+39320019971;5243
+39320019973;714
+39320019975;3019
+39320019977;1108
+39320019979;5938
+39320019981;5085
+39320019983;3453
+39320019985;3003
+39320019987;1286
+39320019989;349
+39320019991;4086
+39320019993;1935
+39320019995;1909
+39320019997;3079
+39320019999;5571
