codiceSIM;tipoSIM
SIM00000001;eSIM
SIM00000002;eSIM
SIM00000003;nanoSIM
SIM00000004;nanoSIM
SIM00000005;eSIM
SIM00000006;microSIM
SIM00000007;standard
SIM00000008;nanoSIM
SIM00000009;nanoSIM
SIM00000010;microSIM
SIM00000011;nanoSIM
SIM00000012;nanoSIM
SIM00000013;microSIM
SIM00000014;eSIM
SIM00000015;nanoSIM
SIM00000016;microSIM
SIM00000017;eSIM
SIM00000018;microSIM
SIM00000019;standard
SIM00000020;nanoSIM
SIM00000021;standard
SIM00000022;microSIM
SIM00000023;microSIM
SIM00000024;nanoSIM
SIM00000025;microSIM
SIM00000026;nanoSIM
SIM00000027;nanoSIM
SIM00000028;standard
SIM00000029;standard
SIM00000030;standard
SIM00000031;eSIM
SIM00000032;standard
SIM00000033;eSIM
SIM00000034;nanoSIM
SIM00000035;eSIM
SIM00000036;standard
SIM00000037;standard
SIM00000038;standard
SIM00000039;eSIM
SIM00000040;eSIM
SIM00000041;standard
SIM00000042;eSIM
SIM00000043;standard
SIM00000044;standard
SIM00000045;nanoSIM
SIM00000046;nanoSIM
SIM00000047;eSIM
SIM00000048;nanoSIM
SIM00000049;standard
SIM00000050;eSIM
SIM00000051;standard
SIM00000052;nanoSIM
SIM00000053;nanoSIM
SIM00000054;standard
SIM00000055;microSIM
SIM00000056;microSIM
SIM00000057;eSIM
SIM00000058;nanoSIM
SIM00000059;nanoSIM
SIM00000060;microSIM
SIM00000061;microSIM
SIM00000062;standard
SIM00000063;standard
SIM00000064;standard
SIM00000065;standard
SIM00000066;eSIM
SIM00000067;microSIM
SIM00000068;nanoSIM
SIM00000069;nanoSIM
SIM00000070;microSIM
SIM00000071;microSIM
SIM00000072;standard
SIM00000073;eSIM
SIM00000074;nanoSIM
SIM00000075;microSIM
SIM00000076;nanoSIM
SIM00000077;eSIM
SIM00000078;microSIM
SIM00000079;eSIM
SIM00000080;nanoSIM
SIM00000081;nanoSIM
SIM00000082;eSIM
SIM00000083;microSIM
SIM00000084;nanoSIM
SIM00000085;standard
SIM00000086;standard
SIM00000087;eSIM
SIM00000088;nanoSIM
SIM00000089;microSIM
SIM00000090;microSIM
SIM00000091;eSIM
SIM00000092;microSIM
SIM00000093;eSIM
SIM00000094;eSIM
SIM00000095;standard
SIM00000096;standard
SIM00000097;nanoSIM
SIM00000098;microSIM
SIM00000099;standard
SIM00000100;nanoSIM
SIM00000101;nanoSIM
SIM00000102;eSIM
SIM00000103;microSIM
SIM00000104;standard
SIM00000105;nanoSIM
SIM00000106;eSIM
SIM00000107;eSIM
SIM00000108;microSIM
SIM00000109;standard
SIM00000110;standard
SIM00000111;standard
SIM00000112;nanoSIM
SIM00000113;microSIM
SIM00000114;standard
SIM00000115;standard
SIM00000116;standard
SIM00000117;standard
SIM00000118;microSIM
SIM00000119;nanoSIM
SIM00000120;microSIM
SIM00000121;eSIM
SIM00000122;eSIM
SIM00000123;eSIM
SIM00000124;standard
SIM00000125;nanoSIM
SIM00000126;eSIM
SIM00000127;microSIM
SIM00000128;nanoSIM
SIM00000129;eSIM
SIM00000130;microSIM
SIM00000131;microSIM
SIM00000132;eSIM
SIM00000133;eSIM
SIM00000134;microSIM
SIM00000135;nanoSIM
SIM00000136;microSIM
SIM00000137;nanoSIM
SIM00000138;nanoSIM
SIM00000139;eSIM
SIM00000140;nanoSIM
SIM00000141;eSIM
SIM00000142;nanoSIM
SIM00000143;nanoSIM
SIM00000144;microSIM
SIM00000145;eSIM
SIM00000146;nanoSIM
SIM00000147;standard
SIM00000148;nanoSIM
SIM00000149;microSIM
SIM00000150;standard
SIM00000151;eSIM
SIM00000152;microSIM
SIM00000153;microSIM
SIM00000154;standard
SIM00000155;microSIM
SIM00000156;microSIM
SIM00000157;nanoSIM
SIM00000158;microSIM
SIM00000159;eSIM
SIM00000160;microSIM
SIM00000161;eSIM
SIM00000162;nanoSIM
SIM00000163;eSIM
SIM00000164;standard
SIM00000165;nanoSIM
SIM00000166;standard
SIM00000167;standard
SIM00000168;microSIM
SIM00000169;nanoSIM
SIM00000170;standard
SIM00000171;standard
SIM00000172;eSIM
SIM00000173;microSIM
SIM00000174;microSIM
SIM00000175;nanoSIM
SIM00000176;nanoSIM
SIM00000177;nanoSIM
SIM00000178;standard
SIM00000179;microSIM
SIM00000180;standard
SIM00000181;eSIM
SIM00000182;microSIM
SIM00000183;nanoSIM
SIM00000184;eSIM
SIM00000185;nanoSIM
SIM00000186;standard
SIM00000187;eSIM
SIM00000188;nanoSIM
SIM00000189;standard
SIM00000190;standard
SIM00000191;microSIM
SIM00000192;nanoSIM
SIM00000193;microSIM
SIM00000194;microSIM
SIM00000195;eSIM
SIM00000196;nanoSIM
SIM00000197;eSIM
SIM00000198;standard
SIM00000199;nanoSIM
SIM00000200;standard
SIM00000201;eSIM
SIM00000202;nanoSIM
SIM00000203;standard
SIM00000204;standard
SIM00000205;microSIM
SIM00000206;standard
SIM00000207;nanoSIM
SIM00000208;eSIM
SIM00000209;eSIM
SIM00000210;standard
SIM00000211;nanoSIM
SIM00000212;standard
SIM00000213;eSIM
SIM00000214;standard
SIM00000215;standard
SIM00000216;microSIM
SIM00000217;microSIM
SIM00000218;standard
SIM00000219;eSIM
SIM00000220;standard
SIM00000221;standard
SIM00000222;nanoSIM
SIM00000223;standard
SIM00000224;nanoSIM
SIM00000225;microSIM
SIM00000226;nanoSIM
SIM00000227;microSIM
SIM00000228;nanoSIM
SIM00000229;standard
SIM00000230;standard
SIM00000231;standard
SIM00000232;nanoSIM
SIM00000233;standard
SIM00000234;nanoSIM
SIM00000235;nanoSIM
SIM00000236;microSIM
SIM00000237;microSIM
SIM00000238;standard
SIM00000239;standard
SIM00000240;microSIM
SIM00000241;eSIM
SIM00000242;eSIM
SIM00000243;eSIM
SIM00000244;microSIM
SIM00000245;standard
SIM00000246;eSIM
SIM00000247;microSIM
SIM00000248;nanoSIM
SIM00000249;nanoSIM
SIM00000250;microSIM
SIM00000251;standard
SIM00000252;nanoSIM
SIM00000253;standard
SIM00000254;eSIM
SIM00000255;standard
SIM00000256;eSIM
SIM00000257;eSIM
SIM00000258;nanoSIM
SIM00000259;standard
SIM00000260;eSIM
SIM00000261;standard
SIM00000262;eSIM
SIM00000263;microSIM
SIM00000264;microSIM
SIM00000265;nanoSIM
SIM00000266;microSIM
SIM00000267;microSIM
SIM00000268;microSIM
SIM00000269;standard
SIM00000270;standard
SIM00000271;standard
SIM00000272;nanoSIM
SIM00000273;microSIM
SIM00000274;standard
SIM00000275;eSIM
SIM00000276;eSIM
SIM00000277;standard
SIM00000278;eSIM
SIM00000279;eSIM
SIM00000280;eSIM
SIM00000281;standard
SIM00000282;standard
SIM00000283;eSIM
SIM00000284;microSIM
SIM00000285;nanoSIM
SIM00000286;microSIM
SIM00000287;eSIM
SIM00000288;standard
SIM00000289;eSIM
SIM00000290;microSIM
SIM00000291;nanoSIM
SIM00000292;nanoSIM
SIM00000293;microSIM
SIM00000294;microSIM
SIM00000295;microSIM
SIM00000296;microSIM
SIM00000297;eSIM
SIM00000298;standard
SIM00000299;eSIM
SIM00000300;nanoSIM
SIM00000301;eSIM
SIM00000302;nanoSIM
SIM00000303;microSIM
SIM00000304;microSIM
SIM00000305;standard
SIM00000306;standard
SIM00000307;eSIM
SIM00000308;microSIM
SIM00000309;eSIM
SIM00000310;nanoSIM
SIM00000311;eSIM
SIM00000312;eSIM
SIM00000313;eSIM
SIM00000314;standard
SIM00000315;microSIM
SIM00000316;nanoSIM
SIM00000317;eSIM
SIM00000318;microSIM
SIM00000319;standard
SIM00000320;standard
SIM00000321;microSIM
SIM00000322;microSIM
SIM00000323;eSIM
SIM00000324;standard
SIM00000325;standard
SIM00000326;standard
SIM00000327;nanoSIM
SIM00000328;microSIM
SIM00000329;microSIM
SIM00000330;nanoSIM
SIM00000331;standard
SIM00000332;nanoSIM
SIM00000333;nanoSIM
SIM00000334;nanoSIM
SIM00000335;microSIM
SIM00000336;eSIM
SIM00000337;eSIM
SIM00000338;standard
SIM00000339;eSIM
SIM00000340;nanoSIM
SIM00000341;standard
SIM00000342;microSIM
SIM00000343;standard
SIM00000344;standard
SIM00000345;microSIM
SIM00000346;microSIM
SIM00000347;microSIM
SIM00000348;microSIM
SIM00000349;microSIM
SIM00000350;microSIM
SIM00000351;standard
SIM00000352;standard
SIM00000353;microSIM
SIM00000354;standard
SIM00000355;microSIM
SIM00000356;eSIM
SIM00000357;nanoSIM
SIM00000358;standard
SIM00000359;microSIM
SIM00000360;standard
SIM00000361;nanoSIM
SIM00000362;standard
SIM00000363;eSIM
SIM00000364;microSIM
SIM00000365;microSIM
SIM00000366;microSIM
SIM00000367;eSIM
SIM00000368;nanoSIM
SIM00000369;standard
SIM00000370;microSIM
SIM00000371;standard
SIM00000372;standard
SIM00000373;microSIM
SIM00000374;eSIM
SIM00000375;microSIM
SIM00000376;nanoSIM
SIM00000377;nanoSIM
SIM00000378;standard
SIM00000379;eSIM
SIM00000380;standard
SIM00000381;nanoSIM
SIM00000382;microSIM
SIM00000383;microSIM
SIM00000384;eSIM
SIM00000385;microSIM
SIM00000386;eSIM
SIM00000387;nanoSIM
SIM00000388;standard
SIM00000389;standard
SIM00000390;microSIM
SIM00000391;microSIM
SIM00000392;standard
SIM00000393;standard
SIM00000394;microSIM
SIM00000395;nanoSIM
SIM00000396;nanoSIM
SIM00000397;standard
SIM00000398;standard
SIM00000399;standard
SIM00000400;standard
SIM00000401;standard
SIM00000402;standard
SIM00000403;standard
SIM00000404;microSIM
SIM00000405;standard
SIM00000406;nanoSIM
SIM00000407;nanoSIM
SIM00000408;nanoSIM
SIM00000409;eSIM
SIM00000410;standard
SIM00000411;eSIM
SIM00000412;standard
SIM00000413;microSIM
SIM00000414;microSIM
SIM00000415;nanoSIM
SIM00000416;eSIM
SIM00000417;microSIM
SIM00000418;standard
SIM00000419;eSIM
SIM00000420;nanoSIM
SIM00000421;standard
SIM00000422;microSIM
SIM00000423;eSIM
SIM00000424;microSIM
SIM00000425;standard
SIM00000426;nanoSIM
SIM00000427;nanoSIM
SIM00000428;microSIM
SIM00000429;microSIM
SIM00000430;microSIM
SIM00000431;eSIM
SIM00000432;standard
SIM00000433;standard
SIM00000434;microSIM
SIM00000435;standard
SIM00000436;eSIM
SIM00000437;nanoSIM
SIM00000438;eSIM
SIM00000439;nanoSIM
SIM00000440;standard
SIM00000441;standard
SIM00000442;nanoSIM
SIM00000443;microSIM
SIM00000444;microSIM
SIM00000445;eSIM
SIM00000446;nanoSIM
SIM00000447;standard
SIM00000448;microSIM
SIM00000449;eSIM
SIM00000450;standard
SIM00000451;microSIM
SIM00000452;eSIM
SIM00000453;standard
SIM00000454;standard
SIM00000455;microSIM
SIM00000456;eSIM
SIM00000457;standard
SIM00000458;microSIM
SIM00000459;standard
SIM00000460;eSIM
SIM00000461;nanoSIM
SIM00000462;nanoSIM
SIM00000463;standard
SIM00000464;microSIM
SIM00000465;eSIM
SIM00000466;microSIM
SIM00000467;eSIM
SIM00000468;nanoSIM
SIM00000469;nanoSIM
SIM00000470;standard
SIM00000471;standard
SIM00000472;microSIM
SIM00000473;eSIM
SIM00000474;eSIM
SIM00000475;nanoSIM
SIM00000476;eSIM
SIM00000477;nanoSIM
SIM00000478;eSIM
SIM00000479;nanoSIM
SIM00000480;eSIM
SIM00000481;standard
SIM00000482;microSIM
SIM00000483;eSIM
SIM00000484;standard
SIM00000485;eSIM
SIM00000486;eSIM
SIM00000487;microSIM
SIM00000488;eSIM
SIM00000489;eSIM
SIM00000490;microSIM
SIM00000491;standard
SIM00000492;eSIM
SIM00000493;standard
SIM00000494;nanoSIM
SIM00000495;nanoSIM
SIM00000496;standard
SIM00000497;standard
SIM00000498;standard
SIM00000499;standard
SIM00000500;microSIM
SIM00000501;microSIM
SIM00000502;microSIM
SIM00000503;microSIM
SIM00000504;standard
SIM00000505;eSIM
SIM00000506;standard
SIM00000507;nanoSIM
SIM00000508;eSIM
SIM00000509;microSIM
SIM00000510;microSIM
SIM00000511;nanoSIM
SIM00000512;nanoSIM
SIM00000513;microSIM
SIM00000514;standard
SIM00000515;nanoSIM
SIM00000516;microSIM
SIM00000517;standard
SIM00000518;eSIM
SIM00000519;nanoSIM
SIM00000520;standard
SIM00000521;standard
SIM00000522;standard
SIM00000523;standard
SIM00000524;microSIM
SIM00000525;nanoSIM
SIM00000526;eSIM
SIM00000527;nanoSIM
SIM00000528;eSIM
SIM00000529;eSIM
SIM00000530;microSIM
SIM00000531;standard
SIM00000532;nanoSIM
SIM00000533;nanoSIM
SIM00000534;standard
SIM00000535;nanoSIM
SIM00000536;microSIM
SIM00000537;nanoSIM
SIM00000538;standard
SIM00000539;eSIM
SIM00000540;nanoSIM
SIM00000541;nanoSIM
SIM00000542;nanoSIM
SIM00000543;standard
SIM00000544;nanoSIM
SIM00000545;eSIM
SIM00000546;eSIM
SIM00000547;eSIM
SIM00000548;microSIM
SIM00000549;microSIM
SIM00000550;microSIM
SIM00000551;eSIM
SIM00000552;eSIM
SIM00000553;eSIM
SIM00000554;eSIM
SIM00000555;standard
SIM00000556;eSIM
SIM00000557;microSIM
SIM00000558;microSIM
SIM00000559;microSIM
SIM00000560;microSIM
SIM00000561;nanoSIM
SIM00000562;eSIM
SIM00000563;eSIM
SIM00000564;eSIM
SIM00000565;nanoSIM
SIM00000566;microSIM
SIM00000567;eSIM
SIM00000568;nanoSIM
SIM00000569;standard
SIM00000570;standard
SIM00000571;microSIM
SIM00000572;microSIM
SIM00000573;nanoSIM
SIM00000574;microSIM
SIM00000575;nanoSIM
SIM00000576;eSIM
SIM00000577;standard
SIM00000578;eSIM
SIM00000579;nanoSIM
SIM00000580;standard
SIM00000581;nanoSIM
SIM00000582;eSIM
SIM00000583;standard
SIM00000584;eSIM
SIM00000585;nanoSIM
SIM00000586;nanoSIM
SIM00000587;standard
SIM00000588;microSIM
SIM00000589;standard
SIM00000590;nanoSIM
SIM00000591;nanoSIM
SIM00000592;microSIM
SIM00000593;standard
SIM00000594;eSIM
SIM00000595;nanoSIM
SIM00000596;nanoSIM
SIM00000597;nanoSIM
SIM00000598;standard
SIM00000599;microSIM
SIM00000600;nanoSIM
SIM00000601;standard
SIM00000602;microSIM
SIM00000603;microSIM
SIM00000604;nanoSIM
SIM00000605;eSIM
SIM00000606;eSIM
SIM00000607;microSIM
SIM00000608;standard
SIM00000609;standard
SIM00000610;microSIM
SIM00000611;microSIM
SIM00000612;nanoSIM
SIM00000613;microSIM
SIM00000614;eSIM
SIM00000615;nanoSIM
SIM00000616;eSIM
SIM00000617;microSIM
SIM00000618;nanoSIM
SIM00000619;eSIM
SIM00000620;nanoSIM
SIM00000621;eSIM
SIM00000622;standard
SIM00000623;nanoSIM
SIM00000624;microSIM
SIM00000625;nanoSIM
SIM00000626;nanoSIM
SIM00000627;microSIM
SIM00000628;standard
SIM00000629;nanoSIM
SIM00000630;eSIM
SIM00000631;eSIM
SIM00000632;standard
SIM00000633;eSIM
SIM00000634;eSIM
SIM00000635;nanoSIM
SIM00000636;eSIM
SIM00000637;eSIM
SIM00000638;nanoSIM
SIM00000639;microSIM
SIM00000640;standard
SIM00000641;eSIM
SIM00000642;eSIM
SIM00000643;standard
SIM00000644;nanoSIM
SIM00000645;microSIM
SIM00000646;standard
SIM00000647;nanoSIM
SIM00000648;eSIM
SIM00000649;eSIM
SIM00000650;standard
SIM00000651;eSIM
SIM00000652;standard
SIM00000653;nanoSIM
SIM00000654;eSIM
SIM00000655;standard
SIM00000656;standard
SIM00000657;microSIM
SIM00000658;microSIM
SIM00000659;nanoSIM
SIM00000660;nanoSIM
SIM00000661;eSIM
SIM00000662;standard
SIM00000663;nanoSIM
SIM00000664;eSIM
SIM00000665;eSIM
SIM00000666;standard
SIM00000667;nanoSIM
SIM00000668;eSIM
SIM00000669;nanoSIM
SIM00000670;nanoSIM
SIM00000671;microSIM
SIM00000672;microSIM
SIM00000673;eSIM
SIM00000674;nanoSIM
SIM00000675;standard
SIM00000676;standard
SIM00000677;eSIM
SIM00000678;standard
SIM00000679;standard
SIM00000680;nanoSIM
SIM00000681;eSIM
SIM00000682;nanoSIM
SIM00000683;eSIM
SIM00000684;nanoSIM
SIM00000685;eSIM
SIM00000686;eSIM
SIM00000687;standard
SIM00000688;standard
SIM00000689;eSIM
SIM00000690;standard
SIM00000691;microSIM
SIM00000692;standard
SIM00000693;microSIM
SIM00000694;nanoSIM
SIM00000695;eSIM
SIM00000696;standard
SIM00000697;eSIM
SIM00000698;microSIM
SIM00000699;standard
SIM00000700;microSIM
SIM00000701;nanoSIM
SIM00000702;microSIM
SIM00000703;eSIM
SIM00000704;microSIM
SIM00000705;nanoSIM
SIM00000706;standard
SIM00000707;nanoSIM
SIM00000708;nanoSIM
SIM00000709;nanoSIM
SIM00000710;microSIM
SIM00000711;standard
SIM00000712;standard
SIM00000713;eSIM
SIM00000714;standard
SIM00000715;nanoSIM
SIM00000716;eSIM
SIM00000717;microSIM
SIM00000718;eSIM
SIM00000719;microSIM
SIM00000720;microSIM
SIM00000721;nanoSIM
SIM00000722;nanoSIM
SIM00000723;nanoSIM
SIM00000724;nanoSIM
SIM00000725;microSIM
SIM00000726;standard
SIM00000727;standard
SIM00000728;microSIM
SIM00000729;microSIM
SIM00000730;standard
SIM00000731;standard
SIM00000732;microSIM
SIM00000733;nanoSIM
SIM00000734;microSIM
SIM00000735;microSIM
SIM00000736;nanoSIM
SIM00000737;microSIM
SIM00000738;nanoSIM
SIM00000739;eSIM
SIM00000740;eSIM
SIM00000741;microSIM
SIM00000742;microSIM
SIM00000743;standard
SIM00000744;nanoSIM
SIM00000745;microSIM
SIM00000746;eSIM
SIM00000747;standard
SIM00000748;microSIM
SIM00000749;microSIM
SIM00000750;microSIM
SIM00000751;standard
SIM00000752;eSIM
SIM00000753;microSIM
SIM00000754;eSIM
SIM00000755;standard
SIM00000756;eSIM
SIM00000757;standard
SIM00000758;standard
SIM00000759;standard
SIM00000760;nanoSIM
SIM00000761;eSIM
SIM00000762;nanoSIM
SIM00000763;nanoSIM
SIM00000764;nanoSIM
SIM00000765;eSIM
SIM00000766;eSIM
SIM00000767;microSIM
SIM00000768;nanoSIM
SIM00000769;eSIM
SIM00000770;standard
SIM00000771;eSIM
SIM00000772;nanoSIM
SIM00000773;nanoSIM
SIM00000774;eSIM
SIM00000775;eSIM
SIM00000776;microSIM
SIM00000777;eSIM
SIM00000778;standard
SIM00000779;nanoSIM
SIM00000780;nanoSIM
SIM00000781;standard
SIM00000782;standard
SIM00000783;eSIM
SIM00000784;nanoSIM
SIM00000785;eSIM
SIM00000786;nanoSIM
SIM00000787;eSIM
SIM00000788;nanoSIM
SIM00000789;eSIM
SIM00000790;eSIM
SIM00000791;standard
SIM00000792;standard
SIM00000793;nanoSIM
SIM00000794;eSIM
SIM00000795;eSIM
SIM00000796;nanoSIM
SIM00000797;standard
SIM00000798;nanoSIM
SIM00000799;nanoSIM
SIM00000800;nanoSIM
SIM00000801;standard
SIM00000802;eSIM
SIM00000803;standard
SIM00000804;microSIM
SIM00000805;standard
SIM00000806;standard
SIM00000807;standard
SIM00000808;eSIM
SIM00000809;eSIM
SIM00000810;eSIM
SIM00000811;eSIM
SIM00000812;microSIM
SIM00000813;standard
SIM00000814;microSIM
SIM00000815;standard
SIM00000816;standard
SIM00000817;standard
SIM00000818;standard
SIM00000819;eSIM
SIM00000820;eSIM
SIM00000821;nanoSIM
SIM00000822;microSIM
SIM00000823;microSIM
SIM00000824;eSIM
SIM00000825;eSIM
SIM00000826;microSIM
SIM00000827;microSIM
SIM00000828;nanoSIM
SIM00000829;standard
SIM00000830;microSIM
SIM00000831;microSIM
SIM00000832;standard
SIM00000833;standard
SIM00000834;eSIM
SIM00000835;eSIM
SIM00000836;nanoSIM
SIM00000837;standard
SIM00000838;nanoSIM
SIM00000839;eSIM
SIM00000840;standard
SIM00000841;microSIM
SIM00000842;microSIM
SIM00000843;standard
SIM00000844;microSIM
SIM00000845;eSIM
SIM00000846;nanoSIM
SIM00000847;eSIM
SIM00000848;microSIM
SIM00000849;microSIM
SIM00000850;nanoSIM
SIM00000851;eSIM
SIM00000852;nanoSIM
SIM00000853;microSIM
SIM00000854;nanoSIM
SIM00000855;microSIM
SIM00000856;eSIM
SIM00000857;standard
SIM00000858;nanoSIM
SIM00000859;nanoSIM
SIM00000860;standard
SIM00000861;nanoSIM
SIM00000862;microSIM
SIM00000863;standard
SIM00000864;eSIM
SIM00000865;standard
SIM00000866;microSIM
SIM00000867;eSIM
SIM00000868;eSIM
SIM00000869;standard
SIM00000870;microSIM
SIM00000871;standard
SIM00000872;microSIM
SIM00000873;microSIM
SIM00000874;microSIM
SIM00000875;nanoSIM
SIM00000876;standard
SIM00000877;standard
SIM00000878;nanoSIM
SIM00000879;standard
SIM00000880;microSIM
SIM00000881;microSIM
SIM00000882;eSIM
SIM00000883;eSIM
SIM00000884;eSIM
SIM00000885;microSIM
SIM00000886;nanoSIM
SIM00000887;microSIM
SIM00000888;eSIM
SIM00000889;standard
SIM00000890;eSIM
SIM00000891;nanoSIM
SIM00000892;standard
SIM00000893;eSIM
SIM00000894;standard
SIM00000895;eSIM
SIM00000896;nanoSIM
SIM00000897;standard
SIM00000898;microSIM
SIM00000899;standard
SIM00000900;microSIM
SIM00000901;standard
SIM00000902;nanoSIM
SIM00000903;standard
SIM00000904;eSIM
SIM00000905;standard
SIM00000906;eSIM
SIM00000907;standard
SIM00000908;standard
SIM00000909;nanoSIM
SIM00000910;standard
SIM00000911;nanoSIM
SIM00000912;microSIM
SIM00000913;eSIM
SIM00000914;eSIM
SIM00000915;microSIM
SIM00000916;eSIM
SIM00000917;nanoSIM
SIM00000918;nanoSIM
SIM00000919;nanoSIM
SIM00000920;eSIM
SIM00000921;eSIM
SIM00000922;eSIM
SIM00000923;eSIM
SIM00000924;nanoSIM
SIM00000925;microSIM
SIM00000926;eSIM
SIM00000927;nanoSIM
SIM00000928;eSIM
SIM00000929;microSIM
SIM00000930;standard
SIM00000931;microSIM
SIM00000932;eSIM
SIM00000933;eSIM
SIM00000934;nanoSIM
SIM00000935;nanoSIM
SIM00000936;standard
SIM00000937;nanoSIM
SIM00000938;standard
SIM00000939;nanoSIM
SIM00000940;standard
SIM00000941;eSIM
SIM00000942;nanoSIM
SIM00000943;eSIM
SIM00000944;eSIM
SIM00000945;eSIM
SIM00000946;microSIM
SIM00000947;microSIM
SIM00000948;standard
SIM00000949;eSIM
SIM00000950;microSIM
SIM00000951;nanoSIM
SIM00000952;nanoSIM
SIM00000953;eSIM
SIM00000954;standard
SIM00000955;nanoSIM
SIM00000956;eSIM
SIM00000957;standard
SIM00000958;nanoSIM
SIM00000959;standard
SIM00000960;eSIM
SIM00000961;nanoSIM
SIM00000962;eSIM
SIM00000963;standard
SIM00000964;microSIM
SIM00000965;microSIM
SIM00000966;standard
SIM00000967;standard
SIM00000968;eSIM
SIM00000969;nanoSIM
SIM00000970;nanoSIM
SIM00000971;microSIM
SIM00000972;eSIM
SIM00000973;nanoSIM
SIM00000974;standard
SIM00000975;nanoSIM
SIM00000976;nanoSIM
SIM00000977;nanoSIM
SIM00000978;standard
SIM00000979;nanoSIM
SIM00000980;eSIM
SIM00000981;standard
SIM00000982;nanoSIM
SIM00000983;eSIM
SIM00000984;eSIM
SIM00000985;nanoSIM
SIM00000986;eSIM
SIM00000987;eSIM
SIM00000988;nanoSIM
SIM00000989;eSIM
SIM00000990;eSIM
SIM00000991;eSIM
SIM00000992;microSIM
SIM00000993;standard
SIM00000994;microSIM
SIM00000995;standard
SIM00000996;nanoSIM
SIM00000997;standard
SIM00000998;microSIM
SIM00000999;standard
SIM00001000;standard
SIM00001001;nanoSIM
SIM00001002;nanoSIM
SIM00001003;eSIM
SIM00001004;microSIM
SIM00001005;nanoSIM
SIM00001006;standard
SIM00001007;eSIM
SIM00001008;microSIM
SIM00001009;standard
SIM00001010;microSIM
SIM00001011;microSIM
SIM00001012;nanoSIM
SIM00001013;nanoSIM
SIM00001014;standard
SIM00001015;nanoSIM
SIM00001016;eSIM
SIM00001017;standard
SIM00001018;eSIM
SIM00001019;eSIM
SIM00001020;eSIM
SIM00001021;nanoSIM
SIM00001022;microSIM
SIM00001023;nanoSIM
SIM00001024;nanoSIM
SIM00001025;standard
SIM00001026;nanoSIM
SIM00001027;eSIM
SIM00001028;eSIM
SIM00001029;nanoSIM
SIM00001030;nanoSIM
SIM00001031;nanoSIM
SIM00001032;standard
SIM00001033;microSIM
SIM00001034;microSIM
SIM00001035;nanoSIM
SIM00001036;nanoSIM
SIM00001037;microSIM
SIM00001038;standard
SIM00001039;standard
SIM00001040;microSIM
SIM00001041;microSIM
SIM00001042;standard
SIM00001043;microSIM
SIM00001044;microSIM
SIM00001045;microSIM
SIM00001046;standard
SIM00001047;microSIM
SIM00001048;standard
SIM00001049;eSIM
SIM00001050;nanoSIM
SIM00001051;eSIM
SIM00001052;microSIM
SIM00001053;microSIM
SIM00001054;standard
SIM00001055;nanoSIM
SIM00001056;eSIM
SIM00001057;nanoSIM
SIM00001058;eSIM
SIM00001059;standard
SIM00001060;microSIM
SIM00001061;eSIM
SIM00001062;microSIM
SIM00001063;eSIM
SIM00001064;microSIM
SIM00001065;microSIM
SIM00001066;standard
SIM00001067;eSIM
SIM00001068;eSIM
SIM00001069;microSIM
SIM00001070;nanoSIM
SIM00001071;eSIM
SIM00001072;microSIM
SIM00001073;standard
SIM00001074;microSIM
SIM00001075;eSIM
SIM00001076;eSIM
SIM00001077;nanoSIM
SIM00001078;microSIM
SIM00001079;eSIM
SIM00001080;standard
SIM00001081;eSIM
SIM00001082;microSIM
SIM00001083;standard
SIM00001084;nanoSIM
SIM00001085;standard
SIM00001086;nanoSIM
SIM00001087;nanoSIM
SIM00001088;standard
SIM00001089;microSIM
SIM00001090;standard
SIM00001091;eSIM
SIM00001092;nanoSIM
SIM00001093;eSIM
SIM00001094;nanoSIM
SIM00001095;eSIM
SIM00001096;microSIM
SIM00001097;nanoSIM
SIM00001098;standard
SIM00001099;eSIM
SIM00001100;nanoSIM
SIM00001101;nanoSIM
SIM00001102;nanoSIM
SIM00001103;microSIM
SIM00001104;standard
SIM00001105;eSIM
SIM00001106;standard
SIM00001107;eSIM
SIM00001108;nanoSIM
SIM00001109;microSIM
SIM00001110;eSIM
SIM00001111;eSIM
SIM00001112;microSIM
SIM00001113;standard
SIM00001114;nanoSIM
SIM00001115;nanoSIM
SIM00001116;standard
SIM00001117;microSIM
SIM00001118;microSIM
SIM00001119;microSIM
SIM00001120;microSIM
SIM00001121;eSIM
SIM00001122;microSIM
SIM00001123;eSIM
SIM00001124;standard
SIM00001125;microSIM
SIM00001126;eSIM
SIM00001127;eSIM
SIM00001128;eSIM
SIM00001129;microSIM
SIM00001130;microSIM
SIM00001131;eSIM
SIM00001132;nanoSIM
SIM00001133;standard
SIM00001134;eSIM
SIM00001135;standard
SIM00001136;eSIM
SIM00001137;microSIM
SIM00001138;eSIM
SIM00001139;standard
SIM00001140;standard
SIM00001141;eSIM
SIM00001142;standard
SIM00001143;eSIM
SIM00001144;eSIM
SIM00001145;nanoSIM
SIM00001146;microSIM
SIM00001147;eSIM
SIM00001148;standard
SIM00001149;microSIM
SIM00001150;microSIM
SIM00001151;standard
SIM00001152;standard
SIM00001153;standard
SIM00001154;standard
SIM00001155;eSIM
SIM00001156;standard
SIM00001157;nanoSIM
SIM00001158;microSIM
SIM00001159;nanoSIM
SIM00001160;nanoSIM
SIM00001161;nanoSIM
SIM00001162;microSIM
SIM00001163;microSIM
SIM00001164;nanoSIM
SIM00001165;microSIM
SIM00001166;microSIM
SIM00001167;standard
SIM00001168;eSIM
SIM00001169;microSIM
SIM00001170;eSIM
SIM00001171;microSIM
SIM00001172;nanoSIM
SIM00001173;eSIM
SIM00001174;eSIM
SIM00001175;microSIM
SIM00001176;eSIM
SIM00001177;eSIM
SIM00001178;eSIM
SIM00001179;standard
SIM00001180;eSIM
SIM00001181;microSIM
SIM00001182;standard
SIM00001183;microSIM
SIM00001184;microSIM
SIM00001185;eSIM
SIM00001186;microSIM
SIM00001187;eSIM
SIM00001188;eSIM
SIM00001189;microSIM
SIM00001190;nanoSIM
SIM00001191;microSIM
SIM00001192;eSIM
SIM00001193;microSIM
SIM00001194;eSIM
SIM00001195;microSIM
SIM00001196;nanoSIM
SIM00001197;eSIM
SIM00001198;nanoSIM
SIM00001199;standard
SIM00001200;microSIM
SIM00001201;eSIM
SIM00001202;standard
SIM00001203;standard
SIM00001204;nanoSIM
SIM00001205;standard
SIM00001206;microSIM
SIM00001207;eSIM
SIM00001208;standard
SIM00001209;nanoSIM
SIM00001210;eSIM
SIM00001211;standard
SIM00001212;eSIM
SIM00001213;standard
SIM00001214;nanoSIM
SIM00001215;nanoSIM
SIM00001216;nanoSIM
SIM00001217;nanoSIM
SIM00001218;nanoSIM
SIM00001219;microSIM
SIM00001220;nanoSIM
SIM00001221;microSIM
SIM00001222;microSIM
SIM00001223;nanoSIM
SIM00001224;microSIM
SIM00001225;microSIM
SIM00001226;eSIM
SIM00001227;eSIM
SIM00001228;nanoSIM
SIM00001229;microSIM
SIM00001230;nanoSIM
SIM00001231;standard
SIM00001232;microSIM
SIM00001233;microSIM
SIM00001234;microSIM
SIM00001235;microSIM
SIM00001236;eSIM
SIM00001237;eSIM
SIM00001238;nanoSIM
SIM00001239;eSIM
SIM00001240;microSIM
SIM00001241;microSIM
SIM00001242;standard
SIM00001243;microSIM
SIM00001244;microSIM
SIM00001245;standard
SIM00001246;microSIM
SIM00001247;nanoSIM
SIM00001248;eSIM
SIM00001249;eSIM
SIM00001250;eSIM
SIM00001251;microSIM
SIM00001252;standard
SIM00001253;nanoSIM
SIM00001254;eSIM
SIM00001255;nanoSIM
SIM00001256;eSIM
SIM00001257;eSIM
SIM00001258;nanoSIM
SIM00001259;standard
SIM00001260;standard
SIM00001261;standard
SIM00001262;standard
SIM00001263;nanoSIM
SIM00001264;nanoSIM
SIM00001265;nanoSIM
SIM00001266;eSIM
SIM00001267;nanoSIM
SIM00001268;microSIM
SIM00001269;microSIM
SIM00001270;standard
SIM00001271;eSIM
SIM00001272;microSIM
SIM00001273;microSIM
SIM00001274;microSIM
SIM00001275;standard
SIM00001276;microSIM
SIM00001277;eSIM
SIM00001278;eSIM
SIM00001279;eSIM
SIM00001280;standard
SIM00001281;nanoSIM
SIM00001282;microSIM
SIM00001283;microSIM
SIM00001284;standard
SIM00001285;microSIM
SIM00001286;nanoSIM
SIM00001287;nanoSIM
SIM00001288;eSIM
SIM00001289;standard
SIM00001290;nanoSIM
SIM00001291;standard
SIM00001292;microSIM
SIM00001293;microSIM
SIM00001294;microSIM
SIM00001295;nanoSIM
SIM00001296;eSIM
SIM00001297;eSIM
SIM00001298;eSIM
SIM00001299;eSIM
SIM00001300;microSIM
SIM00001301;standard
SIM00001302;standard
SIM00001303;standard
SIM00001304;microSIM
SIM00001305;standard
SIM00001306;nanoSIM
SIM00001307;microSIM
SIM00001308;microSIM
SIM00001309;eSIM
SIM00001310;standard
SIM00001311;eSIM
SIM00001312;nanoSIM
SIM00001313;microSIM
SIM00001314;nanoSIM
SIM00001315;standard
SIM00001316;nanoSIM
SIM00001317;eSIM
SIM00001318;nanoSIM
SIM00001319;standard
SIM00001320;standard
SIM00001321;standard
SIM00001322;standard
SIM00001323;microSIM
SIM00001324;nanoSIM
SIM00001325;nanoSIM
SIM00001326;eSIM
SIM00001327;standard
SIM00001328;eSIM
SIM00001329;standard
SIM00001330;nanoSIM
SIM00001331;microSIM
SIM00001332;microSIM
SIM00001333;nanoSIM
SIM00001334;nanoSIM
SIM00001335;nanoSIM
SIM00001336;microSIM
SIM00001337;eSIM
SIM00001338;nanoSIM
SIM00001339;eSIM
SIM00001340;eSIM
SIM00001341;nanoSIM
SIM00001342;standard
SIM00001343;eSIM
SIM00001344;standard
SIM00001345;microSIM
SIM00001346;standard
SIM00001347;microSIM
SIM00001348;eSIM
SIM00001349;microSIM
SIM00001350;microSIM
SIM00001351;microSIM
SIM00001352;standard
SIM00001353;nanoSIM
SIM00001354;microSIM
SIM00001355;standard
SIM00001356;standard
SIM00001357;standard
SIM00001358;standard
SIM00001359;eSIM
SIM00001360;eSIM
SIM00001361;microSIM
SIM00001362;nanoSIM
SIM00001363;nanoSIM
SIM00001364;standard
SIM00001365;microSIM
SIM00001366;nanoSIM
SIM00001367;nanoSIM
SIM00001368;standard
SIM00001369;eSIM
SIM00001370;nanoSIM
SIM00001371;eSIM
SIM00001372;eSIM
SIM00001373;standard
SIM00001374;microSIM
SIM00001375;standard
SIM00001376;eSIM
SIM00001377;eSIM
SIM00001378;microSIM
SIM00001379;nanoSIM
SIM00001380;nanoSIM
SIM00001381;eSIM
SIM00001382;eSIM
SIM00001383;standard
SIM00001384;standard
SIM00001385;nanoSIM
SIM00001386;nanoSIM
SIM00001387;microSIM
SIM00001388;nanoSIM
SIM00001389;microSIM
SIM00001390;standard
SIM00001391;eSIM
SIM00001392;standard
SIM00001393;nanoSIM
SIM00001394;eSIM
SIM00001395;standard
SIM00001396;standard
SIM00001397;microSIM
SIM00001398;eSIM
SIM00001399;eSIM
SIM00001400;microSIM
SIM00001401;eSIM
SIM00001402;microSIM
SIM00001403;microSIM
SIM00001404;nanoSIM
SIM00001405;eSIM
SIM00001406;eSIM
SIM00001407;eSIM
SIM00001408;microSIM
SIM00001409;nanoSIM
SIM00001410;microSIM
SIM00001411;eSIM
SIM00001412;standard
SIM00001413;nanoSIM
SIM00001414;standard
SIM00001415;microSIM
SIM00001416;nanoSIM
SIM00001417;nanoSIM
SIM00001418;nanoSIM
SIM00001419;eSIM
SIM00001420;nanoSIM
SIM00001421;nanoSIM
SIM00001422;eSIM
SIM00001423;nanoSIM
SIM00001424;eSIM
SIM00001425;nanoSIM
SIM00001426;eSIM
SIM00001427;nanoSIM
SIM00001428;eSIM
SIM00001429;nanoSIM
SIM00001430;eSIM
SIM00001431;nanoSIM
SIM00001432;nanoSIM
SIM00001433;microSIM
SIM00001434;eSIM
SIM00001435;standard
SIM00001436;eSIM
SIM00001437;microSIM
SIM00001438;standard
SIM00001439;microSIM
SIM00001440;standard
SIM00001441;eSIM
SIM00001442;nanoSIM
SIM00001443;microSIM
SIM00001444;microSIM
SIM00001445;standard
SIM00001446;eSIM
SIM00001447;standard
SIM00001448;microSIM
SIM00001449;eSIM
SIM00001450;eSIM
SIM00001451;microSIM
SIM00001452;microSIM
SIM00001453;eSIM
SIM00001454;eSIM
SIM00001455;microSIM
SIM00001456;standard
SIM00001457;nanoSIM
SIM00001458;eSIM
SIM00001459;microSIM
SIM00001460;eSIM
SIM00001461;nanoSIM
SIM00001462;nanoSIM
SIM00001463;standard
SIM00001464;eSIM
SIM00001465;eSIM
SIM00001466;microSIM
SIM00001467;eSIM
SIM00001468;microSIM
SIM00001469;standard
SIM00001470;eSIM
SIM00001471;microSIM
SIM00001472;standard
SIM00001473;standard
SIM00001474;microSIM
SIM00001475;nanoSIM
SIM00001476;nanoSIM
SIM00001477;nanoSIM
SIM00001478;microSIM
SIM00001479;microSIM
SIM00001480;eSIM
SIM00001481;standard
SIM00001482;standard
SIM00001483;nanoSIM
SIM00001484;eSIM
SIM00001485;microSIM
SIM00001486;nanoSIM
SIM00001487;standard
SIM00001488;nanoSIM
SIM00001489;microSIM
SIM00001490;nanoSIM
SIM00001491;standard
SIM00001492;nanoSIM
SIM00001493;standard
SIM00001494;microSIM
SIM00001495;eSIM
SIM00001496;nanoSIM
SIM00001497;eSIM
SIM00001498;nanoSIM
SIM00001499;nanoSIM
SIM00001500;standard
SIM00001501;eSIM
SIM00001502;microSIM
SIM00001503;microSIM
SIM00001504;nanoSIM
SIM00001505;standard
SIM00001506;nanoSIM
SIM00001507;microSIM
SIM00001508;eSIM
SIM00001509;microSIM
SIM00001510;microSIM
SIM00001511;standard
SIM00001512;standard
SIM00001513;nanoSIM
SIM00001514;standard
SIM00001515;nanoSIM
SIM00001516;eSIM
SIM00001517;microSIM
SIM00001518;standard
SIM00001519;standard
SIM00001520;eSIM
SIM00001521;standard
SIM00001522;microSIM
SIM00001523;eSIM
SIM00001524;microSIM
SIM00001525;standard
SIM00001526;nanoSIM
SIM00001527;standard
SIM00001528;microSIM
SIM00001529;nanoSIM
SIM00001530;nanoSIM
SIM00001531;eSIM
SIM00001532;microSIM
SIM00001533;microSIM
SIM00001534;microSIM
SIM00001535;nanoSIM
SIM00001536;nanoSIM
SIM00001537;microSIM
SIM00001538;microSIM
SIM00001539;eSIM
SIM00001540;standard
SIM00001541;standard
SIM00001542;eSIM
SIM00001543;standard
SIM00001544;eSIM
SIM00001545;nanoSIM
SIM00001546;microSIM
SIM00001547;microSIM
SIM00001548;nanoSIM
SIM00001549;nanoSIM
SIM00001550;eSIM
SIM00001551;nanoSIM
SIM00001552;standard
SIM00001553;microSIM
SIM00001554;eSIM
SIM00001555;eSIM
SIM00001556;microSIM
SIM00001557;microSIM
SIM00001558;standard
SIM00001559;standard
SIM00001560;microSIM
SIM00001561;nanoSIM
SIM00001562;eSIM
SIM00001563;eSIM
SIM00001564;microSIM
SIM00001565;nanoSIM
SIM00001566;nanoSIM
SIM00001567;microSIM
SIM00001568;eSIM
SIM00001569;nanoSIM
SIM00001570;microSIM
SIM00001571;nanoSIM
SIM00001572;eSIM
SIM00001573;standard
SIM00001574;eSIM
SIM00001575;microSIM
SIM00001576;standard
SIM00001577;standard
SIM00001578;standard
SIM00001579;nanoSIM
SIM00001580;microSIM
SIM00001581;standard
SIM00001582;eSIM
SIM00001583;standard
SIM00001584;microSIM
SIM00001585;eSIM
SIM00001586;nanoSIM
SIM00001587;eSIM
SIM00001588;eSIM
SIM00001589;microSIM
SIM00001590;microSIM
SIM00001591;microSIM
SIM00001592;microSIM
SIM00001593;microSIM
SIM00001594;eSIM
SIM00001595;microSIM
SIM00001596;eSIM
SIM00001597;eSIM
SIM00001598;microSIM
SIM00001599;standard
SIM00001600;microSIM
SIM00001601;eSIM
SIM00001602;standard
SIM00001603;eSIM
SIM00001604;standard
SIM00001605;standard
SIM00001606;eSIM
SIM00001607;microSIM
SIM00001608;microSIM
SIM00001609;eSIM
SIM00001610;microSIM
SIM00001611;nanoSIM
SIM00001612;standard
SIM00001613;nanoSIM
SIM00001614;standard
SIM00001615;eSIM
SIM00001616;nanoSIM
SIM00001617;standard
SIM00001618;eSIM
SIM00001619;nanoSIM
SIM00001620;microSIM
SIM00001621;microSIM
SIM00001622;nanoSIM
SIM00001623;eSIM
SIM00001624;eSIM
SIM00001625;nanoSIM
SIM00001626;microSIM
SIM00001627;eSIM
SIM00001628;eSIM
SIM00001629;standard
SIM00001630;microSIM
SIM00001631;nanoSIM
SIM00001632;standard
SIM00001633;eSIM
SIM00001634;nanoSIM
SIM00001635;nanoSIM
SIM00001636;standard
SIM00001637;microSIM
SIM00001638;microSIM
SIM00001639;standard
SIM00001640;nanoSIM
SIM00001641;microSIM
SIM00001642;eSIM
SIM00001643;nanoSIM
SIM00001644;eSIM
SIM00001645;nanoSIM
SIM00001646;nanoSIM
SIM00001647;eSIM
SIM00001648;microSIM
SIM00001649;standard
SIM00001650;standard
SIM00001651;microSIM
SIM00001652;standard
SIM00001653;eSIM
SIM00001654;microSIM
SIM00001655;standard
SIM00001656;microSIM
SIM00001657;nanoSIM
SIM00001658;microSIM
SIM00001659;standard
SIM00001660;eSIM
SIM00001661;eSIM
SIM00001662;eSIM
SIM00001663;microSIM
SIM00001664;standard
SIM00001665;standard
SIM00001666;standard
SIM00001667;standard
SIM00001668;standard
SIM00001669;standard
SIM00001670;eSIM
SIM00001671;standard
SIM00001672;standard
SIM00001673;microSIM
SIM00001674;standard
SIM00001675;standard
SIM00001676;microSIM
SIM00001677;nanoSIM
SIM00001678;nanoSIM
SIM00001679;microSIM
SIM00001680;microSIM
SIM00001681;microSIM
SIM00001682;microSIM
SIM00001683;standard
SIM00001684;microSIM
SIM00001685;nanoSIM
SIM00001686;standard
SIM00001687;nanoSIM
SIM00001688;microSIM
SIM00001689;standard
SIM00001690;standard
SIM00001691;nanoSIM
SIM00001692;standard
SIM00001693;nanoSIM
SIM00001694;eSIM
SIM00001695;eSIM
SIM00001696;nanoSIM
SIM00001697;eSIM
SIM00001698;nanoSIM
SIM00001699;eSIM
SIM00001700;standard
SIM00001701;eSIM
SIM00001702;standard
SIM00001703;nanoSIM
SIM00001704;standard
SIM00001705;nanoSIM
SIM00001706;microSIM
SIM00001707;eSIM
SIM00001708;eSIM
SIM00001709;microSIM
SIM00001710;standard
SIM00001711;nanoSIM
SIM00001712;standard
SIM00001713;microSIM
SIM00001714;microSIM
SIM00001715;standard
SIM00001716;eSIM
SIM00001717;standard
SIM00001718;nanoSIM
SIM00001719;eSIM
SIM00001720;nanoSIM
SIM00001721;nanoSIM
SIM00001722;standard
SIM00001723;standard
SIM00001724;nanoSIM
SIM00001725;eSIM
SIM00001726;microSIM
SIM00001727;microSIM
SIM00001728;microSIM
SIM00001729;eSIM
SIM00001730;standard
SIM00001731;nanoSIM
SIM00001732;eSIM
SIM00001733;nanoSIM
SIM00001734;standard
SIM00001735;nanoSIM
SIM00001736;microSIM
SIM00001737;nanoSIM
SIM00001738;microSIM
SIM00001739;eSIM
SIM00001740;standard
SIM00001741;nanoSIM
SIM00001742;nanoSIM
SIM00001743;microSIM
SIM00001744;nanoSIM
SIM00001745;microSIM
SIM00001746;standard
SIM00001747;microSIM
SIM00001748;nanoSIM
SIM00001749;microSIM
SIM00001750;microSIM
SIM00001751;eSIM
SIM00001752;eSIM
SIM00001753;nanoSIM
SIM00001754;microSIM
SIM00001755;microSIM
SIM00001756;nanoSIM
SIM00001757;standard
SIM00001758;microSIM
SIM00001759;microSIM
SIM00001760;microSIM
SIM00001761;nanoSIM
SIM00001762;microSIM
SIM00001763;microSIM
SIM00001764;eSIM
SIM00001765;microSIM
SIM00001766;microSIM
SIM00001767;microSIM
SIM00001768;eSIM
SIM00001769;nanoSIM
SIM00001770;nanoSIM
SIM00001771;nanoSIM
SIM00001772;microSIM
SIM00001773;standard
SIM00001774;standard
SIM00001775;microSIM
SIM00001776;standard
SIM00001777;microSIM
SIM00001778;standard
SIM00001779;standard
SIM00001780;standard
SIM00001781;standard
SIM00001782;microSIM
SIM00001783;microSIM
SIM00001784;standard
SIM00001785;nanoSIM
SIM00001786;eSIM
SIM00001787;microSIM
SIM00001788;microSIM
SIM00001789;standard
SIM00001790;standard
SIM00001791;eSIM
SIM00001792;nanoSIM
SIM00001793;eSIM
SIM00001794;eSIM
SIM00001795;eSIM
SIM00001796;standard
SIM00001797;eSIM
SIM00001798;standard
SIM00001799;eSIM
SIM00001800;microSIM
SIM00001801;nanoSIM
SIM00001802;standard
SIM00001803;microSIM
SIM00001804;nanoSIM
SIM00001805;standard
SIM00001806;nanoSIM
SIM00001807;eSIM
SIM00001808;eSIM
SIM00001809;nanoSIM
SIM00001810;standard
SIM00001811;microSIM
SIM00001812;nanoSIM
SIM00001813;microSIM
SIM00001814;nanoSIM
SIM00001815;nanoSIM
SIM00001816;microSIM
SIM00001817;nanoSIM
SIM00001818;nanoSIM
SIM00001819;eSIM
SIM00001820;microSIM
SIM00001821;microSIM
SIM00001822;nanoSIM
SIM00001823;eSIM
SIM00001824;nanoSIM
SIM00001825;nanoSIM
SIM00001826;nanoSIM
SIM00001827;standard
SIM00001828;standard
SIM00001829;microSIM
SIM00001830;microSIM
SIM00001831;nanoSIM
SIM00001832;eSIM
SIM00001833;nanoSIM
SIM00001834;standard
SIM00001835;eSIM
SIM00001836;eSIM
SIM00001837;nanoSIM
SIM00001838;eSIM
SIM00001839;eSIM
SIM00001840;microSIM
SIM00001841;microSIM
SIM00001842;standard
SIM00001843;nanoSIM
SIM00001844;microSIM
SIM00001845;nanoSIM
SIM00001846;microSIM
SIM00001847;eSIM
SIM00001848;eSIM
SIM00001849;nanoSIM
SIM00001850;standard
SIM00001851;nanoSIM
SIM00001852;standard
SIM00001853;microSIM
SIM00001854;standard
SIM00001855;microSIM
SIM00001856;eSIM
SIM00001857;nanoSIM
SIM00001858;eSIM
SIM00001859;nanoSIM
SIM00001860;standard
SIM00001861;microSIM
SIM00001862;microSIM
SIM00001863;microSIM
SIM00001864;nanoSIM
SIM00001865;microSIM
SIM00001866;standard
SIM00001867;nanoSIM
SIM00001868;eSIM
SIM00001869;standard
SIM00001870;eSIM
SIM00001871;nanoSIM
SIM00001872;nanoSIM
SIM00001873;microSIM
SIM00001874;standard
SIM00001875;standard
SIM00001876;microSIM
SIM00001877;microSIM
SIM00001878;standard
SIM00001879;eSIM
SIM00001880;eSIM
SIM00001881;nanoSIM
SIM00001882;eSIM
SIM00001883;microSIM
SIM00001884;eSIM
SIM00001885;microSIM
SIM00001886;eSIM
SIM00001887;nanoSIM
SIM00001888;standard
SIM00001889;microSIM
SIM00001890;eSIM
SIM00001891;standard
SIM00001892;nanoSIM
SIM00001893;nanoSIM
SIM00001894;standard
SIM00001895;eSIM
SIM00001896;eSIM
SIM00001897;standard
SIM00001898;standard
SIM00001899;eSIM
SIM00001900;standard
SIM00001901;nanoSIM
SIM00001902;microSIM
SIM00001903;microSIM
SIM00001904;nanoSIM
SIM00001905;nanoSIM
SIM00001906;nanoSIM
SIM00001907;microSIM
SIM00001908;nanoSIM
SIM00001909;eSIM
SIM00001910;eSIM
SIM00001911;nanoSIM
SIM00001912;nanoSIM
SIM00001913;eSIM
SIM00001914;nanoSIM
SIM00001915;nanoSIM
SIM00001916;nanoSIM
SIM00001917;nanoSIM
SIM00001918;eSIM
SIM00001919;standard
SIM00001920;nanoSIM
SIM00001921;microSIM
SIM00001922;microSIM
SIM00001923;eSIM
SIM00001924;microSIM
SIM00001925;eSIM
SIM00001926;standard
SIM00001927;microSIM
SIM00001928;nanoSIM
SIM00001929;nanoSIM
SIM00001930;eSIM
SIM00001931;nanoSIM
SIM00001932;nanoSIM
SIM00001933;microSIM
SIM00001934;microSIM
SIM00001935;eSIM
SIM00001936;standard
SIM00001937;microSIM
SIM00001938;nanoSIM
SIM00001939;standard
SIM00001940;standard
SIM00001941;standard
SIM00001942;standard
SIM00001943;nanoSIM
SIM00001944;microSIM
SIM00001945;standard
SIM00001946;nanoSIM
SIM00001947;standard
SIM00001948;microSIM
SIM00001949;standard
SIM00001950;eSIM
SIM00001951;standard
SIM00001952;standard
SIM00001953;nanoSIM
SIM00001954;nanoSIM
SIM00001955;microSIM
SIM00001956;microSIM
SIM00001957;eSIM
SIM00001958;standard
SIM00001959;standard
SIM00001960;nanoSIM
SIM00001961;eSIM
SIM00001962;nanoSIM
SIM00001963;nanoSIM
SIM00001964;eSIM
SIM00001965;standard
SIM00001966;microSIM
SIM00001967;nanoSIM
SIM00001968;nanoSIM
SIM00001969;microSIM
SIM00001970;microSIM
SIM00001971;nanoSIM
SIM00001972;microSIM
SIM00001973;nanoSIM
SIM00001974;nanoSIM
SIM00001975;eSIM
SIM00001976;microSIM
SIM00001977;eSIM
SIM00001978;nanoSIM
SIM00001979;eSIM
SIM00001980;microSIM
SIM00001981;nanoSIM
SIM00001982;eSIM
SIM00001983;eSIM
SIM00001984;eSIM
SIM00001985;standard
SIM00001986;standard
SIM00001987;eSIM
SIM00001988;microSIM
SIM00001989;eSIM
SIM00001990;standard
SIM00001991;microSIM
SIM00001992;eSIM
SIM00001993;nanoSIM
SIM00001994;nanoSIM
SIM00001995;nanoSIM
SIM00001996;standard
SIM00001997;standard
SIM00001998;microSIM
SIM00001999;microSIM
SIM00002000;eSIM
SIM00002001;eSIM
SIM00002002;nanoSIM
SIM00002003;nanoSIM
SIM00002004;eSIM
SIM00002005;nanoSIM
SIM00002006;eSIM
SIM00002007;nanoSIM
SIM00002008;nanoSIM
SIM00002009;microSIM
SIM00002010;nanoSIM
SIM00002011;microSIM
SIM00002012;nanoSIM
SIM00002013;standard
SIM00002014;standard
SIM00002015;standard
SIM00002016;nanoSIM
SIM00002017;standard
SIM00002018;nanoSIM
SIM00002019;standard
SIM00002020;nanoSIM
SIM00002021;standard
SIM00002022;standard
SIM00002023;eSIM
SIM00002024;standard
SIM00002025;eSIM
SIM00002026;microSIM
SIM00002027;nanoSIM
SIM00002028;standard
SIM00002029;microSIM
SIM00002030;eSIM
SIM00002031;nanoSIM
SIM00002032;nanoSIM
SIM00002033;standard
SIM00002034;standard
SIM00002035;microSIM
SIM00002036;microSIM
SIM00002037;eSIM
SIM00002038;eSIM
SIM00002039;eSIM
SIM00002040;nanoSIM
SIM00002041;eSIM
SIM00002042;eSIM
SIM00002043;standard
SIM00002044;microSIM
SIM00002045;eSIM
SIM00002046;standard
SIM00002047;standard
SIM00002048;microSIM
SIM00002049;nanoSIM
SIM00002050;microSIM
SIM00002051;standard
SIM00002052;microSIM
SIM00002053;standard
SIM00002054;microSIM
SIM00002055;nanoSIM
SIM00002056;nanoSIM
SIM00002057;standard
SIM00002058;nanoSIM
SIM00002059;eSIM
SIM00002060;eSIM
SIM00002061;nanoSIM
SIM00002062;standard
SIM00002063;microSIM
SIM00002064;microSIM
SIM00002065;nanoSIM
SIM00002066;nanoSIM
SIM00002067;nanoSIM
SIM00002068;standard
SIM00002069;nanoSIM
SIM00002070;standard
SIM00002071;standard
SIM00002072;standard
SIM00002073;microSIM
SIM00002074;standard
SIM00002075;microSIM
SIM00002076;nanoSIM
SIM00002077;eSIM
SIM00002078;microSIM
SIM00002079;eSIM
SIM00002080;eSIM
SIM00002081;nanoSIM
SIM00002082;eSIM
SIM00002083;standard
SIM00002084;nanoSIM
SIM00002085;eSIM
SIM00002086;standard
SIM00002087;nanoSIM
SIM00002088;microSIM
SIM00002089;standard
SIM00002090;eSIM
SIM00002091;standard
SIM00002092;eSIM
SIM00002093;standard
SIM00002094;eSIM
SIM00002095;nanoSIM
SIM00002096;standard
SIM00002097;eSIM
SIM00002098;standard
SIM00002099;standard
SIM00002100;standard
SIM00002101;standard
SIM00002102;nanoSIM
SIM00002103;eSIM
SIM00002104;standard
SIM00002105;nanoSIM
SIM00002106;nanoSIM
SIM00002107;nanoSIM
SIM00002108;microSIM
SIM00002109;nanoSIM
SIM00002110;standard
SIM00002111;nanoSIM
SIM00002112;nanoSIM
SIM00002113;nanoSIM
SIM00002114;eSIM
SIM00002115;microSIM
SIM00002116;eSIM
SIM00002117;standard
SIM00002118;standard
SIM00002119;microSIM
SIM00002120;standard
SIM00002121;microSIM
SIM00002122;eSIM
SIM00002123;eSIM
SIM00002124;microSIM
SIM00002125;eSIM
SIM00002126;standard
SIM00002127;standard
SIM00002128;nanoSIM
SIM00002129;eSIM
SIM00002130;nanoSIM
SIM00002131;microSIM
SIM00002132;microSIM
SIM00002133;eSIM
SIM00002134;eSIM
SIM00002135;nanoSIM
SIM00002136;standard
SIM00002137;nanoSIM
SIM00002138;standard
SIM00002139;microSIM
SIM00002140;nanoSIM
SIM00002141;eSIM
SIM00002142;microSIM
SIM00002143;eSIM
SIM00002144;microSIM
SIM00002145;microSIM
SIM00002146;standard
SIM00002147;eSIM
SIM00002148;microSIM
SIM00002149;microSIM
SIM00002150;nanoSIM
SIM00002151;nanoSIM
SIM00002152;nanoSIM
SIM00002153;microSIM
SIM00002154;microSIM
SIM00002155;microSIM
SIM00002156;nanoSIM
SIM00002157;nanoSIM
SIM00002158;eSIM
SIM00002159;nanoSIM
SIM00002160;nanoSIM
SIM00002161;microSIM
SIM00002162;standard
SIM00002163;standard
SIM00002164;eSIM
SIM00002165;eSIM
SIM00002166;nanoSIM
SIM00002167;nanoSIM
SIM00002168;eSIM
SIM00002169;nanoSIM
SIM00002170;eSIM
SIM00002171;standard
SIM00002172;eSIM
SIM00002173;nanoSIM
SIM00002174;microSIM
SIM00002175;eSIM
SIM00002176;standard
SIM00002177;standard
SIM00002178;nanoSIM
SIM00002179;nanoSIM
SIM00002180;eSIM
SIM00002181;nanoSIM
SIM00002182;microSIM
SIM00002183;standard
SIM00002184;nanoSIM
SIM00002185;eSIM
SIM00002186;standard
SIM00002187;microSIM
SIM00002188;standard
SIM00002189;nanoSIM
SIM00002190;nanoSIM
SIM00002191;microSIM
SIM00002192;standard
SIM00002193;eSIM
SIM00002194;microSIM
SIM00002195;standard
SIM00002196;microSIM
SIM00002197;standard
SIM00002198;standard
SIM00002199;nanoSIM
SIM00002200;standard
SIM00002201;microSIM
SIM00002202;standard
SIM00002203;standard
SIM00002204;standard
SIM00002205;nanoSIM
SIM00002206;standard
SIM00002207;standard
SIM00002208;eSIM
SIM00002209;microSIM
SIM00002210;standard
SIM00002211;eSIM
SIM00002212;microSIM
SIM00002213;standard
SIM00002214;nanoSIM
SIM00002215;eSIM
SIM00002216;eSIM
SIM00002217;standard
SIM00002218;nanoSIM
SIM00002219;eSIM
SIM00002220;nanoSIM
SIM00002221;microSIM
SIM00002222;eSIM
SIM00002223;eSIM
SIM00002224;microSIM
SIM00002225;standard
SIM00002226;standard
SIM00002227;nanoSIM
SIM00002228;eSIM
SIM00002229;nanoSIM
SIM00002230;standard
SIM00002231;eSIM
SIM00002232;eSIM
SIM00002233;nanoSIM
SIM00002234;eSIM
SIM00002235;standard
SIM00002236;microSIM
SIM00002237;eSIM
SIM00002238;eSIM
SIM00002239;nanoSIM
SIM00002240;standard
SIM00002241;standard
SIM00002242;eSIM
SIM00002243;nanoSIM
SIM00002244;nanoSIM
SIM00002245;microSIM
SIM00002246;nanoSIM
SIM00002247;microSIM
SIM00002248;standard
SIM00002249;nanoSIM
SIM00002250;standard
SIM00002251;eSIM
SIM00002252;nanoSIM
SIM00002253;eSIM
SIM00002254;microSIM
SIM00002255;nanoSIM
SIM00002256;nanoSIM
SIM00002257;microSIM
SIM00002258;eSIM
SIM00002259;eSIM
SIM00002260;microSIM
SIM00002261;microSIM
SIM00002262;nanoSIM
SIM00002263;eSIM
SIM00002264;nanoSIM
SIM00002265;eSIM
SIM00002266;standard
SIM00002267;microSIM
SIM00002268;eSIM
SIM00002269;standard
SIM00002270;standard
SIM00002271;microSIM
SIM00002272;eSIM
SIM00002273;standard
SIM00002274;microSIM
SIM00002275;microSIM
SIM00002276;standard
SIM00002277;microSIM
SIM00002278;standard
SIM00002279;microSIM
SIM00002280;microSIM
SIM00002281;nanoSIM
SIM00002282;nanoSIM
SIM00002283;microSIM
SIM00002284;eSIM
SIM00002285;eSIM
SIM00002286;eSIM
SIM00002287;eSIM
SIM00002288;standard
SIM00002289;eSIM
SIM00002290;microSIM
SIM00002291;microSIM
SIM00002292;nanoSIM
SIM00002293;nanoSIM
SIM00002294;eSIM
SIM00002295;eSIM
SIM00002296;standard
SIM00002297;standard
SIM00002298;nanoSIM
SIM00002299;standard
SIM00002300;standard
SIM00002301;microSIM
SIM00002302;nanoSIM
SIM00002303;standard
SIM00002304;nanoSIM
SIM00002305;nanoSIM
SIM00002306;eSIM
SIM00002307;standard
SIM00002308;standard
SIM00002309;standard
SIM00002310;nanoSIM
SIM00002311;standard
SIM00002312;nanoSIM
SIM00002313;eSIM
SIM00002314;nanoSIM
SIM00002315;nanoSIM
SIM00002316;nanoSIM
SIM00002317;microSIM
SIM00002318;eSIM
SIM00002319;standard
SIM00002320;microSIM
SIM00002321;eSIM
SIM00002322;standard
SIM00002323;standard
SIM00002324;microSIM
SIM00002325;nanoSIM
SIM00002326;nanoSIM
SIM00002327;nanoSIM
SIM00002328;microSIM
SIM00002329;nanoSIM
SIM00002330;eSIM
SIM00002331;standard
SIM00002332;eSIM
SIM00002333;eSIM
SIM00002334;nanoSIM
SIM00002335;nanoSIM
SIM00002336;nanoSIM
SIM00002337;eSIM
SIM00002338;eSIM
SIM00002339;eSIM
SIM00002340;nanoSIM
SIM00002341;eSIM
SIM00002342;standard
SIM00002343;standard
SIM00002344;microSIM
SIM00002345;nanoSIM
SIM00002346;eSIM
SIM00002347;standard
SIM00002348;microSIM
SIM00002349;standard
SIM00002350;eSIM
SIM00002351;standard
SIM00002352;microSIM
SIM00002353;microSIM
SIM00002354;nanoSIM
SIM00002355;microSIM
SIM00002356;nanoSIM
SIM00002357;standard
SIM00002358;eSIM
SIM00002359;microSIM
SIM00002360;microSIM
SIM00002361;nanoSIM
SIM00002362;eSIM
SIM00002363;microSIM
SIM00002364;standard
SIM00002365;nanoSIM
SIM00002366;nanoSIM
SIM00002367;microSIM
SIM00002368;standard
SIM00002369;standard
SIM00002370;nanoSIM
SIM00002371;standard
SIM00002372;microSIM
SIM00002373;nanoSIM
SIM00002374;microSIM
SIM00002375;microSIM
SIM00002376;eSIM
SIM00002377;microSIM
SIM00002378;microSIM
SIM00002379;microSIM
SIM00002380;standard
SIM00002381;standard
SIM00002382;eSIM
SIM00002383;standard
SIM00002384;standard
SIM00002385;standard
SIM00002386;eSIM
SIM00002387;standard
SIM00002388;standard
SIM00002389;eSIM
SIM00002390;microSIM
SIM00002391;microSIM
SIM00002392;eSIM
SIM00002393;nanoSIM
SIM00002394;eSIM
SIM00002395;eSIM
SIM00002396;microSIM
SIM00002397;standard
SIM00002398;nanoSIM
SIM00002399;standard
SIM00002400;standard
SIM00002401;eSIM
SIM00002402;standard
SIM00002403;eSIM
SIM00002404;standard
SIM00002405;eSIM
SIM00002406;eSIM
SIM00002407;standard
SIM00002408;eSIM
SIM00002409;standard
SIM00002410;eSIM
SIM00002411;eSIM
SIM00002412;nanoSIM
SIM00002413;microSIM
SIM00002414;eSIM
SIM00002415;microSIM
SIM00002416;standard
SIM00002417;microSIM
SIM00002418;eSIM
SIM00002419;standard
SIM00002420;microSIM
SIM00002421;eSIM
SIM00002422;nanoSIM
SIM00002423;standard
SIM00002424;eSIM
SIM00002425;microSIM
SIM00002426;microSIM
SIM00002427;standard
SIM00002428;microSIM
SIM00002429;eSIM
SIM00002430;nanoSIM
SIM00002431;nanoSIM
SIM00002432;standard
SIM00002433;standard
SIM00002434;standard
SIM00002435;microSIM
SIM00002436;eSIM
SIM00002437;nanoSIM
SIM00002438;eSIM
SIM00002439;eSIM
SIM00002440;standard
SIM00002441;standard
SIM00002442;standard
SIM00002443;eSIM
SIM00002444;standard
SIM00002445;standard
SIM00002446;microSIM
SIM00002447;standard
SIM00002448;nanoSIM
SIM00002449;nanoSIM
SIM00002450;microSIM
SIM00002451;nanoSIM
SIM00002452;standard
SIM00002453;microSIM
SIM00002454;standard
SIM00002455;standard
SIM00002456;standard
SIM00002457;nanoSIM
SIM00002458;standard
SIM00002459;standard
SIM00002460;standard
SIM00002461;eSIM
SIM00002462;microSIM
SIM00002463;nanoSIM
SIM00002464;eSIM
SIM00002465;nanoSIM
SIM00002466;eSIM
SIM00002467;standard
SIM00002468;eSIM
SIM00002469;standard
SIM00002470;microSIM
SIM00002471;microSIM
SIM00002472;nanoSIM
SIM00002473;standard
SIM00002474;microSIM
SIM00002475;eSIM
SIM00002476;standard
SIM00002477;eSIM
SIM00002478;nanoSIM
SIM00002479;standard
SIM00002480;eSIM
SIM00002481;nanoSIM
SIM00002482;eSIM
SIM00002483;microSIM
SIM00002484;nanoSIM
SIM00002485;microSIM
SIM00002486;nanoSIM
SIM00002487;eSIM
SIM00002488;nanoSIM
SIM00002489;microSIM
SIM00002490;microSIM
SIM00002491;standard
SIM00002492;nanoSIM
SIM00002493;standard
SIM00002494;standard
SIM00002495;eSIM
SIM00002496;nanoSIM
SIM00002497;eSIM
SIM00002498;standard
SIM00002499;standard
SIM00002500;nanoSIM
SIM00002501;nanoSIM
SIM00002502;standard
SIM00002503;nanoSIM
SIM00002504;eSIM
SIM00002505;microSIM
SIM00002506;standard
SIM00002507;standard
SIM00002508;nanoSIM
SIM00002509;nanoSIM
SIM00002510;eSIM
SIM00002511;eSIM
SIM00002512;microSIM
SIM00002513;microSIM
SIM00002514;standard
SIM00002515;eSIM
SIM00002516;nanoSIM
SIM00002517;microSIM
SIM00002518;eSIM
SIM00002519;standard
SIM00002520;eSIM
SIM00002521;eSIM
SIM00002522;microSIM
SIM00002523;eSIM
SIM00002524;standard
SIM00002525;standard
SIM00002526;microSIM
SIM00002527;eSIM
SIM00002528;nanoSIM
SIM00002529;standard
SIM00002530;microSIM
SIM00002531;microSIM
SIM00002532;nanoSIM
SIM00002533;microSIM
SIM00002534;microSIM
SIM00002535;standard
SIM00002536;nanoSIM
SIM00002537;nanoSIM
SIM00002538;microSIM
SIM00002539;nanoSIM
SIM00002540;nanoSIM
SIM00002541;nanoSIM
SIM00002542;microSIM
SIM00002543;nanoSIM
SIM00002544;eSIM
SIM00002545;nanoSIM
SIM00002546;nanoSIM
SIM00002547;eSIM
SIM00002548;standard
SIM00002549;eSIM
SIM00002550;eSIM
SIM00002551;eSIM
SIM00002552;standard
SIM00002553;standard
SIM00002554;microSIM
SIM00002555;eSIM
SIM00002556;microSIM
SIM00002557;microSIM
SIM00002558;microSIM
SIM00002559;microSIM
SIM00002560;nanoSIM
SIM00002561;microSIM
SIM00002562;microSIM
SIM00002563;nanoSIM
SIM00002564;microSIM
SIM00002565;standard
SIM00002566;standard
SIM00002567;eSIM
SIM00002568;microSIM
SIM00002569;eSIM
SIM00002570;nanoSIM
SIM00002571;eSIM
SIM00002572;standard
SIM00002573;standard
SIM00002574;microSIM
SIM00002575;microSIM
SIM00002576;standard
SIM00002577;eSIM
SIM00002578;eSIM
SIM00002579;eSIM
SIM00002580;standard
SIM00002581;microSIM
SIM00002582;standard
SIM00002583;nanoSIM
SIM00002584;microSIM
SIM00002585;standard
SIM00002586;nanoSIM
SIM00002587;microSIM
SIM00002588;eSIM
SIM00002589;eSIM
SIM00002590;standard
SIM00002591;eSIM
SIM00002592;eSIM
SIM00002593;nanoSIM
SIM00002594;nanoSIM
SIM00002595;standard
SIM00002596;standard
SIM00002597;nanoSIM
SIM00002598;eSIM
SIM00002599;standard
SIM00002600;microSIM
SIM00002601;nanoSIM
SIM00002602;standard
SIM00002603;microSIM
SIM00002604;standard
SIM00002605;eSIM
SIM00002606;standard
SIM00002607;eSIM
SIM00002608;standard
SIM00002609;microSIM
SIM00002610;eSIM
SIM00002611;eSIM
SIM00002612;eSIM
SIM00002613;standard
SIM00002614;microSIM
SIM00002615;nanoSIM
SIM00002616;microSIM
SIM00002617;eSIM
SIM00002618;microSIM
SIM00002619;nanoSIM
SIM00002620;microSIM
SIM00002621;standard
SIM00002622;eSIM
SIM00002623;microSIM
SIM00002624;nanoSIM
SIM00002625;nanoSIM
SIM00002626;nanoSIM
SIM00002627;microSIM
SIM00002628;microSIM
SIM00002629;nanoSIM
SIM00002630;microSIM
SIM00002631;nanoSIM
SIM00002632;eSIM
SIM00002633;nanoSIM
SIM00002634;microSIM
SIM00002635;eSIM
SIM00002636;nanoSIM
SIM00002637;microSIM
SIM00002638;standard
SIM00002639;eSIM
SIM00002640;nanoSIM
SIM00002641;eSIM
SIM00002642;eSIM
SIM00002643;nanoSIM
SIM00002644;standard
SIM00002645;eSIM
SIM00002646;microSIM
SIM00002647;microSIM
SIM00002648;standard
SIM00002649;nanoSIM
SIM00002650;nanoSIM
SIM00002651;standard
SIM00002652;standard
SIM00002653;standard
SIM00002654;eSIM
SIM00002655;nanoSIM
SIM00002656;nanoSIM
SIM00002657;nanoSIM
SIM00002658;microSIM
SIM00002659;microSIM
SIM00002660;microSIM
SIM00002661;standard
SIM00002662;nanoSIM
SIM00002663;standard
SIM00002664;microSIM
SIM00002665;eSIM
SIM00002666;standard
SIM00002667;eSIM
SIM00002668;microSIM
SIM00002669;microSIM
SIM00002670;standard
SIM00002671;standard
SIM00002672;eSIM
SIM00002673;eSIM
SIM00002674;standard
SIM00002675;eSIM
SIM00002676;microSIM
SIM00002677;nanoSIM
SIM00002678;nanoSIM
SIM00002679;microSIM
SIM00002680;microSIM
SIM00002681;microSIM
SIM00002682;microSIM
SIM00002683;eSIM
SIM00002684;eSIM
SIM00002685;microSIM
SIM00002686;standard
SIM00002687;standard
SIM00002688;standard
SIM00002689;microSIM
SIM00002690;nanoSIM
SIM00002691;eSIM
SIM00002692;eSIM
SIM00002693;microSIM
SIM00002694;nanoSIM
SIM00002695;standard
SIM00002696;eSIM
SIM00002697;eSIM
SIM00002698;standard
SIM00002699;microSIM
SIM00002700;microSIM
SIM00002701;eSIM
SIM00002702;microSIM
SIM00002703;nanoSIM
SIM00002704;microSIM
SIM00002705;nanoSIM
SIM00002706;microSIM
SIM00002707;eSIM
SIM00002708;eSIM
SIM00002709;microSIM
SIM00002710;microSIM
SIM00002711;microSIM
SIM00002712;nanoSIM
SIM00002713;standard
SIM00002714;nanoSIM
SIM00002715;eSIM
SIM00002716;nanoSIM
SIM00002717;microSIM
SIM00002718;eSIM
SIM00002719;standard
SIM00002720;nanoSIM
SIM00002721;standard
SIM00002722;standard
SIM00002723;nanoSIM
SIM00002724;standard
SIM00002725;standard
SIM00002726;microSIM
SIM00002727;eSIM
SIM00002728;eSIM
SIM00002729;eSIM
SIM00002730;eSIM
SIM00002731;standard
SIM00002732;eSIM
SIM00002733;standard
SIM00002734;nanoSIM
SIM00002735;nanoSIM
SIM00002736;microSIM
SIM00002737;nanoSIM
SIM00002738;eSIM
SIM00002739;standard
SIM00002740;standard
SIM00002741;microSIM
SIM00002742;nanoSIM
SIM00002743;nanoSIM
SIM00002744;microSIM
SIM00002745;eSIM
SIM00002746;microSIM
SIM00002747;standard
SIM00002748;eSIM
SIM00002749;eSIM
SIM00002750;standard
SIM00002751;microSIM
SIM00002752;eSIM
SIM00002753;standard
SIM00002754;eSIM
SIM00002755;eSIM
SIM00002756;microSIM
SIM00002757;nanoSIM
SIM00002758;nanoSIM
SIM00002759;nanoSIM
SIM00002760;microSIM
SIM00002761;eSIM
SIM00002762;eSIM
SIM00002763;standard
SIM00002764;microSIM
SIM00002765;standard
SIM00002766;microSIM
SIM00002767;microSIM
SIM00002768;standard
SIM00002769;eSIM
SIM00002770;nanoSIM
SIM00002771;microSIM
SIM00002772;standard
SIM00002773;nanoSIM
SIM00002774;microSIM
SIM00002775;standard
SIM00002776;eSIM
SIM00002777;microSIM
SIM00002778;nanoSIM
SIM00002779;nanoSIM
SIM00002780;microSIM
SIM00002781;microSIM
SIM00002782;standard
SIM00002783;microSIM
SIM00002784;nanoSIM
SIM00002785;standard
SIM00002786;microSIM
SIM00002787;standard
SIM00002788;standard
SIM00002789;eSIM
SIM00002790;standard
SIM00002791;nanoSIM
SIM00002792;standard
SIM00002793;eSIM
SIM00002794;nanoSIM
SIM00002795;nanoSIM
SIM00002796;standard
SIM00002797;eSIM
SIM00002798;microSIM
SIM00002799;microSIM
SIM00002800;eSIM
SIM00002801;standard
SIM00002802;microSIM
SIM00002803;microSIM
SIM00002804;eSIM
SIM00002805;nanoSIM
SIM00002806;microSIM
SIM00002807;nanoSIM
SIM00002808;nanoSIM
SIM00002809;nanoSIM
SIM00002810;standard
SIM00002811;nanoSIM
SIM00002812;nanoSIM
SIM00002813;nanoSIM
SIM00002814;nanoSIM
SIM00002815;microSIM
SIM00002816;microSIM
SIM00002817;microSIM
SIM00002818;nanoSIM
SIM00002819;eSIM
SIM00002820;microSIM
SIM00002821;microSIM
SIM00002822;microSIM
SIM00002823;nanoSIM
SIM00002824;microSIM
SIM00002825;eSIM
SIM00002826;standard
SIM00002827;nanoSIM
SIM00002828;nanoSIM
SIM00002829;eSIM
SIM00002830;standard
SIM00002831;standard
SIM00002832;nanoSIM
SIM00002833;standard
SIM00002834;nanoSIM
SIM00002835;nanoSIM
SIM00002836;nanoSIM
SIM00002837;eSIM
SIM00002838;standard
SIM00002839;microSIM
SIM00002840;eSIM
SIM00002841;standard
SIM00002842;eSIM
SIM00002843;nanoSIM
SIM00002844;nanoSIM
SIM00002845;standard
SIM00002846;microSIM
SIM00002847;nanoSIM
SIM00002848;standard
SIM00002849;standard
SIM00002850;eSIM
SIM00002851;nanoSIM
SIM00002852;standard
SIM00002853;eSIM
SIM00002854;standard
SIM00002855;standard
SIM00002856;nanoSIM
SIM00002857;microSIM
SIM00002858;standard
SIM00002859;microSIM
SIM00002860;nanoSIM
SIM00002861;standard
SIM00002862;nanoSIM
SIM00002863;microSIM
SIM00002864;eSIM
SIM00002865;nanoSIM
SIM00002866;microSIM
SIM00002867;eSIM
SIM00002868;eSIM
SIM00002869;nanoSIM
SIM00002870;standard
SIM00002871;microSIM
SIM00002872;microSIM
SIM00002873;standard
SIM00002874;nanoSIM
SIM00002875;eSIM
SIM00002876;microSIM
SIM00002877;eSIM
SIM00002878;nanoSIM
SIM00002879;standard
SIM00002880;eSIM
SIM00002881;eSIM
SIM00002882;standard
SIM00002883;eSIM
SIM00002884;standard
SIM00002885;standard
SIM00002886;standard
SIM00002887;standard
SIM00002888;standard
SIM00002889;eSIM
SIM00002890;standard
SIM00002891;nanoSIM
SIM00002892;eSIM
SIM00002893;microSIM
SIM00002894;eSIM
SIM00002895;nanoSIM
SIM00002896;nanoSIM
SIM00002897;nanoSIM
SIM00002898;nanoSIM
SIM00002899;nanoSIM
SIM00002900;microSIM
SIM00002901;standard
SIM00002902;eSIM
SIM00002903;microSIM
SIM00002904;standard
SIM00002905;eSIM
SIM00002906;standard
SIM00002907;nanoSIM
SIM00002908;nanoSIM
SIM00002909;standard
SIM00002910;microSIM
SIM00002911;microSIM
SIM00002912;microSIM
SIM00002913;microSIM
SIM00002914;microSIM
SIM00002915;eSIM
SIM00002916;microSIM
SIM00002917;microSIM
SIM00002918;standard
SIM00002919;standard
SIM00002920;microSIM
SIM00002921;microSIM
SIM00002922;microSIM
SIM00002923;microSIM
SIM00002924;eSIM
SIM00002925;eSIM
SIM00002926;nanoSIM
SIM00002927;nanoSIM
SIM00002928;eSIM
SIM00002929;eSIM
SIM00002930;nanoSIM
SIM00002931;standard
SIM00002932;standard
SIM00002933;standard
SIM00002934;eSIM
SIM00002935;standard
SIM00002936;standard
SIM00002937;standard
SIM00002938;nanoSIM
SIM00002939;nanoSIM
SIM00002940;nanoSIM
SIM00002941;nanoSIM
SIM00002942;nanoSIM
SIM00002943;eSIM
SIM00002944;nanoSIM
SIM00002945;nanoSIM
SIM00002946;standard
SIM00002947;microSIM
SIM00002948;eSIM
SIM00002949;standard
SIM00002950;microSIM
SIM00002951;microSIM
SIM00002952;microSIM
SIM00002953;eSIM
SIM00002954;nanoSIM
SIM00002955;eSIM
SIM00002956;nanoSIM
SIM00002957;microSIM
SIM00002958;standard
SIM00002959;standard
SIM00002960;microSIM
SIM00002961;nanoSIM
SIM00002962;eSIM
SIM00002963;eSIM
SIM00002964;eSIM
SIM00002965;nanoSIM
SIM00002966;nanoSIM
SIM00002967;standard
SIM00002968;eSIM
SIM00002969;standard
SIM00002970;eSIM
SIM00002971;standard
SIM00002972;eSIM
SIM00002973;nanoSIM
SIM00002974;microSIM
SIM00002975;nanoSIM
SIM00002976;microSIM
SIM00002977;microSIM
SIM00002978;microSIM
SIM00002979;standard
SIM00002980;nanoSIM
SIM00002981;eSIM
SIM00002982;eSIM
SIM00002983;eSIM
SIM00002984;standard
SIM00002985;eSIM
SIM00002986;nanoSIM
SIM00002987;nanoSIM
SIM00002988;microSIM
SIM00002989;nanoSIM
SIM00002990;microSIM
SIM00002991;eSIM
SIM00002992;eSIM
SIM00002993;nanoSIM
SIM00002994;eSIM
SIM00002995;microSIM
SIM00002996;microSIM
SIM00002997;microSIM
SIM00002998;standard
SIM00002999;eSIM
SIM00003000;eSIM
SIM00003001;standard
SIM00003002;nanoSIM
SIM00003003;nanoSIM
SIM00003004;standard
SIM00003005;standard
SIM00003006;microSIM
SIM00003007;microSIM
SIM00003008;standard
SIM00003009;nanoSIM
SIM00003010;nanoSIM
SIM00003011;nanoSIM
SIM00003012;standard
SIM00003013;eSIM
SIM00003014;microSIM
SIM00003015;standard
SIM00003016;nanoSIM
SIM00003017;eSIM
SIM00003018;eSIM
SIM00003019;standard
SIM00003020;nanoSIM
SIM00003021;microSIM
SIM00003022;standard
SIM00003023;microSIM
SIM00003024;nanoSIM
SIM00003025;nanoSIM
SIM00003026;microSIM
SIM00003027;standard
SIM00003028;microSIM
SIM00003029;standard
SIM00003030;standard
SIM00003031;eSIM
SIM00003032;standard
SIM00003033;nanoSIM
SIM00003034;standard
SIM00003035;nanoSIM
SIM00003036;eSIM
SIM00003037;nanoSIM
SIM00003038;standard
SIM00003039;standard
SIM00003040;nanoSIM
SIM00003041;eSIM
SIM00003042;standard
SIM00003043;standard
SIM00003044;nanoSIM
SIM00003045;nanoSIM
SIM00003046;microSIM
SIM00003047;microSIM
SIM00003048;nanoSIM
SIM00003049;nanoSIM
SIM00003050;standard
SIM00003051;eSIM
SIM00003052;standard
SIM00003053;eSIM
SIM00003054;microSIM
SIM00003055;eSIM
SIM00003056;microSIM
SIM00003057;nanoSIM
SIM00003058;standard
SIM00003059;eSIM
SIM00003060;microSIM
SIM00003061;microSIM
SIM00003062;standard
SIM00003063;microSIM
SIM00003064;nanoSIM
SIM00003065;eSIM
SIM00003066;microSIM
SIM00003067;standard
SIM00003068;nanoSIM
SIM00003069;standard
SIM00003070;nanoSIM
SIM00003071;standard
SIM00003072;eSIM
SIM00003073;standard
SIM00003074;standard
SIM00003075;microSIM
SIM00003076;eSIM
SIM00003077;eSIM
SIM00003078;eSIM
SIM00003079;standard
SIM00003080;eSIM
SIM00003081;microSIM
SIM00003082;microSIM
SIM00003083;nanoSIM
SIM00003084;standard
SIM00003085;microSIM
SIM00003086;eSIM
SIM00003087;eSIM
SIM00003088;microSIM
SIM00003089;nanoSIM
SIM00003090;nanoSIM
SIM00003091;microSIM
SIM00003092;eSIM
SIM00003093;nanoSIM
SIM00003094;standard
SIM00003095;eSIM
SIM00003096;standard
SIM00003097;microSIM
SIM00003098;eSIM
SIM00003099;eSIM
SIM00003100;nanoSIM
SIM00003101;nanoSIM
SIM00003102;eSIM
SIM00003103;microSIM
SIM00003104;eSIM
SIM00003105;microSIM
SIM00003106;nanoSIM
SIM00003107;microSIM
SIM00003108;standard
SIM00003109;microSIM
SIM00003110;standard
SIM00003111;standard
SIM00003112;microSIM
SIM00003113;eSIM
SIM00003114;nanoSIM
SIM00003115;standard
SIM00003116;microSIM
SIM00003117;microSIM
SIM00003118;nanoSIM
SIM00003119;nanoSIM
SIM00003120;standard
SIM00003121;standard
SIM00003122;nanoSIM
SIM00003123;standard
SIM00003124;standard
SIM00003125;nanoSIM
SIM00003126;nanoSIM
SIM00003127;nanoSIM
SIM00003128;microSIM
SIM00003129;eSIM
SIM00003130;nanoSIM
SIM00003131;microSIM
SIM00003132;nanoSIM
SIM00003133;standard
SIM00003134;microSIM
SIM00003135;standard
SIM00003136;nanoSIM
SIM00003137;standard
SIM00003138;eSIM
SIM00003139;eSIM
SIM00003140;standard
SIM00003141;eSIM
SIM00003142;nanoSIM
SIM00003143;standard
SIM00003144;nanoSIM
SIM00003145;eSIM
SIM00003146;nanoSIM
SIM00003147;nanoSIM
SIM00003148;nanoSIM
SIM00003149;nanoSIM
SIM00003150;nanoSIM
SIM00003151;nanoSIM
SIM00003152;microSIM
SIM00003153;microSIM
SIM00003154;nanoSIM
SIM00003155;microSIM
SIM00003156;nanoSIM
SIM00003157;eSIM
SIM00003158;nanoSIM
SIM00003159;eSIM
SIM00003160;nanoSIM
SIM00003161;nanoSIM
SIM00003162;nanoSIM
SIM00003163;microSIM
SIM00003164;microSIM
SIM00003165;nanoSIM
SIM00003166;eSIM
SIM00003167;nanoSIM
SIM00003168;microSIM
SIM00003169;standard
SIM00003170;standard
SIM00003171;microSIM
SIM00003172;eSIM
SIM00003173;eSIM
SIM00003174;microSIM
SIM00003175;standard
SIM00003176;standard
SIM00003177;eSIM
SIM00003178;eSIM
SIM00003179;standard
SIM00003180;nanoSIM
SIM00003181;eSIM
SIM00003182;standard
SIM00003183;nanoSIM
SIM00003184;eSIM
SIM00003185;microSIM
SIM00003186;microSIM
SIM00003187;standard
SIM00003188;eSIM
SIM00003189;standard
SIM00003190;eSIM
SIM00003191;standard
SIM00003192;nanoSIM
SIM00003193;nanoSIM
SIM00003194;eSIM
SIM00003195;standard
SIM00003196;nanoSIM
SIM00003197;microSIM
SIM00003198;nanoSIM
SIM00003199;microSIM
SIM00003200;microSIM
SIM00003201;microSIM
SIM00003202;standard
SIM00003203;eSIM
SIM00003204;standard
SIM00003205;nanoSIM
SIM00003206;standard
SIM00003207;standard
SIM00003208;nanoSIM
SIM00003209;microSIM
SIM00003210;standard
SIM00003211;standard
SIM00003212;standard
SIM00003213;nanoSIM
SIM00003214;standard
SIM00003215;microSIM
SIM00003216;standard
SIM00003217;standard
SIM00003218;nanoSIM
SIM00003219;standard
SIM00003220;standard
SIM00003221;eSIM
SIM00003222;standard
SIM00003223;eSIM
SIM00003224;standard
SIM00003225;eSIM
SIM00003226;standard
SIM00003227;standard
SIM00003228;eSIM
SIM00003229;standard
SIM00003230;standard
SIM00003231;standard
SIM00003232;standard
SIM00003233;microSIM
SIM00003234;nanoSIM
SIM00003235;nanoSIM
SIM00003236;standard
SIM00003237;eSIM
SIM00003238;nanoSIM
SIM00003239;standard
SIM00003240;microSIM
SIM00003241;microSIM
SIM00003242;microSIM
SIM00003243;standard
SIM00003244;microSIM
SIM00003245;microSIM
SIM00003246;microSIM
SIM00003247;eSIM
SIM00003248;standard
SIM00003249;eSIM
SIM00003250;nanoSIM
SIM00003251;microSIM
SIM00003252;standard
SIM00003253;standard
SIM00003254;standard
SIM00003255;eSIM
SIM00003256;standard
SIM00003257;nanoSIM
SIM00003258;standard
SIM00003259;microSIM
SIM00003260;eSIM
SIM00003261;eSIM
SIM00003262;standard
SIM00003263;nanoSIM
SIM00003264;eSIM
SIM00003265;microSIM
SIM00003266;nanoSIM
SIM00003267;standard
SIM00003268;microSIM
SIM00003269;microSIM
SIM00003270;nanoSIM
SIM00003271;microSIM
SIM00003272;microSIM
SIM00003273;nanoSIM
SIM00003274;eSIM
SIM00003275;standard
SIM00003276;microSIM
SIM00003277;nanoSIM
SIM00003278;microSIM
SIM00003279;microSIM
SIM00003280;eSIM
SIM00003281;eSIM
SIM00003282;standard
SIM00003283;standard
SIM00003284;microSIM
SIM00003285;nanoSIM
SIM00003286;microSIM
SIM00003287;standard
SIM00003288;nanoSIM
SIM00003289;standard
SIM00003290;nanoSIM
SIM00003291;nanoSIM
SIM00003292;standard
SIM00003293;microSIM
SIM00003294;microSIM
SIM00003295;nanoSIM
SIM00003296;eSIM
SIM00003297;eSIM
SIM00003298;microSIM
SIM00003299;eSIM
SIM00003300;eSIM
SIM00003301;nanoSIM
SIM00003302;standard
SIM00003303;eSIM
SIM00003304;standard
SIM00003305;nanoSIM
SIM00003306;eSIM
SIM00003307;standard
SIM00003308;standard
SIM00003309;nanoSIM
SIM00003310;nanoSIM
SIM00003311;standard
SIM00003312;microSIM
SIM00003313;eSIM
SIM00003314;eSIM
SIM00003315;standard
SIM00003316;microSIM
SIM00003317;eSIM
SIM00003318;microSIM
SIM00003319;standard
SIM00003320;eSIM
SIM00003321;nanoSIM
SIM00003322;eSIM
SIM00003323;nanoSIM
SIM00003324;standard
SIM00003325;microSIM
SIM00003326;standard
SIM00003327;standard
SIM00003328;microSIM
SIM00003329;eSIM
SIM00003330;nanoSIM
SIM00003331;standard
SIM00003332;microSIM
SIM00003333;standard
SIM00003334;nanoSIM
SIM00003335;nanoSIM
SIM00003336;microSIM
SIM00003337;microSIM
SIM00003338;nanoSIM
SIM00003339;eSIM
SIM00003340;standard
SIM00003341;standard
SIM00003342;standard
SIM00003343;nanoSIM
SIM00003344;nanoSIM
SIM00003345;nanoSIM
SIM00003346;standard
SIM00003347;nanoSIM
SIM00003348;standard
SIM00003349;nanoSIM
SIM00003350;nanoSIM
SIM00003351;eSIM
SIM00003352;eSIM
SIM00003353;microSIM
SIM00003354;nanoSIM
SIM00003355;standard
SIM00003356;nanoSIM
SIM00003357;nanoSIM
SIM00003358;microSIM
SIM00003359;microSIM
SIM00003360;nanoSIM
SIM00003361;microSIM
SIM00003362;nanoSIM
SIM00003363;standard
SIM00003364;nanoSIM
SIM00003365;eSIM
SIM00003366;nanoSIM
SIM00003367;microSIM
SIM00003368;eSIM
SIM00003369;standard
SIM00003370;nanoSIM
SIM00003371;nanoSIM
SIM00003372;standard
SIM00003373;microSIM
SIM00003374;eSIM
SIM00003375;nanoSIM
SIM00003376;standard
SIM00003377;eSIM
SIM00003378;nanoSIM
SIM00003379;eSIM
SIM00003380;standard
SIM00003381;eSIM
SIM00003382;eSIM
SIM00003383;eSIM
SIM00003384;eSIM
SIM00003385;nanoSIM
SIM00003386;microSIM
SIM00003387;microSIM
SIM00003388;microSIM
SIM00003389;eSIM
SIM00003390;eSIM
SIM00003391;nanoSIM
SIM00003392;standard
SIM00003393;eSIM
SIM00003394;nanoSIM
SIM00003395;eSIM
SIM00003396;standard
SIM00003397;standard
SIM00003398;microSIM
SIM00003399;nanoSIM
SIM00003400;microSIM
SIM00003401;standard
SIM00003402;microSIM
SIM00003403;microSIM
SIM00003404;standard
SIM00003405;eSIM
SIM00003406;standard
SIM00003407;eSIM
SIM00003408;nanoSIM
SIM00003409;nanoSIM
SIM00003410;standard
SIM00003411;eSIM
SIM00003412;eSIM
SIM00003413;microSIM
SIM00003414;eSIM
SIM00003415;microSIM
SIM00003416;eSIM
SIM00003417;nanoSIM
SIM00003418;nanoSIM
SIM00003419;nanoSIM
SIM00003420;standard
SIM00003421;eSIM
SIM00003422;microSIM
SIM00003423;standard
SIM00003424;eSIM
SIM00003425;standard
SIM00003426;nanoSIM
SIM00003427;standard
SIM00003428;standard
SIM00003429;standard
SIM00003430;standard
SIM00003431;standard
SIM00003432;nanoSIM
SIM00003433;microSIM
SIM00003434;eSIM
SIM00003435;nanoSIM
SIM00003436;eSIM
SIM00003437;eSIM
SIM00003438;microSIM
SIM00003439;eSIM
SIM00003440;eSIM
SIM00003441;standard
SIM00003442;eSIM
SIM00003443;nanoSIM
SIM00003444;eSIM
SIM00003445;microSIM
SIM00003446;eSIM
SIM00003447;nanoSIM
SIM00003448;nanoSIM
SIM00003449;eSIM
SIM00003450;microSIM
SIM00003451;eSIM
SIM00003452;nanoSIM
SIM00003453;eSIM
SIM00003454;nanoSIM
SIM00003455;standard
SIM00003456;microSIM
SIM00003457;microSIM
SIM00003458;eSIM
SIM00003459;standard
SIM00003460;eSIM
SIM00003461;nanoSIM
SIM00003462;microSIM
SIM00003463;microSIM
SIM00003464;standard
SIM00003465;nanoSIM
SIM00003466;nanoSIM
SIM00003467;nanoSIM
SIM00003468;eSIM
SIM00003469;nanoSIM
SIM00003470;microSIM
SIM00003471;standard
SIM00003472;eSIM
SIM00003473;microSIM
SIM00003474;eSIM
SIM00003475;standard
SIM00003476;nanoSIM
SIM00003477;nanoSIM
SIM00003478;microSIM
SIM00003479;nanoSIM
SIM00003480;eSIM
SIM00003481;nanoSIM
SIM00003482;nanoSIM
SIM00003483;standard
SIM00003484;microSIM
SIM00003485;microSIM
SIM00003486;microSIM
SIM00003487;microSIM
SIM00003488;standard
SIM00003489;microSIM
SIM00003490;eSIM
SIM00003491;microSIM
SIM00003492;microSIM
SIM00003493;standard
SIM00003494;eSIM
SIM00003495;standard
SIM00003496;nanoSIM
SIM00003497;nanoSIM
SIM00003498;microSIM
SIM00003499;eSIM
SIM00003500;nanoSIM
SIM00003501;microSIM
SIM00003502;microSIM
SIM00003503;nanoSIM
SIM00003504;nanoSIM
SIM00003505;standard
SIM00003506;microSIM
SIM00003507;microSIM
SIM00003508;nanoSIM
SIM00003509;microSIM
SIM00003510;microSIM
SIM00003511;eSIM
SIM00003512;eSIM
SIM00003513;nanoSIM
SIM00003514;standard
SIM00003515;standard
SIM00003516;nanoSIM
SIM00003517;standard
SIM00003518;standard
SIM00003519;standard
SIM00003520;nanoSIM
SIM00003521;standard
SIM00003522;nanoSIM
SIM00003523;standard
SIM00003524;nanoSIM
SIM00003525;nanoSIM
SIM00003526;standard
SIM00003527;microSIM
SIM00003528;microSIM
SIM00003529;microSIM
SIM00003530;microSIM
SIM00003531;eSIM
SIM00003532;nanoSIM
SIM00003533;microSIM
SIM00003534;microSIM
SIM00003535;eSIM
SIM00003536;microSIM
SIM00003537;nanoSIM
SIM00003538;eSIM
SIM00003539;microSIM
SIM00003540;eSIM
SIM00003541;standard
SIM00003542;microSIM
SIM00003543;standard
SIM00003544;microSIM
SIM00003545;eSIM
SIM00003546;eSIM
SIM00003547;nanoSIM
SIM00003548;eSIM
SIM00003549;nanoSIM
SIM00003550;eSIM
SIM00003551;nanoSIM
SIM00003552;eSIM
SIM00003553;standard
SIM00003554;standard
SIM00003555;nanoSIM
SIM00003556;standard
SIM00003557;microSIM
SIM00003558;microSIM
SIM00003559;nanoSIM
SIM00003560;microSIM
SIM00003561;eSIM
SIM00003562;eSIM
SIM00003563;standard
SIM00003564;microSIM
SIM00003565;nanoSIM
SIM00003566;standard
SIM00003567;microSIM
SIM00003568;standard
SIM00003569;microSIM
SIM00003570;standard
SIM00003571;nanoSIM
SIM00003572;microSIM
SIM00003573;standard
SIM00003574;eSIM
SIM00003575;standard
SIM00003576;microSIM
SIM00003577;microSIM
SIM00003578;microSIM
SIM00003579;microSIM
SIM00003580;microSIM
SIM00003581;microSIM
SIM00003582;eSIM
SIM00003583;microSIM
SIM00003584;standard
SIM00003585;microSIM
SIM00003586;standard
SIM00003587;microSIM
SIM00003588;standard
SIM00003589;nanoSIM
SIM00003590;microSIM
SIM00003591;eSIM
SIM00003592;eSIM
SIM00003593;nanoSIM
SIM00003594;eSIM
SIM00003595;eSIM
SIM00003596;microSIM
SIM00003597;standard
SIM00003598;eSIM
SIM00003599;standard
SIM00003600;eSIM
SIM00003601;nanoSIM
SIM00003602;eSIM
SIM00003603;eSIM
SIM00003604;standard
SIM00003605;eSIM
SIM00003606;nanoSIM
SIM00003607;standard
SIM00003608;standard
SIM00003609;eSIM
SIM00003610;microSIM
SIM00003611;eSIM
SIM00003612;eSIM
SIM00003613;nanoSIM
SIM00003614;nanoSIM
SIM00003615;eSIM
SIM00003616;standard
SIM00003617;eSIM
SIM00003618;nanoSIM
SIM00003619;standard
SIM00003620;eSIM
SIM00003621;microSIM
SIM00003622;eSIM
SIM00003623;microSIM
SIM00003624;microSIM
SIM00003625;microSIM
SIM00003626;microSIM
SIM00003627;eSIM
SIM00003628;eSIM
SIM00003629;eSIM
SIM00003630;microSIM
SIM00003631;eSIM
SIM00003632;eSIM
SIM00003633;nanoSIM
SIM00003634;eSIM
SIM00003635;eSIM
SIM00003636;nanoSIM
SIM00003637;standard
SIM00003638;standard
SIM00003639;eSIM
SIM00003640;eSIM
SIM00003641;standard
SIM00003642;microSIM
SIM00003643;nanoSIM
SIM00003644;eSIM
SIM00003645;standard
SIM00003646;nanoSIM
SIM00003647;standard
SIM00003648;standard
SIM00003649;microSIM
SIM00003650;eSIM
SIM00003651;nanoSIM
SIM00003652;nanoSIM
SIM00003653;standard
SIM00003654;microSIM
SIM00003655;microSIM
SIM00003656;nanoSIM
SIM00003657;eSIM
SIM00003658;microSIM
SIM00003659;standard
SIM00003660;standard
SIM00003661;nanoSIM
SIM00003662;eSIM
SIM00003663;eSIM
SIM00003664;standard
SIM00003665;microSIM
SIM00003666;eSIM
SIM00003667;eSIM
SIM00003668;microSIM
SIM00003669;standard
SIM00003670;nanoSIM
SIM00003671;eSIM
SIM00003672;microSIM
SIM00003673;microSIM
SIM00003674;nanoSIM
SIM00003675;eSIM
SIM00003676;standard
SIM00003677;microSIM
SIM00003678;nanoSIM
SIM00003679;nanoSIM
SIM00003680;microSIM
SIM00003681;nanoSIM
SIM00003682;standard
SIM00003683;nanoSIM
SIM00003684;microSIM
SIM00003685;microSIM
SIM00003686;nanoSIM
SIM00003687;microSIM
SIM00003688;eSIM
SIM00003689;microSIM
SIM00003690;nanoSIM
SIM00003691;nanoSIM
SIM00003692;eSIM
SIM00003693;microSIM
SIM00003694;microSIM
SIM00003695;eSIM
SIM00003696;eSIM
SIM00003697;standard
SIM00003698;nanoSIM
SIM00003699;microSIM
SIM00003700;nanoSIM
SIM00003701;microSIM
SIM00003702;standard
SIM00003703;microSIM
SIM00003704;nanoSIM
SIM00003705;microSIM
SIM00003706;eSIM
SIM00003707;nanoSIM
SIM00003708;nanoSIM
SIM00003709;nanoSIM
SIM00003710;microSIM
SIM00003711;microSIM
SIM00003712;standard
SIM00003713;microSIM
SIM00003714;eSIM
SIM00003715;standard
SIM00003716;microSIM
SIM00003717;eSIM
SIM00003718;eSIM
SIM00003719;microSIM
SIM00003720;microSIM
SIM00003721;standard
SIM00003722;nanoSIM
SIM00003723;microSIM
SIM00003724;microSIM
SIM00003725;microSIM
SIM00003726;eSIM
SIM00003727;nanoSIM
SIM00003728;nanoSIM
SIM00003729;standard
SIM00003730;standard
SIM00003731;nanoSIM
SIM00003732;nanoSIM
SIM00003733;microSIM
SIM00003734;standard
SIM00003735;nanoSIM
SIM00003736;standard
SIM00003737;nanoSIM
SIM00003738;eSIM
SIM00003739;nanoSIM
SIM00003740;standard
SIM00003741;eSIM
SIM00003742;microSIM
SIM00003743;eSIM
SIM00003744;standard
SIM00003745;nanoSIM
SIM00003746;eSIM
SIM00003747;microSIM
SIM00003748;nanoSIM
SIM00003749;eSIM
SIM00003750;nanoSIM
SIM00003751;eSIM
SIM00003752;nanoSIM
SIM00003753;microSIM
SIM00003754;microSIM
SIM00003755;standard
SIM00003756;standard
SIM00003757;nanoSIM
SIM00003758;nanoSIM
SIM00003759;standard
SIM00003760;eSIM
SIM00003761;eSIM
SIM00003762;nanoSIM
SIM00003763;nanoSIM
SIM00003764;standard
SIM00003765;nanoSIM
SIM00003766;eSIM
SIM00003767;nanoSIM
SIM00003768;microSIM
SIM00003769;standard
SIM00003770;eSIM
SIM00003771;standard
SIM00003772;microSIM
SIM00003773;standard
SIM00003774;microSIM
SIM00003775;eSIM
SIM00003776;nanoSIM
SIM00003777;nanoSIM
SIM00003778;microSIM
SIM00003779;eSIM
SIM00003780;standard
SIM00003781;eSIM
SIM00003782;microSIM
SIM00003783;eSIM
SIM00003784;microSIM
SIM00003785;microSIM
SIM00003786;standard
SIM00003787;standard
SIM00003788;standard
SIM00003789;nanoSIM
SIM00003790;eSIM
SIM00003791;eSIM
SIM00003792;microSIM
SIM00003793;eSIM
SIM00003794;eSIM
SIM00003795;standard
SIM00003796;nanoSIM
SIM00003797;eSIM
SIM00003798;standard
SIM00003799;standard
SIM00003800;nanoSIM
SIM00003801;nanoSIM
SIM00003802;standard
SIM00003803;nanoSIM
SIM00003804;nanoSIM
SIM00003805;nanoSIM
SIM00003806;microSIM
SIM00003807;eSIM
SIM00003808;microSIM
SIM00003809;microSIM
SIM00003810;standard
SIM00003811;microSIM
SIM00003812;eSIM
SIM00003813;microSIM
SIM00003814;nanoSIM
SIM00003815;standard
SIM00003816;microSIM
SIM00003817;microSIM
SIM00003818;eSIM
SIM00003819;nanoSIM
SIM00003820;eSIM
SIM00003821;nanoSIM
SIM00003822;eSIM
SIM00003823;eSIM
SIM00003824;standard
SIM00003825;standard
SIM00003826;microSIM
SIM00003827;nanoSIM
SIM00003828;eSIM
SIM00003829;microSIM
SIM00003830;standard
SIM00003831;nanoSIM
SIM00003832;standard
SIM00003833;nanoSIM
SIM00003834;nanoSIM
SIM00003835;eSIM
SIM00003836;eSIM
SIM00003837;microSIM
SIM00003838;nanoSIM
SIM00003839;nanoSIM
SIM00003840;eSIM
SIM00003841;eSIM
SIM00003842;nanoSIM
SIM00003843;microSIM
SIM00003844;standard
SIM00003845;eSIM
SIM00003846;eSIM
SIM00003847;nanoSIM
SIM00003848;standard
SIM00003849;microSIM
SIM00003850;microSIM
SIM00003851;standard
SIM00003852;standard
SIM00003853;standard
SIM00003854;eSIM
SIM00003855;nanoSIM
SIM00003856;eSIM
SIM00003857;microSIM
SIM00003858;nanoSIM
SIM00003859;microSIM
SIM00003860;standard
SIM00003861;eSIM
SIM00003862;nanoSIM
SIM00003863;nanoSIM
SIM00003864;nanoSIM
SIM00003865;nanoSIM
SIM00003866;nanoSIM
SIM00003867;nanoSIM
SIM00003868;nanoSIM
SIM00003869;standard
SIM00003870;microSIM
SIM00003871;microSIM
SIM00003872;microSIM
SIM00003873;eSIM
SIM00003874;eSIM
SIM00003875;microSIM
SIM00003876;microSIM
SIM00003877;standard
SIM00003878;eSIM
SIM00003879;eSIM
SIM00003880;eSIM
SIM00003881;nanoSIM
SIM00003882;nanoSIM
SIM00003883;standard
SIM00003884;eSIM
SIM00003885;eSIM
SIM00003886;nanoSIM
SIM00003887;standard
SIM00003888;nanoSIM
SIM00003889;eSIM
SIM00003890;eSIM
SIM00003891;microSIM
SIM00003892;standard
SIM00003893;nanoSIM
SIM00003894;microSIM
SIM00003895;eSIM
SIM00003896;eSIM
SIM00003897;eSIM
SIM00003898;microSIM
SIM00003899;nanoSIM
SIM00003900;eSIM
SIM00003901;eSIM
SIM00003902;nanoSIM
SIM00003903;nanoSIM
SIM00003904;nanoSIM
SIM00003905;nanoSIM
SIM00003906;nanoSIM
SIM00003907;standard
SIM00003908;eSIM
SIM00003909;standard
SIM00003910;nanoSIM
SIM00003911;microSIM
SIM00003912;microSIM
SIM00003913;microSIM
SIM00003914;nanoSIM
SIM00003915;standard
SIM00003916;standard
SIM00003917;microSIM
SIM00003918;standard
SIM00003919;standard
SIM00003920;eSIM
SIM00003921;nanoSIM
SIM00003922;microSIM
SIM00003923;nanoSIM
SIM00003924;standard
SIM00003925;eSIM
SIM00003926;nanoSIM
SIM00003927;eSIM
SIM00003928;nanoSIM
SIM00003929;standard
SIM00003930;eSIM
SIM00003931;nanoSIM
SIM00003932;nanoSIM
SIM00003933;nanoSIM
SIM00003934;standard
SIM00003935;standard
SIM00003936;nanoSIM
SIM00003937;nanoSIM
SIM00003938;nanoSIM
SIM00003939;standard
SIM00003940;standard
SIM00003941;eSIM
SIM00003942;nanoSIM
SIM00003943;nanoSIM
SIM00003944;eSIM
SIM00003945;microSIM
SIM00003946;nanoSIM
SIM00003947;standard
SIM00003948;eSIM
SIM00003949;microSIM
SIM00003950;standard
SIM00003951;eSIM
SIM00003952;eSIM
SIM00003953;eSIM
SIM00003954;eSIM
SIM00003955;microSIM
SIM00003956;microSIM
SIM00003957;nanoSIM
SIM00003958;eSIM
SIM00003959;standard
SIM00003960;standard
SIM00003961;eSIM
SIM00003962;eSIM
SIM00003963;microSIM
SIM00003964;eSIM
SIM00003965;standard
SIM00003966;nanoSIM
SIM00003967;microSIM
SIM00003968;standard
SIM00003969;nanoSIM
SIM00003970;nanoSIM
SIM00003971;standard
SIM00003972;standard
SIM00003973;microSIM
SIM00003974;microSIM
SIM00003975;nanoSIM
SIM00003976;nanoSIM
SIM00003977;standard
SIM00003978;nanoSIM
SIM00003979;microSIM
SIM00003980;nanoSIM
SIM00003981;standard
SIM00003982;nanoSIM
SIM00003983;standard
SIM00003984;standard
SIM00003985;microSIM
SIM00003986;microSIM
SIM00003987;microSIM
SIM00003988;eSIM
SIM00003989;eSIM
SIM00003990;nanoSIM
SIM00003991;nanoSIM
SIM00003992;nanoSIM
SIM00003993;microSIM
SIM00003994;standard
SIM00003995;standard
SIM00003996;standard
SIM00003997;nanoSIM
SIM00003998;eSIM
SIM00003999;nanoSIM
SIM00004000;nanoSIM
SIM00004001;standard
SIM00004002;eSIM
SIM00004003;eSIM
SIM00004004;microSIM
SIM00004005;eSIM
SIM00004006;standard
SIM00004007;standard
SIM00004008;standard
SIM00004009;nanoSIM
SIM00004010;nanoSIM
SIM00004011;eSIM
SIM00004012;microSIM
SIM00004013;eSIM
SIM00004014;standard
SIM00004015;standard
SIM00004016;eSIM
SIM00004017;standard
SIM00004018;nanoSIM
SIM00004019;microSIM
SIM00004020;eSIM
SIM00004021;eSIM
SIM00004022;eSIM
SIM00004023;eSIM
SIM00004024;eSIM
SIM00004025;standard
SIM00004026;eSIM
SIM00004027;nanoSIM
SIM00004028;standard
SIM00004029;nanoSIM
SIM00004030;eSIM
SIM00004031;nanoSIM
SIM00004032;nanoSIM
SIM00004033;eSIM
SIM00004034;nanoSIM
SIM00004035;nanoSIM
SIM00004036;eSIM
SIM00004037;eSIM
SIM00004038;eSIM
SIM00004039;eSIM
SIM00004040;standard
SIM00004041;microSIM
SIM00004042;eSIM
SIM00004043;microSIM
SIM00004044;nanoSIM
SIM00004045;standard
SIM00004046;eSIM
SIM00004047;microSIM
SIM00004048;standard
SIM00004049;microSIM
SIM00004050;nanoSIM
SIM00004051;standard
SIM00004052;standard
SIM00004053;standard
SIM00004054;standard
SIM00004055;standard
SIM00004056;eSIM
SIM00004057;microSIM
SIM00004058;eSIM
SIM00004059;eSIM
SIM00004060;microSIM
SIM00004061;nanoSIM
SIM00004062;microSIM
SIM00004063;nanoSIM
SIM00004064;eSIM
SIM00004065;standard
SIM00004066;standard
SIM00004067;nanoSIM
SIM00004068;standard
SIM00004069;eSIM
SIM00004070;nanoSIM
SIM00004071;nanoSIM
SIM00004072;microSIM
SIM00004073;eSIM
SIM00004074;eSIM
SIM00004075;nanoSIM
SIM00004076;standard
SIM00004077;standard
SIM00004078;microSIM
SIM00004079;standard
SIM00004080;microSIM
SIM00004081;eSIM
SIM00004082;nanoSIM
SIM00004083;standard
SIM00004084;nanoSIM
SIM00004085;nanoSIM
SIM00004086;microSIM
SIM00004087;microSIM
SIM00004088;standard
SIM00004089;nanoSIM
SIM00004090;standard
SIM00004091;standard
SIM00004092;microSIM
SIM00004093;microSIM
SIM00004094;microSIM
SIM00004095;eSIM
SIM00004096;microSIM
SIM00004097;standard
SIM00004098;nanoSIM
SIM00004099;nanoSIM
SIM00004100;standard
SIM00004101;standard
SIM00004102;microSIM
SIM00004103;standard
SIM00004104;eSIM
SIM00004105;eSIM
SIM00004106;nanoSIM
SIM00004107;microSIM
SIM00004108;microSIM
SIM00004109;standard
SIM00004110;nanoSIM
SIM00004111;microSIM
SIM00004112;eSIM
SIM00004113;eSIM
SIM00004114;microSIM
SIM00004115;standard
SIM00004116;nanoSIM
SIM00004117;nanoSIM
SIM00004118;microSIM
SIM00004119;microSIM
SIM00004120;microSIM
SIM00004121;microSIM
SIM00004122;nanoSIM
SIM00004123;nanoSIM
SIM00004124;microSIM
SIM00004125;eSIM
SIM00004126;microSIM
SIM00004127;nanoSIM
SIM00004128;eSIM
SIM00004129;standard
SIM00004130;standard
SIM00004131;eSIM
SIM00004132;nanoSIM
SIM00004133;standard
SIM00004134;nanoSIM
SIM00004135;eSIM
SIM00004136;microSIM
SIM00004137;microSIM
SIM00004138;nanoSIM
SIM00004139;nanoSIM
SIM00004140;eSIM
SIM00004141;standard
SIM00004142;eSIM
SIM00004143;microSIM
SIM00004144;eSIM
SIM00004145;standard
SIM00004146;microSIM
SIM00004147;standard
SIM00004148;eSIM
SIM00004149;microSIM
SIM00004150;nanoSIM
SIM00004151;eSIM
SIM00004152;microSIM
SIM00004153;microSIM
SIM00004154;standard
SIM00004155;eSIM
SIM00004156;microSIM
SIM00004157;nanoSIM
SIM00004158;eSIM
SIM00004159;microSIM
SIM00004160;standard
SIM00004161;eSIM
SIM00004162;eSIM
SIM00004163;standard
SIM00004164;nanoSIM
SIM00004165;standard
SIM00004166;standard
SIM00004167;microSIM
SIM00004168;microSIM
SIM00004169;nanoSIM
SIM00004170;microSIM
SIM00004171;microSIM
SIM00004172;microSIM
SIM00004173;nanoSIM
SIM00004174;standard
SIM00004175;nanoSIM
SIM00004176;standard
SIM00004177;nanoSIM
SIM00004178;nanoSIM
SIM00004179;microSIM
SIM00004180;nanoSIM
SIM00004181;eSIM
SIM00004182;eSIM
SIM00004183;standard
SIM00004184;eSIM
SIM00004185;nanoSIM
SIM00004186;microSIM
SIM00004187;eSIM
SIM00004188;nanoSIM
SIM00004189;microSIM
SIM00004190;nanoSIM
SIM00004191;microSIM
SIM00004192;microSIM
SIM00004193;eSIM
SIM00004194;nanoSIM
SIM00004195;nanoSIM
SIM00004196;standard
SIM00004197;nanoSIM
SIM00004198;eSIM
SIM00004199;eSIM
SIM00004200;eSIM
SIM00004201;eSIM
SIM00004202;standard
SIM00004203;standard
SIM00004204;standard
SIM00004205;standard
SIM00004206;microSIM
SIM00004207;eSIM
SIM00004208;microSIM
SIM00004209;standard
SIM00004210;standard
SIM00004211;nanoSIM
SIM00004212;nanoSIM
SIM00004213;standard
SIM00004214;nanoSIM
SIM00004215;microSIM
SIM00004216;nanoSIM
SIM00004217;microSIM
SIM00004218;eSIM
SIM00004219;eSIM
SIM00004220;standard
SIM00004221;eSIM
SIM00004222;nanoSIM
SIM00004223;standard
SIM00004224;eSIM
SIM00004225;standard
SIM00004226;eSIM
SIM00004227;microSIM
SIM00004228;microSIM
SIM00004229;nanoSIM
SIM00004230;nanoSIM
SIM00004231;microSIM
SIM00004232;microSIM
SIM00004233;eSIM
SIM00004234;microSIM
SIM00004235;microSIM
SIM00004236;microSIM
SIM00004237;standard
SIM00004238;nanoSIM
SIM00004239;standard
SIM00004240;standard
SIM00004241;eSIM
SIM00004242;microSIM
SIM00004243;microSIM
SIM00004244;microSIM
SIM00004245;eSIM
SIM00004246;nanoSIM
SIM00004247;standard
SIM00004248;microSIM
SIM00004249;nanoSIM
SIM00004250;nanoSIM
SIM00004251;nanoSIM
SIM00004252;eSIM
SIM00004253;microSIM
SIM00004254;microSIM
SIM00004255;standard
SIM00004256;nanoSIM
SIM00004257;microSIM
SIM00004258;nanoSIM
SIM00004259;standard
SIM00004260;standard
SIM00004261;standard
SIM00004262;eSIM
SIM00004263;microSIM
SIM00004264;nanoSIM
SIM00004265;nanoSIM
SIM00004266;nanoSIM
SIM00004267;standard
SIM00004268;microSIM
SIM00004269;nanoSIM
SIM00004270;nanoSIM
SIM00004271;nanoSIM
SIM00004272;nanoSIM
SIM00004273;nanoSIM
SIM00004274;nanoSIM
SIM00004275;eSIM
SIM00004276;standard
SIM00004277;nanoSIM
SIM00004278;nanoSIM
SIM00004279;eSIM
SIM00004280;microSIM
SIM00004281;nanoSIM
SIM00004282;eSIM
SIM00004283;eSIM
SIM00004284;standard
SIM00004285;standard
SIM00004286;standard
SIM00004287;eSIM
SIM00004288;nanoSIM
SIM00004289;nanoSIM
SIM00004290;microSIM
SIM00004291;eSIM
SIM00004292;microSIM
SIM00004293;standard
SIM00004294;microSIM
SIM00004295;microSIM
SIM00004296;standard
SIM00004297;microSIM
SIM00004298;microSIM
SIM00004299;nanoSIM
SIM00004300;microSIM
SIM00004301;eSIM
SIM00004302;microSIM
SIM00004303;microSIM
SIM00004304;eSIM
SIM00004305;eSIM
SIM00004306;nanoSIM
SIM00004307;standard
SIM00004308;standard
SIM00004309;standard
SIM00004310;eSIM
SIM00004311;standard
SIM00004312;standard
SIM00004313;standard
SIM00004314;eSIM
SIM00004315;eSIM
SIM00004316;microSIM
SIM00004317;eSIM
SIM00004318;microSIM
SIM00004319;nanoSIM
SIM00004320;eSIM
SIM00004321;standard
SIM00004322;microSIM
SIM00004323;nanoSIM
SIM00004324;microSIM
SIM00004325;eSIM
SIM00004326;eSIM
SIM00004327;microSIM
SIM00004328;eSIM
SIM00004329;standard
SIM00004330;eSIM
SIM00004331;nanoSIM
SIM00004332;nanoSIM
SIM00004333;standard
SIM00004334;nanoSIM
SIM00004335;eSIM
SIM00004336;standard
SIM00004337;nanoSIM
SIM00004338;microSIM
SIM00004339;microSIM
SIM00004340;microSIM
SIM00004341;microSIM
SIM00004342;eSIM
SIM00004343;eSIM
SIM00004344;eSIM
SIM00004345;eSIM
SIM00004346;standard
SIM00004347;eSIM
SIM00004348;eSIM
SIM00004349;eSIM
SIM00004350;standard
SIM00004351;eSIM
SIM00004352;eSIM
SIM00004353;eSIM
SIM00004354;nanoSIM
SIM00004355;eSIM
SIM00004356;microSIM
SIM00004357;nanoSIM
SIM00004358;eSIM
SIM00004359;standard
SIM00004360;microSIM
SIM00004361;nanoSIM
SIM00004362;eSIM
SIM00004363;microSIM
SIM00004364;standard
SIM00004365;nanoSIM
SIM00004366;standard
SIM00004367;nanoSIM
SIM00004368;microSIM
SIM00004369;microSIM
SIM00004370;nanoSIM
SIM00004371;eSIM
SIM00004372;microSIM
SIM00004373;microSIM
SIM00004374;standard
SIM00004375;standard
SIM00004376;eSIM
SIM00004377;standard
SIM00004378;nanoSIM
SIM00004379;microSIM
SIM00004380;microSIM
SIM00004381;eSIM
SIM00004382;eSIM
SIM00004383;eSIM
SIM00004384;eSIM
SIM00004385;microSIM
SIM00004386;eSIM
SIM00004387;nanoSIM
SIM00004388;microSIM
SIM00004389;standard
SIM00004390;microSIM
SIM00004391;nanoSIM
SIM00004392;standard
SIM00004393;standard
SIM00004394;standard
SIM00004395;microSIM
SIM00004396;nanoSIM
SIM00004397;standard
SIM00004398;nanoSIM
SIM00004399;microSIM
SIM00004400;microSIM
SIM00004401;eSIM
SIM00004402;standard
SIM00004403;standard
SIM00004404;microSIM
SIM00004405;nanoSIM
SIM00004406;standard
SIM00004407;eSIM
SIM00004408;microSIM
SIM00004409;nanoSIM
SIM00004410;nanoSIM
SIM00004411;microSIM
SIM00004412;microSIM
SIM00004413;nanoSIM
SIM00004414;microSIM
SIM00004415;eSIM
SIM00004416;nanoSIM
SIM00004417;standard
SIM00004418;microSIM
SIM00004419;eSIM
SIM00004420;eSIM
SIM00004421;eSIM
SIM00004422;nanoSIM
SIM00004423;eSIM
SIM00004424;nanoSIM
SIM00004425;standard
SIM00004426;nanoSIM
SIM00004427;eSIM
SIM00004428;nanoSIM
SIM00004429;nanoSIM
SIM00004430;eSIM
SIM00004431;standard
SIM00004432;microSIM
SIM00004433;standard
SIM00004434;eSIM
SIM00004435;standard
SIM00004436;standard
SIM00004437;microSIM
SIM00004438;nanoSIM
SIM00004439;standard
SIM00004440;standard
SIM00004441;microSIM
SIM00004442;standard
SIM00004443;microSIM
SIM00004444;eSIM
SIM00004445;microSIM
SIM00004446;nanoSIM
SIM00004447;eSIM
SIM00004448;eSIM
SIM00004449;eSIM
SIM00004450;standard
SIM00004451;eSIM
SIM00004452;nanoSIM
SIM00004453;eSIM
SIM00004454;standard
SIM00004455;eSIM
SIM00004456;microSIM
SIM00004457;nanoSIM
SIM00004458;nanoSIM
SIM00004459;eSIM
SIM00004460;eSIM
SIM00004461;standard
SIM00004462;microSIM
SIM00004463;microSIM
SIM00004464;eSIM
SIM00004465;eSIM
SIM00004466;eSIM
SIM00004467;eSIM
SIM00004468;eSIM
SIM00004469;nanoSIM
SIM00004470;nanoSIM
SIM00004471;microSIM
SIM00004472;microSIM
SIM00004473;microSIM
SIM00004474;nanoSIM
SIM00004475;eSIM
SIM00004476;nanoSIM
SIM00004477;microSIM
SIM00004478;nanoSIM
SIM00004479;microSIM
SIM00004480;nanoSIM
SIM00004481;eSIM
SIM00004482;microSIM
SIM00004483;nanoSIM
SIM00004484;microSIM
SIM00004485;nanoSIM
SIM00004486;microSIM
SIM00004487;microSIM
SIM00004488;microSIM
SIM00004489;nanoSIM
SIM00004490;microSIM
SIM00004491;eSIM
SIM00004492;nanoSIM
SIM00004493;standard
SIM00004494;standard
SIM00004495;standard
SIM00004496;standard
SIM00004497;nanoSIM
SIM00004498;standard
SIM00004499;microSIM
SIM00004500;microSIM
SIM00004501;microSIM
SIM00004502;standard
SIM00004503;standard
SIM00004504;standard
SIM00004505;eSIM
SIM00004506;nanoSIM
SIM00004507;nanoSIM
SIM00004508;nanoSIM
SIM00004509;standard
SIM00004510;standard
SIM00004511;microSIM
SIM00004512;eSIM
SIM00004513;eSIM
SIM00004514;standard
SIM00004515;microSIM
SIM00004516;eSIM
SIM00004517;eSIM
SIM00004518;nanoSIM
SIM00004519;nanoSIM
SIM00004520;microSIM
SIM00004521;nanoSIM
SIM00004522;microSIM
SIM00004523;eSIM
SIM00004524;eSIM
SIM00004525;microSIM
SIM00004526;nanoSIM
SIM00004527;nanoSIM
SIM00004528;microSIM
SIM00004529;eSIM
SIM00004530;microSIM
SIM00004531;eSIM
SIM00004532;microSIM
SIM00004533;standard
SIM00004534;eSIM
SIM00004535;standard
SIM00004536;standard
SIM00004537;microSIM
SIM00004538;standard
SIM00004539;nanoSIM
SIM00004540;standard
SIM00004541;standard
SIM00004542;eSIM
SIM00004543;standard
SIM00004544;eSIM
SIM00004545;eSIM
SIM00004546;nanoSIM
SIM00004547;microSIM
SIM00004548;nanoSIM
SIM00004549;eSIM
SIM00004550;microSIM
SIM00004551;microSIM
SIM00004552;nanoSIM
SIM00004553;nanoSIM
SIM00004554;eSIM
SIM00004555;eSIM
SIM00004556;standard
SIM00004557;microSIM
SIM00004558;nanoSIM
SIM00004559;eSIM
SIM00004560;eSIM
SIM00004561;eSIM
SIM00004562;microSIM
SIM00004563;microSIM
SIM00004564;nanoSIM
SIM00004565;standard
SIM00004566;eSIM
SIM00004567;eSIM
SIM00004568;eSIM
SIM00004569;nanoSIM
SIM00004570;microSIM
SIM00004571;standard
SIM00004572;eSIM
SIM00004573;eSIM
SIM00004574;nanoSIM
SIM00004575;eSIM
SIM00004576;microSIM
SIM00004577;standard
SIM00004578;nanoSIM
SIM00004579;standard
SIM00004580;microSIM
SIM00004581;microSIM
SIM00004582;eSIM
SIM00004583;microSIM
SIM00004584;microSIM
SIM00004585;standard
SIM00004586;standard
SIM00004587;nanoSIM
SIM00004588;nanoSIM
SIM00004589;nanoSIM
SIM00004590;standard
SIM00004591;eSIM
SIM00004592;microSIM
SIM00004593;eSIM
SIM00004594;eSIM
SIM00004595;eSIM
SIM00004596;microSIM
SIM00004597;nanoSIM
SIM00004598;eSIM
SIM00004599;microSIM
SIM00004600;microSIM
SIM00004601;standard
SIM00004602;nanoSIM
SIM00004603;eSIM
SIM00004604;nanoSIM
SIM00004605;standard
SIM00004606;microSIM
SIM00004607;standard
SIM00004608;nanoSIM
SIM00004609;standard
SIM00004610;microSIM
SIM00004611;standard
SIM00004612;eSIM
SIM00004613;microSIM
SIM00004614;nanoSIM
SIM00004615;nanoSIM
SIM00004616;eSIM
SIM00004617;nanoSIM
SIM00004618;microSIM
SIM00004619;eSIM
SIM00004620;nanoSIM
SIM00004621;standard
SIM00004622;microSIM
SIM00004623;standard
SIM00004624;standard
SIM00004625;nanoSIM
SIM00004626;nanoSIM
SIM00004627;eSIM
SIM00004628;eSIM
SIM00004629;nanoSIM
SIM00004630;eSIM
SIM00004631;nanoSIM
SIM00004632;eSIM
SIM00004633;eSIM
SIM00004634;microSIM
SIM00004635;eSIM
SIM00004636;standard
SIM00004637;eSIM
SIM00004638;nanoSIM
SIM00004639;eSIM
SIM00004640;nanoSIM
SIM00004641;eSIM
SIM00004642;standard
SIM00004643;nanoSIM
SIM00004644;eSIM
SIM00004645;nanoSIM
SIM00004646;standard
SIM00004647;standard
SIM00004648;eSIM
SIM00004649;nanoSIM
SIM00004650;eSIM
SIM00004651;standard
SIM00004652;microSIM
SIM00004653;microSIM
SIM00004654;nanoSIM
SIM00004655;microSIM
SIM00004656;standard
SIM00004657;nanoSIM
SIM00004658;nanoSIM
SIM00004659;standard
SIM00004660;eSIM
SIM00004661;nanoSIM
SIM00004662;eSIM
SIM00004663;standard
SIM00004664;standard
SIM00004665;microSIM
SIM00004666;microSIM
SIM00004667;nanoSIM
SIM00004668;eSIM
SIM00004669;standard
SIM00004670;nanoSIM
SIM00004671;eSIM
SIM00004672;nanoSIM
SIM00004673;eSIM
SIM00004674;microSIM
SIM00004675;eSIM
SIM00004676;microSIM
SIM00004677;standard
SIM00004678;standard
SIM00004679;standard
SIM00004680;standard
SIM00004681;eSIM
SIM00004682;nanoSIM
SIM00004683;standard
SIM00004684;eSIM
SIM00004685;microSIM
SIM00004686;standard
SIM00004687;eSIM
SIM00004688;standard
SIM00004689;standard
SIM00004690;standard
SIM00004691;eSIM
SIM00004692;standard
SIM00004693;microSIM
SIM00004694;standard
SIM00004695;nanoSIM
SIM00004696;standard
SIM00004697;eSIM
SIM00004698;microSIM
SIM00004699;standard
SIM00004700;nanoSIM
SIM00004701;nanoSIM
SIM00004702;nanoSIM
SIM00004703;standard
SIM00004704;eSIM
SIM00004705;eSIM
SIM00004706;microSIM
SIM00004707;eSIM
SIM00004708;nanoSIM
SIM00004709;standard
SIM00004710;nanoSIM
SIM00004711;standard
SIM00004712;standard
SIM00004713;eSIM
SIM00004714;standard
SIM00004715;microSIM
SIM00004716;eSIM
SIM00004717;standard
SIM00004718;microSIM
SIM00004719;eSIM
SIM00004720;microSIM
SIM00004721;microSIM
SIM00004722;eSIM
SIM00004723;nanoSIM
SIM00004724;nanoSIM
SIM00004725;nanoSIM
SIM00004726;nanoSIM
SIM00004727;nanoSIM
SIM00004728;microSIM
SIM00004729;microSIM
SIM00004730;nanoSIM
SIM00004731;eSIM
SIM00004732;nanoSIM
SIM00004733;eSIM
SIM00004734;nanoSIM
SIM00004735;nanoSIM
SIM00004736;nanoSIM
SIM00004737;nanoSIM
SIM00004738;microSIM
SIM00004739;nanoSIM
SIM00004740;nanoSIM
SIM00004741;standard
SIM00004742;eSIM
SIM00004743;standard
SIM00004744;eSIM
SIM00004745;nanoSIM
SIM00004746;eSIM
SIM00004747;standard
SIM00004748;standard
SIM00004749;nanoSIM
SIM00004750;eSIM
SIM00004751;microSIM
SIM00004752;microSIM
SIM00004753;nanoSIM
SIM00004754;microSIM
SIM00004755;nanoSIM
SIM00004756;microSIM
SIM00004757;eSIM
SIM00004758;eSIM
SIM00004759;microSIM
SIM00004760;eSIM
SIM00004761;standard
SIM00004762;nanoSIM
SIM00004763;nanoSIM
SIM00004764;standard
SIM00004765;nanoSIM
SIM00004766;microSIM
SIM00004767;standard
SIM00004768;eSIM
SIM00004769;standard
SIM00004770;eSIM
SIM00004771;microSIM
SIM00004772;standard
SIM00004773;eSIM
SIM00004774;microSIM
SIM00004775;eSIM
SIM00004776;eSIM
SIM00004777;microSIM
SIM00004778;eSIM
SIM00004779;standard
SIM00004780;nanoSIM
SIM00004781;microSIM
SIM00004782;standard
SIM00004783;nanoSIM
SIM00004784;eSIM
SIM00004785;eSIM
SIM00004786;standard
SIM00004787;standard
SIM00004788;standard
SIM00004789;microSIM
SIM00004790;nanoSIM
SIM00004791;standard
SIM00004792;microSIM
SIM00004793;standard
SIM00004794;microSIM
SIM00004795;microSIM
SIM00004796;microSIM
SIM00004797;nanoSIM
SIM00004798;standard
SIM00004799;nanoSIM
SIM00004800;standard
SIM00004801;microSIM
SIM00004802;microSIM
SIM00004803;eSIM
SIM00004804;eSIM
SIM00004805;eSIM
SIM00004806;microSIM
SIM00004807;standard
SIM00004808;eSIM
SIM00004809;nanoSIM
SIM00004810;microSIM
SIM00004811;nanoSIM
SIM00004812;microSIM
SIM00004813;eSIM
SIM00004814;standard
SIM00004815;nanoSIM
SIM00004816;microSIM
SIM00004817;eSIM
SIM00004818;eSIM
SIM00004819;nanoSIM
SIM00004820;microSIM
SIM00004821;standard
SIM00004822;microSIM
SIM00004823;standard
SIM00004824;microSIM
SIM00004825;standard
SIM00004826;eSIM
SIM00004827;eSIM
SIM00004828;nanoSIM
SIM00004829;eSIM
SIM00004830;standard
SIM00004831;nanoSIM
SIM00004832;eSIM
SIM00004833;eSIM
SIM00004834;standard
SIM00004835;eSIM
SIM00004836;nanoSIM
SIM00004837;eSIM
SIM00004838;microSIM
SIM00004839;standard
SIM00004840;microSIM
SIM00004841;standard
SIM00004842;nanoSIM
SIM00004843;standard
SIM00004844;nanoSIM
SIM00004845;microSIM
SIM00004846;microSIM
SIM00004847;microSIM
SIM00004848;nanoSIM
SIM00004849;nanoSIM
SIM00004850;nanoSIM
SIM00004851;microSIM
SIM00004852;standard
SIM00004853;nanoSIM
SIM00004854;standard
SIM00004855;standard
SIM00004856;microSIM
SIM00004857;eSIM
SIM00004858;standard
SIM00004859;eSIM
SIM00004860;eSIM
SIM00004861;microSIM
SIM00004862;nanoSIM
SIM00004863;microSIM
SIM00004864;microSIM
SIM00004865;microSIM
SIM00004866;microSIM
SIM00004867;nanoSIM
SIM00004868;microSIM
SIM00004869;nanoSIM
SIM00004870;standard
SIM00004871;nanoSIM
SIM00004872;microSIM
SIM00004873;eSIM
SIM00004874;microSIM
SIM00004875;microSIM
SIM00004876;microSIM
SIM00004877;microSIM
SIM00004878;microSIM
SIM00004879;standard
SIM00004880;microSIM
SIM00004881;microSIM
SIM00004882;eSIM
SIM00004883;eSIM
SIM00004884;microSIM
SIM00004885;eSIM
SIM00004886;nanoSIM
SIM00004887;standard
SIM00004888;nanoSIM
SIM00004889;microSIM
SIM00004890;nanoSIM
SIM00004891;eSIM
SIM00004892;eSIM
SIM00004893;microSIM
SIM00004894;microSIM
SIM00004895;microSIM
SIM00004896;microSIM
SIM00004897;microSIM
SIM00004898;microSIM
SIM00004899;eSIM
SIM00004900;standard
SIM00004901;standard
SIM00004902;nanoSIM
SIM00004903;standard
SIM00004904;nanoSIM
SIM00004905;nanoSIM
SIM00004906;nanoSIM
SIM00004907;standard
SIM00004908;microSIM
SIM00004909;microSIM
SIM00004910;nanoSIM
SIM00004911;microSIM
SIM00004912;microSIM
SIM00004913;standard
SIM00004914;eSIM
SIM00004915;microSIM
SIM00004916;nanoSIM
SIM00004917;eSIM
SIM00004918;eSIM
SIM00004919;eSIM
SIM00004920;eSIM
SIM00004921;eSIM
SIM00004922;standard
SIM00004923;microSIM
SIM00004924;microSIM
SIM00004925;standard
SIM00004926;nanoSIM
SIM00004927;nanoSIM
SIM00004928;eSIM
SIM00004929;standard
SIM00004930;eSIM
SIM00004931;eSIM
SIM00004932;microSIM
SIM00004933;microSIM
SIM00004934;eSIM
SIM00004935;standard
SIM00004936;microSIM
SIM00004937;nanoSIM
SIM00004938;microSIM
SIM00004939;standard
SIM00004940;eSIM
SIM00004941;eSIM
SIM00004942;nanoSIM
SIM00004943;microSIM
SIM00004944;standard
SIM00004945;eSIM
SIM00004946;microSIM
SIM00004947;microSIM
SIM00004948;nanoSIM
SIM00004949;nanoSIM
SIM00004950;standard
SIM00004951;nanoSIM
SIM00004952;microSIM
SIM00004953;nanoSIM
SIM00004954;standard
SIM00004955;standard
SIM00004956;microSIM
SIM00004957;standard
SIM00004958;standard
SIM00004959;standard
SIM00004960;eSIM
SIM00004961;eSIM
SIM00004962;standard
SIM00004963;standard
SIM00004964;nanoSIM
SIM00004965;eSIM
SIM00004966;standard
SIM00004967;microSIM
SIM00004968;microSIM
SIM00004969;microSIM
SIM00004970;eSIM
SIM00004971;microSIM
SIM00004972;microSIM
SIM00004973;standard
SIM00004974;nanoSIM
SIM00004975;microSIM
SIM00004976;microSIM
SIM00004977;eSIM
SIM00004978;nanoSIM
SIM00004979;eSIM
SIM00004980;standard
SIM00004981;eSIM
SIM00004982;standard
SIM00004983;standard
SIM00004984;nanoSIM
SIM00004985;microSIM
SIM00004986;standard
SIM00004987;nanoSIM
SIM00004988;microSIM
SIM00004989;nanoSIM
SIM00004990;standard
SIM00004991;standard
SIM00004992;microSIM
SIM00004993;eSIM
SIM00004994;nanoSIM
SIM00004995;eSIM
SIM00004996;microSIM
SIM00004997;microSIM
SIM00004998;eSIM
SIM00004999;microSIM
SIM00005000;standard
SIM00005001;eSIM
SIM00005002;standard
SIM00005003;nanoSIM
SIM00005004;standard
SIM00005005;microSIM
SIM00005006;standard
SIM00005007;microSIM
SIM00005008;nanoSIM
SIM00005009;nanoSIM
SIM00005010;standard
SIM00005011;nanoSIM
SIM00005012;nanoSIM
SIM00005013;nanoSIM
SIM00005014;standard
SIM00005015;eSIM
SIM00005016;eSIM
SIM00005017;eSIM
SIM00005018;standard
SIM00005019;standard
SIM00005020;standard
SIM00005021;eSIM
SIM00005022;standard
SIM00005023;microSIM
SIM00005024;eSIM
SIM00005025;nanoSIM
SIM00005026;nanoSIM
SIM00005027;standard
SIM00005028;standard
SIM00005029;eSIM
SIM00005030;eSIM
SIM00005031;eSIM
SIM00005032;nanoSIM
SIM00005033;standard
SIM00005034;nanoSIM
SIM00005035;standard
SIM00005036;standard
SIM00005037;standard
SIM00005038;nanoSIM
SIM00005039;microSIM
SIM00005040;nanoSIM
SIM00005041;microSIM
SIM00005042;eSIM
SIM00005043;microSIM
SIM00005044;microSIM
SIM00005045;nanoSIM
SIM00005046;nanoSIM
SIM00005047;microSIM
SIM00005048;microSIM
SIM00005049;eSIM
SIM00005050;nanoSIM
SIM00005051;standard
SIM00005052;nanoSIM
SIM00005053;eSIM
SIM00005054;eSIM
SIM00005055;nanoSIM
SIM00005056;microSIM
SIM00005057;microSIM
SIM00005058;nanoSIM
SIM00005059;microSIM
SIM00005060;nanoSIM
SIM00005061;microSIM
SIM00005062;eSIM
SIM00005063;eSIM
SIM00005064;microSIM
SIM00005065;nanoSIM
SIM00005066;microSIM
SIM00005067;standard
SIM00005068;microSIM
SIM00005069;nanoSIM
SIM00005070;microSIM
SIM00005071;eSIM
SIM00005072;nanoSIM
SIM00005073;eSIM
SIM00005074;nanoSIM
SIM00005075;standard
SIM00005076;eSIM
SIM00005077;standard
SIM00005078;microSIM
SIM00005079;microSIM
SIM00005080;microSIM
SIM00005081;microSIM
SIM00005082;standard
SIM00005083;nanoSIM
SIM00005084;microSIM
SIM00005085;microSIM
SIM00005086;standard
SIM00005087;microSIM
SIM00005088;nanoSIM
SIM00005089;nanoSIM
SIM00005090;standard
SIM00005091;microSIM
SIM00005092;nanoSIM
SIM00005093;eSIM
SIM00005094;standard
SIM00005095;standard
SIM00005096;standard
SIM00005097;microSIM
SIM00005098;nanoSIM
SIM00005099;microSIM
SIM00005100;nanoSIM
SIM00005101;standard
SIM00005102;nanoSIM
SIM00005103;eSIM
SIM00005104;standard
SIM00005105;standard
SIM00005106;nanoSIM
SIM00005107;standard
SIM00005108;standard
SIM00005109;standard
SIM00005110;eSIM
SIM00005111;eSIM
SIM00005112;eSIM
SIM00005113;nanoSIM
SIM00005114;nanoSIM
SIM00005115;eSIM
SIM00005116;nanoSIM
SIM00005117;nanoSIM
SIM00005118;nanoSIM
SIM00005119;eSIM
SIM00005120;eSIM
SIM00005121;microSIM
SIM00005122;standard
SIM00005123;microSIM
SIM00005124;eSIM
SIM00005125;eSIM
SIM00005126;standard
SIM00005127;microSIM
SIM00005128;nanoSIM
SIM00005129;nanoSIM
SIM00005130;nanoSIM
SIM00005131;standard
SIM00005132;microSIM
SIM00005133;eSIM
SIM00005134;eSIM
SIM00005135;microSIM
SIM00005136;microSIM
SIM00005137;nanoSIM
SIM00005138;microSIM
SIM00005139;microSIM
SIM00005140;standard
SIM00005141;microSIM
SIM00005142;standard
SIM00005143;eSIM
SIM00005144;microSIM
SIM00005145;nanoSIM
SIM00005146;eSIM
SIM00005147;microSIM
SIM00005148;standard
SIM00005149;microSIM
SIM00005150;microSIM
SIM00005151;nanoSIM
SIM00005152;nanoSIM
SIM00005153;eSIM
SIM00005154;microSIM
SIM00005155;eSIM
SIM00005156;nanoSIM
SIM00005157;standard
SIM00005158;standard
SIM00005159;microSIM
SIM00005160;microSIM
SIM00005161;standard
SIM00005162;standard
SIM00005163;standard
SIM00005164;eSIM
SIM00005165;standard
SIM00005166;microSIM
SIM00005167;standard
SIM00005168;standard
SIM00005169;standard
SIM00005170;nanoSIM
SIM00005171;eSIM
SIM00005172;standard
SIM00005173;nanoSIM
SIM00005174;eSIM
SIM00005175;microSIM
SIM00005176;eSIM
SIM00005177;standard
SIM00005178;eSIM
SIM00005179;standard
SIM00005180;eSIM
SIM00005181;nanoSIM
SIM00005182;standard
SIM00005183;microSIM
SIM00005184;eSIM
SIM00005185;standard
SIM00005186;standard
SIM00005187;nanoSIM
SIM00005188;standard
SIM00005189;eSIM
SIM00005190;standard
SIM00005191;microSIM
SIM00005192;microSIM
SIM00005193;nanoSIM
SIM00005194;standard
SIM00005195;standard
SIM00005196;microSIM
SIM00005197;standard
SIM00005198;nanoSIM
SIM00005199;eSIM
SIM00005200;microSIM
SIM00005201;nanoSIM
SIM00005202;nanoSIM
SIM00005203;nanoSIM
SIM00005204;nanoSIM
SIM00005205;nanoSIM
SIM00005206;nanoSIM
SIM00005207;standard
SIM00005208;standard
SIM00005209;microSIM
SIM00005210;nanoSIM
SIM00005211;microSIM
SIM00005212;standard
SIM00005213;microSIM
SIM00005214;standard
SIM00005215;eSIM
SIM00005216;nanoSIM
SIM00005217;standard
SIM00005218;nanoSIM
SIM00005219;microSIM
SIM00005220;microSIM
SIM00005221;microSIM
SIM00005222;eSIM
SIM00005223;nanoSIM
SIM00005224;nanoSIM
SIM00005225;microSIM
SIM00005226;microSIM
SIM00005227;microSIM
SIM00005228;microSIM
SIM00005229;standard
SIM00005230;eSIM
SIM00005231;eSIM
SIM00005232;eSIM
SIM00005233;eSIM
SIM00005234;eSIM
SIM00005235;eSIM
SIM00005236;eSIM
SIM00005237;standard
SIM00005238;microSIM
SIM00005239;standard
SIM00005240;standard
SIM00005241;microSIM
SIM00005242;eSIM
SIM00005243;eSIM
SIM00005244;standard
SIM00005245;standard
SIM00005246;nanoSIM
SIM00005247;standard
SIM00005248;eSIM
SIM00005249;nanoSIM
SIM00005250;standard
SIM00005251;standard
SIM00005252;standard
SIM00005253;standard
SIM00005254;eSIM
SIM00005255;microSIM
SIM00005256;nanoSIM
SIM00005257;standard
SIM00005258;nanoSIM
SIM00005259;microSIM
SIM00005260;standard
SIM00005261;standard
SIM00005262;microSIM
SIM00005263;microSIM
SIM00005264;standard
SIM00005265;standard
SIM00005266;nanoSIM
SIM00005267;microSIM
SIM00005268;eSIM
SIM00005269;microSIM
SIM00005270;nanoSIM
SIM00005271;standard
SIM00005272;standard
SIM00005273;nanoSIM
SIM00005274;nanoSIM
SIM00005275;microSIM
SIM00005276;nanoSIM
SIM00005277;microSIM
SIM00005278;nanoSIM
SIM00005279;microSIM
SIM00005280;standard
SIM00005281;microSIM
SIM00005282;eSIM
SIM00005283;nanoSIM
SIM00005284;eSIM
SIM00005285;standard
SIM00005286;standard
SIM00005287;nanoSIM
SIM00005288;nanoSIM
SIM00005289;microSIM
SIM00005290;standard
SIM00005291;microSIM
SIM00005292;microSIM
SIM00005293;eSIM
SIM00005294;nanoSIM
SIM00005295;microSIM
SIM00005296;microSIM
SIM00005297;eSIM
SIM00005298;standard
SIM00005299;microSIM
SIM00005300;eSIM
SIM00005301;eSIM
SIM00005302;microSIM
SIM00005303;standard
SIM00005304;microSIM
SIM00005305;microSIM
SIM00005306;eSIM
SIM00005307;nanoSIM
SIM00005308;nanoSIM
SIM00005309;microSIM
SIM00005310;eSIM
SIM00005311;microSIM
SIM00005312;nanoSIM
SIM00005313;nanoSIM
SIM00005314;eSIM
SIM00005315;microSIM
SIM00005316;microSIM
SIM00005317;nanoSIM
SIM00005318;nanoSIM
SIM00005319;microSIM
SIM00005320;nanoSIM
SIM00005321;microSIM
SIM00005322;eSIM
SIM00005323;standard
SIM00005324;standard
SIM00005325;standard
SIM00005326;standard
SIM00005327;standard
SIM00005328;microSIM
SIM00005329;nanoSIM
SIM00005330;microSIM
SIM00005331;nanoSIM
SIM00005332;standard
SIM00005333;microSIM
SIM00005334;eSIM
SIM00005335;nanoSIM
SIM00005336;microSIM
SIM00005337;standard
SIM00005338;eSIM
SIM00005339;nanoSIM
SIM00005340;microSIM
SIM00005341;standard
SIM00005342;standard
SIM00005343;eSIM
SIM00005344;nanoSIM
SIM00005345;eSIM
SIM00005346;nanoSIM
SIM00005347;standard
SIM00005348;standard
SIM00005349;nanoSIM
SIM00005350;eSIM
SIM00005351;eSIM
SIM00005352;nanoSIM
SIM00005353;microSIM
SIM00005354;nanoSIM
SIM00005355;eSIM
SIM00005356;standard
SIM00005357;eSIM
SIM00005358;microSIM
SIM00005359;eSIM
SIM00005360;nanoSIM
SIM00005361;eSIM
SIM00005362;nanoSIM
SIM00005363;eSIM
SIM00005364;standard
SIM00005365;eSIM
SIM00005366;eSIM
SIM00005367;microSIM
SIM00005368;eSIM
SIM00005369;nanoSIM
SIM00005370;nanoSIM
SIM00005371;nanoSIM
SIM00005372;standard
SIM00005373;eSIM
SIM00005374;microSIM
SIM00005375;standard
SIM00005376;standard
SIM00005377;microSIM
SIM00005378;microSIM
SIM00005379;eSIM
SIM00005380;standard
SIM00005381;eSIM
SIM00005382;nanoSIM
SIM00005383;microSIM
SIM00005384;microSIM
SIM00005385;eSIM
SIM00005386;microSIM
SIM00005387;nanoSIM
SIM00005388;microSIM
SIM00005389;microSIM
SIM00005390;standard
SIM00005391;microSIM
SIM00005392;eSIM
SIM00005393;eSIM
SIM00005394;eSIM
SIM00005395;eSIM
SIM00005396;eSIM
SIM00005397;nanoSIM
SIM00005398;microSIM
SIM00005399;nanoSIM
SIM00005400;standard
SIM00005401;eSIM
SIM00005402;microSIM
SIM00005403;eSIM
SIM00005404;eSIM
SIM00005405;standard
SIM00005406;standard
SIM00005407;standard
SIM00005408;microSIM
SIM00005409;microSIM
SIM00005410;standard
SIM00005411;standard
SIM00005412;standard
SIM00005413;microSIM
SIM00005414;nanoSIM
SIM00005415;standard
SIM00005416;eSIM
SIM00005417;nanoSIM
SIM00005418;standard
SIM00005419;microSIM
SIM00005420;nanoSIM
SIM00005421;standard
SIM00005422;standard
SIM00005423;microSIM
SIM00005424;standard
SIM00005425;standard
SIM00005426;eSIM
SIM00005427;nanoSIM
SIM00005428;nanoSIM
SIM00005429;standard
SIM00005430;microSIM
SIM00005431;standard
SIM00005432;microSIM
SIM00005433;microSIM
SIM00005434;nanoSIM
SIM00005435;standard
SIM00005436;standard
SIM00005437;eSIM
SIM00005438;nanoSIM
SIM00005439;microSIM
SIM00005440;standard
SIM00005441;nanoSIM
SIM00005442;eSIM
SIM00005443;eSIM
SIM00005444;eSIM
SIM00005445;eSIM
SIM00005446;nanoSIM
SIM00005447;microSIM
SIM00005448;nanoSIM
SIM00005449;eSIM
SIM00005450;standard
SIM00005451;eSIM
SIM00005452;nanoSIM
SIM00005453;eSIM
SIM00005454;eSIM
SIM00005455;eSIM
SIM00005456;nanoSIM
SIM00005457;eSIM
SIM00005458;microSIM
SIM00005459;microSIM
SIM00005460;microSIM
SIM00005461;eSIM
SIM00005462;standard
SIM00005463;nanoSIM
SIM00005464;microSIM
SIM00005465;microSIM
SIM00005466;microSIM
SIM00005467;eSIM
SIM00005468;nanoSIM
SIM00005469;nanoSIM
SIM00005470;standard
SIM00005471;eSIM
SIM00005472;standard
SIM00005473;microSIM
SIM00005474;standard
SIM00005475;microSIM
SIM00005476;nanoSIM
SIM00005477;eSIM
SIM00005478;eSIM
SIM00005479;standard
SIM00005480;nanoSIM
SIM00005481;standard
SIM00005482;nanoSIM
SIM00005483;eSIM
SIM00005484;microSIM
SIM00005485;eSIM
SIM00005486;nanoSIM
SIM00005487;standard
SIM00005488;eSIM
SIM00005489;microSIM
SIM00005490;nanoSIM
SIM00005491;standard
SIM00005492;microSIM
SIM00005493;standard
SIM00005494;nanoSIM
SIM00005495;nanoSIM
SIM00005496;eSIM
SIM00005497;eSIM
SIM00005498;standard
SIM00005499;microSIM
SIM00005500;nanoSIM
SIM00005501;eSIM
SIM00005502;standard
SIM00005503;standard
SIM00005504;nanoSIM
SIM00005505;microSIM
SIM00005506;standard
SIM00005507;eSIM
SIM00005508;nanoSIM
SIM00005509;standard
SIM00005510;eSIM
SIM00005511;eSIM
SIM00005512;eSIM
SIM00005513;microSIM
SIM00005514;standard
SIM00005515;standard
SIM00005516;nanoSIM
SIM00005517;standard
SIM00005518;standard
SIM00005519;nanoSIM
SIM00005520;standard
SIM00005521;eSIM
SIM00005522;nanoSIM
SIM00005523;nanoSIM
SIM00005524;standard
SIM00005525;eSIM
SIM00005526;eSIM
SIM00005527;standard
SIM00005528;microSIM
SIM00005529;microSIM
SIM00005530;nanoSIM
SIM00005531;standard
SIM00005532;standard
SIM00005533;eSIM
SIM00005534;eSIM
SIM00005535;eSIM
SIM00005536;standard
SIM00005537;eSIM
SIM00005538;standard
SIM00005539;standard
SIM00005540;nanoSIM
SIM00005541;standard
SIM00005542;nanoSIM
SIM00005543;eSIM
SIM00005544;eSIM
SIM00005545;microSIM
SIM00005546;eSIM
SIM00005547;eSIM
SIM00005548;standard
SIM00005549;eSIM
SIM00005550;microSIM
SIM00005551;microSIM
SIM00005552;standard
SIM00005553;eSIM
SIM00005554;eSIM
SIM00005555;nanoSIM
SIM00005556;nanoSIM
SIM00005557;eSIM
SIM00005558;standard
SIM00005559;eSIM
SIM00005560;microSIM
SIM00005561;standard
SIM00005562;standard
SIM00005563;nanoSIM
SIM00005564;nanoSIM
SIM00005565;eSIM
SIM00005566;standard
SIM00005567;microSIM
SIM00005568;standard
SIM00005569;standard
SIM00005570;nanoSIM
SIM00005571;nanoSIM
SIM00005572;eSIM
SIM00005573;microSIM
SIM00005574;standard
SIM00005575;microSIM
SIM00005576;nanoSIM
SIM00005577;nanoSIM
SIM00005578;eSIM
SIM00005579;eSIM
SIM00005580;standard
SIM00005581;microSIM
SIM00005582;nanoSIM
SIM00005583;standard
SIM00005584;eSIM
SIM00005585;standard
SIM00005586;nanoSIM
SIM00005587;standard
SIM00005588;standard
SIM00005589;eSIM
SIM00005590;microSIM
SIM00005591;microSIM
SIM00005592;microSIM
SIM00005593;standard
SIM00005594;eSIM
SIM00005595;eSIM
SIM00005596;microSIM
SIM00005597;microSIM
SIM00005598;microSIM
SIM00005599;microSIM
SIM00005600;nanoSIM
SIM00005601;eSIM
SIM00005602;microSIM
SIM00005603;microSIM
SIM00005604;eSIM
SIM00005605;eSIM
SIM00005606;eSIM
SIM00005607;microSIM
SIM00005608;microSIM
SIM00005609;nanoSIM
SIM00005610;standard
SIM00005611;standard
SIM00005612;standard
SIM00005613;eSIM
SIM00005614;microSIM
SIM00005615;eSIM
SIM00005616;standard
SIM00005617;standard
SIM00005618;nanoSIM
SIM00005619;nanoSIM
SIM00005620;nanoSIM
SIM00005621;nanoSIM
SIM00005622;microSIM
SIM00005623;nanoSIM
SIM00005624;nanoSIM
SIM00005625;nanoSIM
SIM00005626;nanoSIM
SIM00005627;microSIM
SIM00005628;microSIM
SIM00005629;standard
SIM00005630;standard
SIM00005631;standard
SIM00005632;nanoSIM
SIM00005633;standard
SIM00005634;nanoSIM
SIM00005635;standard
SIM00005636;eSIM
SIM00005637;eSIM
SIM00005638;nanoSIM
SIM00005639;standard
SIM00005640;microSIM
SIM00005641;standard
SIM00005642;standard
SIM00005643;standard
SIM00005644;eSIM
SIM00005645;nanoSIM
SIM00005646;microSIM
SIM00005647;eSIM
SIM00005648;microSIM
SIM00005649;eSIM
SIM00005650;nanoSIM
SIM00005651;nanoSIM
SIM00005652;microSIM
SIM00005653;microSIM
SIM00005654;nanoSIM
SIM00005655;eSIM
SIM00005656;microSIM
SIM00005657;eSIM
SIM00005658;microSIM
SIM00005659;standard
SIM00005660;eSIM
SIM00005661;microSIM
SIM00005662;standard
SIM00005663;nanoSIM
SIM00005664;standard
SIM00005665;standard
SIM00005666;standard
SIM00005667;nanoSIM
SIM00005668;standard
SIM00005669;microSIM
SIM00005670;eSIM
SIM00005671;microSIM
SIM00005672;microSIM
SIM00005673;microSIM
SIM00005674;nanoSIM
SIM00005675;nanoSIM
SIM00005676;nanoSIM
SIM00005677;standard
SIM00005678;nanoSIM
SIM00005679;nanoSIM
SIM00005680;standard
SIM00005681;standard
SIM00005682;eSIM
SIM00005683;eSIM
SIM00005684;standard
SIM00005685;nanoSIM
SIM00005686;microSIM
SIM00005687;eSIM
SIM00005688;standard
SIM00005689;eSIM
SIM00005690;nanoSIM
SIM00005691;standard
SIM00005692;eSIM
SIM00005693;nanoSIM
SIM00005694;standard
SIM00005695;microSIM
SIM00005696;nanoSIM
SIM00005697;microSIM
SIM00005698;microSIM
SIM00005699;microSIM
SIM00005700;nanoSIM
SIM00005701;eSIM
SIM00005702;microSIM
SIM00005703;eSIM
SIM00005704;standard
SIM00005705;standard
SIM00005706;microSIM
SIM00005707;nanoSIM
SIM00005708;standard
SIM00005709;eSIM
SIM00005710;nanoSIM
SIM00005711;nanoSIM
SIM00005712;microSIM
SIM00005713;standard
SIM00005714;eSIM
SIM00005715;nanoSIM
SIM00005716;eSIM
SIM00005717;nanoSIM
SIM00005718;standard
SIM00005719;eSIM
SIM00005720;standard
SIM00005721;standard
SIM00005722;microSIM
SIM00005723;microSIM
SIM00005724;standard
SIM00005725;microSIM
SIM00005726;microSIM
SIM00005727;standard
SIM00005728;standard
SIM00005729;nanoSIM
SIM00005730;microSIM
SIM00005731;eSIM
SIM00005732;standard
SIM00005733;microSIM
SIM00005734;eSIM
SIM00005735;eSIM
SIM00005736;eSIM
SIM00005737;nanoSIM
SIM00005738;nanoSIM
SIM00005739;microSIM
SIM00005740;nanoSIM
SIM00005741;nanoSIM
SIM00005742;eSIM
SIM00005743;eSIM
SIM00005744;microSIM
SIM00005745;eSIM
SIM00005746;microSIM
SIM00005747;eSIM
SIM00005748;eSIM
SIM00005749;microSIM
SIM00005750;nanoSIM
SIM00005751;nanoSIM
SIM00005752;standard
SIM00005753;eSIM
SIM00005754;eSIM
SIM00005755;standard
SIM00005756;nanoSIM
SIM00005757;eSIM
SIM00005758;eSIM
SIM00005759;eSIM
SIM00005760;eSIM
SIM00005761;nanoSIM
SIM00005762;eSIM
SIM00005763;eSIM
SIM00005764;microSIM
SIM00005765;nanoSIM
SIM00005766;nanoSIM
SIM00005767;microSIM
SIM00005768;nanoSIM
SIM00005769;microSIM
SIM00005770;standard
SIM00005771;nanoSIM
SIM00005772;standard
SIM00005773;nanoSIM
SIM00005774;microSIM
SIM00005775;standard
SIM00005776;nanoSIM
SIM00005777;eSIM
SIM00005778;microSIM
SIM00005779;nanoSIM
SIM00005780;microSIM
SIM00005781;nanoSIM
SIM00005782;nanoSIM
SIM00005783;nanoSIM
SIM00005784;eSIM
SIM00005785;standard
SIM00005786;standard
SIM00005787;standard
SIM00005788;eSIM
SIM00005789;microSIM
SIM00005790;nanoSIM
SIM00005791;nanoSIM
SIM00005792;nanoSIM
SIM00005793;eSIM
SIM00005794;standard
SIM00005795;eSIM
SIM00005796;eSIM
SIM00005797;microSIM
SIM00005798;eSIM
SIM00005799;eSIM
SIM00005800;standard
SIM00005801;standard
SIM00005802;microSIM
SIM00005803;microSIM
SIM00005804;microSIM
SIM00005805;nanoSIM
SIM00005806;eSIM
SIM00005807;eSIM
SIM00005808;eSIM
SIM00005809;nanoSIM
SIM00005810;standard
SIM00005811;nanoSIM
SIM00005812;nanoSIM
SIM00005813;eSIM
SIM00005814;standard
SIM00005815;standard
SIM00005816;microSIM
SIM00005817;microSIM
SIM00005818;microSIM
SIM00005819;standard
SIM00005820;nanoSIM
SIM00005821;standard
SIM00005822;nanoSIM
SIM00005823;standard
SIM00005824;eSIM
SIM00005825;standard
SIM00005826;microSIM
SIM00005827;microSIM
SIM00005828;eSIM
SIM00005829;microSIM
SIM00005830;eSIM
SIM00005831;nanoSIM
SIM00005832;standard
SIM00005833;eSIM
SIM00005834;microSIM
SIM00005835;nanoSIM
SIM00005836;eSIM
SIM00005837;standard
SIM00005838;standard
SIM00005839;nanoSIM
SIM00005840;nanoSIM
SIM00005841;eSIM
SIM00005842;microSIM
SIM00005843;nanoSIM
SIM00005844;standard
SIM00005845;standard
SIM00005846;microSIM
SIM00005847;standard
SIM00005848;microSIM
SIM00005849;microSIM
SIM00005850;eSIM
SIM00005851;eSIM
SIM00005852;microSIM
SIM00005853;microSIM
SIM00005854;standard
SIM00005855;eSIM
SIM00005856;microSIM
SIM00005857;microSIM
SIM00005858;microSIM
SIM00005859;standard
SIM00005860;microSIM
SIM00005861;microSIM
SIM00005862;eSIM
SIM00005863;nanoSIM
SIM00005864;standard
SIM00005865;microSIM
SIM00005866;eSIM
SIM00005867;microSIM
SIM00005868;standard
SIM00005869;microSIM
SIM00005870;microSIM
SIM00005871;microSIM
SIM00005872;nanoSIM
SIM00005873;nanoSIM
SIM00005874;eSIM
SIM00005875;standard
SIM00005876;eSIM
SIM00005877;standard
SIM00005878;standard
SIM00005879;eSIM
SIM00005880;nanoSIM
SIM00005881;microSIM
SIM00005882;nanoSIM
SIM00005883;eSIM
SIM00005884;eSIM
SIM00005885;nanoSIM
SIM00005886;eSIM
SIM00005887;microSIM
SIM00005888;nanoSIM
SIM00005889;microSIM
SIM00005890;standard
SIM00005891;nanoSIM
SIM00005892;nanoSIM
SIM00005893;nanoSIM
SIM00005894;nanoSIM
SIM00005895;eSIM
SIM00005896;eSIM
SIM00005897;microSIM
SIM00005898;microSIM
SIM00005899;nanoSIM
SIM00005900;eSIM
SIM00005901;nanoSIM
SIM00005902;nanoSIM
SIM00005903;microSIM
SIM00005904;eSIM
SIM00005905;nanoSIM
SIM00005906;standard
SIM00005907;nanoSIM
SIM00005908;nanoSIM
SIM00005909;standard
SIM00005910;standard
SIM00005911;eSIM
SIM00005912;standard
SIM00005913;eSIM
SIM00005914;eSIM
SIM00005915;eSIM
SIM00005916;microSIM
SIM00005917;microSIM
SIM00005918;eSIM
SIM00005919;microSIM
SIM00005920;standard
SIM00005921;standard
SIM00005922;standard
SIM00005923;eSIM
SIM00005924;standard
SIM00005925;eSIM
SIM00005926;eSIM
SIM00005927;standard
SIM00005928;eSIM
SIM00005929;eSIM
SIM00005930;microSIM
SIM00005931;microSIM
SIM00005932;standard
SIM00005933;standard
SIM00005934;eSIM
SIM00005935;nanoSIM
SIM00005936;nanoSIM
SIM00005937;microSIM
SIM00005938;microSIM
SIM00005939;eSIM
SIM00005940;microSIM
SIM00005941;standard
SIM00005942;standard
SIM00005943;eSIM
SIM00005944;eSIM
SIM00005945;microSIM
SIM00005946;microSIM
SIM00005947;microSIM
SIM00005948;nanoSIM
SIM00005949;standard
SIM00005950;standard
SIM00005951;nanoSIM
SIM00005952;eSIM
SIM00005953;microSIM
SIM00005954;microSIM
SIM00005955;nanoSIM
SIM00005956;eSIM
SIM00005957;standard
SIM00005958;nanoSIM
SIM00005959;eSIM
SIM00005960;microSIM
SIM00005961;nanoSIM
SIM00005962;microSIM
SIM00005963;eSIM
SIM00005964;standard
SIM00005965;standard
SIM00005966;standard
SIM00005967;microSIM
SIM00005968;nanoSIM
SIM00005969;microSIM
SIM00005970;eSIM
SIM00005971;nanoSIM
SIM00005972;eSIM
SIM00005973;microSIM
SIM00005974;standard
SIM00005975;microSIM
SIM00005976;standard
SIM00005977;microSIM
SIM00005978;microSIM
SIM00005979;nanoSIM
SIM00005980;standard
SIM00005981;eSIM
SIM00005982;eSIM
SIM00005983;microSIM
SIM00005984;microSIM
SIM00005985;standard
SIM00005986;microSIM
SIM00005987;eSIM
SIM00005988;standard
SIM00005989;standard
SIM00005990;standard
SIM00005991;microSIM
SIM00005992;nanoSIM
SIM00005993;standard
SIM00005994;eSIM
SIM00005995;eSIM
SIM00005996;microSIM
SIM00005997;standard
SIM00005998;standard
SIM00005999;eSIM
SIM00006000;eSIM
SIM00006001;standard
SIM00006002;nanoSIM
SIM00006003;eSIM
SIM00006004;standard
SIM00006005;microSIM
SIM00006006;nanoSIM
SIM00006007;microSIM
SIM00006008;standard
SIM00006009;eSIM
SIM00006010;nanoSIM
SIM00006011;eSIM
SIM00006012;eSIM
SIM00006013;microSIM
SIM00006014;microSIM
SIM00006015;standard
SIM00006016;standard
SIM00006017;standard
SIM00006018;nanoSIM
SIM00006019;nanoSIM
SIM00006020;standard
SIM00006021;eSIM
SIM00006022;nanoSIM
SIM00006023;eSIM
SIM00006024;standard
SIM00006025;nanoSIM
SIM00006026;nanoSIM
SIM00006027;eSIM
SIM00006028;eSIM
SIM00006029;eSIM
SIM00006030;nanoSIM
SIM00006031;nanoSIM
SIM00006032;standard
SIM00006033;eSIM
SIM00006034;nanoSIM
SIM00006035;standard
SIM00006036;standard
SIM00006037;nanoSIM
SIM00006038;nanoSIM
SIM00006039;eSIM
SIM00006040;nanoSIM
SIM00006041;nanoSIM
SIM00006042;standard
SIM00006043;nanoSIM
SIM00006044;standard
SIM00006045;microSIM
SIM00006046;standard
SIM00006047;nanoSIM
SIM00006048;nanoSIM
SIM00006049;microSIM
SIM00006050;standard
SIM00006051;microSIM
SIM00006052;nanoSIM
SIM00006053;eSIM
SIM00006054;standard
SIM00006055;microSIM
SIM00006056;eSIM
SIM00006057;microSIM
SIM00006058;nanoSIM
SIM00006059;standard
SIM00006060;nanoSIM
SIM00006061;eSIM
SIM00006062;nanoSIM
SIM00006063;nanoSIM
SIM00006064;standard
SIM00006065;standard
SIM00006066;standard
SIM00006067;nanoSIM
SIM00006068;eSIM
SIM00006069;eSIM
SIM00006070;microSIM
SIM00006071;eSIM
SIM00006072;microSIM
SIM00006073;standard
SIM00006074;microSIM
SIM00006075;nanoSIM
SIM00006076;eSIM
SIM00006077;standard
SIM00006078;nanoSIM
SIM00006079;nanoSIM
SIM00006080;microSIM
SIM00006081;microSIM
SIM00006082;microSIM
SIM00006083;standard
SIM00006084;nanoSIM
SIM00006085;nanoSIM
SIM00006086;standard
SIM00006087;microSIM
SIM00006088;microSIM
SIM00006089;eSIM
SIM00006090;standard
SIM00006091;eSIM
SIM00006092;microSIM
SIM00006093;nanoSIM
SIM00006094;microSIM
SIM00006095;microSIM
SIM00006096;nanoSIM
SIM00006097;microSIM
SIM00006098;eSIM
SIM00006099;nanoSIM
SIM00006100;eSIM
SIM00006101;standard
SIM00006102;eSIM
SIM00006103;microSIM
SIM00006104;nanoSIM
SIM00006105;standard
SIM00006106;microSIM
SIM00006107;nanoSIM
SIM00006108;nanoSIM
SIM00006109;eSIM
SIM00006110;standard
SIM00006111;microSIM
SIM00006112;nanoSIM
SIM00006113;nanoSIM
SIM00006114;standard
SIM00006115;standard
SIM00006116;nanoSIM
SIM00006117;nanoSIM
SIM00006118;standard
SIM00006119;microSIM
SIM00006120;eSIM
SIM00006121;nanoSIM
SIM00006122;eSIM
SIM00006123;eSIM
SIM00006124;eSIM
SIM00006125;eSIM
SIM00006126;microSIM
SIM00006127;nanoSIM
SIM00006128;nanoSIM
SIM00006129;microSIM
SIM00006130;nanoSIM
SIM00006131;microSIM
SIM00006132;eSIM
SIM00006133;eSIM
SIM00006134;standard
SIM00006135;nanoSIM
SIM00006136;standard
SIM00006137;microSIM
SIM00006138;eSIM
SIM00006139;nanoSIM
SIM00006140;microSIM
SIM00006141;eSIM
SIM00006142;nanoSIM
SIM00006143;eSIM
SIM00006144;eSIM
SIM00006145;nanoSIM
SIM00006146;standard
SIM00006147;standard
SIM00006148;eSIM
SIM00006149;standard
SIM00006150;nanoSIM
SIM00006151;standard
SIM00006152;microSIM
SIM00006153;eSIM
SIM00006154;microSIM
SIM00006155;standard
SIM00006156;nanoSIM
SIM00006157;microSIM
SIM00006158;nanoSIM
SIM00006159;eSIM
SIM00006160;eSIM
SIM00006161;microSIM
SIM00006162;eSIM
SIM00006163;nanoSIM
SIM00006164;standard
SIM00006165;microSIM
SIM00006166;nanoSIM
SIM00006167;standard
SIM00006168;eSIM
SIM00006169;eSIM
SIM00006170;eSIM
SIM00006171;eSIM
SIM00006172;eSIM
SIM00006173;nanoSIM
SIM00006174;microSIM
SIM00006175;microSIM
SIM00006176;microSIM
SIM00006177;standard
SIM00006178;standard
SIM00006179;standard
SIM00006180;nanoSIM
SIM00006181;microSIM
SIM00006182;nanoSIM
SIM00006183;nanoSIM
SIM00006184;standard
SIM00006185;standard
SIM00006186;standard
SIM00006187;microSIM
SIM00006188;eSIM
SIM00006189;microSIM
SIM00006190;standard
SIM00006191;microSIM
SIM00006192;eSIM
SIM00006193;eSIM
SIM00006194;eSIM
SIM00006195;eSIM
SIM00006196;nanoSIM
SIM00006197;nanoSIM
SIM00006198;standard
SIM00006199;standard
SIM00006200;standard
SIM00006201;eSIM
SIM00006202;microSIM
SIM00006203;nanoSIM
SIM00006204;nanoSIM
SIM00006205;microSIM
SIM00006206;nanoSIM
SIM00006207;standard
SIM00006208;microSIM
SIM00006209;eSIM
SIM00006210;eSIM
SIM00006211;microSIM
SIM00006212;standard
SIM00006213;nanoSIM
SIM00006214;nanoSIM
SIM00006215;eSIM
SIM00006216;microSIM
SIM00006217;eSIM
SIM00006218;standard
SIM00006219;eSIM
SIM00006220;eSIM
SIM00006221;microSIM
SIM00006222;microSIM
SIM00006223;standard
SIM00006224;microSIM
SIM00006225;eSIM
SIM00006226;microSIM
SIM00006227;eSIM
SIM00006228;standard
SIM00006229;microSIM
SIM00006230;eSIM
SIM00006231;standard
SIM00006232;microSIM
SIM00006233;microSIM
SIM00006234;microSIM
SIM00006235;eSIM
SIM00006236;microSIM
SIM00006237;eSIM
SIM00006238;nanoSIM
SIM00006239;microSIM
SIM00006240;microSIM
SIM00006241;standard
SIM00006242;standard
SIM00006243;eSIM
SIM00006244;standard
SIM00006245;nanoSIM
SIM00006246;microSIM
SIM00006247;microSIM
SIM00006248;eSIM
SIM00006249;standard
SIM00006250;nanoSIM
SIM00006251;microSIM
SIM00006252;standard
SIM00006253;nanoSIM
SIM00006254;eSIM
SIM00006255;standard
SIM00006256;standard
SIM00006257;eSIM
SIM00006258;microSIM
SIM00006259;microSIM
SIM00006260;microSIM
SIM00006261;nanoSIM
SIM00006262;microSIM
SIM00006263;nanoSIM
SIM00006264;nanoSIM
SIM00006265;eSIM
SIM00006266;nanoSIM
SIM00006267;microSIM
SIM00006268;microSIM
SIM00006269;eSIM
SIM00006270;microSIM
SIM00006271;nanoSIM
SIM00006272;microSIM
SIM00006273;microSIM
SIM00006274;standard
SIM00006275;microSIM
SIM00006276;eSIM
SIM00006277;eSIM
SIM00006278;microSIM
SIM00006279;eSIM
SIM00006280;nanoSIM
SIM00006281;nanoSIM
SIM00006282;microSIM
SIM00006283;nanoSIM
SIM00006284;eSIM
SIM00006285;standard
SIM00006286;microSIM
SIM00006287;microSIM
SIM00006288;standard
SIM00006289;standard
SIM00006290;standard
SIM00006291;eSIM
SIM00006292;microSIM
SIM00006293;standard
SIM00006294;eSIM
SIM00006295;standard
SIM00006296;eSIM
SIM00006297;nanoSIM
SIM00006298;standard
SIM00006299;eSIM
SIM00006300;nanoSIM
SIM00006301;microSIM
SIM00006302;eSIM
SIM00006303;eSIM
SIM00006304;eSIM
SIM00006305;eSIM
SIM00006306;microSIM
SIM00006307;microSIM
SIM00006308;standard
SIM00006309;standard
SIM00006310;standard
SIM00006311;microSIM
SIM00006312;standard
SIM00006313;eSIM
SIM00006314;eSIM
SIM00006315;microSIM
SIM00006316;microSIM
SIM00006317;nanoSIM
SIM00006318;standard
SIM00006319;nanoSIM
SIM00006320;standard
SIM00006321;standard
SIM00006322;standard
SIM00006323;microSIM
SIM00006324;microSIM
SIM00006325;eSIM
SIM00006326;microSIM
SIM00006327;nanoSIM
SIM00006328;nanoSIM
SIM00006329;nanoSIM
SIM00006330;eSIM
SIM00006331;eSIM
SIM00006332;nanoSIM
SIM00006333;standard
SIM00006334;microSIM
SIM00006335;eSIM
SIM00006336;standard
SIM00006337;standard
SIM00006338;nanoSIM
SIM00006339;eSIM
SIM00006340;eSIM
SIM00006341;nanoSIM
SIM00006342;nanoSIM
SIM00006343;eSIM
SIM00006344;nanoSIM
SIM00006345;standard
SIM00006346;eSIM
SIM00006347;eSIM
SIM00006348;standard
SIM00006349;standard
SIM00006350;eSIM
SIM00006351;nanoSIM
SIM00006352;microSIM
SIM00006353;standard
SIM00006354;standard
SIM00006355;eSIM
SIM00006356;nanoSIM
SIM00006357;standard
SIM00006358;eSIM
SIM00006359;microSIM
SIM00006360;eSIM
SIM00006361;nanoSIM
SIM00006362;microSIM
SIM00006363;microSIM
SIM00006364;eSIM
SIM00006365;eSIM
SIM00006366;standard
SIM00006367;microSIM
SIM00006368;microSIM
SIM00006369;microSIM
SIM00006370;eSIM
SIM00006371;eSIM
SIM00006372;standard
SIM00006373;eSIM
SIM00006374;nanoSIM
SIM00006375;eSIM
SIM00006376;microSIM
SIM00006377;microSIM
SIM00006378;microSIM
SIM00006379;nanoSIM
SIM00006380;eSIM
SIM00006381;standard
SIM00006382;standard
SIM00006383;nanoSIM
SIM00006384;eSIM
SIM00006385;standard
SIM00006386;standard
SIM00006387;standard
SIM00006388;eSIM
SIM00006389;standard
SIM00006390;nanoSIM
SIM00006391;microSIM
SIM00006392;eSIM
SIM00006393;microSIM
SIM00006394;microSIM
SIM00006395;eSIM
SIM00006396;eSIM
SIM00006397;nanoSIM
SIM00006398;eSIM
SIM00006399;standard
SIM00006400;standard
SIM00006401;standard
SIM00006402;microSIM
SIM00006403;microSIM
SIM00006404;eSIM
SIM00006405;microSIM
SIM00006406;nanoSIM
SIM00006407;eSIM
SIM00006408;microSIM
SIM00006409;standard
SIM00006410;microSIM
SIM00006411;eSIM
SIM00006412;microSIM
SIM00006413;nanoSIM
SIM00006414;microSIM
SIM00006415;nanoSIM
SIM00006416;nanoSIM
SIM00006417;standard
SIM00006418;standard
SIM00006419;standard
SIM00006420;eSIM
SIM00006421;eSIM
SIM00006422;standard
SIM00006423;standard
SIM00006424;standard
SIM00006425;microSIM
SIM00006426;microSIM
SIM00006427;nanoSIM
SIM00006428;standard
SIM00006429;nanoSIM
SIM00006430;nanoSIM
SIM00006431;nanoSIM
SIM00006432;standard
SIM00006433;eSIM
SIM00006434;eSIM
SIM00006435;nanoSIM
SIM00006436;microSIM
SIM00006437;standard
SIM00006438;standard
SIM00006439;nanoSIM
SIM00006440;standard
SIM00006441;nanoSIM
SIM00006442;nanoSIM
SIM00006443;eSIM
SIM00006444;microSIM
SIM00006445;standard
SIM00006446;eSIM
SIM00006447;nanoSIM
SIM00006448;eSIM
SIM00006449;eSIM
SIM00006450;nanoSIM
SIM00006451;nanoSIM
SIM00006452;eSIM
SIM00006453;eSIM
SIM00006454;nanoSIM
SIM00006455;nanoSIM
SIM00006456;standard
SIM00006457;eSIM
SIM00006458;microSIM
SIM00006459;standard
SIM00006460;nanoSIM
SIM00006461;eSIM
SIM00006462;microSIM
SIM00006463;microSIM
SIM00006464;standard
SIM00006465;eSIM
SIM00006466;nanoSIM
SIM00006467;eSIM
SIM00006468;eSIM
SIM00006469;nanoSIM
SIM00006470;microSIM
SIM00006471;microSIM
SIM00006472;eSIM
SIM00006473;microSIM
SIM00006474;standard
SIM00006475;nanoSIM
SIM00006476;nanoSIM
SIM00006477;nanoSIM
SIM00006478;microSIM
SIM00006479;eSIM
SIM00006480;standard
SIM00006481;eSIM
SIM00006482;microSIM
SIM00006483;nanoSIM
SIM00006484;nanoSIM
SIM00006485;nanoSIM
SIM00006486;nanoSIM
SIM00006487;eSIM
SIM00006488;microSIM
SIM00006489;eSIM
SIM00006490;standard
SIM00006491;nanoSIM
SIM00006492;nanoSIM
SIM00006493;microSIM
SIM00006494;eSIM
SIM00006495;eSIM
SIM00006496;standard
SIM00006497;microSIM
SIM00006498;standard
SIM00006499;microSIM
SIM00006500;nanoSIM
SIM00006501;eSIM
SIM00006502;nanoSIM
SIM00006503;nanoSIM
SIM00006504;nanoSIM
SIM00006505;standard
SIM00006506;standard
SIM00006507;standard
SIM00006508;nanoSIM
SIM00006509;eSIM
SIM00006510;microSIM
SIM00006511;eSIM
SIM00006512;standard
SIM00006513;nanoSIM
SIM00006514;microSIM
SIM00006515;eSIM
SIM00006516;eSIM
SIM00006517;nanoSIM
SIM00006518;standard
SIM00006519;eSIM
SIM00006520;microSIM
SIM00006521;microSIM
SIM00006522;microSIM
SIM00006523;eSIM
SIM00006524;eSIM
SIM00006525;standard
SIM00006526;standard
SIM00006527;nanoSIM
SIM00006528;standard
SIM00006529;eSIM
SIM00006530;eSIM
SIM00006531;nanoSIM
SIM00006532;microSIM
SIM00006533;nanoSIM
SIM00006534;microSIM
SIM00006535;microSIM
SIM00006536;eSIM
SIM00006537;standard
SIM00006538;nanoSIM
SIM00006539;eSIM
SIM00006540;microSIM
SIM00006541;standard
SIM00006542;nanoSIM
SIM00006543;standard
SIM00006544;microSIM
SIM00006545;standard
SIM00006546;microSIM
SIM00006547;microSIM
SIM00006548;eSIM
SIM00006549;microSIM
SIM00006550;standard
SIM00006551;eSIM
SIM00006552;microSIM
SIM00006553;standard
SIM00006554;nanoSIM
SIM00006555;nanoSIM
SIM00006556;microSIM
SIM00006557;standard
SIM00006558;nanoSIM
SIM00006559;eSIM
SIM00006560;standard
SIM00006561;nanoSIM
SIM00006562;standard
SIM00006563;microSIM
SIM00006564;eSIM
SIM00006565;standard
SIM00006566;eSIM
SIM00006567;eSIM
SIM00006568;standard
SIM00006569;nanoSIM
SIM00006570;nanoSIM
SIM00006571;standard
SIM00006572;eSIM
SIM00006573;standard
SIM00006574;nanoSIM
SIM00006575;eSIM
SIM00006576;standard
SIM00006577;eSIM
SIM00006578;microSIM
SIM00006579;eSIM
SIM00006580;standard
SIM00006581;nanoSIM
SIM00006582;nanoSIM
SIM00006583;standard
SIM00006584;standard
SIM00006585;eSIM
SIM00006586;standard
SIM00006587;standard
SIM00006588;standard
SIM00006589;eSIM
SIM00006590;microSIM
SIM00006591;microSIM
SIM00006592;eSIM
SIM00006593;standard
SIM00006594;eSIM
SIM00006595;microSIM
SIM00006596;microSIM
SIM00006597;nanoSIM
SIM00006598;microSIM
SIM00006599;standard
SIM00006600;nanoSIM
SIM00006601;microSIM
SIM00006602;microSIM
SIM00006603;standard
SIM00006604;nanoSIM
SIM00006605;microSIM
SIM00006606;standard
SIM00006607;nanoSIM
SIM00006608;eSIM
SIM00006609;standard
SIM00006610;eSIM
SIM00006611;microSIM
SIM00006612;microSIM
SIM00006613;standard
SIM00006614;microSIM
SIM00006615;standard
SIM00006616;nanoSIM
SIM00006617;microSIM
SIM00006618;standard
SIM00006619;nanoSIM
SIM00006620;standard
SIM00006621;nanoSIM
SIM00006622;standard
SIM00006623;eSIM
SIM00006624;nanoSIM
SIM00006625;standard
SIM00006626;eSIM
SIM00006627;standard
SIM00006628;nanoSIM
SIM00006629;microSIM
SIM00006630;nanoSIM
SIM00006631;eSIM
SIM00006632;standard
SIM00006633;eSIM
SIM00006634;eSIM
SIM00006635;eSIM
SIM00006636;standard
SIM00006637;eSIM
SIM00006638;standard
SIM00006639;standard
SIM00006640;microSIM
SIM00006641;standard
SIM00006642;microSIM
SIM00006643;standard
SIM00006644;microSIM
SIM00006645;nanoSIM
SIM00006646;microSIM
SIM00006647;microSIM
SIM00006648;microSIM
SIM00006649;microSIM
SIM00006650;microSIM
SIM00006651;nanoSIM
SIM00006652;eSIM
SIM00006653;microSIM
SIM00006654;nanoSIM
SIM00006655;nanoSIM
SIM00006656;microSIM
SIM00006657;standard
SIM00006658;microSIM
SIM00006659;nanoSIM
SIM00006660;eSIM
SIM00006661;standard
SIM00006662;microSIM
SIM00006663;standard
SIM00006664;nanoSIM
SIM00006665;nanoSIM
SIM00006666;microSIM
SIM00006667;microSIM
SIM00006668;microSIM
SIM00006669;eSIM
SIM00006670;standard
SIM00006671;microSIM
SIM00006672;standard
SIM00006673;standard
SIM00006674;eSIM
SIM00006675;nanoSIM
SIM00006676;nanoSIM
SIM00006677;microSIM
SIM00006678;microSIM
SIM00006679;microSIM
SIM00006680;microSIM
SIM00006681;nanoSIM
SIM00006682;nanoSIM
SIM00006683;microSIM
SIM00006684;microSIM
SIM00006685;standard
SIM00006686;nanoSIM
SIM00006687;eSIM
SIM00006688;eSIM
SIM00006689;standard
SIM00006690;eSIM
SIM00006691;nanoSIM
SIM00006692;eSIM
SIM00006693;nanoSIM
SIM00006694;standard
SIM00006695;eSIM
SIM00006696;nanoSIM
SIM00006697;nanoSIM
SIM00006698;microSIM
SIM00006699;microSIM
SIM00006700;microSIM
SIM00006701;microSIM
SIM00006702;standard
SIM00006703;standard
SIM00006704;eSIM
SIM00006705;microSIM
SIM00006706;microSIM
SIM00006707;standard
SIM00006708;microSIM
SIM00006709;nanoSIM
SIM00006710;microSIM
SIM00006711;nanoSIM
SIM00006712;nanoSIM
SIM00006713;microSIM
SIM00006714;microSIM
SIM00006715;microSIM
SIM00006716;microSIM
SIM00006717;standard
SIM00006718;standard
SIM00006719;microSIM
SIM00006720;standard
SIM00006721;nanoSIM
SIM00006722;eSIM
SIM00006723;nanoSIM
SIM00006724;eSIM
SIM00006725;standard
SIM00006726;standard
SIM00006727;nanoSIM
SIM00006728;eSIM
SIM00006729;eSIM
SIM00006730;standard
SIM00006731;nanoSIM
SIM00006732;eSIM
SIM00006733;nanoSIM
SIM00006734;nanoSIM
SIM00006735;nanoSIM
SIM00006736;nanoSIM
SIM00006737;standard
SIM00006738;eSIM
SIM00006739;microSIM
SIM00006740;microSIM
SIM00006741;microSIM
SIM00006742;microSIM
SIM00006743;nanoSIM
SIM00006744;standard
SIM00006745;eSIM
SIM00006746;microSIM
SIM00006747;microSIM
SIM00006748;nanoSIM
SIM00006749;nanoSIM
SIM00006750;nanoSIM
SIM00006751;nanoSIM
SIM00006752;nanoSIM
SIM00006753;standard
SIM00006754;microSIM
SIM00006755;microSIM
SIM00006756;microSIM
SIM00006757;microSIM
SIM00006758;standard
SIM00006759;eSIM
SIM00006760;standard
SIM00006761;microSIM
SIM00006762;nanoSIM
SIM00006763;nanoSIM
SIM00006764;eSIM
SIM00006765;eSIM
SIM00006766;nanoSIM
SIM00006767;nanoSIM
SIM00006768;microSIM
SIM00006769;eSIM
SIM00006770;eSIM
SIM00006771;eSIM
SIM00006772;microSIM
SIM00006773;eSIM
SIM00006774;microSIM
SIM00006775;standard
SIM00006776;eSIM
SIM00006777;microSIM
SIM00006778;eSIM
SIM00006779;eSIM
SIM00006780;nanoSIM
SIM00006781;standard
SIM00006782;eSIM
SIM00006783;eSIM
SIM00006784;standard
SIM00006785;standard
SIM00006786;nanoSIM
SIM00006787;microSIM
SIM00006788;microSIM
SIM00006789;microSIM
SIM00006790;microSIM
SIM00006791;nanoSIM
SIM00006792;nanoSIM
SIM00006793;nanoSIM
SIM00006794;eSIM
SIM00006795;standard
SIM00006796;nanoSIM
SIM00006797;nanoSIM
SIM00006798;nanoSIM
SIM00006799;eSIM
SIM00006800;microSIM
SIM00006801;standard
SIM00006802;microSIM
SIM00006803;microSIM
SIM00006804;eSIM
SIM00006805;nanoSIM
SIM00006806;nanoSIM
SIM00006807;microSIM
SIM00006808;eSIM
SIM00006809;microSIM
SIM00006810;eSIM
SIM00006811;nanoSIM
SIM00006812;eSIM
SIM00006813;standard
SIM00006814;microSIM
SIM00006815;nanoSIM
SIM00006816;nanoSIM
SIM00006817;standard
SIM00006818;microSIM
SIM00006819;standard
SIM00006820;eSIM
SIM00006821;eSIM
SIM00006822;nanoSIM
SIM00006823;standard
SIM00006824;standard
SIM00006825;standard
SIM00006826;standard
SIM00006827;nanoSIM
SIM00006828;standard
SIM00006829;standard
SIM00006830;standard
SIM00006831;microSIM
SIM00006832;standard
SIM00006833;microSIM
SIM00006834;nanoSIM
SIM00006835;eSIM
SIM00006836;microSIM
SIM00006837;standard
SIM00006838;eSIM
SIM00006839;nanoSIM
SIM00006840;nanoSIM
SIM00006841;nanoSIM
SIM00006842;eSIM
SIM00006843;nanoSIM
SIM00006844;nanoSIM
SIM00006845;nanoSIM
SIM00006846;microSIM
SIM00006847;eSIM
SIM00006848;microSIM
SIM00006849;microSIM
SIM00006850;nanoSIM
SIM00006851;standard
SIM00006852;eSIM
SIM00006853;nanoSIM
SIM00006854;nanoSIM
SIM00006855;standard
SIM00006856;standard
SIM00006857;microSIM
SIM00006858;eSIM
SIM00006859;nanoSIM
SIM00006860;eSIM
SIM00006861;microSIM
SIM00006862;nanoSIM
SIM00006863;nanoSIM
SIM00006864;eSIM
SIM00006865;standard
SIM00006866;nanoSIM
SIM00006867;eSIM
SIM00006868;eSIM
SIM00006869;standard
SIM00006870;nanoSIM
SIM00006871;eSIM
SIM00006872;nanoSIM
SIM00006873;eSIM
SIM00006874;eSIM
SIM00006875;nanoSIM
SIM00006876;standard
SIM00006877;nanoSIM
SIM00006878;eSIM
SIM00006879;microSIM
SIM00006880;nanoSIM
SIM00006881;eSIM
SIM00006882;standard
SIM00006883;microSIM
SIM00006884;nanoSIM
SIM00006885;standard
SIM00006886;standard
SIM00006887;eSIM
SIM00006888;microSIM
SIM00006889;standard
SIM00006890;microSIM
SIM00006891;microSIM
SIM00006892;microSIM
SIM00006893;eSIM
SIM00006894;eSIM
SIM00006895;nanoSIM
SIM00006896;microSIM
SIM00006897;microSIM
SIM00006898;microSIM
SIM00006899;eSIM
SIM00006900;nanoSIM
SIM00006901;microSIM
SIM00006902;nanoSIM
SIM00006903;nanoSIM
SIM00006904;microSIM
SIM00006905;standard
SIM00006906;standard
SIM00006907;nanoSIM
SIM00006908;nanoSIM
SIM00006909;microSIM
SIM00006910;microSIM
SIM00006911;microSIM
SIM00006912;eSIM
SIM00006913;microSIM
SIM00006914;microSIM
SIM00006915;eSIM
SIM00006916;nanoSIM
SIM00006917;standard
SIM00006918;microSIM
SIM00006919;standard
SIM00006920;eSIM
SIM00006921;nanoSIM
SIM00006922;eSIM
SIM00006923;standard
SIM00006924;nanoSIM
SIM00006925;microSIM
SIM00006926;microSIM
SIM00006927;standard
SIM00006928;nanoSIM
SIM00006929;eSIM
SIM00006930;nanoSIM
SIM00006931;standard
SIM00006932;nanoSIM
SIM00006933;eSIM
SIM00006934;microSIM
SIM00006935;eSIM
SIM00006936;eSIM
SIM00006937;microSIM
SIM00006938;eSIM
SIM00006939;nanoSIM
SIM00006940;microSIM
SIM00006941;eSIM
SIM00006942;eSIM
SIM00006943;eSIM
SIM00006944;standard
SIM00006945;eSIM
SIM00006946;standard
SIM00006947;eSIM
SIM00006948;microSIM
SIM00006949;microSIM
SIM00006950;microSIM
SIM00006951;nanoSIM
SIM00006952;eSIM
SIM00006953;nanoSIM
SIM00006954;microSIM
SIM00006955;nanoSIM
SIM00006956;eSIM
SIM00006957;nanoSIM
SIM00006958;nanoSIM
SIM00006959;eSIM
SIM00006960;eSIM
SIM00006961;microSIM
SIM00006962;eSIM
SIM00006963;nanoSIM
SIM00006964;standard
SIM00006965;microSIM
SIM00006966;microSIM
SIM00006967;eSIM
SIM00006968;nanoSIM
SIM00006969;eSIM
SIM00006970;nanoSIM
SIM00006971;eSIM
SIM00006972;microSIM
SIM00006973;standard
SIM00006974;microSIM
SIM00006975;microSIM
SIM00006976;microSIM
SIM00006977;nanoSIM
SIM00006978;microSIM
SIM00006979;microSIM
SIM00006980;standard
SIM00006981;eSIM
SIM00006982;eSIM
SIM00006983;standard
SIM00006984;eSIM
SIM00006985;nanoSIM
SIM00006986;microSIM
SIM00006987;microSIM
SIM00006988;nanoSIM
SIM00006989;nanoSIM
SIM00006990;eSIM
SIM00006991;microSIM
SIM00006992;eSIM
SIM00006993;standard
SIM00006994;microSIM
SIM00006995;standard
SIM00006996;eSIM
SIM00006997;nanoSIM
SIM00006998;microSIM
SIM00006999;microSIM
SIM00007000;eSIM
SIM00007001;standard
SIM00007002;eSIM
SIM00007003;nanoSIM
SIM00007004;microSIM
SIM00007005;eSIM
SIM00007006;nanoSIM
SIM00007007;eSIM
SIM00007008;standard
SIM00007009;nanoSIM
SIM00007010;microSIM
SIM00007011;nanoSIM
SIM00007012;nanoSIM
SIM00007013;eSIM
SIM00007014;nanoSIM
SIM00007015;standard
SIM00007016;microSIM
SIM00007017;eSIM
SIM00007018;nanoSIM
SIM00007019;nanoSIM
SIM00007020;standard
SIM00007021;standard
SIM00007022;nanoSIM
SIM00007023;standard
SIM00007024;nanoSIM
SIM00007025;nanoSIM
SIM00007026;nanoSIM
SIM00007027;microSIM
SIM00007028;nanoSIM
SIM00007029;standard
SIM00007030;microSIM
SIM00007031;eSIM
SIM00007032;standard
SIM00007033;microSIM
SIM00007034;microSIM
SIM00007035;nanoSIM
SIM00007036;eSIM
SIM00007037;eSIM
SIM00007038;microSIM
SIM00007039;microSIM
SIM00007040;standard
SIM00007041;eSIM
SIM00007042;microSIM
SIM00007043;nanoSIM
SIM00007044;standard
SIM00007045;eSIM
SIM00007046;microSIM
SIM00007047;standard
SIM00007048;nanoSIM
SIM00007049;microSIM
SIM00007050;microSIM
SIM00007051;eSIM
SIM00007052;nanoSIM
SIM00007053;nanoSIM
SIM00007054;nanoSIM
SIM00007055;microSIM
SIM00007056;eSIM
SIM00007057;microSIM
SIM00007058;standard
SIM00007059;eSIM
SIM00007060;nanoSIM
SIM00007061;microSIM
SIM00007062;eSIM
SIM00007063;nanoSIM
SIM00007064;nanoSIM
SIM00007065;microSIM
SIM00007066;microSIM
SIM00007067;standard
SIM00007068;eSIM
SIM00007069;nanoSIM
SIM00007070;standard
SIM00007071;eSIM
SIM00007072;standard
SIM00007073;eSIM
SIM00007074;microSIM
SIM00007075;microSIM
SIM00007076;eSIM
SIM00007077;nanoSIM
SIM00007078;nanoSIM
SIM00007079;microSIM
SIM00007080;standard
SIM00007081;eSIM
SIM00007082;microSIM
SIM00007083;nanoSIM
SIM00007084;eSIM
SIM00007085;microSIM
SIM00007086;eSIM
SIM00007087;nanoSIM
SIM00007088;standard
SIM00007089;microSIM
SIM00007090;eSIM
SIM00007091;eSIM
SIM00007092;standard
SIM00007093;standard
SIM00007094;microSIM
SIM00007095;standard
SIM00007096;standard
SIM00007097;microSIM
SIM00007098;microSIM
SIM00007099;nanoSIM
SIM00007100;eSIM
SIM00007101;eSIM
SIM00007102;nanoSIM
SIM00007103;eSIM
SIM00007104;standard
SIM00007105;nanoSIM
SIM00007106;eSIM
SIM00007107;eSIM
SIM00007108;microSIM
SIM00007109;microSIM
SIM00007110;nanoSIM
SIM00007111;eSIM
SIM00007112;microSIM
SIM00007113;eSIM
SIM00007114;eSIM
SIM00007115;nanoSIM
SIM00007116;eSIM
SIM00007117;microSIM
SIM00007118;standard
SIM00007119;standard
SIM00007120;eSIM
SIM00007121;eSIM
SIM00007122;microSIM
SIM00007123;microSIM
SIM00007124;standard
SIM00007125;microSIM
SIM00007126;nanoSIM
SIM00007127;eSIM
SIM00007128;nanoSIM
SIM00007129;microSIM
SIM00007130;nanoSIM
SIM00007131;microSIM
SIM00007132;nanoSIM
SIM00007133;nanoSIM
SIM00007134;nanoSIM
SIM00007135;nanoSIM
SIM00007136;microSIM
SIM00007137;nanoSIM
SIM00007138;nanoSIM
SIM00007139;nanoSIM
SIM00007140;eSIM
SIM00007141;nanoSIM
SIM00007142;standard
SIM00007143;eSIM
SIM00007144;eSIM
SIM00007145;standard
SIM00007146;standard
SIM00007147;microSIM
SIM00007148;nanoSIM
SIM00007149;standard
SIM00007150;microSIM
SIM00007151;eSIM
SIM00007152;eSIM
SIM00007153;eSIM
SIM00007154;microSIM
SIM00007155;nanoSIM
SIM00007156;eSIM
SIM00007157;microSIM
SIM00007158;eSIM
SIM00007159;eSIM
SIM00007160;standard
SIM00007161;eSIM
SIM00007162;eSIM
SIM00007163;nanoSIM
SIM00007164;microSIM
SIM00007165;microSIM
SIM00007166;microSIM
SIM00007167;nanoSIM
SIM00007168;standard
SIM00007169;nanoSIM
SIM00007170;microSIM
SIM00007171;standard
SIM00007172;nanoSIM
SIM00007173;eSIM
SIM00007174;nanoSIM
SIM00007175;standard
SIM00007176;microSIM
SIM00007177;microSIM
SIM00007178;standard
SIM00007179;nanoSIM
SIM00007180;eSIM
SIM00007181;standard
SIM00007182;microSIM
SIM00007183;eSIM
SIM00007184;eSIM
SIM00007185;eSIM
SIM00007186;microSIM
SIM00007187;eSIM
SIM00007188;standard
SIM00007189;standard
SIM00007190;microSIM
SIM00007191;standard
SIM00007192;microSIM
SIM00007193;nanoSIM
SIM00007194;microSIM
SIM00007195;microSIM
SIM00007196;microSIM
SIM00007197;microSIM
SIM00007198;microSIM
SIM00007199;microSIM
SIM00007200;standard
SIM00007201;nanoSIM
SIM00007202;eSIM
SIM00007203;eSIM
SIM00007204;microSIM
SIM00007205;microSIM
SIM00007206;standard
SIM00007207;eSIM
SIM00007208;nanoSIM
SIM00007209;microSIM
SIM00007210;standard
SIM00007211;eSIM
SIM00007212;eSIM
SIM00007213;eSIM
SIM00007214;microSIM
SIM00007215;eSIM
SIM00007216;eSIM
SIM00007217;nanoSIM
SIM00007218;microSIM
SIM00007219;microSIM
SIM00007220;microSIM
SIM00007221;nanoSIM
SIM00007222;nanoSIM
SIM00007223;nanoSIM
SIM00007224;eSIM
SIM00007225;eSIM
SIM00007226;nanoSIM
SIM00007227;eSIM
SIM00007228;nanoSIM
SIM00007229;eSIM
SIM00007230;microSIM
SIM00007231;microSIM
SIM00007232;standard
SIM00007233;microSIM
SIM00007234;standard
SIM00007235;eSIM
SIM00007236;nanoSIM
SIM00007237;eSIM
SIM00007238;eSIM
SIM00007239;standard
SIM00007240;nanoSIM
SIM00007241;nanoSIM
SIM00007242;microSIM
SIM00007243;microSIM
SIM00007244;eSIM
SIM00007245;nanoSIM
SIM00007246;standard
SIM00007247;microSIM
SIM00007248;nanoSIM
SIM00007249;eSIM
SIM00007250;standard
SIM00007251;nanoSIM
SIM00007252;microSIM
SIM00007253;microSIM
SIM00007254;eSIM
SIM00007255;eSIM
SIM00007256;standard
SIM00007257;microSIM
SIM00007258;microSIM
SIM00007259;standard
SIM00007260;nanoSIM
SIM00007261;microSIM
SIM00007262;eSIM
SIM00007263;eSIM
SIM00007264;eSIM
SIM00007265;standard
SIM00007266;microSIM
SIM00007267;eSIM
SIM00007268;nanoSIM
SIM00007269;eSIM
SIM00007270;nanoSIM
SIM00007271;eSIM
SIM00007272;standard
SIM00007273;standard
SIM00007274;nanoSIM
SIM00007275;nanoSIM
SIM00007276;standard
SIM00007277;eSIM
SIM00007278;microSIM
SIM00007279;microSIM
SIM00007280;microSIM
SIM00007281;standard
SIM00007282;standard
SIM00007283;eSIM
SIM00007284;microSIM
SIM00007285;eSIM
SIM00007286;nanoSIM
SIM00007287;eSIM
SIM00007288;nanoSIM
SIM00007289;nanoSIM
SIM00007290;microSIM
SIM00007291;standard
SIM00007292;eSIM
SIM00007293;eSIM
SIM00007294;standard
SIM00007295;eSIM
SIM00007296;eSIM
SIM00007297;standard
SIM00007298;eSIM
SIM00007299;microSIM
SIM00007300;eSIM
SIM00007301;nanoSIM
SIM00007302;standard
SIM00007303;standard
SIM00007304;microSIM
SIM00007305;microSIM
SIM00007306;standard
SIM00007307;microSIM
SIM00007308;standard
SIM00007309;eSIM
SIM00007310;microSIM
SIM00007311;eSIM
SIM00007312;microSIM
SIM00007313;standard
SIM00007314;nanoSIM
SIM00007315;microSIM
SIM00007316;nanoSIM
SIM00007317;eSIM
SIM00007318;standard
SIM00007319;microSIM
SIM00007320;nanoSIM
SIM00007321;standard
SIM00007322;nanoSIM
SIM00007323;nanoSIM
SIM00007324;eSIM
SIM00007325;microSIM
SIM00007326;nanoSIM
SIM00007327;eSIM
SIM00007328;microSIM
SIM00007329;standard
SIM00007330;microSIM
SIM00007331;microSIM
SIM00007332;microSIM
SIM00007333;nanoSIM
SIM00007334;nanoSIM
SIM00007335;microSIM
SIM00007336;standard
SIM00007337;eSIM
SIM00007338;eSIM
SIM00007339;standard
SIM00007340;eSIM
SIM00007341;standard
SIM00007342;eSIM
SIM00007343;eSIM
SIM00007344;microSIM
SIM00007345;standard
SIM00007346;standard
SIM00007347;standard
SIM00007348;microSIM
SIM00007349;eSIM
SIM00007350;microSIM
SIM00007351;nanoSIM
SIM00007352;standard
SIM00007353;nanoSIM
SIM00007354;microSIM
SIM00007355;eSIM
SIM00007356;nanoSIM
SIM00007357;microSIM
SIM00007358;standard
SIM00007359;eSIM
SIM00007360;nanoSIM
SIM00007361;microSIM
SIM00007362;microSIM
SIM00007363;eSIM
SIM00007364;standard
SIM00007365;eSIM
SIM00007366;standard
SIM00007367;microSIM
SIM00007368;eSIM
SIM00007369;microSIM
SIM00007370;eSIM
SIM00007371;standard
SIM00007372;microSIM
SIM00007373;nanoSIM
SIM00007374;eSIM
SIM00007375;eSIM
SIM00007376;microSIM
SIM00007377;standard
SIM00007378;microSIM
SIM00007379;standard
SIM00007380;standard
SIM00007381;nanoSIM
SIM00007382;microSIM
SIM00007383;standard
SIM00007384;standard
SIM00007385;nanoSIM
SIM00007386;nanoSIM
SIM00007387;microSIM
SIM00007388;standard
SIM00007389;nanoSIM
SIM00007390;nanoSIM
SIM00007391;standard
SIM00007392;standard
SIM00007393;standard
SIM00007394;microSIM
SIM00007395;microSIM
SIM00007396;microSIM
SIM00007397;nanoSIM
SIM00007398;standard
SIM00007399;standard
SIM00007400;eSIM
SIM00007401;eSIM
SIM00007402;nanoSIM
SIM00007403;eSIM
SIM00007404;eSIM
SIM00007405;standard
SIM00007406;standard
SIM00007407;microSIM
SIM00007408;nanoSIM
SIM00007409;eSIM
SIM00007410;eSIM
SIM00007411;microSIM
SIM00007412;microSIM
SIM00007413;standard
SIM00007414;standard
SIM00007415;standard
SIM00007416;nanoSIM
SIM00007417;standard
SIM00007418;microSIM
SIM00007419;standard
SIM00007420;standard
SIM00007421;microSIM
SIM00007422;eSIM
SIM00007423;microSIM
SIM00007424;standard
SIM00007425;nanoSIM
SIM00007426;standard
SIM00007427;microSIM
SIM00007428;nanoSIM
SIM00007429;nanoSIM
SIM00007430;standard
SIM00007431;microSIM
SIM00007432;microSIM
SIM00007433;microSIM
SIM00007434;nanoSIM
SIM00007435;standard
SIM00007436;standard
SIM00007437;microSIM
SIM00007438;eSIM
SIM00007439;standard
SIM00007440;microSIM
SIM00007441;microSIM
SIM00007442;nanoSIM
SIM00007443;nanoSIM
SIM00007444;standard
SIM00007445;nanoSIM
SIM00007446;standard
SIM00007447;microSIM
SIM00007448;standard
SIM00007449;standard
SIM00007450;standard
SIM00007451;microSIM
SIM00007452;eSIM
SIM00007453;nanoSIM
SIM00007454;nanoSIM
SIM00007455;eSIM
SIM00007456;standard
SIM00007457;microSIM
SIM00007458;eSIM
SIM00007459;eSIM
SIM00007460;standard
SIM00007461;eSIM
SIM00007462;nanoSIM
SIM00007463;nanoSIM
SIM00007464;eSIM
SIM00007465;standard
SIM00007466;eSIM
SIM00007467;standard
SIM00007468;microSIM
SIM00007469;microSIM
SIM00007470;standard
SIM00007471;nanoSIM
SIM00007472;standard
SIM00007473;standard
SIM00007474;microSIM
SIM00007475;nanoSIM
SIM00007476;standard
SIM00007477;microSIM
SIM00007478;standard
SIM00007479;standard
SIM00007480;microSIM
SIM00007481;standard
SIM00007482;standard
SIM00007483;standard
SIM00007484;standard
SIM00007485;microSIM
SIM00007486;standard
SIM00007487;standard
SIM00007488;microSIM
SIM00007489;eSIM
SIM00007490;microSIM
SIM00007491;standard
SIM00007492;microSIM
SIM00007493;standard
SIM00007494;nanoSIM
SIM00007495;nanoSIM
SIM00007496;standard
SIM00007497;eSIM
SIM00007498;eSIM
SIM00007499;nanoSIM
SIM00007500;eSIM
SIM00007501;nanoSIM
SIM00007502;eSIM
SIM00007503;nanoSIM
SIM00007504;microSIM
SIM00007505;microSIM
SIM00007506;nanoSIM
SIM00007507;nanoSIM
SIM00007508;nanoSIM
SIM00007509;standard
SIM00007510;eSIM
SIM00007511;microSIM
SIM00007512;microSIM
SIM00007513;nanoSIM
SIM00007514;standard
SIM00007515;nanoSIM
SIM00007516;standard
SIM00007517;standard
SIM00007518;standard
SIM00007519;nanoSIM
SIM00007520;microSIM
SIM00007521;eSIM
SIM00007522;standard
SIM00007523;nanoSIM
SIM00007524;standard
SIM00007525;standard
SIM00007526;eSIM
SIM00007527;nanoSIM
SIM00007528;microSIM
SIM00007529;nanoSIM
SIM00007530;microSIM
SIM00007531;nanoSIM
SIM00007532;microSIM
SIM00007533;microSIM
SIM00007534;microSIM
SIM00007535;eSIM
SIM00007536;eSIM
SIM00007537;standard
SIM00007538;standard
SIM00007539;nanoSIM
SIM00007540;standard
SIM00007541;eSIM
SIM00007542;nanoSIM
SIM00007543;standard
SIM00007544;eSIM
SIM00007545;standard
SIM00007546;standard
SIM00007547;standard
SIM00007548;microSIM
SIM00007549;standard
SIM00007550;eSIM
SIM00007551;standard
SIM00007552;nanoSIM
SIM00007553;eSIM
SIM00007554;microSIM
SIM00007555;microSIM
SIM00007556;microSIM
SIM00007557;microSIM
SIM00007558;microSIM
SIM00007559;eSIM
SIM00007560;nanoSIM
SIM00007561;nanoSIM
SIM00007562;microSIM
SIM00007563;standard
SIM00007564;nanoSIM
SIM00007565;standard
SIM00007566;standard
SIM00007567;eSIM
SIM00007568;eSIM
SIM00007569;standard
SIM00007570;standard
SIM00007571;eSIM
SIM00007572;microSIM
SIM00007573;standard
SIM00007574;microSIM
SIM00007575;eSIM
SIM00007576;eSIM
SIM00007577;nanoSIM
SIM00007578;standard
SIM00007579;nanoSIM
SIM00007580;eSIM
SIM00007581;eSIM
SIM00007582;standard
SIM00007583;microSIM
SIM00007584;nanoSIM
SIM00007585;microSIM
SIM00007586;standard
SIM00007587;eSIM
SIM00007588;standard
SIM00007589;eSIM
SIM00007590;microSIM
SIM00007591;standard
SIM00007592;standard
SIM00007593;eSIM
SIM00007594;standard
SIM00007595;nanoSIM
SIM00007596;nanoSIM
SIM00007597;standard
SIM00007598;standard
SIM00007599;nanoSIM
SIM00007600;standard
SIM00007601;microSIM
SIM00007602;nanoSIM
SIM00007603;nanoSIM
SIM00007604;nanoSIM
SIM00007605;nanoSIM
SIM00007606;standard
SIM00007607;standard
SIM00007608;standard
SIM00007609;standard
SIM00007610;standard
SIM00007611;nanoSIM
SIM00007612;nanoSIM
SIM00007613;microSIM
SIM00007614;microSIM
SIM00007615;nanoSIM
SIM00007616;nanoSIM
SIM00007617;microSIM
SIM00007618;standard
SIM00007619;eSIM
SIM00007620;microSIM
SIM00007621;microSIM
SIM00007622;microSIM
SIM00007623;microSIM
SIM00007624;microSIM
SIM00007625;eSIM
SIM00007626;eSIM
SIM00007627;microSIM
SIM00007628;microSIM
SIM00007629;nanoSIM
SIM00007630;eSIM
SIM00007631;nanoSIM
SIM00007632;microSIM
SIM00007633;eSIM
SIM00007634;eSIM
SIM00007635;standard
SIM00007636;microSIM
SIM00007637;nanoSIM
SIM00007638;microSIM
SIM00007639;nanoSIM
SIM00007640;microSIM
SIM00007641;eSIM
SIM00007642;eSIM
SIM00007643;nanoSIM
SIM00007644;eSIM
SIM00007645;nanoSIM
SIM00007646;nanoSIM
SIM00007647;microSIM
SIM00007648;standard
SIM00007649;eSIM
SIM00007650;eSIM
SIM00007651;eSIM
SIM00007652;microSIM
SIM00007653;eSIM
SIM00007654;eSIM
SIM00007655;nanoSIM
SIM00007656;standard
SIM00007657;standard
SIM00007658;eSIM
SIM00007659;standard
SIM00007660;microSIM
SIM00007661;standard
SIM00007662;eSIM
SIM00007663;eSIM
SIM00007664;nanoSIM
SIM00007665;microSIM
SIM00007666;standard
SIM00007667;microSIM
SIM00007668;standard
SIM00007669;eSIM
SIM00007670;standard
SIM00007671;microSIM
SIM00007672;nanoSIM
SIM00007673;microSIM
SIM00007674;nanoSIM
SIM00007675;eSIM
SIM00007676;microSIM
SIM00007677;nanoSIM
SIM00007678;standard
SIM00007679;nanoSIM
SIM00007680;eSIM
SIM00007681;microSIM
SIM00007682;microSIM
SIM00007683;eSIM
SIM00007684;eSIM
SIM00007685;standard
SIM00007686;nanoSIM
SIM00007687;nanoSIM
SIM00007688;standard
SIM00007689;nanoSIM
SIM00007690;microSIM
SIM00007691;microSIM
SIM00007692;standard
SIM00007693;nanoSIM
SIM00007694;nanoSIM
SIM00007695;eSIM
SIM00007696;eSIM
SIM00007697;nanoSIM
SIM00007698;standard
SIM00007699;nanoSIM
SIM00007700;nanoSIM
SIM00007701;microSIM
SIM00007702;standard
SIM00007703;eSIM
SIM00007704;standard
SIM00007705;nanoSIM
SIM00007706;standard
SIM00007707;standard
SIM00007708;eSIM
SIM00007709;nanoSIM
SIM00007710;microSIM
SIM00007711;nanoSIM
SIM00007712;microSIM
SIM00007713;standard
SIM00007714;standard
SIM00007715;nanoSIM
SIM00007716;eSIM
SIM00007717;microSIM
SIM00007718;standard
SIM00007719;eSIM
SIM00007720;nanoSIM
SIM00007721;eSIM
SIM00007722;microSIM
SIM00007723;eSIM
SIM00007724;microSIM
SIM00007725;standard
SIM00007726;nanoSIM
SIM00007727;microSIM
SIM00007728;standard
SIM00007729;standard
SIM00007730;microSIM
SIM00007731;microSIM
SIM00007732;nanoSIM
SIM00007733;nanoSIM
SIM00007734;eSIM
SIM00007735;nanoSIM
SIM00007736;eSIM
SIM00007737;microSIM
SIM00007738;microSIM
SIM00007739;standard
SIM00007740;eSIM
SIM00007741;eSIM
SIM00007742;nanoSIM
SIM00007743;nanoSIM
SIM00007744;eSIM
SIM00007745;microSIM
SIM00007746;microSIM
SIM00007747;microSIM
SIM00007748;nanoSIM
SIM00007749;nanoSIM
SIM00007750;standard
SIM00007751;eSIM
SIM00007752;standard
SIM00007753;microSIM
SIM00007754;microSIM
SIM00007755;microSIM
SIM00007756;eSIM
SIM00007757;standard
SIM00007758;nanoSIM
SIM00007759;microSIM
SIM00007760;eSIM
SIM00007761;microSIM
SIM00007762;nanoSIM
SIM00007763;nanoSIM
SIM00007764;eSIM
SIM00007765;standard
SIM00007766;eSIM
SIM00007767;standard
SIM00007768;standard
SIM00007769;eSIM
SIM00007770;standard
SIM00007771;microSIM
SIM00007772;microSIM
SIM00007773;eSIM
SIM00007774;nanoSIM
SIM00007775;eSIM
SIM00007776;nanoSIM
SIM00007777;eSIM
SIM00007778;standard
SIM00007779;nanoSIM
SIM00007780;standard
SIM00007781;microSIM
SIM00007782;nanoSIM
SIM00007783;microSIM
SIM00007784;eSIM
SIM00007785;microSIM
SIM00007786;microSIM
SIM00007787;nanoSIM
SIM00007788;standard
SIM00007789;microSIM
SIM00007790;eSIM
SIM00007791;standard
SIM00007792;standard
SIM00007793;nanoSIM
SIM00007794;standard
SIM00007795;eSIM
SIM00007796;nanoSIM
SIM00007797;microSIM
SIM00007798;eSIM
SIM00007799;microSIM
SIM00007800;nanoSIM
SIM00007801;nanoSIM
SIM00007802;eSIM
SIM00007803;standard
SIM00007804;eSIM
SIM00007805;nanoSIM
SIM00007806;standard
SIM00007807;microSIM
SIM00007808;standard
SIM00007809;microSIM
SIM00007810;eSIM
SIM00007811;nanoSIM
SIM00007812;standard
SIM00007813;standard
SIM00007814;eSIM
SIM00007815;eSIM
SIM00007816;nanoSIM
SIM00007817;microSIM
SIM00007818;microSIM
SIM00007819;standard
SIM00007820;microSIM
SIM00007821;nanoSIM
SIM00007822;nanoSIM
SIM00007823;eSIM
SIM00007824;nanoSIM
SIM00007825;microSIM
SIM00007826;microSIM
SIM00007827;microSIM
SIM00007828;nanoSIM
SIM00007829;microSIM
SIM00007830;microSIM
SIM00007831;nanoSIM
SIM00007832;microSIM
SIM00007833;microSIM
SIM00007834;standard
SIM00007835;nanoSIM
SIM00007836;eSIM
SIM00007837;eSIM
SIM00007838;nanoSIM
SIM00007839;microSIM
SIM00007840;standard
SIM00007841;nanoSIM
SIM00007842;standard
SIM00007843;microSIM
SIM00007844;eSIM
SIM00007845;microSIM
SIM00007846;nanoSIM
SIM00007847;standard
SIM00007848;microSIM
SIM00007849;standard
SIM00007850;microSIM
SIM00007851;eSIM
SIM00007852;eSIM
SIM00007853;nanoSIM
SIM00007854;microSIM
SIM00007855;eSIM
SIM00007856;nanoSIM
SIM00007857;standard
SIM00007858;microSIM
SIM00007859;eSIM
SIM00007860;eSIM
SIM00007861;standard
SIM00007862;standard
SIM00007863;microSIM
SIM00007864;nanoSIM
SIM00007865;standard
SIM00007866;nanoSIM
SIM00007867;microSIM
SIM00007868;standard
SIM00007869;standard
SIM00007870;microSIM
SIM00007871;eSIM
SIM00007872;standard
SIM00007873;standard
SIM00007874;eSIM
SIM00007875;standard
SIM00007876;nanoSIM
SIM00007877;microSIM
SIM00007878;nanoSIM
SIM00007879;standard
SIM00007880;eSIM
SIM00007881;eSIM
SIM00007882;microSIM
SIM00007883;nanoSIM
SIM00007884;nanoSIM
SIM00007885;nanoSIM
SIM00007886;eSIM
SIM00007887;microSIM
SIM00007888;nanoSIM
SIM00007889;standard
SIM00007890;nanoSIM
SIM00007891;eSIM
SIM00007892;standard
SIM00007893;standard
SIM00007894;standard
SIM00007895;eSIM
SIM00007896;standard
SIM00007897;nanoSIM
SIM00007898;microSIM
SIM00007899;eSIM
SIM00007900;nanoSIM
SIM00007901;nanoSIM
SIM00007902;microSIM
SIM00007903;microSIM
SIM00007904;nanoSIM
SIM00007905;nanoSIM
SIM00007906;eSIM
SIM00007907;microSIM
SIM00007908;microSIM
SIM00007909;eSIM
SIM00007910;microSIM
SIM00007911;eSIM
SIM00007912;standard
SIM00007913;standard
SIM00007914;eSIM
SIM00007915;eSIM
SIM00007916;eSIM
SIM00007917;eSIM
SIM00007918;nanoSIM
SIM00007919;eSIM
SIM00007920;eSIM
SIM00007921;eSIM
SIM00007922;eSIM
SIM00007923;nanoSIM
SIM00007924;standard
SIM00007925;nanoSIM
SIM00007926;eSIM
SIM00007927;microSIM
SIM00007928;standard
SIM00007929;eSIM
SIM00007930;eSIM
SIM00007931;eSIM
SIM00007932;nanoSIM
SIM00007933;standard
SIM00007934;nanoSIM
SIM00007935;microSIM
SIM00007936;standard
SIM00007937;nanoSIM
SIM00007938;eSIM
SIM00007939;eSIM
SIM00007940;nanoSIM
SIM00007941;eSIM
SIM00007942;microSIM
SIM00007943;nanoSIM
SIM00007944;nanoSIM
SIM00007945;microSIM
SIM00007946;nanoSIM
SIM00007947;standard
SIM00007948;standard
SIM00007949;standard
SIM00007950;microSIM
SIM00007951;nanoSIM
SIM00007952;nanoSIM
SIM00007953;eSIM
SIM00007954;microSIM
SIM00007955;nanoSIM
SIM00007956;microSIM
SIM00007957;microSIM
SIM00007958;microSIM
SIM00007959;microSIM
SIM00007960;standard
SIM00007961;standard
SIM00007962;standard
SIM00007963;nanoSIM
SIM00007964;eSIM
SIM00007965;microSIM
SIM00007966;standard
SIM00007967;microSIM
SIM00007968;eSIM
SIM00007969;microSIM
SIM00007970;eSIM
SIM00007971;nanoSIM
SIM00007972;microSIM
SIM00007973;standard
SIM00007974;nanoSIM
SIM00007975;microSIM
SIM00007976;microSIM
SIM00007977;eSIM
SIM00007978;microSIM
SIM00007979;microSIM
SIM00007980;microSIM
SIM00007981;eSIM
SIM00007982;eSIM
SIM00007983;nanoSIM
SIM00007984;eSIM
SIM00007985;nanoSIM
SIM00007986;standard
SIM00007987;microSIM
SIM00007988;standard
SIM00007989;eSIM
SIM00007990;microSIM
SIM00007991;microSIM
SIM00007992;nanoSIM
SIM00007993;microSIM
SIM00007994;nanoSIM
SIM00007995;nanoSIM
SIM00007996;eSIM
SIM00007997;eSIM
SIM00007998;eSIM
SIM00007999;eSIM
SIM00008000;eSIM
SIM00008001;nanoSIM
SIM00008002;microSIM
SIM00008003;eSIM
SIM00008004;standard
SIM00008005;nanoSIM
SIM00008006;nanoSIM
SIM00008007;nanoSIM
SIM00008008;standard
SIM00008009;nanoSIM
SIM00008010;nanoSIM
SIM00008011;standard
SIM00008012;nanoSIM
SIM00008013;microSIM
SIM00008014;standard
SIM00008015;standard
SIM00008016;standard
SIM00008017;microSIM
SIM00008018;nanoSIM
SIM00008019;eSIM
SIM00008020;nanoSIM
SIM00008021;eSIM
SIM00008022;standard
SIM00008023;nanoSIM
SIM00008024;standard
SIM00008025;microSIM
SIM00008026;standard
SIM00008027;microSIM
SIM00008028;nanoSIM
SIM00008029;eSIM
SIM00008030;nanoSIM
SIM00008031;microSIM
SIM00008032;microSIM
SIM00008033;eSIM
SIM00008034;nanoSIM
SIM00008035;eSIM
SIM00008036;eSIM
SIM00008037;nanoSIM
SIM00008038;nanoSIM
SIM00008039;microSIM
SIM00008040;nanoSIM
SIM00008041;standard
SIM00008042;eSIM
SIM00008043;standard
SIM00008044;microSIM
SIM00008045;eSIM
SIM00008046;microSIM
SIM00008047;standard
SIM00008048;nanoSIM
SIM00008049;eSIM
SIM00008050;eSIM
SIM00008051;eSIM
SIM00008052;nanoSIM
SIM00008053;nanoSIM
SIM00008054;microSIM
SIM00008055;nanoSIM
SIM00008056;eSIM
SIM00008057;microSIM
SIM00008058;nanoSIM
SIM00008059;microSIM
SIM00008060;standard
SIM00008061;standard
SIM00008062;standard
SIM00008063;standard
SIM00008064;standard
SIM00008065;eSIM
SIM00008066;standard
SIM00008067;eSIM
SIM00008068;standard
SIM00008069;microSIM
SIM00008070;standard
SIM00008071;microSIM
SIM00008072;microSIM
SIM00008073;microSIM
SIM00008074;nanoSIM
SIM00008075;eSIM
SIM00008076;nanoSIM
SIM00008077;standard
SIM00008078;eSIM
SIM00008079;microSIM
SIM00008080;nanoSIM
SIM00008081;nanoSIM
SIM00008082;standard
SIM00008083;nanoSIM
SIM00008084;nanoSIM
SIM00008085;eSIM
SIM00008086;standard
SIM00008087;nanoSIM
SIM00008088;standard
SIM00008089;nanoSIM
SIM00008090;microSIM
SIM00008091;standard
SIM00008092;microSIM
SIM00008093;microSIM
SIM00008094;eSIM
SIM00008095;standard
SIM00008096;standard
SIM00008097;microSIM
SIM00008098;nanoSIM
SIM00008099;eSIM
SIM00008100;standard
SIM00008101;eSIM
SIM00008102;microSIM
SIM00008103;eSIM
SIM00008104;nanoSIM
SIM00008105;microSIM
SIM00008106;microSIM
SIM00008107;microSIM
SIM00008108;eSIM
SIM00008109;microSIM
SIM00008110;standard
SIM00008111;standard
SIM00008112;eSIM
SIM00008113;standard
SIM00008114;standard
SIM00008115;microSIM
SIM00008116;microSIM
SIM00008117;microSIM
SIM00008118;standard
SIM00008119;microSIM
SIM00008120;eSIM
SIM00008121;microSIM
SIM00008122;microSIM
SIM00008123;nanoSIM
SIM00008124;microSIM
SIM00008125;microSIM
SIM00008126;microSIM
SIM00008127;eSIM
SIM00008128;nanoSIM
SIM00008129;standard
SIM00008130;nanoSIM
SIM00008131;standard
SIM00008132;eSIM
SIM00008133;standard
SIM00008134;nanoSIM
SIM00008135;eSIM
SIM00008136;standard
SIM00008137;microSIM
SIM00008138;standard
SIM00008139;eSIM
SIM00008140;eSIM
SIM00008141;nanoSIM
SIM00008142;eSIM
SIM00008143;standard
SIM00008144;eSIM
SIM00008145;microSIM
SIM00008146;standard
SIM00008147;nanoSIM
SIM00008148;standard
SIM00008149;nanoSIM
SIM00008150;microSIM
SIM00008151;eSIM
SIM00008152;microSIM
SIM00008153;nanoSIM
SIM00008154;microSIM
SIM00008155;eSIM
SIM00008156;nanoSIM
SIM00008157;microSIM
SIM00008158;eSIM
SIM00008159;standard
SIM00008160;microSIM
SIM00008161;nanoSIM
SIM00008162;standard
SIM00008163;eSIM
SIM00008164;standard
SIM00008165;standard
SIM00008166;nanoSIM
SIM00008167;eSIM
SIM00008168;eSIM
SIM00008169;nanoSIM
SIM00008170;eSIM
SIM00008171;microSIM
SIM00008172;eSIM
SIM00008173;nanoSIM
SIM00008174;eSIM
SIM00008175;microSIM
SIM00008176;standard
SIM00008177;eSIM
SIM00008178;standard
SIM00008179;microSIM
SIM00008180;standard
SIM00008181;nanoSIM
SIM00008182;standard
SIM00008183;nanoSIM
SIM00008184;eSIM
SIM00008185;standard
SIM00008186;eSIM
SIM00008187;microSIM
SIM00008188;nanoSIM
SIM00008189;nanoSIM
SIM00008190;standard
SIM00008191;microSIM
SIM00008192;eSIM
SIM00008193;standard
SIM00008194;standard
SIM00008195;standard
SIM00008196;nanoSIM
SIM00008197;eSIM
SIM00008198;microSIM
SIM00008199;nanoSIM
SIM00008200;microSIM
SIM00008201;standard
SIM00008202;microSIM
SIM00008203;standard
SIM00008204;eSIM
SIM00008205;standard
SIM00008206;standard
SIM00008207;standard
SIM00008208;microSIM
SIM00008209;standard
SIM00008210;standard
SIM00008211;standard
SIM00008212;microSIM
SIM00008213;eSIM
SIM00008214;microSIM
SIM00008215;eSIM
SIM00008216;microSIM
SIM00008217;standard
SIM00008218;eSIM
SIM00008219;nanoSIM
SIM00008220;microSIM
SIM00008221;standard
SIM00008222;standard
SIM00008223;nanoSIM
SIM00008224;microSIM
SIM00008225;microSIM
SIM00008226;standard
SIM00008227;nanoSIM
SIM00008228;microSIM
SIM00008229;eSIM
SIM00008230;standard
SIM00008231;standard
SIM00008232;eSIM
SIM00008233;nanoSIM
SIM00008234;eSIM
SIM00008235;nanoSIM
SIM00008236;standard
SIM00008237;nanoSIM
SIM00008238;microSIM
SIM00008239;standard
SIM00008240;eSIM
SIM00008241;standard
SIM00008242;nanoSIM
SIM00008243;nanoSIM
SIM00008244;eSIM
SIM00008245;nanoSIM
SIM00008246;standard
SIM00008247;standard
SIM00008248;microSIM
SIM00008249;microSIM
SIM00008250;eSIM
SIM00008251;standard
SIM00008252;eSIM
SIM00008253;nanoSIM
SIM00008254;nanoSIM
SIM00008255;standard
SIM00008256;microSIM
SIM00008257;eSIM
SIM00008258;standard
SIM00008259;nanoSIM
SIM00008260;standard
SIM00008261;eSIM
SIM00008262;standard
SIM00008263;microSIM
SIM00008264;standard
SIM00008265;eSIM
SIM00008266;nanoSIM
SIM00008267;microSIM
SIM00008268;nanoSIM
SIM00008269;eSIM
SIM00008270;eSIM
SIM00008271;nanoSIM
SIM00008272;eSIM
SIM00008273;microSIM
SIM00008274;nanoSIM
SIM00008275;standard
SIM00008276;standard
SIM00008277;eSIM
SIM00008278;standard
SIM00008279;standard
SIM00008280;nanoSIM
SIM00008281;nanoSIM
SIM00008282;standard
SIM00008283;standard
SIM00008284;microSIM
SIM00008285;nanoSIM
SIM00008286;microSIM
SIM00008287;microSIM
SIM00008288;microSIM
SIM00008289;standard
SIM00008290;microSIM
SIM00008291;standard
SIM00008292;nanoSIM
SIM00008293;standard
SIM00008294;eSIM
SIM00008295;microSIM
SIM00008296;nanoSIM
SIM00008297;microSIM
SIM00008298;standard
SIM00008299;eSIM
SIM00008300;standard
SIM00008301;microSIM
SIM00008302;microSIM
SIM00008303;eSIM
SIM00008304;eSIM
SIM00008305;microSIM
SIM00008306;eSIM
SIM00008307;nanoSIM
SIM00008308;microSIM
SIM00008309;nanoSIM
SIM00008310;eSIM
SIM00008311;eSIM
SIM00008312;standard
SIM00008313;microSIM
SIM00008314;eSIM
SIM00008315;eSIM
SIM00008316;microSIM
SIM00008317;eSIM
SIM00008318;nanoSIM
SIM00008319;eSIM
SIM00008320;nanoSIM
SIM00008321;nanoSIM
SIM00008322;eSIM
SIM00008323;eSIM
SIM00008324;nanoSIM
SIM00008325;nanoSIM
SIM00008326;standard
SIM00008327;standard
SIM00008328;standard
SIM00008329;nanoSIM
SIM00008330;eSIM
SIM00008331;nanoSIM
SIM00008332;eSIM
SIM00008333;microSIM
SIM00008334;eSIM
SIM00008335;microSIM
SIM00008336;nanoSIM
SIM00008337;eSIM
SIM00008338;microSIM
SIM00008339;microSIM
SIM00008340;microSIM
SIM00008341;eSIM
SIM00008342;standard
SIM00008343;nanoSIM
SIM00008344;microSIM
SIM00008345;nanoSIM
SIM00008346;nanoSIM
SIM00008347;standard
SIM00008348;standard
SIM00008349;standard
SIM00008350;nanoSIM
SIM00008351;microSIM
SIM00008352;microSIM
SIM00008353;nanoSIM
SIM00008354;eSIM
SIM00008355;standard
SIM00008356;eSIM
SIM00008357;standard
SIM00008358;nanoSIM
SIM00008359;standard
SIM00008360;nanoSIM
SIM00008361;eSIM
SIM00008362;eSIM
SIM00008363;microSIM
SIM00008364;standard
SIM00008365;nanoSIM
SIM00008366;nanoSIM
SIM00008367;eSIM
SIM00008368;microSIM
SIM00008369;microSIM
SIM00008370;microSIM
SIM00008371;standard
SIM00008372;standard
SIM00008373;eSIM
SIM00008374;eSIM
SIM00008375;microSIM
SIM00008376;eSIM
SIM00008377;standard
SIM00008378;eSIM
SIM00008379;microSIM
SIM00008380;nanoSIM
SIM00008381;microSIM
SIM00008382;eSIM
SIM00008383;microSIM
SIM00008384;standard
SIM00008385;standard
SIM00008386;eSIM
SIM00008387;eSIM
SIM00008388;standard
SIM00008389;standard
SIM00008390;nanoSIM
SIM00008391;nanoSIM
SIM00008392;eSIM
SIM00008393;eSIM
SIM00008394;standard
SIM00008395;nanoSIM
SIM00008396;standard
SIM00008397;nanoSIM
SIM00008398;standard
SIM00008399;eSIM
SIM00008400;nanoSIM
SIM00008401;eSIM
SIM00008402;standard
SIM00008403;standard
SIM00008404;standard
SIM00008405;standard
SIM00008406;nanoSIM
SIM00008407;nanoSIM
SIM00008408;standard
SIM00008409;microSIM
SIM00008410;standard
SIM00008411;nanoSIM
SIM00008412;eSIM
SIM00008413;standard
SIM00008414;microSIM
SIM00008415;nanoSIM
SIM00008416;standard
SIM00008417;eSIM
SIM00008418;nanoSIM
SIM00008419;microSIM
SIM00008420;standard
SIM00008421;standard
SIM00008422;microSIM
SIM00008423;standard
SIM00008424;microSIM
SIM00008425;nanoSIM
SIM00008426;nanoSIM
SIM00008427;standard
SIM00008428;eSIM
SIM00008429;standard
SIM00008430;eSIM
SIM00008431;microSIM
SIM00008432;nanoSIM
SIM00008433;standard
SIM00008434;eSIM
SIM00008435;eSIM
SIM00008436;standard
SIM00008437;eSIM
SIM00008438;eSIM
SIM00008439;microSIM
SIM00008440;standard
SIM00008441;eSIM
SIM00008442;eSIM
SIM00008443;microSIM
SIM00008444;nanoSIM
SIM00008445;standard
SIM00008446;eSIM
SIM00008447;nanoSIM
SIM00008448;eSIM
SIM00008449;eSIM
SIM00008450;standard
SIM00008451;eSIM
SIM00008452;eSIM
SIM00008453;standard
SIM00008454;microSIM
SIM00008455;nanoSIM
SIM00008456;eSIM
SIM00008457;standard
SIM00008458;standard
SIM00008459;standard
SIM00008460;microSIM
SIM00008461;nanoSIM
SIM00008462;eSIM
SIM00008463;standard
SIM00008464;nanoSIM
SIM00008465;microSIM
SIM00008466;nanoSIM
SIM00008467;microSIM
SIM00008468;microSIM
SIM00008469;microSIM
SIM00008470;standard
SIM00008471;standard
SIM00008472;microSIM
SIM00008473;nanoSIM
SIM00008474;standard
SIM00008475;eSIM
SIM00008476;standard
SIM00008477;microSIM
SIM00008478;standard
SIM00008479;standard
SIM00008480;standard
SIM00008481;standard
SIM00008482;eSIM
SIM00008483;standard
SIM00008484;eSIM
SIM00008485;standard
SIM00008486;nanoSIM
SIM00008487;nanoSIM
SIM00008488;standard
SIM00008489;eSIM
SIM00008490;microSIM
SIM00008491;eSIM
SIM00008492;nanoSIM
SIM00008493;standard
SIM00008494;nanoSIM
SIM00008495;standard
SIM00008496;eSIM
SIM00008497;nanoSIM
SIM00008498;nanoSIM
SIM00008499;standard
SIM00008500;eSIM
SIM00008501;standard
SIM00008502;microSIM
SIM00008503;eSIM
SIM00008504;eSIM
SIM00008505;nanoSIM
SIM00008506;standard
SIM00008507;nanoSIM
SIM00008508;microSIM
SIM00008509;nanoSIM
SIM00008510;nanoSIM
SIM00008511;nanoSIM
SIM00008512;standard
SIM00008513;microSIM
SIM00008514;standard
SIM00008515;standard
SIM00008516;standard
SIM00008517;standard
SIM00008518;microSIM
SIM00008519;standard
SIM00008520;microSIM
SIM00008521;microSIM
SIM00008522;microSIM
SIM00008523;microSIM
SIM00008524;standard
SIM00008525;microSIM
SIM00008526;standard
SIM00008527;microSIM
SIM00008528;nanoSIM
SIM00008529;standard
SIM00008530;microSIM
SIM00008531;eSIM
SIM00008532;microSIM
SIM00008533;standard
SIM00008534;nanoSIM
SIM00008535;microSIM
SIM00008536;nanoSIM
SIM00008537;nanoSIM
SIM00008538;standard
SIM00008539;standard
SIM00008540;standard
SIM00008541;microSIM
SIM00008542;standard
SIM00008543;standard
SIM00008544;nanoSIM
SIM00008545;eSIM
SIM00008546;standard
SIM00008547;nanoSIM
SIM00008548;eSIM
SIM00008549;standard
SIM00008550;nanoSIM
SIM00008551;nanoSIM
SIM00008552;microSIM
SIM00008553;microSIM
SIM00008554;eSIM
SIM00008555;eSIM
SIM00008556;eSIM
SIM00008557;nanoSIM
SIM00008558;standard
SIM00008559;eSIM
SIM00008560;standard
SIM00008561;nanoSIM
SIM00008562;standard
SIM00008563;nanoSIM
SIM00008564;eSIM
SIM00008565;nanoSIM
SIM00008566;nanoSIM
SIM00008567;standard
SIM00008568;standard
SIM00008569;eSIM
SIM00008570;microSIM
SIM00008571;eSIM
SIM00008572;microSIM
SIM00008573;nanoSIM
SIM00008574;nanoSIM
SIM00008575;eSIM
SIM00008576;eSIM
SIM00008577;eSIM
SIM00008578;standard
SIM00008579;standard
SIM00008580;eSIM
SIM00008581;microSIM
SIM00008582;microSIM
SIM00008583;microSIM
SIM00008584;microSIM
SIM00008585;nanoSIM
SIM00008586;nanoSIM
SIM00008587;standard
SIM00008588;eSIM
SIM00008589;standard
SIM00008590;standard
SIM00008591;eSIM
SIM00008592;nanoSIM
SIM00008593;eSIM
SIM00008594;eSIM
SIM00008595;microSIM
SIM00008596;nanoSIM
SIM00008597;nanoSIM
SIM00008598;nanoSIM
SIM00008599;microSIM
SIM00008600;eSIM
SIM00008601;microSIM
SIM00008602;nanoSIM
SIM00008603;standard
SIM00008604;standard
SIM00008605;microSIM
SIM00008606;nanoSIM
SIM00008607;standard
SIM00008608;nanoSIM
SIM00008609;eSIM
SIM00008610;standard
SIM00008611;standard
SIM00008612;standard
SIM00008613;nanoSIM
SIM00008614;nanoSIM
SIM00008615;standard
SIM00008616;standard
SIM00008617;microSIM
SIM00008618;nanoSIM
SIM00008619;nanoSIM
SIM00008620;standard
SIM00008621;standard
SIM00008622;nanoSIM
SIM00008623;microSIM
SIM00008624;microSIM
SIM00008625;nanoSIM
SIM00008626;eSIM
SIM00008627;standard
SIM00008628;eSIM
SIM00008629;microSIM
SIM00008630;standard
SIM00008631;eSIM
SIM00008632;nanoSIM
SIM00008633;nanoSIM
SIM00008634;standard
SIM00008635;standard
SIM00008636;eSIM
SIM00008637;nanoSIM
SIM00008638;microSIM
SIM00008639;standard
SIM00008640;standard
SIM00008641;microSIM
SIM00008642;microSIM
SIM00008643;microSIM
SIM00008644;nanoSIM
SIM00008645;standard
SIM00008646;nanoSIM
SIM00008647;nanoSIM
SIM00008648;microSIM
SIM00008649;nanoSIM
SIM00008650;microSIM
SIM00008651;nanoSIM
SIM00008652;eSIM
SIM00008653;nanoSIM
SIM00008654;standard
SIM00008655;microSIM
SIM00008656;eSIM
SIM00008657;standard
SIM00008658;microSIM
SIM00008659;eSIM
SIM00008660;nanoSIM
SIM00008661;eSIM
SIM00008662;standard
SIM00008663;nanoSIM
SIM00008664;microSIM
SIM00008665;eSIM
SIM00008666;standard
SIM00008667;eSIM
SIM00008668;nanoSIM
SIM00008669;standard
SIM00008670;eSIM
SIM00008671;microSIM
SIM00008672;eSIM
SIM00008673;eSIM
SIM00008674;eSIM
SIM00008675;nanoSIM
SIM00008676;standard
SIM00008677;eSIM
SIM00008678;standard
SIM00008679;standard
SIM00008680;standard
SIM00008681;nanoSIM
SIM00008682;standard
SIM00008683;microSIM
SIM00008684;nanoSIM
SIM00008685;microSIM
SIM00008686;microSIM
SIM00008687;microSIM
SIM00008688;microSIM
SIM00008689;eSIM
SIM00008690;nanoSIM
SIM00008691;nanoSIM
SIM00008692;standard
SIM00008693;standard
SIM00008694;nanoSIM
SIM00008695;nanoSIM
SIM00008696;microSIM
SIM00008697;microSIM
SIM00008698;nanoSIM
SIM00008699;standard
SIM00008700;eSIM
SIM00008701;nanoSIM
SIM00008702;standard
SIM00008703;microSIM
SIM00008704;standard
SIM00008705;standard
SIM00008706;nanoSIM
SIM00008707;eSIM
SIM00008708;nanoSIM
SIM00008709;nanoSIM
SIM00008710;microSIM
SIM00008711;microSIM
SIM00008712;nanoSIM
SIM00008713;nanoSIM
SIM00008714;eSIM
SIM00008715;eSIM
SIM00008716;nanoSIM
SIM00008717;standard
SIM00008718;standard
SIM00008719;microSIM
SIM00008720;nanoSIM
SIM00008721;microSIM
SIM00008722;nanoSIM
SIM00008723;eSIM
SIM00008724;microSIM
SIM00008725;nanoSIM
SIM00008726;nanoSIM
SIM00008727;eSIM
SIM00008728;nanoSIM
SIM00008729;eSIM
SIM00008730;microSIM
SIM00008731;standard
SIM00008732;microSIM
SIM00008733;nanoSIM
SIM00008734;nanoSIM
SIM00008735;standard
SIM00008736;standard
SIM00008737;eSIM
SIM00008738;standard
SIM00008739;standard
SIM00008740;microSIM
SIM00008741;microSIM
SIM00008742;eSIM
SIM00008743;nanoSIM
SIM00008744;microSIM
SIM00008745;standard
SIM00008746;eSIM
SIM00008747;nanoSIM
SIM00008748;microSIM
SIM00008749;eSIM
SIM00008750;nanoSIM
SIM00008751;nanoSIM
SIM00008752;nanoSIM
SIM00008753;eSIM
SIM00008754;microSIM
SIM00008755;microSIM
SIM00008756;microSIM
SIM00008757;eSIM
SIM00008758;microSIM
SIM00008759;eSIM
SIM00008760;eSIM
SIM00008761;eSIM
SIM00008762;nanoSIM
SIM00008763;standard
SIM00008764;standard
SIM00008765;nanoSIM
SIM00008766;eSIM
SIM00008767;microSIM
SIM00008768;microSIM
SIM00008769;microSIM
SIM00008770;nanoSIM
SIM00008771;standard
SIM00008772;standard
SIM00008773;eSIM
SIM00008774;standard
SIM00008775;nanoSIM
SIM00008776;microSIM
SIM00008777;microSIM
SIM00008778;eSIM
SIM00008779;eSIM
SIM00008780;nanoSIM
SIM00008781;eSIM
SIM00008782;microSIM
SIM00008783;microSIM
SIM00008784;nanoSIM
SIM00008785;nanoSIM
SIM00008786;standard
SIM00008787;microSIM
SIM00008788;eSIM
SIM00008789;eSIM
SIM00008790;standard
SIM00008791;nanoSIM
SIM00008792;eSIM
SIM00008793;nanoSIM
SIM00008794;microSIM
SIM00008795;nanoSIM
SIM00008796;nanoSIM
SIM00008797;standard
SIM00008798;nanoSIM
SIM00008799;standard
SIM00008800;nanoSIM
SIM00008801;standard
SIM00008802;nanoSIM
SIM00008803;microSIM
SIM00008804;eSIM
SIM00008805;microSIM
SIM00008806;eSIM
SIM00008807;standard
SIM00008808;microSIM
SIM00008809;microSIM
SIM00008810;eSIM
SIM00008811;microSIM
SIM00008812;nanoSIM
SIM00008813;eSIM
SIM00008814;standard
SIM00008815;nanoSIM
SIM00008816;microSIM
SIM00008817;standard
SIM00008818;eSIM
SIM00008819;eSIM
SIM00008820;microSIM
SIM00008821;eSIM
SIM00008822;standard
SIM00008823;nanoSIM
SIM00008824;standard
SIM00008825;microSIM
SIM00008826;standard
SIM00008827;microSIM
SIM00008828;nanoSIM
SIM00008829;eSIM
SIM00008830;standard
SIM00008831;nanoSIM
SIM00008832;nanoSIM
SIM00008833;standard
SIM00008834;microSIM
SIM00008835;nanoSIM
SIM00008836;microSIM
SIM00008837;standard
SIM00008838;nanoSIM
SIM00008839;microSIM
SIM00008840;standard
SIM00008841;nanoSIM
SIM00008842;standard
SIM00008843;standard
SIM00008844;nanoSIM
SIM00008845;standard
SIM00008846;standard
SIM00008847;microSIM
SIM00008848;standard
SIM00008849;nanoSIM
SIM00008850;microSIM
SIM00008851;microSIM
SIM00008852;eSIM
SIM00008853;nanoSIM
SIM00008854;nanoSIM
SIM00008855;microSIM
SIM00008856;standard
SIM00008857;microSIM
SIM00008858;nanoSIM
SIM00008859;nanoSIM
SIM00008860;microSIM
SIM00008861;nanoSIM
SIM00008862;microSIM
SIM00008863;microSIM
SIM00008864;nanoSIM
SIM00008865;nanoSIM
SIM00008866;eSIM
SIM00008867;microSIM
SIM00008868;nanoSIM
SIM00008869;microSIM
SIM00008870;eSIM
SIM00008871;nanoSIM
SIM00008872;eSIM
SIM00008873;microSIM
SIM00008874;nanoSIM
SIM00008875;nanoSIM
SIM00008876;microSIM
SIM00008877;microSIM
SIM00008878;nanoSIM
SIM00008879;standard
SIM00008880;microSIM
SIM00008881;nanoSIM
SIM00008882;microSIM
SIM00008883;standard
SIM00008884;microSIM
SIM00008885;standard
SIM00008886;microSIM
SIM00008887;standard
SIM00008888;standard
SIM00008889;nanoSIM
SIM00008890;microSIM
SIM00008891;nanoSIM
SIM00008892;eSIM
SIM00008893;microSIM
SIM00008894;microSIM
SIM00008895;standard
SIM00008896;standard
SIM00008897;nanoSIM
SIM00008898;nanoSIM
SIM00008899;nanoSIM
SIM00008900;standard
SIM00008901;standard
SIM00008902;standard
SIM00008903;eSIM
SIM00008904;microSIM
SIM00008905;standard
SIM00008906;standard
SIM00008907;nanoSIM
SIM00008908;standard
SIM00008909;eSIM
SIM00008910;microSIM
SIM00008911;eSIM
SIM00008912;microSIM
SIM00008913;nanoSIM
SIM00008914;microSIM
SIM00008915;eSIM
SIM00008916;eSIM
SIM00008917;nanoSIM
SIM00008918;microSIM
SIM00008919;nanoSIM
SIM00008920;standard
SIM00008921;eSIM
SIM00008922;eSIM
SIM00008923;eSIM
SIM00008924;nanoSIM
SIM00008925;eSIM
SIM00008926;eSIM
SIM00008927;eSIM
SIM00008928;microSIM
SIM00008929;microSIM
SIM00008930;microSIM
SIM00008931;eSIM
SIM00008932;eSIM
SIM00008933;nanoSIM
SIM00008934;microSIM
SIM00008935;eSIM
SIM00008936;eSIM
SIM00008937;eSIM
SIM00008938;nanoSIM
SIM00008939;nanoSIM
SIM00008940;microSIM
SIM00008941;nanoSIM
SIM00008942;standard
SIM00008943;nanoSIM
SIM00008944;nanoSIM
SIM00008945;standard
SIM00008946;eSIM
SIM00008947;eSIM
SIM00008948;microSIM
SIM00008949;nanoSIM
SIM00008950;eSIM
SIM00008951;standard
SIM00008952;eSIM
SIM00008953;standard
SIM00008954;nanoSIM
SIM00008955;standard
SIM00008956;microSIM
SIM00008957;eSIM
SIM00008958;eSIM
SIM00008959;standard
SIM00008960;standard
SIM00008961;standard
SIM00008962;eSIM
SIM00008963;microSIM
SIM00008964;nanoSIM
SIM00008965;standard
SIM00008966;standard
SIM00008967;microSIM
SIM00008968;eSIM
SIM00008969;microSIM
SIM00008970;microSIM
SIM00008971;eSIM
SIM00008972;standard
SIM00008973;nanoSIM
SIM00008974;nanoSIM
SIM00008975;nanoSIM
SIM00008976;nanoSIM
SIM00008977;standard
SIM00008978;microSIM
SIM00008979;nanoSIM
SIM00008980;standard
SIM00008981;eSIM
SIM00008982;eSIM
SIM00008983;standard
SIM00008984;microSIM
SIM00008985;nanoSIM
SIM00008986;standard
SIM00008987;nanoSIM
SIM00008988;eSIM
SIM00008989;nanoSIM
SIM00008990;standard
SIM00008991;eSIM
SIM00008992;nanoSIM
SIM00008993;nanoSIM
SIM00008994;standard
SIM00008995;nanoSIM
SIM00008996;eSIM
SIM00008997;eSIM
SIM00008998;eSIM
SIM00008999;nanoSIM
SIM00009000;standard
SIM00009001;eSIM
SIM00009002;microSIM
SIM00009003;microSIM
SIM00009004;nanoSIM
SIM00009005;standard
SIM00009006;standard
SIM00009007;nanoSIM
SIM00009008;nanoSIM
SIM00009009;nanoSIM
SIM00009010;standard
SIM00009011;eSIM
SIM00009012;eSIM
SIM00009013;microSIM
SIM00009014;eSIM
SIM00009015;microSIM
SIM00009016;eSIM
SIM00009017;standard
SIM00009018;standard
SIM00009019;nanoSIM
SIM00009020;microSIM
SIM00009021;nanoSIM
SIM00009022;standard
SIM00009023;eSIM
SIM00009024;standard
SIM00009025;microSIM
SIM00009026;nanoSIM
SIM00009027;standard
SIM00009028;eSIM
SIM00009029;microSIM
SIM00009030;eSIM
SIM00009031;microSIM
SIM00009032;microSIM
SIM00009033;eSIM
SIM00009034;microSIM
SIM00009035;eSIM
SIM00009036;eSIM
SIM00009037;nanoSIM
SIM00009038;microSIM
SIM00009039;microSIM
SIM00009040;microSIM
SIM00009041;nanoSIM
SIM00009042;standard
SIM00009043;eSIM
SIM00009044;eSIM
SIM00009045;microSIM
SIM00009046;microSIM
SIM00009047;microSIM
SIM00009048;microSIM
SIM00009049;eSIM
SIM00009050;standard
SIM00009051;microSIM
SIM00009052;eSIM
SIM00009053;eSIM
SIM00009054;nanoSIM
SIM00009055;standard
SIM00009056;standard
SIM00009057;microSIM
SIM00009058;standard
SIM00009059;standard
SIM00009060;standard
SIM00009061;microSIM
SIM00009062;nanoSIM
SIM00009063;eSIM
SIM00009064;microSIM
SIM00009065;standard
SIM00009066;nanoSIM
SIM00009067;eSIM
SIM00009068;microSIM
SIM00009069;standard
SIM00009070;nanoSIM
SIM00009071;standard
SIM00009072;standard
SIM00009073;eSIM
SIM00009074;standard
SIM00009075;eSIM
SIM00009076;eSIM
SIM00009077;eSIM
SIM00009078;microSIM
SIM00009079;microSIM
SIM00009080;eSIM
SIM00009081;nanoSIM
SIM00009082;microSIM
SIM00009083;eSIM
SIM00009084;standard
SIM00009085;standard
SIM00009086;standard
SIM00009087;eSIM
SIM00009088;eSIM
SIM00009089;eSIM
SIM00009090;eSIM
SIM00009091;nanoSIM
SIM00009092;standard
SIM00009093;standard
SIM00009094;eSIM
SIM00009095;microSIM
SIM00009096;eSIM
SIM00009097;microSIM
SIM00009098;microSIM
SIM00009099;microSIM
SIM00009100;standard
SIM00009101;microSIM
SIM00009102;nanoSIM
SIM00009103;nanoSIM
SIM00009104;nanoSIM
SIM00009105;nanoSIM
SIM00009106;standard
SIM00009107;microSIM
SIM00009108;nanoSIM
SIM00009109;microSIM
SIM00009110;microSIM
SIM00009111;nanoSIM
SIM00009112;microSIM
SIM00009113;nanoSIM
SIM00009114;nanoSIM
SIM00009115;eSIM
SIM00009116;standard
SIM00009117;eSIM
SIM00009118;standard
SIM00009119;microSIM
SIM00009120;microSIM
SIM00009121;standard
SIM00009122;nanoSIM
SIM00009123;standard
SIM00009124;nanoSIM
SIM00009125;nanoSIM
SIM00009126;standard
SIM00009127;nanoSIM
SIM00009128;nanoSIM
SIM00009129;microSIM
SIM00009130;standard
SIM00009131;eSIM
SIM00009132;nanoSIM
SIM00009133;standard
SIM00009134;eSIM
SIM00009135;nanoSIM
SIM00009136;eSIM
SIM00009137;nanoSIM
SIM00009138;eSIM
SIM00009139;nanoSIM
SIM00009140;eSIM
SIM00009141;standard
SIM00009142;standard
SIM00009143;microSIM
SIM00009144;eSIM
SIM00009145;nanoSIM
SIM00009146;microSIM
SIM00009147;nanoSIM
SIM00009148;eSIM
SIM00009149;standard
SIM00009150;eSIM
SIM00009151;nanoSIM
SIM00009152;standard
SIM00009153;microSIM
SIM00009154;microSIM
SIM00009155;microSIM
SIM00009156;eSIM
SIM00009157;eSIM
SIM00009158;standard
SIM00009159;microSIM
SIM00009160;microSIM
SIM00009161;standard
SIM00009162;standard
SIM00009163;nanoSIM
SIM00009164;microSIM
SIM00009165;microSIM
SIM00009166;eSIM
SIM00009167;microSIM
SIM00009168;nanoSIM
SIM00009169;standard
SIM00009170;microSIM
SIM00009171;nanoSIM
SIM00009172;nanoSIM
SIM00009173;microSIM
SIM00009174;nanoSIM
SIM00009175;microSIM
SIM00009176;nanoSIM
SIM00009177;eSIM
SIM00009178;nanoSIM
SIM00009179;nanoSIM
SIM00009180;microSIM
SIM00009181;standard
SIM00009182;nanoSIM
SIM00009183;nanoSIM
SIM00009184;eSIM
SIM00009185;nanoSIM
SIM00009186;eSIM
SIM00009187;standard
SIM00009188;standard
SIM00009189;nanoSIM
SIM00009190;eSIM
SIM00009191;standard
SIM00009192;microSIM
SIM00009193;microSIM
SIM00009194;microSIM
SIM00009195;nanoSIM
SIM00009196;eSIM
SIM00009197;standard
SIM00009198;standard
SIM00009199;standard
SIM00009200;eSIM
SIM00009201;eSIM
SIM00009202;microSIM
SIM00009203;eSIM
SIM00009204;standard
SIM00009205;eSIM
SIM00009206;eSIM
SIM00009207;microSIM
SIM00009208;eSIM
SIM00009209;eSIM
SIM00009210;standard
SIM00009211;microSIM
SIM00009212;standard
SIM00009213;microSIM
SIM00009214;microSIM
SIM00009215;microSIM
SIM00009216;nanoSIM
SIM00009217;nanoSIM
SIM00009218;microSIM
SIM00009219;nanoSIM
SIM00009220;eSIM
SIM00009221;standard
SIM00009222;nanoSIM
SIM00009223;standard
SIM00009224;standard
SIM00009225;microSIM
SIM00009226;microSIM
SIM00009227;eSIM
SIM00009228;microSIM
SIM00009229;eSIM
SIM00009230;microSIM
SIM00009231;nanoSIM
SIM00009232;nanoSIM
SIM00009233;microSIM
SIM00009234;nanoSIM
SIM00009235;eSIM
SIM00009236;nanoSIM
SIM00009237;nanoSIM
SIM00009238;nanoSIM
SIM00009239;nanoSIM
SIM00009240;microSIM
SIM00009241;eSIM
SIM00009242;microSIM
SIM00009243;nanoSIM
SIM00009244;standard
SIM00009245;nanoSIM
SIM00009246;standard
SIM00009247;eSIM
SIM00009248;nanoSIM
SIM00009249;eSIM
SIM00009250;standard
SIM00009251;eSIM
SIM00009252;standard
SIM00009253;standard
SIM00009254;microSIM
SIM00009255;standard
SIM00009256;nanoSIM
SIM00009257;standard
SIM00009258;nanoSIM
SIM00009259;eSIM
SIM00009260;microSIM
SIM00009261;standard
SIM00009262;microSIM
SIM00009263;standard
SIM00009264;eSIM
SIM00009265;nanoSIM
SIM00009266;eSIM
SIM00009267;microSIM
SIM00009268;eSIM
SIM00009269;microSIM
SIM00009270;eSIM
SIM00009271;eSIM
SIM00009272;eSIM
SIM00009273;standard
SIM00009274;microSIM
SIM00009275;microSIM
SIM00009276;microSIM
SIM00009277;eSIM
SIM00009278;standard
SIM00009279;standard
SIM00009280;standard
SIM00009281;nanoSIM
SIM00009282;nanoSIM
SIM00009283;standard
SIM00009284;eSIM
SIM00009285;nanoSIM
SIM00009286;nanoSIM
SIM00009287;microSIM
SIM00009288;standard
SIM00009289;nanoSIM
SIM00009290;microSIM
SIM00009291;eSIM
SIM00009292;nanoSIM
SIM00009293;eSIM
SIM00009294;nanoSIM
SIM00009295;eSIM
SIM00009296;nanoSIM
SIM00009297;eSIM
SIM00009298;eSIM
SIM00009299;nanoSIM
SIM00009300;nanoSIM
SIM00009301;eSIM
SIM00009302;standard
SIM00009303;eSIM
SIM00009304;standard
SIM00009305;nanoSIM
SIM00009306;eSIM
SIM00009307;standard
SIM00009308;eSIM
SIM00009309;eSIM
SIM00009310;eSIM
SIM00009311;eSIM
SIM00009312;standard
SIM00009313;standard
SIM00009314;standard
SIM00009315;eSIM
SIM00009316;eSIM
SIM00009317;standard
SIM00009318;nanoSIM
SIM00009319;microSIM
SIM00009320;microSIM
SIM00009321;eSIM
SIM00009322;nanoSIM
SIM00009323;nanoSIM
SIM00009324;nanoSIM
SIM00009325;eSIM
SIM00009326;microSIM
SIM00009327;microSIM
SIM00009328;nanoSIM
SIM00009329;eSIM
SIM00009330;nanoSIM
SIM00009331;nanoSIM
SIM00009332;eSIM
SIM00009333;nanoSIM
SIM00009334;standard
SIM00009335;standard
SIM00009336;microSIM
SIM00009337;eSIM
SIM00009338;microSIM
SIM00009339;nanoSIM
SIM00009340;nanoSIM
SIM00009341;microSIM
SIM00009342;nanoSIM
SIM00009343;standard
SIM00009344;microSIM
SIM00009345;microSIM
SIM00009346;nanoSIM
SIM00009347;eSIM
SIM00009348;microSIM
SIM00009349;eSIM
SIM00009350;microSIM
SIM00009351;microSIM
SIM00009352;nanoSIM
SIM00009353;microSIM
SIM00009354;eSIM
SIM00009355;nanoSIM
SIM00009356;eSIM
SIM00009357;standard
SIM00009358;standard
SIM00009359;standard
SIM00009360;microSIM
SIM00009361;eSIM
SIM00009362;nanoSIM
SIM00009363;microSIM
SIM00009364;standard
SIM00009365;microSIM
SIM00009366;microSIM
SIM00009367;nanoSIM
SIM00009368;standard
SIM00009369;microSIM
SIM00009370;eSIM
SIM00009371;standard
SIM00009372;nanoSIM
SIM00009373;microSIM
SIM00009374;standard
SIM00009375;nanoSIM
SIM00009376;standard
SIM00009377;standard
SIM00009378;eSIM
SIM00009379;standard
SIM00009380;eSIM
SIM00009381;microSIM
SIM00009382;eSIM
SIM00009383;microSIM
SIM00009384;eSIM
SIM00009385;eSIM
SIM00009386;microSIM
SIM00009387;eSIM
SIM00009388;eSIM
SIM00009389;eSIM
SIM00009390;nanoSIM
SIM00009391;eSIM
SIM00009392;eSIM
SIM00009393;nanoSIM
SIM00009394;eSIM
SIM00009395;microSIM
SIM00009396;standard
SIM00009397;nanoSIM
SIM00009398;eSIM
SIM00009399;microSIM
SIM00009400;standard
SIM00009401;microSIM
SIM00009402;eSIM
SIM00009403;microSIM
SIM00009404;nanoSIM
SIM00009405;eSIM
SIM00009406;standard
SIM00009407;nanoSIM
SIM00009408;standard
SIM00009409;eSIM
SIM00009410;nanoSIM
SIM00009411;eSIM
SIM00009412;eSIM
SIM00009413;microSIM
SIM00009414;eSIM
SIM00009415;nanoSIM
SIM00009416;standard
SIM00009417;microSIM
SIM00009418;microSIM
SIM00009419;standard
SIM00009420;eSIM
SIM00009421;standard
SIM00009422;nanoSIM
SIM00009423;nanoSIM
SIM00009424;eSIM
SIM00009425;eSIM
SIM00009426;nanoSIM
SIM00009427;nanoSIM
SIM00009428;standard
SIM00009429;microSIM
SIM00009430;eSIM
SIM00009431;eSIM
SIM00009432;eSIM
SIM00009433;eSIM
SIM00009434;eSIM
SIM00009435;nanoSIM
SIM00009436;eSIM
SIM00009437;microSIM
SIM00009438;standard
SIM00009439;eSIM
SIM00009440;microSIM
SIM00009441;standard
SIM00009442;nanoSIM
SIM00009443;eSIM
SIM00009444;standard
SIM00009445;standard
SIM00009446;nanoSIM
SIM00009447;eSIM
SIM00009448;standard
SIM00009449;microSIM
SIM00009450;eSIM
SIM00009451;nanoSIM
SIM00009452;eSIM
SIM00009453;nanoSIM
SIM00009454;microSIM
SIM00009455;eSIM
SIM00009456;eSIM
SIM00009457;nanoSIM
SIM00009458;microSIM
SIM00009459;standard
SIM00009460;eSIM
SIM00009461;eSIM
SIM00009462;eSIM
SIM00009463;standard
SIM00009464;nanoSIM
SIM00009465;nanoSIM
SIM00009466;eSIM
SIM00009467;microSIM
SIM00009468;eSIM
SIM00009469;nanoSIM
SIM00009470;microSIM
SIM00009471;microSIM
SIM00009472;standard
SIM00009473;microSIM
SIM00009474;standard
SIM00009475;microSIM
SIM00009476;eSIM
SIM00009477;nanoSIM
SIM00009478;microSIM
SIM00009479;nanoSIM
SIM00009480;nanoSIM
SIM00009481;nanoSIM
SIM00009482;eSIM
SIM00009483;eSIM
SIM00009484;eSIM
SIM00009485;nanoSIM
SIM00009486;eSIM
SIM00009487;standard
SIM00009488;nanoSIM
SIM00009489;standard
SIM00009490;eSIM
SIM00009491;microSIM
SIM00009492;eSIM
SIM00009493;microSIM
SIM00009494;nanoSIM
SIM00009495;standard
SIM00009496;standard
SIM00009497;standard
SIM00009498;microSIM
SIM00009499;eSIM
SIM00009500;nanoSIM
SIM00009501;standard
SIM00009502;standard
SIM00009503;nanoSIM
SIM00009504;eSIM
SIM00009505;eSIM
SIM00009506;standard
SIM00009507;standard
SIM00009508;microSIM
SIM00009509;nanoSIM
SIM00009510;eSIM
SIM00009511;eSIM
SIM00009512;eSIM
SIM00009513;eSIM
SIM00009514;microSIM
SIM00009515;standard
SIM00009516;microSIM
SIM00009517;microSIM
SIM00009518;microSIM
SIM00009519;nanoSIM
SIM00009520;microSIM
SIM00009521;nanoSIM
SIM00009522;microSIM
SIM00009523;nanoSIM
SIM00009524;nanoSIM
SIM00009525;nanoSIM
SIM00009526;nanoSIM
SIM00009527;nanoSIM
SIM00009528;microSIM
SIM00009529;standard
SIM00009530;standard
SIM00009531;microSIM
SIM00009532;nanoSIM
SIM00009533;nanoSIM
SIM00009534;standard
SIM00009535;standard
SIM00009536;nanoSIM
SIM00009537;standard
SIM00009538;standard
SIM00009539;nanoSIM
SIM00009540;standard
SIM00009541;standard
SIM00009542;standard
SIM00009543;eSIM
SIM00009544;microSIM
SIM00009545;microSIM
SIM00009546;nanoSIM
SIM00009547;standard
SIM00009548;eSIM
SIM00009549;nanoSIM
SIM00009550;microSIM
SIM00009551;microSIM
SIM00009552;nanoSIM
SIM00009553;microSIM
SIM00009554;standard
SIM00009555;microSIM
SIM00009556;eSIM
SIM00009557;nanoSIM
SIM00009558;nanoSIM
SIM00009559;eSIM
SIM00009560;nanoSIM
SIM00009561;eSIM
SIM00009562;eSIM
SIM00009563;microSIM
SIM00009564;microSIM
SIM00009565;eSIM
SIM00009566;standard
SIM00009567;eSIM
SIM00009568;standard
SIM00009569;microSIM
SIM00009570;eSIM
SIM00009571;microSIM
SIM00009572;eSIM
SIM00009573;microSIM
SIM00009574;standard
SIM00009575;microSIM
SIM00009576;eSIM
SIM00009577;nanoSIM
SIM00009578;nanoSIM
SIM00009579;eSIM
SIM00009580;microSIM
SIM00009581;eSIM
SIM00009582;eSIM
SIM00009583;standard
SIM00009584;microSIM
SIM00009585;nanoSIM
SIM00009586;nanoSIM
SIM00009587;microSIM
SIM00009588;microSIM
SIM00009589;microSIM
SIM00009590;nanoSIM
SIM00009591;microSIM
SIM00009592;nanoSIM
SIM00009593;nanoSIM
SIM00009594;microSIM
SIM00009595;standard
SIM00009596;standard
SIM00009597;nanoSIM
SIM00009598;nanoSIM
SIM00009599;standard
SIM00009600;microSIM
SIM00009601;eSIM
SIM00009602;eSIM
SIM00009603;eSIM
SIM00009604;eSIM
SIM00009605;eSIM
SIM00009606;nanoSIM
SIM00009607;eSIM
SIM00009608;nanoSIM
SIM00009609;nanoSIM
SIM00009610;standard
SIM00009611;standard
SIM00009612;nanoSIM
SIM00009613;eSIM
SIM00009614;microSIM
SIM00009615;standard
SIM00009616;standard
SIM00009617;microSIM
SIM00009618;eSIM
SIM00009619;eSIM
SIM00009620;microSIM
SIM00009621;standard
SIM00009622;standard
SIM00009623;standard
SIM00009624;nanoSIM
SIM00009625;eSIM
SIM00009626;nanoSIM
SIM00009627;nanoSIM
SIM00009628;nanoSIM
SIM00009629;nanoSIM
SIM00009630;nanoSIM
SIM00009631;microSIM
SIM00009632;standard
SIM00009633;eSIM
SIM00009634;nanoSIM
SIM00009635;microSIM
SIM00009636;eSIM
SIM00009637;standard
SIM00009638;eSIM
SIM00009639;eSIM
SIM00009640;standard
SIM00009641;eSIM
SIM00009642;microSIM
SIM00009643;eSIM
SIM00009644;microSIM
SIM00009645;standard
SIM00009646;eSIM
SIM00009647;microSIM
SIM00009648;nanoSIM
SIM00009649;standard
SIM00009650;standard
SIM00009651;nanoSIM
SIM00009652;nanoSIM
SIM00009653;eSIM
SIM00009654;microSIM
SIM00009655;standard
SIM00009656;microSIM
SIM00009657;eSIM
SIM00009658;standard
SIM00009659;eSIM
SIM00009660;standard
SIM00009661;microSIM
SIM00009662;microSIM
SIM00009663;standard
SIM00009664;microSIM
SIM00009665;eSIM
SIM00009666;microSIM
SIM00009667;eSIM
SIM00009668;nanoSIM
SIM00009669;nanoSIM
SIM00009670;nanoSIM
SIM00009671;nanoSIM
SIM00009672;nanoSIM
SIM00009673;microSIM
SIM00009674;eSIM
SIM00009675;microSIM
SIM00009676;nanoSIM
SIM00009677;nanoSIM
SIM00009678;microSIM
SIM00009679;standard
SIM00009680;standard
SIM00009681;standard
SIM00009682;nanoSIM
SIM00009683;standard
SIM00009684;standard
SIM00009685;microSIM
SIM00009686;eSIM
SIM00009687;eSIM
SIM00009688;standard
SIM00009689;standard
SIM00009690;eSIM
SIM00009691;eSIM
SIM00009692;nanoSIM
SIM00009693;nanoSIM
SIM00009694;microSIM
SIM00009695;eSIM
SIM00009696;eSIM
SIM00009697;microSIM
SIM00009698;nanoSIM
SIM00009699;standard
SIM00009700;microSIM
SIM00009701;standard
SIM00009702;eSIM
SIM00009703;microSIM
SIM00009704;nanoSIM
SIM00009705;eSIM
SIM00009706;nanoSIM
SIM00009707;eSIM
SIM00009708;standard
SIM00009709;nanoSIM
SIM00009710;microSIM
SIM00009711;standard
SIM00009712;standard
SIM00009713;nanoSIM
SIM00009714;standard
SIM00009715;nanoSIM
SIM00009716;standard
SIM00009717;eSIM
SIM00009718;nanoSIM
SIM00009719;microSIM
SIM00009720;standard
SIM00009721;microSIM
SIM00009722;microSIM
SIM00009723;standard
SIM00009724;eSIM
SIM00009725;nanoSIM
SIM00009726;eSIM
SIM00009727;eSIM
SIM00009728;eSIM
SIM00009729;nanoSIM
SIM00009730;standard
SIM00009731;microSIM
SIM00009732;microSIM
SIM00009733;microSIM
SIM00009734;nanoSIM
SIM00009735;standard
SIM00009736;nanoSIM
SIM00009737;microSIM
SIM00009738;microSIM
SIM00009739;eSIM
SIM00009740;microSIM
SIM00009741;eSIM
SIM00009742;microSIM
SIM00009743;standard
SIM00009744;nanoSIM
SIM00009745;eSIM
SIM00009746;standard
SIM00009747;microSIM
SIM00009748;eSIM
SIM00009749;eSIM
SIM00009750;eSIM
SIM00009751;standard
SIM00009752;microSIM
SIM00009753;eSIM
SIM00009754;standard
SIM00009755;eSIM
SIM00009756;standard
SIM00009757;eSIM
SIM00009758;standard
SIM00009759;eSIM
SIM00009760;nanoSIM
SIM00009761;microSIM
SIM00009762;nanoSIM
SIM00009763;nanoSIM
SIM00009764;nanoSIM
SIM00009765;nanoSIM
SIM00009766;eSIM
SIM00009767;microSIM
SIM00009768;microSIM
SIM00009769;nanoSIM
SIM00009770;nanoSIM
SIM00009771;eSIM
SIM00009772;eSIM
SIM00009773;nanoSIM
SIM00009774;microSIM
SIM00009775;microSIM
SIM00009776;standard
SIM00009777;standard
SIM00009778;standard
SIM00009779;nanoSIM
SIM00009780;microSIM
SIM00009781;microSIM
SIM00009782;microSIM
SIM00009783;microSIM
SIM00009784;eSIM
SIM00009785;nanoSIM
SIM00009786;nanoSIM
SIM00009787;microSIM
SIM00009788;eSIM
SIM00009789;microSIM
SIM00009790;microSIM
SIM00009791;eSIM
SIM00009792;eSIM
SIM00009793;eSIM
SIM00009794;eSIM
SIM00009795;standard
SIM00009796;nanoSIM
SIM00009797;microSIM
SIM00009798;nanoSIM
SIM00009799;standard
SIM00009800;standard
SIM00009801;nanoSIM
SIM00009802;nanoSIM
SIM00009803;nanoSIM
SIM00009804;microSIM
SIM00009805;microSIM
SIM00009806;eSIM
SIM00009807;standard
SIM00009808;nanoSIM
SIM00009809;standard
SIM00009810;microSIM
SIM00009811;nanoSIM
SIM00009812;nanoSIM
SIM00009813;eSIM
SIM00009814;nanoSIM
SIM00009815;eSIM
SIM00009816;microSIM
SIM00009817;microSIM
SIM00009818;standard
SIM00009819;eSIM
SIM00009820;standard
SIM00009821;eSIM
SIM00009822;eSIM
SIM00009823;eSIM
SIM00009824;eSIM
SIM00009825;nanoSIM
SIM00009826;standard
SIM00009827;microSIM
SIM00009828;microSIM
SIM00009829;nanoSIM
SIM00009830;nanoSIM
SIM00009831;standard
SIM00009832;eSIM
SIM00009833;eSIM
SIM00009834;standard
SIM00009835;standard
SIM00009836;eSIM
SIM00009837;standard
SIM00009838;nanoSIM
SIM00009839;eSIM
SIM00009840;nanoSIM
SIM00009841;standard
SIM00009842;standard
SIM00009843;eSIM
SIM00009844;eSIM
SIM00009845;nanoSIM
SIM00009846;standard
SIM00009847;microSIM
SIM00009848;standard
SIM00009849;eSIM
SIM00009850;microSIM
SIM00009851;nanoSIM
SIM00009852;microSIM
SIM00009853;standard
SIM00009854;nanoSIM
SIM00009855;nanoSIM
SIM00009856;standard
SIM00009857;nanoSIM
SIM00009858;eSIM
SIM00009859;standard
SIM00009860;microSIM
SIM00009861;microSIM
SIM00009862;microSIM
SIM00009863;eSIM
SIM00009864;eSIM
SIM00009865;microSIM
SIM00009866;nanoSIM
SIM00009867;standard
SIM00009868;eSIM
SIM00009869;nanoSIM
SIM00009870;standard
SIM00009871;eSIM
SIM00009872;eSIM
SIM00009873;nanoSIM
SIM00009874;nanoSIM
SIM00009875;eSIM
SIM00009876;eSIM
SIM00009877;nanoSIM
SIM00009878;nanoSIM
SIM00009879;eSIM
SIM00009880;microSIM
SIM00009881;nanoSIM
SIM00009882;eSIM
SIM00009883;microSIM
SIM00009884;nanoSIM
SIM00009885;standard
SIM00009886;standard
SIM00009887;nanoSIM
SIM00009888;nanoSIM
SIM00009889;standard
SIM00009890;standard
SIM00009891;eSIM
SIM00009892;nanoSIM
SIM00009893;microSIM
SIM00009894;nanoSIM
SIM00009895;nanoSIM
SIM00009896;standard
SIM00009897;nanoSIM
SIM00009898;standard
SIM00009899;nanoSIM
SIM00009900;eSIM
SIM00009901;standard
SIM00009902;eSIM
SIM00009903;nanoSIM
SIM00009904;standard
SIM00009905;standard
SIM00009906;nanoSIM
SIM00009907;standard
SIM00009908;eSIM
SIM00009909;standard
SIM00009910;standard
SIM00009911;nanoSIM
SIM00009912;standard
SIM00009913;standard
SIM00009914;standard
SIM00009915;eSIM
SIM00009916;nanoSIM
SIM00009917;standard
SIM00009918;microSIM
SIM00009919;nanoSIM
SIM00009920;microSIM
SIM00009921;eSIM
SIM00009922;microSIM
SIM00009923;eSIM
SIM00009924;standard
SIM00009925;eSIM
SIM00009926;nanoSIM
SIM00009927;nanoSIM
SIM00009928;eSIM
SIM00009929;eSIM
SIM00009930;nanoSIM
SIM00009931;eSIM
SIM00009932;nanoSIM
SIM00009933;standard
SIM00009934;eSIM
SIM00009935;nanoSIM
SIM00009936;nanoSIM
SIM00009937;nanoSIM
SIM00009938;nanoSIM
SIM00009939;standard
SIM00009940;standard
SIM00009941;standard
SIM00009942;microSIM
SIM00009943;eSIM
SIM00009944;nanoSIM
SIM00009945;eSIM
SIM00009946;nanoSIM
SIM00009947;eSIM
SIM00009948;standard
SIM00009949;standard
SIM00009950;standard
SIM00009951;eSIM
SIM00009952;standard
SIM00009953;nanoSIM
SIM00009954;standard
SIM00009955;eSIM
SIM00009956;eSIM
SIM00009957;nanoSIM
SIM00009958;microSIM
SIM00009959;microSIM
SIM00009960;nanoSIM
SIM00009961;microSIM
SIM00009962;eSIM
SIM00009963;microSIM
SIM00009964;standard
SIM00009965;microSIM
SIM00009966;standard
SIM00009967;eSIM
SIM00009968;standard
SIM00009969;nanoSIM
SIM00009970;microSIM
SIM00009971;eSIM
SIM00009972;standard
SIM00009973;nanoSIM
SIM00009974;nanoSIM
SIM00009975;nanoSIM
SIM00009976;standard
SIM00009977;eSIM
SIM00009978;eSIM
SIM00009979;nanoSIM
SIM00009980;microSIM
SIM00009981;microSIM
SIM00009982;eSIM
SIM00009983;nanoSIM
SIM00009984;microSIM
SIM00009985;microSIM
SIM00009986;standard
SIM00009987;microSIM
SIM00009988;nanoSIM
SIM00009989;microSIM
SIM00009990;nanoSIM
SIM00009991;eSIM
SIM00009992;standard
SIM00009993;standard
SIM00009994;nanoSIM
SIM00009995;eSIM
SIM00009996;nanoSIM
SIM00009997;standard
SIM00009998;microSIM
SIM00009999;standard
SIM00010000;microSIM
SIM00010001;microSIM
SIM00010002;microSIM
SIM00010003;eSIM
SIM00010004;eSIM
SIM00010005;microSIM
SIM00010006;standard
SIM00010007;standard
SIM00010008;microSIM
SIM00010009;nanoSIM
SIM00010010;nanoSIM
SIM00010011;eSIM
SIM00010012;microSIM
SIM00010013;microSIM
SIM00010014;standard
SIM00010015;microSIM
SIM00010016;standard
SIM00010017;microSIM
SIM00010018;nanoSIM
SIM00010019;standard
SIM00010020;standard
SIM00010021;standard
SIM00010022;eSIM
SIM00010023;eSIM
SIM00010024;nanoSIM
SIM00010025;eSIM
SIM00010026;standard
SIM00010027;microSIM
SIM00010028;nanoSIM
SIM00010029;microSIM
SIM00010030;standard
SIM00010031;eSIM
SIM00010032;microSIM
SIM00010033;standard
SIM00010034;eSIM
SIM00010035;eSIM
SIM00010036;nanoSIM
SIM00010037;microSIM
SIM00010038;nanoSIM
SIM00010039;standard
SIM00010040;microSIM
SIM00010041;eSIM
SIM00010042;nanoSIM
SIM00010043;standard
SIM00010044;nanoSIM
SIM00010045;eSIM
SIM00010046;standard
SIM00010047;standard
SIM00010048;microSIM
SIM00010049;eSIM
SIM00010050;microSIM
SIM00010051;standard
SIM00010052;nanoSIM
SIM00010053;nanoSIM
SIM00010054;standard
SIM00010055;microSIM
SIM00010056;standard
SIM00010057;nanoSIM
SIM00010058;nanoSIM
SIM00010059;eSIM
SIM00010060;standard
SIM00010061;microSIM
SIM00010062;nanoSIM
SIM00010063;microSIM
SIM00010064;microSIM
SIM00010065;microSIM
SIM00010066;standard
SIM00010067;standard
SIM00010068;nanoSIM
SIM00010069;standard
SIM00010070;standard
SIM00010071;nanoSIM
SIM00010072;nanoSIM
SIM00010073;eSIM
SIM00010074;microSIM
SIM00010075;eSIM
SIM00010076;microSIM
SIM00010077;eSIM
SIM00010078;eSIM
SIM00010079;microSIM
SIM00010080;nanoSIM
SIM00010081;nanoSIM
SIM00010082;microSIM
SIM00010083;microSIM
SIM00010084;microSIM
SIM00010085;nanoSIM
SIM00010086;nanoSIM
SIM00010087;microSIM
SIM00010088;standard
SIM00010089;standard
SIM00010090;eSIM
SIM00010091;nanoSIM
SIM00010092;nanoSIM
SIM00010093;microSIM
SIM00010094;eSIM
SIM00010095;eSIM
SIM00010096;microSIM
SIM00010097;standard
SIM00010098;nanoSIM
SIM00010099;microSIM
SIM00010100;nanoSIM
SIM00010101;nanoSIM
SIM00010102;nanoSIM
SIM00010103;microSIM
SIM00010104;eSIM
SIM00010105;microSIM
SIM00010106;nanoSIM
SIM00010107;standard
SIM00010108;nanoSIM
SIM00010109;eSIM
SIM00010110;microSIM
SIM00010111;nanoSIM
SIM00010112;eSIM
SIM00010113;eSIM
SIM00010114;eSIM
SIM00010115;nanoSIM
SIM00010116;microSIM
SIM00010117;standard
SIM00010118;eSIM
SIM00010119;standard
SIM00010120;eSIM
SIM00010121;nanoSIM
SIM00010122;standard
SIM00010123;eSIM
SIM00010124;eSIM
SIM00010125;standard
SIM00010126;standard
SIM00010127;eSIM
SIM00010128;microSIM
SIM00010129;microSIM
SIM00010130;microSIM
SIM00010131;microSIM
SIM00010132;standard
SIM00010133;eSIM
SIM00010134;microSIM
SIM00010135;eSIM
SIM00010136;nanoSIM
SIM00010137;eSIM
SIM00010138;standard
SIM00010139;eSIM
SIM00010140;standard
SIM00010141;nanoSIM
SIM00010142;standard
SIM00010143;eSIM
SIM00010144;microSIM
SIM00010145;standard
SIM00010146;eSIM
SIM00010147;eSIM
SIM00010148;nanoSIM
SIM00010149;standard
SIM00010150;standard
SIM00010151;nanoSIM
SIM00010152;microSIM
SIM00010153;eSIM
SIM00010154;eSIM
SIM00010155;nanoSIM
SIM00010156;nanoSIM
SIM00010157;nanoSIM
SIM00010158;standard
SIM00010159;nanoSIM
SIM00010160;nanoSIM
SIM00010161;microSIM
SIM00010162;eSIM
SIM00010163;nanoSIM
SIM00010164;nanoSIM
SIM00010165;nanoSIM
SIM00010166;standard
SIM00010167;nanoSIM
SIM00010168;standard
SIM00010169;standard
SIM00010170;microSIM
SIM00010171;nanoSIM
SIM00010172;nanoSIM
SIM00010173;standard
SIM00010174;microSIM
SIM00010175;standard
SIM00010176;microSIM
SIM00010177;nanoSIM
SIM00010178;standard
SIM00010179;eSIM
SIM00010180;standard
SIM00010181;microSIM
SIM00010182;nanoSIM
SIM00010183;microSIM
SIM00010184;nanoSIM
SIM00010185;standard
SIM00010186;microSIM
SIM00010187;nanoSIM
SIM00010188;eSIM
SIM00010189;nanoSIM
SIM00010190;nanoSIM
SIM00010191;microSIM
SIM00010192;eSIM
SIM00010193;eSIM
SIM00010194;microSIM
SIM00010195;microSIM
SIM00010196;eSIM
SIM00010197;eSIM
SIM00010198;nanoSIM
SIM00010199;eSIM
SIM00010200;standard
SIM00010201;standard
SIM00010202;eSIM
SIM00010203;microSIM
SIM00010204;standard
SIM00010205;nanoSIM
SIM00010206;standard
SIM00010207;microSIM
SIM00010208;eSIM
SIM00010209;standard
SIM00010210;microSIM
SIM00010211;standard
SIM00010212;microSIM
SIM00010213;nanoSIM
SIM00010214;standard
SIM00010215;nanoSIM
SIM00010216;standard
SIM00010217;nanoSIM
SIM00010218;eSIM
SIM00010219;eSIM
SIM00010220;standard
SIM00010221;microSIM
SIM00010222;nanoSIM
SIM00010223;microSIM
SIM00010224;standard
SIM00010225;eSIM
SIM00010226;eSIM
SIM00010227;eSIM
SIM00010228;standard
SIM00010229;nanoSIM
SIM00010230;nanoSIM
SIM00010231;standard
SIM00010232;standard
SIM00010233;microSIM
SIM00010234;eSIM
SIM00010235;microSIM
SIM00010236;nanoSIM
SIM00010237;eSIM
SIM00010238;microSIM
SIM00010239;nanoSIM
SIM00010240;nanoSIM
SIM00010241;eSIM
SIM00010242;nanoSIM
SIM00010243;standard
SIM00010244;nanoSIM
SIM00010245;microSIM
SIM00010246;standard
SIM00010247;standard
SIM00010248;eSIM
SIM00010249;microSIM
SIM00010250;nanoSIM
SIM00010251;standard
SIM00010252;nanoSIM
SIM00010253;microSIM
SIM00010254;microSIM
SIM00010255;eSIM
SIM00010256;microSIM
SIM00010257;standard
SIM00010258;nanoSIM
SIM00010259;microSIM
SIM00010260;eSIM
SIM00010261;microSIM
SIM00010262;eSIM
SIM00010263;standard
SIM00010264;nanoSIM
SIM00010265;standard
SIM00010266;eSIM
SIM00010267;microSIM
SIM00010268;microSIM
SIM00010269;microSIM
SIM00010270;eSIM
SIM00010271;standard
SIM00010272;nanoSIM
SIM00010273;standard
SIM00010274;eSIM
SIM00010275;nanoSIM
SIM00010276;nanoSIM
SIM00010277;eSIM
SIM00010278;eSIM
SIM00010279;microSIM
SIM00010280;eSIM
SIM00010281;nanoSIM
SIM00010282;eSIM
SIM00010283;microSIM
SIM00010284;eSIM
SIM00010285;eSIM
SIM00010286;standard
SIM00010287;eSIM
SIM00010288;standard
SIM00010289;standard
SIM00010290;microSIM
SIM00010291;standard
SIM00010292;nanoSIM
SIM00010293;nanoSIM
SIM00010294;nanoSIM
SIM00010295;microSIM
SIM00010296;nanoSIM
SIM00010297;standard
SIM00010298;microSIM
SIM00010299;microSIM
SIM00010300;eSIM
SIM00010301;standard
SIM00010302;eSIM
SIM00010303;standard
SIM00010304;eSIM
SIM00010305;standard
SIM00010306;eSIM
SIM00010307;standard
SIM00010308;standard
SIM00010309;eSIM
SIM00010310;standard
SIM00010311;eSIM
SIM00010312;standard
SIM00010313;standard
SIM00010314;standard
SIM00010315;standard
SIM00010316;standard
SIM00010317;standard
SIM00010318;eSIM
SIM00010319;nanoSIM
SIM00010320;microSIM
SIM00010321;eSIM
SIM00010322;nanoSIM
SIM00010323;standard
SIM00010324;eSIM
SIM00010325;nanoSIM
SIM00010326;microSIM
SIM00010327;microSIM
SIM00010328;eSIM
SIM00010329;microSIM
SIM00010330;microSIM
SIM00010331;nanoSIM
SIM00010332;standard
SIM00010333;eSIM
SIM00010334;eSIM
SIM00010335;microSIM
SIM00010336;microSIM
SIM00010337;eSIM
SIM00010338;eSIM
SIM00010339;microSIM
SIM00010340;nanoSIM
SIM00010341;eSIM
SIM00010342;standard
SIM00010343;nanoSIM
SIM00010344;nanoSIM
SIM00010345;nanoSIM
SIM00010346;eSIM
SIM00010347;microSIM
SIM00010348;eSIM
SIM00010349;nanoSIM
SIM00010350;nanoSIM
SIM00010351;eSIM
SIM00010352;nanoSIM
SIM00010353;microSIM
SIM00010354;standard
SIM00010355;eSIM
SIM00010356;nanoSIM
SIM00010357;eSIM
SIM00010358;standard
SIM00010359;nanoSIM
SIM00010360;eSIM
SIM00010361;nanoSIM
SIM00010362;microSIM
SIM00010363;standard
SIM00010364;standard
SIM00010365;eSIM
SIM00010366;microSIM
SIM00010367;standard
SIM00010368;nanoSIM
SIM00010369;nanoSIM
SIM00010370;eSIM
SIM00010371;standard
SIM00010372;microSIM
SIM00010373;eSIM
SIM00010374;nanoSIM
SIM00010375;nanoSIM
SIM00010376;nanoSIM
SIM00010377;standard
SIM00010378;eSIM
SIM00010379;nanoSIM
SIM00010380;eSIM
SIM00010381;nanoSIM
SIM00010382;microSIM
SIM00010383;eSIM
SIM00010384;eSIM
SIM00010385;eSIM
SIM00010386;nanoSIM
SIM00010387;microSIM
SIM00010388;standard
SIM00010389;eSIM
SIM00010390;nanoSIM
SIM00010391;microSIM
SIM00010392;eSIM
SIM00010393;microSIM
SIM00010394;microSIM
SIM00010395;nanoSIM
SIM00010396;eSIM
SIM00010397;eSIM
SIM00010398;nanoSIM
SIM00010399;microSIM
SIM00010400;nanoSIM
SIM00010401;microSIM
SIM00010402;nanoSIM
SIM00010403;eSIM
SIM00010404;eSIM
SIM00010405;eSIM
SIM00010406;eSIM
SIM00010407;microSIM
SIM00010408;eSIM
SIM00010409;nanoSIM
SIM00010410;standard
SIM00010411;nanoSIM
SIM00010412;standard
SIM00010413;standard
SIM00010414;eSIM
SIM00010415;eSIM
SIM00010416;microSIM
SIM00010417;standard
SIM00010418;nanoSIM
SIM00010419;nanoSIM
SIM00010420;nanoSIM
SIM00010421;nanoSIM
SIM00010422;standard
SIM00010423;nanoSIM
SIM00010424;microSIM
SIM00010425;microSIM
SIM00010426;nanoSIM
SIM00010427;microSIM
SIM00010428;microSIM
SIM00010429;eSIM
SIM00010430;microSIM
SIM00010431;microSIM
SIM00010432;standard
SIM00010433;nanoSIM
SIM00010434;eSIM
SIM00010435;eSIM
SIM00010436;nanoSIM
SIM00010437;standard
SIM00010438;microSIM
SIM00010439;nanoSIM
SIM00010440;standard
SIM00010441;eSIM
SIM00010442;nanoSIM
SIM00010443;eSIM
SIM00010444;nanoSIM
SIM00010445;nanoSIM
SIM00010446;nanoSIM
SIM00010447;eSIM
SIM00010448;standard
SIM00010449;standard
SIM00010450;microSIM
SIM00010451;standard
SIM00010452;nanoSIM
SIM00010453;nanoSIM
SIM00010454;standard
SIM00010455;microSIM
SIM00010456;standard
SIM00010457;nanoSIM
SIM00010458;microSIM
SIM00010459;nanoSIM
SIM00010460;eSIM
SIM00010461;microSIM
SIM00010462;eSIM
SIM00010463;eSIM
SIM00010464;nanoSIM
SIM00010465;microSIM
SIM00010466;eSIM
SIM00010467;eSIM
SIM00010468;standard
SIM00010469;standard
SIM00010470;microSIM
SIM00010471;nanoSIM
SIM00010472;microSIM
SIM00010473;nanoSIM
SIM00010474;microSIM
SIM00010475;nanoSIM
SIM00010476;microSIM
SIM00010477;nanoSIM
SIM00010478;microSIM
SIM00010479;eSIM
SIM00010480;microSIM
SIM00010481;eSIM
SIM00010482;standard
SIM00010483;standard
SIM00010484;standard
SIM00010485;microSIM
SIM00010486;nanoSIM
SIM00010487;microSIM
SIM00010488;standard
SIM00010489;microSIM
SIM00010490;nanoSIM
SIM00010491;eSIM
SIM00010492;microSIM
SIM00010493;eSIM
SIM00010494;eSIM
SIM00010495;nanoSIM
SIM00010496;standard
SIM00010497;nanoSIM
SIM00010498;nanoSIM
SIM00010499;eSIM
SIM00010500;standard
SIM00010501;nanoSIM
SIM00010502;microSIM
SIM00010503;nanoSIM
SIM00010504;eSIM
SIM00010505;eSIM
SIM00010506;eSIM
SIM00010507;eSIM
SIM00010508;standard
SIM00010509;eSIM
SIM00010510;microSIM
SIM00010511;microSIM
SIM00010512;standard
SIM00010513;nanoSIM
SIM00010514;nanoSIM
SIM00010515;standard
SIM00010516;eSIM
SIM00010517;nanoSIM
SIM00010518;microSIM
SIM00010519;microSIM
SIM00010520;eSIM
SIM00010521;microSIM
SIM00010522;microSIM
SIM00010523;microSIM
SIM00010524;standard
SIM00010525;eSIM
SIM00010526;nanoSIM
SIM00010527;standard
SIM00010528;eSIM
SIM00010529;nanoSIM
SIM00010530;nanoSIM
SIM00010531;nanoSIM
SIM00010532;standard
SIM00010533;eSIM
SIM00010534;standard
SIM00010535;eSIM
SIM00010536;microSIM
SIM00010537;eSIM
SIM00010538;eSIM
SIM00010539;eSIM
SIM00010540;microSIM
SIM00010541;standard
SIM00010542;standard
SIM00010543;nanoSIM
SIM00010544;microSIM
SIM00010545;microSIM
SIM00010546;eSIM
SIM00010547;standard
SIM00010548;nanoSIM
SIM00010549;eSIM
SIM00010550;nanoSIM
SIM00010551;standard
SIM00010552;microSIM
SIM00010553;nanoSIM
SIM00010554;nanoSIM
SIM00010555;standard
SIM00010556;microSIM
SIM00010557;eSIM
SIM00010558;eSIM
SIM00010559;standard
SIM00010560;microSIM
SIM00010561;standard
SIM00010562;standard
SIM00010563;standard
SIM00010564;standard
SIM00010565;microSIM
SIM00010566;nanoSIM
SIM00010567;microSIM
SIM00010568;standard
SIM00010569;microSIM
SIM00010570;standard
SIM00010571;microSIM
SIM00010572;microSIM
SIM00010573;standard
SIM00010574;eSIM
SIM00010575;eSIM
SIM00010576;standard
SIM00010577;nanoSIM
SIM00010578;nanoSIM
SIM00010579;nanoSIM
SIM00010580;microSIM
SIM00010581;nanoSIM
SIM00010582;eSIM
SIM00010583;microSIM
SIM00010584;eSIM
SIM00010585;microSIM
SIM00010586;microSIM
SIM00010587;eSIM
SIM00010588;microSIM
SIM00010589;standard
SIM00010590;microSIM
SIM00010591;microSIM
SIM00010592;nanoSIM
SIM00010593;eSIM
SIM00010594;standard
SIM00010595;eSIM
SIM00010596;standard
SIM00010597;nanoSIM
SIM00010598;eSIM
SIM00010599;nanoSIM
SIM00010600;microSIM
SIM00010601;standard
SIM00010602;eSIM
SIM00010603;eSIM
SIM00010604;standard
SIM00010605;standard
SIM00010606;nanoSIM
SIM00010607;standard
SIM00010608;eSIM
SIM00010609;nanoSIM
SIM00010610;microSIM
SIM00010611;microSIM
SIM00010612;eSIM
SIM00010613;standard
SIM00010614;microSIM
SIM00010615;microSIM
SIM00010616;eSIM
SIM00010617;eSIM
SIM00010618;microSIM
SIM00010619;microSIM
SIM00010620;eSIM
SIM00010621;nanoSIM
SIM00010622;standard
SIM00010623;eSIM
SIM00010624;microSIM
SIM00010625;microSIM
SIM00010626;microSIM
SIM00010627;standard
SIM00010628;nanoSIM
SIM00010629;standard
SIM00010630;microSIM
SIM00010631;standard
SIM00010632;microSIM
SIM00010633;microSIM
SIM00010634;microSIM
SIM00010635;nanoSIM
SIM00010636;microSIM
SIM00010637;eSIM
SIM00010638;standard
SIM00010639;standard
SIM00010640;eSIM
SIM00010641;eSIM
SIM00010642;eSIM
SIM00010643;eSIM
SIM00010644;standard
SIM00010645;nanoSIM
SIM00010646;microSIM
SIM00010647;nanoSIM
SIM00010648;standard
SIM00010649;standard
SIM00010650;eSIM
SIM00010651;microSIM
SIM00010652;standard
SIM00010653;eSIM
SIM00010654;nanoSIM
SIM00010655;microSIM
SIM00010656;standard
SIM00010657;eSIM
SIM00010658;eSIM
SIM00010659;eSIM
SIM00010660;microSIM
SIM00010661;standard
SIM00010662;standard
SIM00010663;nanoSIM
SIM00010664;eSIM
SIM00010665;nanoSIM
SIM00010666;nanoSIM
SIM00010667;eSIM
SIM00010668;nanoSIM
SIM00010669;microSIM
SIM00010670;standard
SIM00010671;eSIM
SIM00010672;eSIM
SIM00010673;standard
SIM00010674;standard
SIM00010675;microSIM
SIM00010676;nanoSIM
SIM00010677;nanoSIM
SIM00010678;eSIM
SIM00010679;eSIM
SIM00010680;nanoSIM
SIM00010681;nanoSIM
SIM00010682;eSIM
SIM00010683;standard
SIM00010684;nanoSIM
SIM00010685;microSIM
SIM00010686;microSIM
SIM00010687;nanoSIM
SIM00010688;standard
SIM00010689;nanoSIM
SIM00010690;standard
SIM00010691;microSIM
SIM00010692;eSIM
SIM00010693;microSIM
SIM00010694;eSIM
SIM00010695;eSIM
SIM00010696;microSIM
SIM00010697;standard
SIM00010698;nanoSIM
SIM00010699;nanoSIM
SIM00010700;eSIM
SIM00010701;eSIM
SIM00010702;eSIM
SIM00010703;nanoSIM
SIM00010704;microSIM
SIM00010705;eSIM
SIM00010706;nanoSIM
SIM00010707;microSIM
SIM00010708;nanoSIM
SIM00010709;standard
SIM00010710;eSIM
SIM00010711;eSIM
SIM00010712;standard
SIM00010713;eSIM
SIM00010714;standard
SIM00010715;microSIM
SIM00010716;standard
SIM00010717;eSIM
SIM00010718;nanoSIM
SIM00010719;microSIM
SIM00010720;standard
SIM00010721;nanoSIM
SIM00010722;eSIM
SIM00010723;standard
SIM00010724;nanoSIM
SIM00010725;microSIM
SIM00010726;microSIM
SIM00010727;standard
SIM00010728;nanoSIM
SIM00010729;microSIM
SIM00010730;eSIM
SIM00010731;nanoSIM
SIM00010732;standard
SIM00010733;microSIM
SIM00010734;nanoSIM
SIM00010735;microSIM
SIM00010736;nanoSIM
SIM00010737;microSIM
SIM00010738;eSIM
SIM00010739;nanoSIM
SIM00010740;microSIM
SIM00010741;standard
SIM00010742;eSIM
SIM00010743;nanoSIM
SIM00010744;standard
SIM00010745;microSIM
SIM00010746;eSIM
SIM00010747;eSIM
SIM00010748;microSIM
SIM00010749;eSIM
SIM00010750;nanoSIM
SIM00010751;eSIM
SIM00010752;eSIM
SIM00010753;standard
SIM00010754;microSIM
SIM00010755;microSIM
SIM00010756;eSIM
SIM00010757;nanoSIM
SIM00010758;eSIM
SIM00010759;eSIM
SIM00010760;microSIM
SIM00010761;microSIM
SIM00010762;microSIM
SIM00010763;standard
SIM00010764;standard
SIM00010765;nanoSIM
SIM00010766;microSIM
SIM00010767;eSIM
SIM00010768;eSIM
SIM00010769;eSIM
SIM00010770;eSIM
SIM00010771;eSIM
SIM00010772;eSIM
SIM00010773;microSIM
SIM00010774;microSIM
SIM00010775;nanoSIM
SIM00010776;eSIM
SIM00010777;eSIM
SIM00010778;standard
SIM00010779;microSIM
SIM00010780;nanoSIM
SIM00010781;microSIM
SIM00010782;standard
SIM00010783;standard
SIM00010784;microSIM
SIM00010785;microSIM
SIM00010786;eSIM
SIM00010787;microSIM
SIM00010788;standard
SIM00010789;nanoSIM
SIM00010790;standard
SIM00010791;microSIM
SIM00010792;microSIM
SIM00010793;microSIM
SIM00010794;nanoSIM
SIM00010795;nanoSIM
SIM00010796;nanoSIM
SIM00010797;standard
SIM00010798;nanoSIM
SIM00010799;eSIM
SIM00010800;eSIM
SIM00010801;standard
SIM00010802;standard
SIM00010803;microSIM
SIM00010804;microSIM
SIM00010805;eSIM
SIM00010806;nanoSIM
SIM00010807;standard
SIM00010808;standard
SIM00010809;microSIM
SIM00010810;nanoSIM
SIM00010811;eSIM
SIM00010812;standard
SIM00010813;standard
SIM00010814;eSIM
SIM00010815;standard
SIM00010816;microSIM
SIM00010817;standard
SIM00010818;eSIM
SIM00010819;standard
SIM00010820;nanoSIM
SIM00010821;microSIM
SIM00010822;nanoSIM
SIM00010823;microSIM
SIM00010824;standard
SIM00010825;standard
SIM00010826;microSIM
SIM00010827;standard
SIM00010828;nanoSIM
SIM00010829;microSIM
SIM00010830;standard
SIM00010831;standard
SIM00010832;nanoSIM
SIM00010833;standard
SIM00010834;eSIM
SIM00010835;eSIM
SIM00010836;nanoSIM
SIM00010837;eSIM
SIM00010838;microSIM
SIM00010839;nanoSIM
SIM00010840;standard
SIM00010841;eSIM
SIM00010842;eSIM
SIM00010843;microSIM
SIM00010844;microSIM
SIM00010845;standard
SIM00010846;standard
SIM00010847;nanoSIM
SIM00010848;standard
SIM00010849;microSIM
SIM00010850;standard
SIM00010851;eSIM
SIM00010852;standard
SIM00010853;nanoSIM
SIM00010854;nanoSIM
SIM00010855;microSIM
SIM00010856;eSIM
SIM00010857;nanoSIM
SIM00010858;nanoSIM
SIM00010859;eSIM
SIM00010860;microSIM
SIM00010861;standard
SIM00010862;nanoSIM
SIM00010863;microSIM
SIM00010864;eSIM
SIM00010865;nanoSIM
SIM00010866;standard
SIM00010867;nanoSIM
SIM00010868;eSIM
SIM00010869;standard
SIM00010870;eSIM
SIM00010871;eSIM
SIM00010872;nanoSIM
SIM00010873;nanoSIM
SIM00010874;standard
SIM00010875;nanoSIM
SIM00010876;standard
SIM00010877;eSIM
SIM00010878;eSIM
SIM00010879;nanoSIM
SIM00010880;standard
SIM00010881;nanoSIM
SIM00010882;microSIM
SIM00010883;eSIM
SIM00010884;microSIM
SIM00010885;eSIM
SIM00010886;standard
SIM00010887;nanoSIM
SIM00010888;nanoSIM
SIM00010889;eSIM
SIM00010890;eSIM
SIM00010891;eSIM
SIM00010892;microSIM
SIM00010893;eSIM
SIM00010894;nanoSIM
SIM00010895;microSIM
SIM00010896;standard
SIM00010897;microSIM
SIM00010898;nanoSIM
SIM00010899;nanoSIM
SIM00010900;eSIM
SIM00010901;nanoSIM
SIM00010902;nanoSIM
SIM00010903;microSIM
SIM00010904;nanoSIM
SIM00010905;microSIM
SIM00010906;eSIM
SIM00010907;microSIM
SIM00010908;nanoSIM
SIM00010909;nanoSIM
SIM00010910;standard
SIM00010911;eSIM
SIM00010912;nanoSIM
SIM00010913;eSIM
SIM00010914;microSIM
SIM00010915;microSIM
SIM00010916;microSIM
SIM00010917;eSIM
SIM00010918;eSIM
SIM00010919;nanoSIM
SIM00010920;standard
SIM00010921;nanoSIM
SIM00010922;standard
SIM00010923;nanoSIM
SIM00010924;microSIM
SIM00010925;standard
SIM00010926;standard
SIM00010927;standard
SIM00010928;standard
SIM00010929;nanoSIM
SIM00010930;nanoSIM
SIM00010931;standard
SIM00010932;nanoSIM
SIM00010933;standard
SIM00010934;nanoSIM
SIM00010935;eSIM
SIM00010936;nanoSIM
SIM00010937;standard
SIM00010938;eSIM
SIM00010939;nanoSIM
SIM00010940;eSIM
SIM00010941;nanoSIM
SIM00010942;nanoSIM
SIM00010943;microSIM
SIM00010944;microSIM
SIM00010945;eSIM
SIM00010946;nanoSIM
SIM00010947;nanoSIM
SIM00010948;eSIM
SIM00010949;eSIM
SIM00010950;nanoSIM
SIM00010951;standard
SIM00010952;nanoSIM
SIM00010953;eSIM
SIM00010954;microSIM
SIM00010955;microSIM
SIM00010956;eSIM
SIM00010957;microSIM
SIM00010958;nanoSIM
SIM00010959;standard
SIM00010960;microSIM
SIM00010961;microSIM
SIM00010962;eSIM
SIM00010963;standard
SIM00010964;nanoSIM
SIM00010965;eSIM
SIM00010966;eSIM
SIM00010967;microSIM
SIM00010968;microSIM
SIM00010969;eSIM
SIM00010970;nanoSIM
SIM00010971;nanoSIM
SIM00010972;microSIM
SIM00010973;eSIM
SIM00010974;nanoSIM
SIM00010975;eSIM
SIM00010976;nanoSIM
SIM00010977;microSIM
SIM00010978;standard
SIM00010979;microSIM
SIM00010980;standard
SIM00010981;eSIM
SIM00010982;microSIM
SIM00010983;eSIM
SIM00010984;microSIM
SIM00010985;standard
SIM00010986;microSIM
SIM00010987;microSIM
SIM00010988;standard
SIM00010989;eSIM
SIM00010990;standard
SIM00010991;nanoSIM
SIM00010992;standard
SIM00010993;eSIM
SIM00010994;eSIM
SIM00010995;standard
SIM00010996;eSIM
SIM00010997;standard
SIM00010998;nanoSIM
SIM00010999;microSIM
SIM00011000;nanoSIM
SIM00011001;eSIM
SIM00011002;standard
SIM00011003;standard
SIM00011004;eSIM
SIM00011005;nanoSIM
SIM00011006;microSIM
SIM00011007;microSIM
SIM00011008;eSIM
SIM00011009;eSIM
SIM00011010;eSIM
SIM00011011;microSIM
SIM00011012;nanoSIM
SIM00011013;standard
SIM00011014;eSIM
SIM00011015;eSIM
SIM00011016;standard
SIM00011017;eSIM
SIM00011018;eSIM
SIM00011019;nanoSIM
SIM00011020;microSIM
SIM00011021;microSIM
SIM00011022;nanoSIM
SIM00011023;standard
SIM00011024;standard
SIM00011025;nanoSIM
SIM00011026;eSIM
SIM00011027;standard
SIM00011028;eSIM
SIM00011029;nanoSIM
SIM00011030;microSIM
SIM00011031;standard
SIM00011032;nanoSIM
SIM00011033;nanoSIM
SIM00011034;nanoSIM
SIM00011035;microSIM
SIM00011036;standard
SIM00011037;standard
SIM00011038;nanoSIM
SIM00011039;nanoSIM
SIM00011040;nanoSIM
SIM00011041;nanoSIM
SIM00011042;microSIM
SIM00011043;standard
SIM00011044;nanoSIM
SIM00011045;nanoSIM
SIM00011046;nanoSIM
SIM00011047;nanoSIM
SIM00011048;eSIM
SIM00011049;standard
SIM00011050;nanoSIM
SIM00011051;eSIM
SIM00011052;eSIM
SIM00011053;eSIM
SIM00011054;eSIM
SIM00011055;eSIM
SIM00011056;microSIM
SIM00011057;microSIM
SIM00011058;eSIM
SIM00011059;standard
SIM00011060;standard
SIM00011061;microSIM
SIM00011062;nanoSIM
SIM00011063;nanoSIM
SIM00011064;eSIM
SIM00011065;nanoSIM
SIM00011066;nanoSIM
SIM00011067;nanoSIM
SIM00011068;eSIM
SIM00011069;eSIM
SIM00011070;microSIM
SIM00011071;standard
SIM00011072;eSIM
SIM00011073;microSIM
SIM00011074;nanoSIM
SIM00011075;standard
SIM00011076;eSIM
SIM00011077;eSIM
SIM00011078;nanoSIM
SIM00011079;eSIM
SIM00011080;standard
SIM00011081;microSIM
SIM00011082;nanoSIM
SIM00011083;nanoSIM
SIM00011084;nanoSIM
SIM00011085;standard
SIM00011086;standard
SIM00011087;eSIM
SIM00011088;nanoSIM
SIM00011089;eSIM
SIM00011090;microSIM
SIM00011091;standard
SIM00011092;standard
SIM00011093;microSIM
SIM00011094;microSIM
SIM00011095;microSIM
SIM00011096;eSIM
SIM00011097;eSIM
SIM00011098;standard
SIM00011099;microSIM
SIM00011100;nanoSIM
SIM00011101;eSIM
SIM00011102;microSIM
SIM00011103;eSIM
SIM00011104;eSIM
SIM00011105;nanoSIM
SIM00011106;nanoSIM
SIM00011107;standard
SIM00011108;microSIM
SIM00011109;microSIM
SIM00011110;standard
SIM00011111;standard
SIM00011112;nanoSIM
SIM00011113;nanoSIM
SIM00011114;microSIM
SIM00011115;standard
SIM00011116;standard
SIM00011117;standard
SIM00011118;microSIM
SIM00011119;nanoSIM
SIM00011120;nanoSIM
SIM00011121;nanoSIM
SIM00011122;microSIM
SIM00011123;eSIM
SIM00011124;microSIM
SIM00011125;standard
SIM00011126;eSIM
SIM00011127;microSIM
SIM00011128;microSIM
SIM00011129;eSIM
SIM00011130;eSIM
SIM00011131;nanoSIM
SIM00011132;eSIM
SIM00011133;nanoSIM
SIM00011134;eSIM
SIM00011135;eSIM
SIM00011136;nanoSIM
SIM00011137;nanoSIM
SIM00011138;standard
SIM00011139;eSIM
SIM00011140;standard
SIM00011141;standard
SIM00011142;microSIM
SIM00011143;microSIM
SIM00011144;standard
SIM00011145;nanoSIM
SIM00011146;nanoSIM
SIM00011147;microSIM
SIM00011148;nanoSIM
SIM00011149;nanoSIM
SIM00011150;standard
SIM00011151;standard
SIM00011152;nanoSIM
SIM00011153;eSIM
SIM00011154;eSIM
SIM00011155;eSIM
SIM00011156;standard
SIM00011157;nanoSIM
SIM00011158;eSIM
SIM00011159;microSIM
SIM00011160;eSIM
SIM00011161;microSIM
SIM00011162;standard
SIM00011163;standard
SIM00011164;standard
SIM00011165;standard
SIM00011166;standard
SIM00011167;microSIM
SIM00011168;microSIM
SIM00011169;eSIM
SIM00011170;eSIM
SIM00011171;standard
SIM00011172;standard
SIM00011173;nanoSIM
SIM00011174;standard
SIM00011175;nanoSIM
SIM00011176;microSIM
SIM00011177;standard
SIM00011178;microSIM
SIM00011179;standard
SIM00011180;microSIM
SIM00011181;microSIM
SIM00011182;nanoSIM
SIM00011183;eSIM
SIM00011184;standard
SIM00011185;nanoSIM
SIM00011186;microSIM
SIM00011187;nanoSIM
SIM00011188;standard
SIM00011189;standard
SIM00011190;microSIM
SIM00011191;standard
SIM00011192;standard
SIM00011193;microSIM
SIM00011194;standard
SIM00011195;microSIM
SIM00011196;eSIM
SIM00011197;microSIM
SIM00011198;nanoSIM
SIM00011199;eSIM
SIM00011200;microSIM
SIM00011201;standard
SIM00011202;eSIM
SIM00011203;eSIM
SIM00011204;eSIM
SIM00011205;standard
SIM00011206;nanoSIM
SIM00011207;standard
SIM00011208;eSIM
SIM00011209;microSIM
SIM00011210;microSIM
SIM00011211;nanoSIM
SIM00011212;nanoSIM
SIM00011213;microSIM
SIM00011214;microSIM
SIM00011215;nanoSIM
SIM00011216;eSIM
SIM00011217;eSIM
SIM00011218;microSIM
SIM00011219;nanoSIM
SIM00011220;standard
SIM00011221;eSIM
SIM00011222;microSIM
SIM00011223;eSIM
SIM00011224;eSIM
SIM00011225;standard
SIM00011226;eSIM
SIM00011227;eSIM
SIM00011228;nanoSIM
SIM00011229;eSIM
SIM00011230;eSIM
SIM00011231;standard
SIM00011232;microSIM
SIM00011233;eSIM
SIM00011234;nanoSIM
SIM00011235;eSIM
SIM00011236;eSIM
SIM00011237;nanoSIM
SIM00011238;standard
SIM00011239;microSIM
SIM00011240;nanoSIM
SIM00011241;standard
SIM00011242;standard
SIM00011243;eSIM
SIM00011244;nanoSIM
SIM00011245;standard
SIM00011246;nanoSIM
SIM00011247;nanoSIM
SIM00011248;nanoSIM
SIM00011249;microSIM
SIM00011250;microSIM
SIM00011251;standard
SIM00011252;nanoSIM
SIM00011253;eSIM
SIM00011254;standard
SIM00011255;eSIM
SIM00011256;microSIM
SIM00011257;nanoSIM
SIM00011258;microSIM
SIM00011259;nanoSIM
SIM00011260;standard
SIM00011261;standard
SIM00011262;nanoSIM
SIM00011263;eSIM
SIM00011264;nanoSIM
SIM00011265;eSIM
SIM00011266;standard
SIM00011267;nanoSIM
SIM00011268;microSIM
SIM00011269;nanoSIM
SIM00011270;standard
SIM00011271;nanoSIM
SIM00011272;nanoSIM
SIM00011273;standard
SIM00011274;microSIM
SIM00011275;eSIM
SIM00011276;microSIM
SIM00011277;nanoSIM
SIM00011278;standard
SIM00011279;eSIM
SIM00011280;microSIM
SIM00011281;nanoSIM
SIM00011282;standard
SIM00011283;standard
SIM00011284;microSIM
SIM00011285;microSIM
SIM00011286;standard
SIM00011287;standard
SIM00011288;standard
SIM00011289;standard
SIM00011290;microSIM
SIM00011291;eSIM
SIM00011292;eSIM
SIM00011293;standard
SIM00011294;nanoSIM
SIM00011295;nanoSIM
SIM00011296;eSIM
SIM00011297;nanoSIM
SIM00011298;nanoSIM
SIM00011299;eSIM
SIM00011300;eSIM
SIM00011301;eSIM
SIM00011302;nanoSIM
SIM00011303;eSIM
SIM00011304;standard
SIM00011305;eSIM
SIM00011306;nanoSIM
SIM00011307;standard
SIM00011308;standard
SIM00011309;microSIM
SIM00011310;nanoSIM
SIM00011311;microSIM
SIM00011312;standard
SIM00011313;nanoSIM
SIM00011314;eSIM
SIM00011315;microSIM
SIM00011316;standard
SIM00011317;nanoSIM
SIM00011318;standard
SIM00011319;nanoSIM
SIM00011320;standard
SIM00011321;standard
SIM00011322;nanoSIM
SIM00011323;standard
SIM00011324;microSIM
SIM00011325;standard
SIM00011326;microSIM
SIM00011327;nanoSIM
SIM00011328;nanoSIM
SIM00011329;standard
SIM00011330;eSIM
SIM00011331;eSIM
SIM00011332;eSIM
SIM00011333;standard
SIM00011334;nanoSIM
SIM00011335;microSIM
SIM00011336;microSIM
SIM00011337;microSIM
SIM00011338;eSIM
SIM00011339;nanoSIM
SIM00011340;standard
SIM00011341;microSIM
SIM00011342;eSIM
SIM00011343;nanoSIM
SIM00011344;microSIM
SIM00011345;nanoSIM
SIM00011346;nanoSIM
SIM00011347;eSIM
SIM00011348;microSIM
SIM00011349;standard
SIM00011350;microSIM
SIM00011351;eSIM
SIM00011352;standard
SIM00011353;nanoSIM
SIM00011354;eSIM
SIM00011355;microSIM
SIM00011356;microSIM
SIM00011357;nanoSIM
SIM00011358;eSIM
SIM00011359;nanoSIM
SIM00011360;standard
SIM00011361;standard
SIM00011362;microSIM
SIM00011363;eSIM
SIM00011364;nanoSIM
SIM00011365;eSIM
SIM00011366;standard
SIM00011367;standard
SIM00011368;nanoSIM
SIM00011369;nanoSIM
SIM00011370;nanoSIM
SIM00011371;nanoSIM
SIM00011372;standard
SIM00011373;nanoSIM
SIM00011374;eSIM
SIM00011375;nanoSIM
SIM00011376;standard
SIM00011377;nanoSIM
SIM00011378;microSIM
SIM00011379;microSIM
SIM00011380;standard
SIM00011381;eSIM
SIM00011382;microSIM
SIM00011383;standard
SIM00011384;standard
SIM00011385;nanoSIM
SIM00011386;eSIM
SIM00011387;eSIM
SIM00011388;nanoSIM
SIM00011389;nanoSIM
SIM00011390;nanoSIM
SIM00011391;standard
SIM00011392;eSIM
SIM00011393;nanoSIM
SIM00011394;microSIM
SIM00011395;standard
SIM00011396;eSIM
SIM00011397;microSIM
SIM00011398;standard
SIM00011399;nanoSIM
SIM00011400;microSIM
SIM00011401;eSIM
SIM00011402;nanoSIM
SIM00011403;eSIM
SIM00011404;microSIM
SIM00011405;standard
SIM00011406;nanoSIM
SIM00011407;nanoSIM
SIM00011408;microSIM
SIM00011409;eSIM
SIM00011410;nanoSIM
SIM00011411;eSIM
SIM00011412;microSIM
SIM00011413;nanoSIM
SIM00011414;microSIM
SIM00011415;nanoSIM
SIM00011416;microSIM
SIM00011417;microSIM
SIM00011418;standard
SIM00011419;microSIM
SIM00011420;nanoSIM
SIM00011421;nanoSIM
SIM00011422;standard
SIM00011423;nanoSIM
SIM00011424;microSIM
SIM00011425;microSIM
SIM00011426;standard
SIM00011427;eSIM
SIM00011428;standard
SIM00011429;microSIM
SIM00011430;standard
SIM00011431;standard
SIM00011432;eSIM
SIM00011433;standard
SIM00011434;eSIM
SIM00011435;nanoSIM
SIM00011436;nanoSIM
SIM00011437;eSIM
SIM00011438;eSIM
SIM00011439;microSIM
SIM00011440;nanoSIM
SIM00011441;standard
SIM00011442;microSIM
SIM00011443;eSIM
SIM00011444;eSIM
SIM00011445;nanoSIM
SIM00011446;microSIM
SIM00011447;standard
SIM00011448;standard
SIM00011449;eSIM
SIM00011450;eSIM
SIM00011451;nanoSIM
SIM00011452;microSIM
SIM00011453;microSIM
SIM00011454;nanoSIM
SIM00011455;eSIM
SIM00011456;eSIM
SIM00011457;eSIM
SIM00011458;microSIM
SIM00011459;microSIM
SIM00011460;eSIM
SIM00011461;eSIM
SIM00011462;eSIM
SIM00011463;eSIM
SIM00011464;microSIM
SIM00011465;microSIM
SIM00011466;eSIM
SIM00011467;nanoSIM
SIM00011468;eSIM
SIM00011469;nanoSIM
SIM00011470;microSIM
SIM00011471;standard
SIM00011472;microSIM
SIM00011473;microSIM
SIM00011474;eSIM
SIM00011475;eSIM
SIM00011476;standard
SIM00011477;nanoSIM
SIM00011478;microSIM
SIM00011479;microSIM
SIM00011480;microSIM
SIM00011481;microSIM
SIM00011482;nanoSIM
SIM00011483;eSIM
SIM00011484;standard
SIM00011485;nanoSIM
SIM00011486;microSIM
SIM00011487;nanoSIM
SIM00011488;nanoSIM
SIM00011489;nanoSIM
SIM00011490;microSIM
SIM00011491;standard
SIM00011492;microSIM
SIM00011493;microSIM
SIM00011494;standard
SIM00011495;standard
SIM00011496;nanoSIM
SIM00011497;microSIM
SIM00011498;nanoSIM
SIM00011499;microSIM
SIM00011500;eSIM
SIM00011501;microSIM
SIM00011502;microSIM
SIM00011503;nanoSIM
SIM00011504;nanoSIM
SIM00011505;nanoSIM
SIM00011506;nanoSIM
SIM00011507;nanoSIM
SIM00011508;microSIM
SIM00011509;nanoSIM
SIM00011510;standard
SIM00011511;microSIM
SIM00011512;microSIM
SIM00011513;microSIM
SIM00011514;nanoSIM
SIM00011515;nanoSIM
SIM00011516;microSIM
SIM00011517;nanoSIM
SIM00011518;standard
SIM00011519;nanoSIM
SIM00011520;microSIM
SIM00011521;nanoSIM
SIM00011522;microSIM
SIM00011523;standard
SIM00011524;nanoSIM
SIM00011525;nanoSIM
SIM00011526;eSIM
SIM00011527;microSIM
SIM00011528;microSIM
SIM00011529;eSIM
SIM00011530;standard
SIM00011531;microSIM
SIM00011532;microSIM
SIM00011533;eSIM
SIM00011534;nanoSIM
SIM00011535;eSIM
SIM00011536;standard
SIM00011537;standard
SIM00011538;standard
SIM00011539;nanoSIM
SIM00011540;standard
SIM00011541;standard
SIM00011542;standard
SIM00011543;nanoSIM
SIM00011544;microSIM
SIM00011545;eSIM
SIM00011546;eSIM
SIM00011547;standard
SIM00011548;eSIM
SIM00011549;eSIM
SIM00011550;microSIM
SIM00011551;microSIM
SIM00011552;eSIM
SIM00011553;standard
SIM00011554;eSIM
SIM00011555;eSIM
SIM00011556;nanoSIM
SIM00011557;microSIM
SIM00011558;standard
SIM00011559;nanoSIM
SIM00011560;microSIM
SIM00011561;nanoSIM
SIM00011562;standard
SIM00011563;eSIM
SIM00011564;eSIM
SIM00011565;microSIM
SIM00011566;microSIM
SIM00011567;eSIM
SIM00011568;nanoSIM
SIM00011569;nanoSIM
SIM00011570;eSIM
SIM00011571;standard
SIM00011572;standard
SIM00011573;microSIM
SIM00011574;standard
SIM00011575;microSIM
SIM00011576;nanoSIM
SIM00011577;eSIM
SIM00011578;standard
SIM00011579;eSIM
SIM00011580;standard
SIM00011581;standard
SIM00011582;nanoSIM
SIM00011583;eSIM
SIM00011584;nanoSIM
SIM00011585;microSIM
SIM00011586;eSIM
SIM00011587;eSIM
SIM00011588;eSIM
SIM00011589;eSIM
SIM00011590;eSIM
SIM00011591;microSIM
SIM00011592;standard
SIM00011593;standard
SIM00011594;microSIM
SIM00011595;microSIM
SIM00011596;standard
SIM00011597;microSIM
SIM00011598;microSIM
SIM00011599;eSIM
SIM00011600;eSIM
SIM00011601;standard
SIM00011602;nanoSIM
SIM00011603;nanoSIM
SIM00011604;nanoSIM
SIM00011605;standard
SIM00011606;eSIM
SIM00011607;standard
SIM00011608;standard
SIM00011609;nanoSIM
SIM00011610;eSIM
SIM00011611;eSIM
SIM00011612;standard
SIM00011613;standard
SIM00011614;eSIM
SIM00011615;eSIM
SIM00011616;nanoSIM
SIM00011617;eSIM
SIM00011618;standard
SIM00011619;nanoSIM
SIM00011620;nanoSIM
SIM00011621;standard
SIM00011622;nanoSIM
SIM00011623;standard
SIM00011624;nanoSIM
SIM00011625;nanoSIM
SIM00011626;eSIM
SIM00011627;nanoSIM
SIM00011628;microSIM
SIM00011629;microSIM
SIM00011630;microSIM
SIM00011631;eSIM
SIM00011632;standard
SIM00011633;nanoSIM
SIM00011634;standard
SIM00011635;eSIM
SIM00011636;eSIM
SIM00011637;eSIM
SIM00011638;microSIM
SIM00011639;microSIM
SIM00011640;eSIM
SIM00011641;nanoSIM
SIM00011642;eSIM
SIM00011643;eSIM
SIM00011644;microSIM
SIM00011645;standard
SIM00011646;nanoSIM
SIM00011647;eSIM
SIM00011648;eSIM
SIM00011649;standard
SIM00011650;nanoSIM
SIM00011651;nanoSIM
SIM00011652;standard
SIM00011653;eSIM
SIM00011654;eSIM
SIM00011655;standard
SIM00011656;eSIM
SIM00011657;standard
SIM00011658;standard
SIM00011659;microSIM
SIM00011660;standard
SIM00011661;microSIM
SIM00011662;standard
SIM00011663;nanoSIM
SIM00011664;nanoSIM
SIM00011665;standard
SIM00011666;microSIM
SIM00011667;nanoSIM
SIM00011668;microSIM
SIM00011669;standard
SIM00011670;eSIM
SIM00011671;nanoSIM
SIM00011672;standard
SIM00011673;standard
SIM00011674;eSIM
SIM00011675;standard
SIM00011676;standard
SIM00011677;eSIM
SIM00011678;microSIM
SIM00011679;microSIM
SIM00011680;eSIM
SIM00011681;nanoSIM
SIM00011682;standard
SIM00011683;nanoSIM
SIM00011684;eSIM
SIM00011685;eSIM
SIM00011686;eSIM
SIM00011687;nanoSIM
SIM00011688;nanoSIM
SIM00011689;microSIM
SIM00011690;microSIM
SIM00011691;microSIM
SIM00011692;eSIM
SIM00011693;microSIM
SIM00011694;nanoSIM
SIM00011695;standard
SIM00011696;microSIM
SIM00011697;standard
SIM00011698;eSIM
SIM00011699;standard
SIM00011700;microSIM
SIM00011701;nanoSIM
SIM00011702;eSIM
SIM00011703;microSIM
SIM00011704;eSIM
SIM00011705;nanoSIM
SIM00011706;microSIM
SIM00011707;standard
SIM00011708;nanoSIM
SIM00011709;nanoSIM
SIM00011710;nanoSIM
SIM00011711;eSIM
SIM00011712;eSIM
SIM00011713;microSIM
SIM00011714;standard
SIM00011715;microSIM
SIM00011716;microSIM
SIM00011717;microSIM
SIM00011718;nanoSIM
SIM00011719;nanoSIM
SIM00011720;standard
SIM00011721;eSIM
SIM00011722;standard
SIM00011723;standard
SIM00011724;eSIM
SIM00011725;standard
SIM00011726;microSIM
SIM00011727;nanoSIM
SIM00011728;eSIM
SIM00011729;eSIM
SIM00011730;microSIM
SIM00011731;nanoSIM
SIM00011732;nanoSIM
SIM00011733;nanoSIM
SIM00011734;standard
SIM00011735;standard
SIM00011736;microSIM
SIM00011737;standard
SIM00011738;microSIM
SIM00011739;standard
SIM00011740;microSIM
SIM00011741;eSIM
SIM00011742;nanoSIM
SIM00011743;nanoSIM
SIM00011744;nanoSIM
SIM00011745;eSIM
SIM00011746;standard
SIM00011747;standard
SIM00011748;eSIM
SIM00011749;nanoSIM
SIM00011750;nanoSIM
SIM00011751;microSIM
SIM00011752;standard
SIM00011753;nanoSIM
SIM00011754;eSIM
SIM00011755;nanoSIM
SIM00011756;microSIM
SIM00011757;nanoSIM
SIM00011758;eSIM
SIM00011759;microSIM
SIM00011760;microSIM
SIM00011761;standard
SIM00011762;standard
SIM00011763;microSIM
SIM00011764;eSIM
SIM00011765;microSIM
SIM00011766;eSIM
SIM00011767;standard
SIM00011768;microSIM
SIM00011769;eSIM
SIM00011770;standard
SIM00011771;nanoSIM
SIM00011772;standard
SIM00011773;microSIM
SIM00011774;eSIM
SIM00011775;eSIM
SIM00011776;standard
SIM00011777;microSIM
SIM00011778;standard
SIM00011779;eSIM
SIM00011780;eSIM
SIM00011781;standard
SIM00011782;nanoSIM
SIM00011783;eSIM
SIM00011784;standard
SIM00011785;microSIM
SIM00011786;standard
SIM00011787;eSIM
SIM00011788;standard
SIM00011789;microSIM
SIM00011790;nanoSIM
SIM00011791;nanoSIM
SIM00011792;standard
SIM00011793;nanoSIM
SIM00011794;microSIM
SIM00011795;microSIM
SIM00011796;microSIM
SIM00011797;standard
SIM00011798;standard
SIM00011799;nanoSIM
SIM00011800;microSIM
SIM00011801;nanoSIM
SIM00011802;eSIM
SIM00011803;eSIM
SIM00011804;eSIM
SIM00011805;microSIM
SIM00011806;microSIM
SIM00011807;standard
SIM00011808;microSIM
SIM00011809;standard
SIM00011810;standard
SIM00011811;nanoSIM
SIM00011812;eSIM
SIM00011813;nanoSIM
SIM00011814;eSIM
SIM00011815;eSIM
SIM00011816;standard
SIM00011817;nanoSIM
SIM00011818;microSIM
SIM00011819;standard
SIM00011820;eSIM
SIM00011821;microSIM
SIM00011822;microSIM
SIM00011823;microSIM
SIM00011824;eSIM
SIM00011825;nanoSIM
SIM00011826;standard
SIM00011827;microSIM
SIM00011828;microSIM
SIM00011829;standard
SIM00011830;standard
SIM00011831;eSIM
SIM00011832;eSIM
SIM00011833;eSIM
SIM00011834;eSIM
SIM00011835;nanoSIM
SIM00011836;nanoSIM
SIM00011837;eSIM
SIM00011838;microSIM
SIM00011839;nanoSIM
SIM00011840;nanoSIM
SIM00011841;standard
SIM00011842;eSIM
SIM00011843;standard
SIM00011844;standard
SIM00011845;nanoSIM
SIM00011846;nanoSIM
SIM00011847;standard
SIM00011848;standard
SIM00011849;standard
SIM00011850;standard
SIM00011851;microSIM
SIM00011852;microSIM
SIM00011853;standard
SIM00011854;microSIM
SIM00011855;standard
SIM00011856;nanoSIM
SIM00011857;standard
SIM00011858;nanoSIM
SIM00011859;standard
SIM00011860;microSIM
SIM00011861;nanoSIM
SIM00011862;standard
SIM00011863;microSIM
SIM00011864;microSIM
SIM00011865;nanoSIM
SIM00011866;nanoSIM
SIM00011867;nanoSIM
SIM00011868;microSIM
SIM00011869;standard
SIM00011870;microSIM
SIM00011871;eSIM
SIM00011872;nanoSIM
SIM00011873;microSIM
SIM00011874;nanoSIM
SIM00011875;eSIM
SIM00011876;microSIM
SIM00011877;standard
SIM00011878;eSIM
SIM00011879;standard
SIM00011880;standard
SIM00011881;eSIM
SIM00011882;eSIM
SIM00011883;eSIM
SIM00011884;standard
SIM00011885;microSIM
SIM00011886;microSIM
SIM00011887;microSIM
SIM00011888;eSIM
SIM00011889;nanoSIM
SIM00011890;eSIM
SIM00011891;eSIM
SIM00011892;standard
SIM00011893;standard
SIM00011894;eSIM
SIM00011895;nanoSIM
SIM00011896;eSIM
SIM00011897;eSIM
SIM00011898;eSIM
SIM00011899;standard
SIM00011900;eSIM
SIM00011901;microSIM
SIM00011902;nanoSIM
SIM00011903;nanoSIM
SIM00011904;microSIM
SIM00011905;microSIM
SIM00011906;microSIM
SIM00011907;eSIM
SIM00011908;microSIM
SIM00011909;standard
SIM00011910;nanoSIM
SIM00011911;eSIM
SIM00011912;microSIM
SIM00011913;eSIM
SIM00011914;microSIM
SIM00011915;nanoSIM
SIM00011916;nanoSIM
SIM00011917;microSIM
SIM00011918;standard
SIM00011919;microSIM
SIM00011920;eSIM
SIM00011921;microSIM
SIM00011922;eSIM
SIM00011923;nanoSIM
SIM00011924;standard
SIM00011925;standard
SIM00011926;eSIM
SIM00011927;standard
SIM00011928;microSIM
SIM00011929;eSIM
SIM00011930;microSIM
SIM00011931;standard
SIM00011932;eSIM
SIM00011933;nanoSIM
SIM00011934;microSIM
SIM00011935;microSIM
SIM00011936;nanoSIM
SIM00011937;standard
SIM00011938;microSIM
SIM00011939;nanoSIM
SIM00011940;eSIM
SIM00011941;nanoSIM
SIM00011942;eSIM
SIM00011943;standard
SIM00011944;nanoSIM
SIM00011945;microSIM
SIM00011946;microSIM
SIM00011947;microSIM
SIM00011948;eSIM
SIM00011949;standard
SIM00011950;nanoSIM
SIM00011951;microSIM
SIM00011952;microSIM
SIM00011953;nanoSIM
SIM00011954;microSIM
SIM00011955;microSIM
SIM00011956;standard
SIM00011957;nanoSIM
SIM00011958;nanoSIM
SIM00011959;standard
SIM00011960;eSIM
SIM00011961;nanoSIM
SIM00011962;standard
SIM00011963;eSIM
SIM00011964;microSIM
SIM00011965;microSIM
SIM00011966;eSIM
SIM00011967;eSIM
SIM00011968;eSIM
SIM00011969;nanoSIM
SIM00011970;standard
SIM00011971;microSIM
SIM00011972;microSIM
SIM00011973;nanoSIM
SIM00011974;nanoSIM
SIM00011975;microSIM
SIM00011976;microSIM
SIM00011977;eSIM
SIM00011978;eSIM
SIM00011979;nanoSIM
SIM00011980;microSIM
SIM00011981;nanoSIM
SIM00011982;standard
SIM00011983;nanoSIM
SIM00011984;nanoSIM
SIM00011985;eSIM
SIM00011986;eSIM
SIM00011987;standard
SIM00011988;nanoSIM
SIM00011989;eSIM
SIM00011990;nanoSIM
SIM00011991;microSIM
SIM00011992;standard
SIM00011993;eSIM
SIM00011994;nanoSIM
SIM00011995;standard
SIM00011996;eSIM
SIM00011997;nanoSIM
SIM00011998;eSIM
SIM00011999;nanoSIM
SIM00012000;nanoSIM
SIM00012001;microSIM
SIM00012002;microSIM
SIM00012003;microSIM
SIM00012004;eSIM
SIM00012005;nanoSIM
SIM00012006;microSIM
SIM00012007;microSIM
SIM00012008;eSIM
SIM00012009;nanoSIM
SIM00012010;nanoSIM
SIM00012011;nanoSIM
SIM00012012;microSIM
SIM00012013;microSIM
SIM00012014;microSIM
SIM00012015;microSIM
SIM00012016;microSIM
SIM00012017;nanoSIM
SIM00012018;microSIM
SIM00012019;microSIM
SIM00012020;eSIM
SIM00012021;nanoSIM
SIM00012022;eSIM
SIM00012023;microSIM
SIM00012024;standard
SIM00012025;microSIM
SIM00012026;eSIM
SIM00012027;nanoSIM
SIM00012028;microSIM
SIM00012029;microSIM
SIM00012030;nanoSIM
SIM00012031;eSIM
SIM00012032;nanoSIM
SIM00012033;standard
SIM00012034;nanoSIM
SIM00012035;nanoSIM
SIM00012036;nanoSIM
SIM00012037;eSIM
SIM00012038;microSIM
SIM00012039;microSIM
SIM00012040;nanoSIM
SIM00012041;nanoSIM
SIM00012042;eSIM
SIM00012043;standard
SIM00012044;eSIM
SIM00012045;microSIM
SIM00012046;nanoSIM
SIM00012047;eSIM
SIM00012048;microSIM
SIM00012049;eSIM
SIM00012050;nanoSIM
SIM00012051;eSIM
SIM00012052;nanoSIM
SIM00012053;standard
SIM00012054;nanoSIM
SIM00012055;standard
SIM00012056;standard
SIM00012057;microSIM
SIM00012058;nanoSIM
SIM00012059;nanoSIM
SIM00012060;nanoSIM
SIM00012061;nanoSIM
SIM00012062;eSIM
SIM00012063;eSIM
SIM00012064;microSIM
SIM00012065;nanoSIM
SIM00012066;standard
SIM00012067;standard
SIM00012068;nanoSIM
SIM00012069;nanoSIM
SIM00012070;eSIM
SIM00012071;nanoSIM
SIM00012072;nanoSIM
SIM00012073;eSIM
SIM00012074;microSIM
SIM00012075;nanoSIM
SIM00012076;standard
SIM00012077;eSIM
SIM00012078;eSIM
SIM00012079;standard
SIM00012080;microSIM
SIM00012081;nanoSIM
SIM00012082;nanoSIM
SIM00012083;microSIM
SIM00012084;microSIM
SIM00012085;standard
SIM00012086;microSIM
SIM00012087;standard
SIM00012088;eSIM
SIM00012089;microSIM
SIM00012090;microSIM
SIM00012091;standard
SIM00012092;microSIM
SIM00012093;eSIM
SIM00012094;microSIM
SIM00012095;nanoSIM
SIM00012096;eSIM
SIM00012097;standard
SIM00012098;eSIM
SIM00012099;standard
SIM00012100;standard
SIM00012101;nanoSIM
SIM00012102;standard
SIM00012103;standard
SIM00012104;nanoSIM
SIM00012105;microSIM
SIM00012106;standard
SIM00012107;eSIM
SIM00012108;eSIM
SIM00012109;nanoSIM
SIM00012110;nanoSIM
SIM00012111;microSIM
SIM00012112;nanoSIM
SIM00012113;eSIM
SIM00012114;standard
SIM00012115;microSIM
SIM00012116;eSIM
SIM00012117;microSIM
SIM00012118;microSIM
SIM00012119;microSIM
SIM00012120;eSIM
SIM00012121;standard
SIM00012122;nanoSIM
SIM00012123;standard
SIM00012124;microSIM
SIM00012125;nanoSIM
SIM00012126;standard
SIM00012127;standard
SIM00012128;standard
SIM00012129;standard
SIM00012130;nanoSIM
SIM00012131;microSIM
SIM00012132;nanoSIM
SIM00012133;microSIM
SIM00012134;microSIM
SIM00012135;eSIM
SIM00012136;eSIM
SIM00012137;nanoSIM
SIM00012138;eSIM
SIM00012139;nanoSIM
SIM00012140;microSIM
SIM00012141;standard
SIM00012142;nanoSIM
SIM00012143;standard
SIM00012144;standard
SIM00012145;eSIM
SIM00012146;eSIM
SIM00012147;nanoSIM
SIM00012148;nanoSIM
SIM00012149;eSIM
SIM00012150;standard
SIM00012151;microSIM
SIM00012152;microSIM
SIM00012153;eSIM
SIM00012154;eSIM
SIM00012155;nanoSIM
SIM00012156;nanoSIM
SIM00012157;standard
SIM00012158;nanoSIM
SIM00012159;eSIM
SIM00012160;eSIM
SIM00012161;microSIM
SIM00012162;standard
SIM00012163;nanoSIM
SIM00012164;eSIM
SIM00012165;standard
SIM00012166;nanoSIM
SIM00012167;eSIM
SIM00012168;standard
SIM00012169;eSIM
SIM00012170;standard
SIM00012171;nanoSIM
SIM00012172;standard
SIM00012173;microSIM
SIM00012174;nanoSIM
SIM00012175;microSIM
SIM00012176;standard
SIM00012177;nanoSIM
SIM00012178;eSIM
SIM00012179;microSIM
SIM00012180;microSIM
SIM00012181;eSIM
SIM00012182;eSIM
SIM00012183;microSIM
SIM00012184;microSIM
SIM00012185;eSIM
SIM00012186;microSIM
SIM00012187;nanoSIM
SIM00012188;microSIM
SIM00012189;standard
SIM00012190;standard
SIM00012191;microSIM
SIM00012192;microSIM
SIM00012193;nanoSIM
SIM00012194;nanoSIM
SIM00012195;microSIM
SIM00012196;nanoSIM
SIM00012197;eSIM
SIM00012198;microSIM
SIM00012199;nanoSIM
SIM00012200;eSIM
SIM00012201;standard
SIM00012202;eSIM
SIM00012203;eSIM
SIM00012204;nanoSIM
SIM00012205;microSIM
SIM00012206;eSIM
SIM00012207;eSIM
SIM00012208;nanoSIM
SIM00012209;eSIM
SIM00012210;eSIM
SIM00012211;standard
SIM00012212;eSIM
SIM00012213;eSIM
SIM00012214;nanoSIM
SIM00012215;standard
SIM00012216;eSIM
SIM00012217;microSIM
SIM00012218;eSIM
SIM00012219;nanoSIM
SIM00012220;eSIM
SIM00012221;eSIM
SIM00012222;eSIM
SIM00012223;microSIM
SIM00012224;nanoSIM
SIM00012225;eSIM
SIM00012226;eSIM
SIM00012227;eSIM
SIM00012228;eSIM
SIM00012229;eSIM
SIM00012230;nanoSIM
SIM00012231;microSIM
SIM00012232;microSIM
SIM00012233;nanoSIM
SIM00012234;nanoSIM
SIM00012235;standard
SIM00012236;eSIM
SIM00012237;eSIM
SIM00012238;eSIM
SIM00012239;microSIM
SIM00012240;microSIM
SIM00012241;microSIM
SIM00012242;microSIM
SIM00012243;eSIM
SIM00012244;standard
SIM00012245;eSIM
SIM00012246;microSIM
SIM00012247;standard
SIM00012248;standard
SIM00012249;microSIM
SIM00012250;nanoSIM
SIM00012251;eSIM
SIM00012252;eSIM
SIM00012253;eSIM
SIM00012254;nanoSIM
SIM00012255;eSIM
SIM00012256;standard
SIM00012257;standard
SIM00012258;eSIM
SIM00012259;nanoSIM
SIM00012260;standard
SIM00012261;microSIM
SIM00012262;microSIM
SIM00012263;nanoSIM
SIM00012264;nanoSIM
SIM00012265;eSIM
SIM00012266;microSIM
SIM00012267;eSIM
SIM00012268;nanoSIM
SIM00012269;microSIM
SIM00012270;nanoSIM
SIM00012271;nanoSIM
SIM00012272;eSIM
SIM00012273;standard
SIM00012274;microSIM
SIM00012275;microSIM
SIM00012276;nanoSIM
SIM00012277;nanoSIM
SIM00012278;standard
SIM00012279;standard
SIM00012280;eSIM
SIM00012281;eSIM
SIM00012282;standard
SIM00012283;microSIM
SIM00012284;standard
SIM00012285;microSIM
SIM00012286;nanoSIM
SIM00012287;nanoSIM
SIM00012288;eSIM
SIM00012289;microSIM
SIM00012290;microSIM
SIM00012291;eSIM
SIM00012292;nanoSIM
SIM00012293;nanoSIM
SIM00012294;eSIM
SIM00012295;standard
SIM00012296;eSIM
SIM00012297;nanoSIM
SIM00012298;standard
SIM00012299;eSIM
SIM00012300;eSIM
SIM00012301;standard
SIM00012302;eSIM
SIM00012303;nanoSIM
SIM00012304;eSIM
SIM00012305;standard
SIM00012306;standard
SIM00012307;microSIM
SIM00012308;eSIM
SIM00012309;microSIM
SIM00012310;microSIM
SIM00012311;standard
SIM00012312;microSIM
SIM00012313;eSIM
SIM00012314;standard
SIM00012315;standard
SIM00012316;eSIM
SIM00012317;nanoSIM
SIM00012318;standard
SIM00012319;nanoSIM
SIM00012320;standard
SIM00012321;eSIM
SIM00012322;standard
SIM00012323;standard
SIM00012324;eSIM
SIM00012325;standard
SIM00012326;standard
SIM00012327;eSIM
SIM00012328;nanoSIM
SIM00012329;standard
SIM00012330;microSIM
SIM00012331;microSIM
SIM00012332;standard
SIM00012333;eSIM
SIM00012334;eSIM
SIM00012335;standard
SIM00012336;nanoSIM
SIM00012337;standard
SIM00012338;nanoSIM
SIM00012339;nanoSIM
SIM00012340;nanoSIM
SIM00012341;standard
SIM00012342;standard
SIM00012343;standard
SIM00012344;standard
SIM00012345;microSIM
SIM00012346;microSIM
SIM00012347;eSIM
SIM00012348;standard
SIM00012349;microSIM
SIM00012350;microSIM
SIM00012351;eSIM
SIM00012352;eSIM
SIM00012353;microSIM
SIM00012354;standard
SIM00012355;microSIM
SIM00012356;eSIM
SIM00012357;nanoSIM
SIM00012358;eSIM
SIM00012359;standard
SIM00012360;microSIM
SIM00012361;microSIM
SIM00012362;standard
SIM00012363;eSIM
SIM00012364;standard
SIM00012365;standard
SIM00012366;eSIM
SIM00012367;nanoSIM
SIM00012368;standard
SIM00012369;microSIM
SIM00012370;microSIM
SIM00012371;microSIM
SIM00012372;standard
SIM00012373;nanoSIM
SIM00012374;nanoSIM
SIM00012375;nanoSIM
SIM00012376;standard
SIM00012377;standard
SIM00012378;standard
SIM00012379;standard
SIM00012380;nanoSIM
SIM00012381;eSIM
SIM00012382;microSIM
SIM00012383;eSIM
SIM00012384;eSIM
SIM00012385;nanoSIM
SIM00012386;microSIM
SIM00012387;eSIM
SIM00012388;nanoSIM
SIM00012389;standard
SIM00012390;eSIM
SIM00012391;eSIM
SIM00012392;nanoSIM
SIM00012393;standard
SIM00012394;nanoSIM
SIM00012395;eSIM
SIM00012396;standard
SIM00012397;eSIM
SIM00012398;standard
SIM00012399;standard
SIM00012400;nanoSIM
SIM00012401;eSIM
SIM00012402;standard
SIM00012403;standard
SIM00012404;eSIM
SIM00012405;standard
SIM00012406;nanoSIM
SIM00012407;microSIM
SIM00012408;standard
SIM00012409;microSIM
SIM00012410;microSIM
SIM00012411;eSIM
SIM00012412;microSIM
SIM00012413;standard
SIM00012414;standard
SIM00012415;microSIM
SIM00012416;microSIM
SIM00012417;standard
SIM00012418;nanoSIM
SIM00012419;microSIM
SIM00012420;nanoSIM
SIM00012421;standard
SIM00012422;microSIM
SIM00012423;standard
SIM00012424;standard
SIM00012425;eSIM
SIM00012426;standard
SIM00012427;standard
SIM00012428;standard
SIM00012429;microSIM
SIM00012430;nanoSIM
SIM00012431;standard
SIM00012432;nanoSIM
SIM00012433;standard
SIM00012434;microSIM
SIM00012435;standard
SIM00012436;standard
SIM00012437;microSIM
SIM00012438;microSIM
SIM00012439;standard
SIM00012440;eSIM
SIM00012441;standard
SIM00012442;standard
SIM00012443;nanoSIM
SIM00012444;eSIM
SIM00012445;standard
SIM00012446;standard
SIM00012447;standard
SIM00012448;eSIM
SIM00012449;standard
SIM00012450;nanoSIM
SIM00012451;standard
SIM00012452;eSIM
SIM00012453;nanoSIM
SIM00012454;microSIM
SIM00012455;microSIM
SIM00012456;standard
SIM00012457;nanoSIM
SIM00012458;microSIM
SIM00012459;microSIM
SIM00012460;eSIM
SIM00012461;eSIM
SIM00012462;eSIM
SIM00012463;standard
SIM00012464;microSIM
SIM00012465;eSIM
SIM00012466;eSIM
SIM00012467;nanoSIM
SIM00012468;standard
SIM00012469;standard
SIM00012470;eSIM
SIM00012471;microSIM
SIM00012472;standard
SIM00012473;nanoSIM
SIM00012474;eSIM
SIM00012475;nanoSIM
SIM00012476;nanoSIM
SIM00012477;eSIM
SIM00012478;standard
SIM00012479;nanoSIM
SIM00012480;microSIM
SIM00012481;microSIM
SIM00012482;nanoSIM
SIM00012483;standard
SIM00012484;nanoSIM
SIM00012485;microSIM
SIM00012486;microSIM
SIM00012487;nanoSIM
SIM00012488;eSIM
SIM00012489;standard
SIM00012490;standard
SIM00012491;standard
SIM00012492;nanoSIM
SIM00012493;eSIM
SIM00012494;microSIM
SIM00012495;microSIM
SIM00012496;nanoSIM
SIM00012497;eSIM
SIM00012498;nanoSIM
SIM00012499;microSIM
SIM00012500;standard
SIM00012501;nanoSIM
SIM00012502;standard
SIM00012503;standard
SIM00012504;microSIM
SIM00012505;eSIM
SIM00012506;eSIM
SIM00012507;standard
SIM00012508;nanoSIM
SIM00012509;nanoSIM
SIM00012510;nanoSIM
SIM00012511;microSIM
SIM00012512;nanoSIM
SIM00012513;standard
SIM00012514;eSIM
SIM00012515;standard
SIM00012516;microSIM
SIM00012517;nanoSIM
SIM00012518;eSIM
SIM00012519;nanoSIM
SIM00012520;eSIM
SIM00012521;eSIM
SIM00012522;nanoSIM
SIM00012523;standard
SIM00012524;nanoSIM
SIM00012525;standard
SIM00012526;standard
SIM00012527;nanoSIM
SIM00012528;microSIM
SIM00012529;nanoSIM
SIM00012530;standard
SIM00012531;microSIM
SIM00012532;eSIM
SIM00012533;eSIM
SIM00012534;eSIM
SIM00012535;microSIM
SIM00012536;standard
SIM00012537;nanoSIM
SIM00012538;nanoSIM
SIM00012539;eSIM
SIM00012540;nanoSIM
SIM00012541;nanoSIM
SIM00012542;eSIM
SIM00012543;standard
SIM00012544;eSIM
SIM00012545;standard
SIM00012546;eSIM
SIM00012547;eSIM
SIM00012548;nanoSIM
SIM00012549;microSIM
SIM00012550;eSIM
SIM00012551;microSIM
SIM00012552;standard
SIM00012553;nanoSIM
SIM00012554;microSIM
SIM00012555;microSIM
SIM00012556;standard
SIM00012557;microSIM
SIM00012558;eSIM
SIM00012559;eSIM
SIM00012560;eSIM
SIM00012561;eSIM
SIM00012562;eSIM
SIM00012563;nanoSIM
SIM00012564;eSIM
SIM00012565;standard
SIM00012566;microSIM
SIM00012567;nanoSIM
SIM00012568;nanoSIM
SIM00012569;eSIM
SIM00012570;microSIM
SIM00012571;standard
SIM00012572;nanoSIM
SIM00012573;eSIM
SIM00012574;eSIM
SIM00012575;standard
SIM00012576;microSIM
SIM00012577;eSIM
SIM00012578;eSIM
SIM00012579;standard
SIM00012580;standard
SIM00012581;microSIM
SIM00012582;standard
SIM00012583;microSIM
SIM00012584;nanoSIM
SIM00012585;eSIM
SIM00012586;nanoSIM
SIM00012587;microSIM
SIM00012588;nanoSIM
SIM00012589;standard
SIM00012590;microSIM
SIM00012591;standard
SIM00012592;standard
SIM00012593;microSIM
SIM00012594;nanoSIM
SIM00012595;standard
SIM00012596;microSIM
SIM00012597;microSIM
SIM00012598;microSIM
SIM00012599;eSIM
SIM00012600;standard
SIM00012601;microSIM
SIM00012602;standard
SIM00012603;eSIM
SIM00012604;standard
SIM00012605;nanoSIM
SIM00012606;nanoSIM
SIM00012607;nanoSIM
SIM00012608;eSIM
SIM00012609;nanoSIM
SIM00012610;microSIM
SIM00012611;eSIM
SIM00012612;microSIM
SIM00012613;nanoSIM
SIM00012614;standard
SIM00012615;microSIM
SIM00012616;microSIM
SIM00012617;microSIM
SIM00012618;eSIM
SIM00012619;standard
SIM00012620;microSIM
SIM00012621;nanoSIM
SIM00012622;microSIM
SIM00012623;eSIM
SIM00012624;microSIM
SIM00012625;microSIM
SIM00012626;eSIM
SIM00012627;standard
SIM00012628;nanoSIM
SIM00012629;microSIM
SIM00012630;nanoSIM
SIM00012631;eSIM
SIM00012632;standard
SIM00012633;eSIM
SIM00012634;microSIM
SIM00012635;nanoSIM
SIM00012636;microSIM
SIM00012637;standard
SIM00012638;nanoSIM
SIM00012639;standard
SIM00012640;microSIM
SIM00012641;standard
SIM00012642;microSIM
SIM00012643;standard
SIM00012644;nanoSIM
SIM00012645;microSIM
SIM00012646;eSIM
SIM00012647;eSIM
SIM00012648;standard
SIM00012649;eSIM
SIM00012650;eSIM
SIM00012651;microSIM
SIM00012652;nanoSIM
SIM00012653;nanoSIM
SIM00012654;standard
SIM00012655;standard
SIM00012656;nanoSIM
SIM00012657;standard
SIM00012658;nanoSIM
SIM00012659;nanoSIM
SIM00012660;standard
SIM00012661;nanoSIM
SIM00012662;standard
SIM00012663;standard
SIM00012664;eSIM
SIM00012665;eSIM
SIM00012666;microSIM
SIM00012667;eSIM
SIM00012668;microSIM
SIM00012669;eSIM
SIM00012670;eSIM
SIM00012671;standard
SIM00012672;nanoSIM
SIM00012673;standard
SIM00012674;nanoSIM
SIM00012675;eSIM
SIM00012676;standard
SIM00012677;microSIM
SIM00012678;microSIM
SIM00012679;standard
SIM00012680;nanoSIM
SIM00012681;standard
SIM00012682;nanoSIM
SIM00012683;nanoSIM
SIM00012684;nanoSIM
SIM00012685;microSIM
SIM00012686;microSIM
SIM00012687;microSIM
SIM00012688;nanoSIM
SIM00012689;microSIM
SIM00012690;microSIM
SIM00012691;nanoSIM
SIM00012692;microSIM
SIM00012693;standard
SIM00012694;standard
SIM00012695;microSIM
SIM00012696;standard
SIM00012697;eSIM
SIM00012698;standard
SIM00012699;microSIM
SIM00012700;nanoSIM
SIM00012701;nanoSIM
SIM00012702;standard
SIM00012703;nanoSIM
SIM00012704;microSIM
SIM00012705;eSIM
SIM00012706;nanoSIM
SIM00012707;microSIM
SIM00012708;eSIM
SIM00012709;microSIM
SIM00012710;nanoSIM
SIM00012711;standard
SIM00012712;microSIM
SIM00012713;eSIM
SIM00012714;nanoSIM
SIM00012715;eSIM
SIM00012716;microSIM
SIM00012717;eSIM
SIM00012718;eSIM
SIM00012719;nanoSIM
SIM00012720;nanoSIM
SIM00012721;standard
SIM00012722;microSIM
SIM00012723;microSIM
SIM00012724;nanoSIM
SIM00012725;nanoSIM
SIM00012726;eSIM
SIM00012727;microSIM
SIM00012728;standard
SIM00012729;standard
SIM00012730;eSIM
SIM00012731;standard
SIM00012732;microSIM
SIM00012733;microSIM
SIM00012734;eSIM
SIM00012735;standard
SIM00012736;standard
SIM00012737;standard
SIM00012738;standard
SIM00012739;standard
SIM00012740;microSIM
SIM00012741;microSIM
SIM00012742;nanoSIM
SIM00012743;nanoSIM
SIM00012744;standard
SIM00012745;microSIM
SIM00012746;standard
SIM00012747;nanoSIM
SIM00012748;microSIM
SIM00012749;standard
SIM00012750;standard
SIM00012751;eSIM
SIM00012752;standard
SIM00012753;eSIM
SIM00012754;microSIM
SIM00012755;eSIM
SIM00012756;nanoSIM
SIM00012757;microSIM
SIM00012758;eSIM
SIM00012759;standard
SIM00012760;nanoSIM
SIM00012761;eSIM
SIM00012762;eSIM
SIM00012763;eSIM
SIM00012764;eSIM
SIM00012765;eSIM
SIM00012766;microSIM
SIM00012767;microSIM
SIM00012768;eSIM
SIM00012769;standard
SIM00012770;eSIM
SIM00012771;microSIM
SIM00012772;nanoSIM
SIM00012773;nanoSIM
SIM00012774;eSIM
SIM00012775;microSIM
SIM00012776;nanoSIM
SIM00012777;eSIM
SIM00012778;eSIM
SIM00012779;standard
SIM00012780;eSIM
SIM00012781;microSIM
SIM00012782;nanoSIM
SIM00012783;nanoSIM
SIM00012784;standard
SIM00012785;nanoSIM
SIM00012786;nanoSIM
SIM00012787;standard
SIM00012788;eSIM
SIM00012789;microSIM
SIM00012790;microSIM
SIM00012791;eSIM
SIM00012792;standard
SIM00012793;standard
SIM00012794;standard
SIM00012795;nanoSIM
SIM00012796;nanoSIM
SIM00012797;eSIM
SIM00012798;microSIM
SIM00012799;standard
SIM00012800;nanoSIM
SIM00012801;microSIM
SIM00012802;standard
SIM00012803;eSIM
SIM00012804;eSIM
SIM00012805;eSIM
SIM00012806;microSIM
SIM00012807;microSIM
SIM00012808;nanoSIM
SIM00012809;eSIM
SIM00012810;microSIM
SIM00012811;standard
SIM00012812;microSIM
SIM00012813;eSIM
SIM00012814;standard
SIM00012815;nanoSIM
SIM00012816;standard
SIM00012817;standard
SIM00012818;nanoSIM
SIM00012819;eSIM
SIM00012820;standard
SIM00012821;nanoSIM
SIM00012822;eSIM
SIM00012823;eSIM
SIM00012824;eSIM
SIM00012825;eSIM
SIM00012826;microSIM
SIM00012827;microSIM
SIM00012828;eSIM
SIM00012829;microSIM
SIM00012830;eSIM
SIM00012831;nanoSIM
SIM00012832;eSIM
SIM00012833;nanoSIM
SIM00012834;standard
SIM00012835;eSIM
SIM00012836;eSIM
SIM00012837;microSIM
SIM00012838;nanoSIM
SIM00012839;microSIM
SIM00012840;nanoSIM
SIM00012841;nanoSIM
SIM00012842;eSIM
SIM00012843;standard
SIM00012844;standard
SIM00012845;standard
SIM00012846;eSIM
SIM00012847;standard
SIM00012848;nanoSIM
SIM00012849;eSIM
SIM00012850;nanoSIM
SIM00012851;standard
SIM00012852;eSIM
SIM00012853;standard
SIM00012854;nanoSIM
SIM00012855;eSIM
SIM00012856;nanoSIM
SIM00012857;standard
SIM00012858;standard
SIM00012859;eSIM
SIM00012860;nanoSIM
SIM00012861;nanoSIM
SIM00012862;eSIM
SIM00012863;standard
SIM00012864;standard
SIM00012865;microSIM
SIM00012866;microSIM
SIM00012867;standard
SIM00012868;microSIM
SIM00012869;eSIM
SIM00012870;standard
SIM00012871;microSIM
SIM00012872;nanoSIM
SIM00012873;microSIM
SIM00012874;eSIM
SIM00012875;standard
SIM00012876;standard
SIM00012877;eSIM
SIM00012878;microSIM
SIM00012879;eSIM
SIM00012880;standard
SIM00012881;standard
SIM00012882;standard
SIM00012883;standard
SIM00012884;standard
SIM00012885;microSIM
SIM00012886;standard
SIM00012887;nanoSIM
SIM00012888;microSIM
SIM00012889;microSIM
SIM00012890;nanoSIM
SIM00012891;nanoSIM
SIM00012892;microSIM
SIM00012893;eSIM
SIM00012894;eSIM
SIM00012895;standard
SIM00012896;nanoSIM
SIM00012897;eSIM
SIM00012898;eSIM
SIM00012899;standard
SIM00012900;eSIM
SIM00012901;eSIM
SIM00012902;nanoSIM
SIM00012903;eSIM
SIM00012904;nanoSIM
SIM00012905;standard
SIM00012906;microSIM
SIM00012907;microSIM
SIM00012908;standard
SIM00012909;standard
SIM00012910;microSIM
SIM00012911;nanoSIM
SIM00012912;microSIM
SIM00012913;microSIM
SIM00012914;standard
SIM00012915;nanoSIM
SIM00012916;nanoSIM
SIM00012917;eSIM
SIM00012918;standard
SIM00012919;nanoSIM
SIM00012920;microSIM
SIM00012921;microSIM
SIM00012922;microSIM
SIM00012923;nanoSIM
SIM00012924;eSIM
SIM00012925;standard
SIM00012926;microSIM
SIM00012927;microSIM
SIM00012928;standard
SIM00012929;microSIM
SIM00012930;microSIM
SIM00012931;eSIM
SIM00012932;microSIM
SIM00012933;standard
SIM00012934;eSIM
SIM00012935;nanoSIM
SIM00012936;nanoSIM
SIM00012937;standard
SIM00012938;microSIM
SIM00012939;eSIM
SIM00012940;standard
SIM00012941;standard
SIM00012942;nanoSIM
SIM00012943;eSIM
SIM00012944;nanoSIM
SIM00012945;nanoSIM
SIM00012946;eSIM
SIM00012947;standard
SIM00012948;standard
SIM00012949;standard
SIM00012950;nanoSIM
SIM00012951;standard
SIM00012952;microSIM
SIM00012953;nanoSIM
SIM00012954;eSIM
SIM00012955;microSIM
SIM00012956;nanoSIM
SIM00012957;standard
SIM00012958;microSIM
SIM00012959;standard
SIM00012960;standard
SIM00012961;nanoSIM
SIM00012962;nanoSIM
SIM00012963;nanoSIM
SIM00012964;microSIM
SIM00012965;microSIM
SIM00012966;eSIM
SIM00012967;eSIM
SIM00012968;nanoSIM
SIM00012969;microSIM
SIM00012970;standard
SIM00012971;nanoSIM
SIM00012972;microSIM
SIM00012973;eSIM
SIM00012974;standard
SIM00012975;eSIM
SIM00012976;microSIM
SIM00012977;eSIM
SIM00012978;eSIM
SIM00012979;nanoSIM
SIM00012980;eSIM
SIM00012981;eSIM
SIM00012982;microSIM
SIM00012983;nanoSIM
SIM00012984;eSIM
SIM00012985;eSIM
SIM00012986;eSIM
SIM00012987;microSIM
SIM00012988;standard
SIM00012989;standard
SIM00012990;standard
SIM00012991;eSIM
SIM00012992;standard
SIM00012993;standard
SIM00012994;eSIM
SIM00012995;microSIM
SIM00012996;standard
SIM00012997;standard
SIM00012998;nanoSIM
SIM00012999;eSIM
SIM00013000;eSIM
SIM00013001;microSIM
SIM00013002;microSIM
SIM00013003;eSIM
SIM00013004;nanoSIM
SIM00013005;microSIM
SIM00013006;microSIM
SIM00013007;standard
SIM00013008;microSIM
SIM00013009;microSIM
SIM00013010;microSIM
SIM00013011;standard
SIM00013012;eSIM
SIM00013013;nanoSIM
SIM00013014;nanoSIM
SIM00013015;eSIM
SIM00013016;eSIM
SIM00013017;eSIM
SIM00013018;nanoSIM
SIM00013019;microSIM
SIM00013020;nanoSIM
SIM00013021;eSIM
SIM00013022;microSIM
SIM00013023;standard
SIM00013024;microSIM
SIM00013025;eSIM
SIM00013026;nanoSIM
SIM00013027;microSIM
SIM00013028;nanoSIM
SIM00013029;eSIM
SIM00013030;standard
SIM00013031;standard
SIM00013032;eSIM
SIM00013033;eSIM
SIM00013034;microSIM
SIM00013035;standard
SIM00013036;nanoSIM
SIM00013037;microSIM
SIM00013038;nanoSIM
SIM00013039;eSIM
SIM00013040;microSIM
SIM00013041;standard
SIM00013042;nanoSIM
SIM00013043;nanoSIM
SIM00013044;nanoSIM
SIM00013045;nanoSIM
SIM00013046;standard
SIM00013047;microSIM
SIM00013048;eSIM
SIM00013049;standard
SIM00013050;eSIM
SIM00013051;microSIM
SIM00013052;nanoSIM
SIM00013053;microSIM
SIM00013054;microSIM
SIM00013055;eSIM
SIM00013056;standard
SIM00013057;microSIM
SIM00013058;eSIM
SIM00013059;eSIM
SIM00013060;microSIM
SIM00013061;standard
SIM00013062;standard
SIM00013063;microSIM
SIM00013064;microSIM
SIM00013065;nanoSIM
SIM00013066;standard
SIM00013067;standard
SIM00013068;eSIM
SIM00013069;eSIM
SIM00013070;eSIM
SIM00013071;standard
SIM00013072;standard
SIM00013073;standard
SIM00013074;nanoSIM
SIM00013075;microSIM
SIM00013076;standard
SIM00013077;nanoSIM
SIM00013078;standard
SIM00013079;nanoSIM
SIM00013080;nanoSIM
SIM00013081;nanoSIM
SIM00013082;eSIM
SIM00013083;eSIM
SIM00013084;standard
SIM00013085;eSIM
SIM00013086;microSIM
SIM00013087;microSIM
SIM00013088;eSIM
SIM00013089;standard
SIM00013090;eSIM
SIM00013091;microSIM
SIM00013092;standard
SIM00013093;nanoSIM
SIM00013094;nanoSIM
SIM00013095;standard
SIM00013096;nanoSIM
SIM00013097;eSIM
SIM00013098;standard
SIM00013099;nanoSIM
SIM00013100;nanoSIM
SIM00013101;standard
SIM00013102;nanoSIM
SIM00013103;standard
SIM00013104;eSIM
SIM00013105;nanoSIM
SIM00013106;eSIM
SIM00013107;nanoSIM
SIM00013108;standard
SIM00013109;microSIM
SIM00013110;microSIM
SIM00013111;microSIM
SIM00013112;standard
SIM00013113;eSIM
SIM00013114;nanoSIM
SIM00013115;standard
SIM00013116;nanoSIM
SIM00013117;eSIM
SIM00013118;standard
SIM00013119;nanoSIM
SIM00013120;eSIM
SIM00013121;standard
SIM00013122;microSIM
SIM00013123;nanoSIM
SIM00013124;nanoSIM
SIM00013125;nanoSIM
SIM00013126;nanoSIM
SIM00013127;eSIM
SIM00013128;standard
SIM00013129;nanoSIM
SIM00013130;eSIM
SIM00013131;nanoSIM
SIM00013132;standard
SIM00013133;eSIM
SIM00013134;standard
SIM00013135;eSIM
SIM00013136;nanoSIM
SIM00013137;nanoSIM
SIM00013138;microSIM
SIM00013139;standard
SIM00013140;nanoSIM
SIM00013141;standard
SIM00013142;nanoSIM
SIM00013143;eSIM
SIM00013144;standard
SIM00013145;microSIM
SIM00013146;nanoSIM
SIM00013147;nanoSIM
SIM00013148;microSIM
SIM00013149;standard
SIM00013150;eSIM
SIM00013151;microSIM
SIM00013152;microSIM
SIM00013153;standard
SIM00013154;microSIM
SIM00013155;standard
SIM00013156;standard
SIM00013157;microSIM
SIM00013158;microSIM
SIM00013159;nanoSIM
SIM00013160;eSIM
SIM00013161;standard
SIM00013162;nanoSIM
SIM00013163;nanoSIM
SIM00013164;microSIM
SIM00013165;standard
SIM00013166;nanoSIM
SIM00013167;eSIM
SIM00013168;standard
SIM00013169;microSIM
SIM00013170;microSIM
SIM00013171;standard
SIM00013172;standard
SIM00013173;microSIM
SIM00013174;microSIM
SIM00013175;standard
SIM00013176;microSIM
SIM00013177;nanoSIM
SIM00013178;nanoSIM
SIM00013179;microSIM
SIM00013180;eSIM
SIM00013181;microSIM
SIM00013182;nanoSIM
SIM00013183;eSIM
SIM00013184;standard
SIM00013185;standard
SIM00013186;microSIM
SIM00013187;nanoSIM
SIM00013188;microSIM
SIM00013189;standard
SIM00013190;microSIM
SIM00013191;nanoSIM
SIM00013192;nanoSIM
SIM00013193;nanoSIM
SIM00013194;microSIM
SIM00013195;nanoSIM
SIM00013196;standard
SIM00013197;eSIM
SIM00013198;microSIM
SIM00013199;eSIM
SIM00013200;nanoSIM
SIM00013201;microSIM
SIM00013202;eSIM
SIM00013203;microSIM
SIM00013204;standard
SIM00013205;microSIM
SIM00013206;standard
SIM00013207;eSIM
SIM00013208;standard
SIM00013209;microSIM
SIM00013210;eSIM
SIM00013211;eSIM
SIM00013212;nanoSIM
SIM00013213;standard
SIM00013214;nanoSIM
SIM00013215;microSIM
SIM00013216;microSIM
SIM00013217;nanoSIM
SIM00013218;standard
SIM00013219;microSIM
SIM00013220;microSIM
SIM00013221;microSIM
SIM00013222;microSIM
SIM00013223;microSIM
SIM00013224;microSIM
SIM00013225;standard
SIM00013226;eSIM
SIM00013227;eSIM
SIM00013228;nanoSIM
SIM00013229;microSIM
SIM00013230;standard
SIM00013231;nanoSIM
SIM00013232;eSIM
SIM00013233;eSIM
SIM00013234;eSIM
SIM00013235;eSIM
SIM00013236;nanoSIM
SIM00013237;eSIM
SIM00013238;eSIM
SIM00013239;standard
SIM00013240;eSIM
SIM00013241;eSIM
SIM00013242;microSIM
SIM00013243;microSIM
SIM00013244;eSIM
SIM00013245;nanoSIM
SIM00013246;microSIM
SIM00013247;standard
SIM00013248;nanoSIM
SIM00013249;standard
SIM00013250;nanoSIM
SIM00013251;microSIM
SIM00013252;eSIM
SIM00013253;nanoSIM
SIM00013254;eSIM
SIM00013255;nanoSIM
SIM00013256;nanoSIM
SIM00013257;standard
SIM00013258;nanoSIM
SIM00013259;standard
SIM00013260;standard
SIM00013261;standard
SIM00013262;standard
SIM00013263;eSIM
SIM00013264;microSIM
SIM00013265;standard
SIM00013266;nanoSIM
SIM00013267;nanoSIM
SIM00013268;eSIM
SIM00013269;eSIM
SIM00013270;eSIM
SIM00013271;eSIM
SIM00013272;standard
SIM00013273;eSIM
SIM00013274;microSIM
SIM00013275;standard
SIM00013276;eSIM
SIM00013277;microSIM
SIM00013278;standard
SIM00013279;microSIM
SIM00013280;standard
SIM00013281;microSIM
SIM00013282;microSIM
SIM00013283;standard
SIM00013284;eSIM
SIM00013285;microSIM
SIM00013286;standard
SIM00013287;microSIM
SIM00013288;eSIM
SIM00013289;eSIM
SIM00013290;eSIM
SIM00013291;standard
SIM00013292;nanoSIM
SIM00013293;microSIM
SIM00013294;microSIM
SIM00013295;standard
SIM00013296;eSIM
SIM00013297;nanoSIM
SIM00013298;eSIM
SIM00013299;microSIM
SIM00013300;standard
SIM00013301;microSIM
SIM00013302;nanoSIM
SIM00013303;nanoSIM
SIM00013304;nanoSIM
SIM00013305;microSIM
SIM00013306;eSIM
SIM00013307;eSIM
SIM00013308;microSIM
SIM00013309;eSIM
SIM00013310;nanoSIM
SIM00013311;microSIM
SIM00013312;standard
SIM00013313;nanoSIM
SIM00013314;eSIM
SIM00013315;microSIM
SIM00013316;standard
SIM00013317;nanoSIM
SIM00013318;standard
SIM00013319;eSIM
SIM00013320;nanoSIM
SIM00013321;nanoSIM
SIM00013322;microSIM
SIM00013323;standard
SIM00013324;eSIM
SIM00013325;standard
SIM00013326;standard
SIM00013327;microSIM
SIM00013328;standard
SIM00013329;microSIM
SIM00013330;standard
SIM00013331;standard
SIM00013332;microSIM
SIM00013333;eSIM
SIM00013334;standard
SIM00013335;nanoSIM
SIM00013336;nanoSIM
SIM00013337;eSIM
SIM00013338;microSIM
SIM00013339;nanoSIM
SIM00013340;nanoSIM
SIM00013341;eSIM
SIM00013342;eSIM
SIM00013343;standard
SIM00013344;eSIM
SIM00013345;nanoSIM
SIM00013346;eSIM
SIM00013347;nanoSIM
SIM00013348;eSIM
SIM00013349;nanoSIM
SIM00013350;eSIM
SIM00013351;eSIM
SIM00013352;nanoSIM
SIM00013353;standard
SIM00013354;nanoSIM
SIM00013355;microSIM
SIM00013356;eSIM
SIM00013357;standard
SIM00013358;microSIM
SIM00013359;standard
SIM00013360;nanoSIM
SIM00013361;standard
SIM00013362;nanoSIM
SIM00013363;nanoSIM
SIM00013364;eSIM
SIM00013365;nanoSIM
SIM00013366;nanoSIM
SIM00013367;nanoSIM
SIM00013368;standard
SIM00013369;nanoSIM
SIM00013370;eSIM
SIM00013371;microSIM
SIM00013372;standard
SIM00013373;microSIM
SIM00013374;nanoSIM
SIM00013375;standard
SIM00013376;standard
SIM00013377;eSIM
SIM00013378;nanoSIM
SIM00013379;eSIM
SIM00013380;standard
SIM00013381;standard
SIM00013382;eSIM
SIM00013383;microSIM
SIM00013384;nanoSIM
SIM00013385;nanoSIM
SIM00013386;eSIM
SIM00013387;eSIM
SIM00013388;eSIM
SIM00013389;nanoSIM
SIM00013390;standard
SIM00013391;eSIM
SIM00013392;microSIM
SIM00013393;microSIM
SIM00013394;microSIM
SIM00013395;microSIM
SIM00013396;standard
SIM00013397;standard
SIM00013398;nanoSIM
SIM00013399;nanoSIM
SIM00013400;standard
SIM00013401;eSIM
SIM00013402;nanoSIM
SIM00013403;standard
SIM00013404;microSIM
SIM00013405;standard
SIM00013406;eSIM
SIM00013407;standard
SIM00013408;nanoSIM
SIM00013409;standard
SIM00013410;microSIM
SIM00013411;microSIM
SIM00013412;nanoSIM
SIM00013413;standard
SIM00013414;eSIM
SIM00013415;eSIM
SIM00013416;standard
SIM00013417;standard
SIM00013418;nanoSIM
SIM00013419;standard
SIM00013420;eSIM
SIM00013421;eSIM
SIM00013422;nanoSIM
SIM00013423;microSIM
SIM00013424;nanoSIM
SIM00013425;nanoSIM
SIM00013426;microSIM
SIM00013427;microSIM
SIM00013428;microSIM
SIM00013429;nanoSIM
SIM00013430;standard
SIM00013431;eSIM
SIM00013432;standard
SIM00013433;microSIM
SIM00013434;nanoSIM
SIM00013435;standard
SIM00013436;standard
SIM00013437;standard
SIM00013438;microSIM
SIM00013439;microSIM
SIM00013440;standard
SIM00013441;nanoSIM
SIM00013442;eSIM
SIM00013443;nanoSIM
SIM00013444;nanoSIM
SIM00013445;microSIM
SIM00013446;microSIM
SIM00013447;standard
SIM00013448;microSIM
SIM00013449;nanoSIM
SIM00013450;microSIM
SIM00013451;standard
SIM00013452;eSIM
SIM00013453;microSIM
SIM00013454;nanoSIM
SIM00013455;microSIM
SIM00013456;nanoSIM
SIM00013457;eSIM
SIM00013458;nanoSIM
SIM00013459;microSIM
SIM00013460;microSIM
SIM00013461;standard
SIM00013462;eSIM
SIM00013463;nanoSIM
SIM00013464;standard
SIM00013465;standard
SIM00013466;microSIM
SIM00013467;microSIM
SIM00013468;eSIM
SIM00013469;standard
SIM00013470;microSIM
SIM00013471;standard
SIM00013472;microSIM
SIM00013473;standard
SIM00013474;nanoSIM
SIM00013475;microSIM
SIM00013476;microSIM
SIM00013477;nanoSIM
SIM00013478;eSIM
SIM00013479;microSIM
SIM00013480;microSIM
SIM00013481;eSIM
SIM00013482;microSIM
SIM00013483;standard
SIM00013484;nanoSIM
SIM00013485;nanoSIM
SIM00013486;nanoSIM
SIM00013487;nanoSIM
SIM00013488;nanoSIM
SIM00013489;microSIM
SIM00013490;microSIM
SIM00013491;nanoSIM
SIM00013492;standard
SIM00013493;microSIM
SIM00013494;nanoSIM
SIM00013495;nanoSIM
SIM00013496;microSIM
SIM00013497;microSIM
SIM00013498;nanoSIM
SIM00013499;microSIM
SIM00013500;eSIM
SIM00013501;microSIM
SIM00013502;standard
SIM00013503;eSIM
SIM00013504;microSIM
SIM00013505;nanoSIM
SIM00013506;nanoSIM
SIM00013507;nanoSIM
SIM00013508;nanoSIM
SIM00013509;standard
SIM00013510;eSIM
SIM00013511;eSIM
SIM00013512;microSIM
SIM00013513;nanoSIM
SIM00013514;eSIM
SIM00013515;nanoSIM
SIM00013516;nanoSIM
SIM00013517;nanoSIM
SIM00013518;nanoSIM
SIM00013519;standard
SIM00013520;nanoSIM
SIM00013521;eSIM
SIM00013522;nanoSIM
SIM00013523;eSIM
SIM00013524;nanoSIM
SIM00013525;nanoSIM
SIM00013526;nanoSIM
SIM00013527;eSIM
SIM00013528;nanoSIM
SIM00013529;eSIM
SIM00013530;nanoSIM
SIM00013531;microSIM
SIM00013532;microSIM
SIM00013533;eSIM
SIM00013534;nanoSIM
SIM00013535;nanoSIM
SIM00013536;nanoSIM
SIM00013537;microSIM
SIM00013538;standard
SIM00013539;eSIM
SIM00013540;nanoSIM
SIM00013541;microSIM
SIM00013542;standard
SIM00013543;standard
SIM00013544;nanoSIM
SIM00013545;microSIM
SIM00013546;nanoSIM
SIM00013547;standard
SIM00013548;microSIM
SIM00013549;nanoSIM
SIM00013550;standard
SIM00013551;nanoSIM
SIM00013552;eSIM
SIM00013553;microSIM
SIM00013554;standard
SIM00013555;nanoSIM
SIM00013556;nanoSIM
SIM00013557;nanoSIM
SIM00013558;eSIM
SIM00013559;eSIM
SIM00013560;nanoSIM
SIM00013561;eSIM
SIM00013562;nanoSIM
SIM00013563;eSIM
SIM00013564;standard
SIM00013565;nanoSIM
SIM00013566;standard
SIM00013567;eSIM
SIM00013568;standard
SIM00013569;nanoSIM
SIM00013570;nanoSIM
SIM00013571;eSIM
SIM00013572;microSIM
SIM00013573;eSIM
SIM00013574;microSIM
SIM00013575;eSIM
SIM00013576;nanoSIM
SIM00013577;microSIM
SIM00013578;standard
SIM00013579;eSIM
SIM00013580;microSIM
SIM00013581;standard
SIM00013582;microSIM
SIM00013583;eSIM
SIM00013584;standard
SIM00013585;nanoSIM
SIM00013586;eSIM
SIM00013587;microSIM
SIM00013588;microSIM
SIM00013589;microSIM
SIM00013590;eSIM
SIM00013591;standard
SIM00013592;eSIM
SIM00013593;nanoSIM
SIM00013594;nanoSIM
SIM00013595;standard
SIM00013596;microSIM
SIM00013597;eSIM
SIM00013598;standard
SIM00013599;microSIM
SIM00013600;standard
SIM00013601;eSIM
SIM00013602;nanoSIM
SIM00013603;eSIM
SIM00013604;eSIM
SIM00013605;nanoSIM
SIM00013606;nanoSIM
SIM00013607;eSIM
SIM00013608;eSIM
SIM00013609;standard
SIM00013610;standard
SIM00013611;nanoSIM
SIM00013612;standard
SIM00013613;nanoSIM
SIM00013614;standard
SIM00013615;standard
SIM00013616;eSIM
SIM00013617;standard
SIM00013618;standard
SIM00013619;standard
SIM00013620;microSIM
SIM00013621;standard
SIM00013622;nanoSIM
SIM00013623;nanoSIM
SIM00013624;standard
SIM00013625;nanoSIM
SIM00013626;nanoSIM
SIM00013627;eSIM
SIM00013628;microSIM
SIM00013629;nanoSIM
SIM00013630;microSIM
SIM00013631;nanoSIM
SIM00013632;standard
SIM00013633;microSIM
SIM00013634;eSIM
SIM00013635;microSIM
SIM00013636;standard
SIM00013637;microSIM
SIM00013638;nanoSIM
SIM00013639;eSIM
SIM00013640;standard
SIM00013641;nanoSIM
SIM00013642;nanoSIM
SIM00013643;standard
SIM00013644;standard
SIM00013645;nanoSIM
SIM00013646;standard
SIM00013647;nanoSIM
SIM00013648;nanoSIM
SIM00013649;eSIM
SIM00013650;microSIM
SIM00013651;eSIM
SIM00013652;standard
SIM00013653;eSIM
SIM00013654;eSIM
SIM00013655;nanoSIM
SIM00013656;standard
SIM00013657;eSIM
SIM00013658;nanoSIM
SIM00013659;eSIM
SIM00013660;eSIM
SIM00013661;eSIM
SIM00013662;microSIM
SIM00013663;eSIM
SIM00013664;eSIM
SIM00013665;standard
SIM00013666;microSIM
SIM00013667;standard
SIM00013668;standard
SIM00013669;microSIM
SIM00013670;standard
SIM00013671;microSIM
SIM00013672;eSIM
SIM00013673;nanoSIM
SIM00013674;nanoSIM
SIM00013675;microSIM
SIM00013676;microSIM
SIM00013677;microSIM
SIM00013678;eSIM
SIM00013679;eSIM
SIM00013680;nanoSIM
SIM00013681;eSIM
SIM00013682;eSIM
SIM00013683;microSIM
SIM00013684;microSIM
SIM00013685;standard
SIM00013686;standard
SIM00013687;standard
SIM00013688;standard
SIM00013689;nanoSIM
SIM00013690;microSIM
SIM00013691;eSIM
SIM00013692;standard
SIM00013693;nanoSIM
SIM00013694;standard
SIM00013695;nanoSIM
SIM00013696;nanoSIM
SIM00013697;nanoSIM
SIM00013698;microSIM
SIM00013699;nanoSIM
SIM00013700;nanoSIM
SIM00013701;microSIM
SIM00013702;standard
SIM00013703;standard
SIM00013704;nanoSIM
SIM00013705;standard
SIM00013706;standard
SIM00013707;microSIM
SIM00013708;microSIM
SIM00013709;nanoSIM
SIM00013710;nanoSIM
SIM00013711;standard
SIM00013712;standard
SIM00013713;microSIM
SIM00013714;eSIM
SIM00013715;eSIM
SIM00013716;nanoSIM
SIM00013717;nanoSIM
SIM00013718;nanoSIM
SIM00013719;standard
SIM00013720;microSIM
SIM00013721;eSIM
SIM00013722;nanoSIM
SIM00013723;eSIM
SIM00013724;standard
SIM00013725;standard
SIM00013726;standard
SIM00013727;nanoSIM
SIM00013728;eSIM
SIM00013729;nanoSIM
SIM00013730;standard
SIM00013731;nanoSIM
SIM00013732;microSIM
SIM00013733;eSIM
SIM00013734;eSIM
SIM00013735;microSIM
SIM00013736;standard
SIM00013737;microSIM
SIM00013738;standard
SIM00013739;eSIM
SIM00013740;nanoSIM
SIM00013741;standard
SIM00013742;nanoSIM
SIM00013743;eSIM
SIM00013744;nanoSIM
SIM00013745;nanoSIM
SIM00013746;microSIM
SIM00013747;eSIM
SIM00013748;nanoSIM
SIM00013749;standard
SIM00013750;nanoSIM
SIM00013751;standard
SIM00013752;standard
SIM00013753;microSIM
SIM00013754;microSIM
SIM00013755;standard
SIM00013756;standard
SIM00013757;microSIM
SIM00013758;nanoSIM
SIM00013759;nanoSIM
SIM00013760;eSIM
SIM00013761;microSIM
SIM00013762;microSIM
SIM00013763;nanoSIM
SIM00013764;nanoSIM
SIM00013765;microSIM
SIM00013766;eSIM
SIM00013767;nanoSIM
SIM00013768;standard
SIM00013769;eSIM
SIM00013770;standard
SIM00013771;nanoSIM
SIM00013772;eSIM
SIM00013773;eSIM
SIM00013774;eSIM
SIM00013775;nanoSIM
SIM00013776;microSIM
SIM00013777;microSIM
SIM00013778;nanoSIM
SIM00013779;microSIM
SIM00013780;standard
SIM00013781;eSIM
SIM00013782;eSIM
SIM00013783;standard
SIM00013784;nanoSIM
SIM00013785;eSIM
SIM00013786;standard
SIM00013787;eSIM
SIM00013788;nanoSIM
SIM00013789;microSIM
SIM00013790;standard
SIM00013791;nanoSIM
SIM00013792;eSIM
SIM00013793;nanoSIM
SIM00013794;nanoSIM
SIM00013795;standard
SIM00013796;eSIM
SIM00013797;microSIM
SIM00013798;microSIM
SIM00013799;standard
SIM00013800;microSIM
SIM00013801;nanoSIM
SIM00013802;nanoSIM
SIM00013803;microSIM
SIM00013804;nanoSIM
SIM00013805;microSIM
SIM00013806;nanoSIM
SIM00013807;eSIM
SIM00013808;microSIM
SIM00013809;standard
SIM00013810;microSIM
SIM00013811;nanoSIM
SIM00013812;standard
SIM00013813;standard
SIM00013814;standard
SIM00013815;eSIM
SIM00013816;standard
SIM00013817;eSIM
SIM00013818;standard
SIM00013819;nanoSIM
SIM00013820;standard
SIM00013821;standard
SIM00013822;microSIM
SIM00013823;eSIM
SIM00013824;nanoSIM
SIM00013825;nanoSIM
SIM00013826;standard
SIM00013827;standard
SIM00013828;microSIM
SIM00013829;standard
SIM00013830;eSIM
SIM00013831;standard
SIM00013832;eSIM
SIM00013833;microSIM
SIM00013834;microSIM
SIM00013835;nanoSIM
SIM00013836;eSIM
SIM00013837;nanoSIM
SIM00013838;nanoSIM
SIM00013839;nanoSIM
SIM00013840;nanoSIM
SIM00013841;standard
SIM00013842;microSIM
SIM00013843;nanoSIM
SIM00013844;microSIM
SIM00013845;eSIM
SIM00013846;standard
SIM00013847;nanoSIM
SIM00013848;nanoSIM
SIM00013849;microSIM
SIM00013850;standard
SIM00013851;standard
SIM00013852;nanoSIM
SIM00013853;standard
SIM00013854;standard
SIM00013855;eSIM
SIM00013856;nanoSIM
SIM00013857;microSIM
SIM00013858;standard
SIM00013859;standard
SIM00013860;nanoSIM
SIM00013861;standard
SIM00013862;nanoSIM
SIM00013863;standard
SIM00013864;nanoSIM
SIM00013865;microSIM
SIM00013866;eSIM
SIM00013867;eSIM
SIM00013868;nanoSIM
SIM00013869;standard
SIM00013870;eSIM
SIM00013871;eSIM
SIM00013872;microSIM
SIM00013873;nanoSIM
SIM00013874;standard
SIM00013875;microSIM
SIM00013876;standard
SIM00013877;eSIM
SIM00013878;nanoSIM
SIM00013879;microSIM
SIM00013880;eSIM
SIM00013881;eSIM
SIM00013882;eSIM
SIM00013883;microSIM
SIM00013884;eSIM
SIM00013885;nanoSIM
SIM00013886;microSIM
SIM00013887;eSIM
SIM00013888;eSIM
SIM00013889;nanoSIM
SIM00013890;nanoSIM
SIM00013891;standard
SIM00013892;standard
SIM00013893;nanoSIM
SIM00013894;standard
SIM00013895;eSIM
SIM00013896;standard
SIM00013897;standard
SIM00013898;microSIM
SIM00013899;eSIM
SIM00013900;standard
SIM00013901;nanoSIM
SIM00013902;microSIM
SIM00013903;nanoSIM
SIM00013904;standard
SIM00013905;microSIM
SIM00013906;microSIM
SIM00013907;nanoSIM
SIM00013908;nanoSIM
SIM00013909;standard
SIM00013910;microSIM
SIM00013911;standard
SIM00013912;eSIM
SIM00013913;eSIM
SIM00013914;microSIM
SIM00013915;standard
SIM00013916;nanoSIM
SIM00013917;nanoSIM
SIM00013918;nanoSIM
SIM00013919;microSIM
SIM00013920;standard
SIM00013921;microSIM
SIM00013922;standard
SIM00013923;microSIM
SIM00013924;microSIM
SIM00013925;eSIM
SIM00013926;standard
SIM00013927;standard
SIM00013928;nanoSIM
SIM00013929;microSIM
SIM00013930;eSIM
SIM00013931;standard
SIM00013932;standard
SIM00013933;standard
SIM00013934;nanoSIM
SIM00013935;nanoSIM
SIM00013936;microSIM
SIM00013937;nanoSIM
SIM00013938;nanoSIM
SIM00013939;standard
SIM00013940;microSIM
SIM00013941;eSIM
SIM00013942;eSIM
SIM00013943;microSIM
SIM00013944;nanoSIM
SIM00013945;nanoSIM
SIM00013946;eSIM
SIM00013947;standard
SIM00013948;nanoSIM
SIM00013949;microSIM
SIM00013950;standard
SIM00013951;eSIM
SIM00013952;microSIM
SIM00013953;microSIM
SIM00013954;standard
SIM00013955;nanoSIM
SIM00013956;nanoSIM
SIM00013957;standard
SIM00013958;eSIM
SIM00013959;standard
SIM00013960;standard
SIM00013961;standard
SIM00013962;eSIM
SIM00013963;standard
SIM00013964;eSIM
SIM00013965;eSIM
SIM00013966;nanoSIM
SIM00013967;eSIM
SIM00013968;microSIM
SIM00013969;nanoSIM
SIM00013970;nanoSIM
SIM00013971;microSIM
SIM00013972;standard
SIM00013973;eSIM
SIM00013974;standard
SIM00013975;microSIM
SIM00013976;standard
SIM00013977;eSIM
SIM00013978;eSIM
SIM00013979;standard
SIM00013980;standard
SIM00013981;nanoSIM
SIM00013982;microSIM
SIM00013983;nanoSIM
SIM00013984;microSIM
SIM00013985;eSIM
SIM00013986;standard
SIM00013987;standard
SIM00013988;eSIM
SIM00013989;nanoSIM
SIM00013990;eSIM
SIM00013991;eSIM
SIM00013992;standard
SIM00013993;microSIM
SIM00013994;nanoSIM
SIM00013995;microSIM
SIM00013996;nanoSIM
SIM00013997;nanoSIM
SIM00013998;microSIM
SIM00013999;standard
SIM00014000;microSIM
SIM00014001;nanoSIM
SIM00014002;microSIM
SIM00014003;microSIM
SIM00014004;standard
SIM00014005;standard
SIM00014006;standard
SIM00014007;microSIM
SIM00014008;microSIM
SIM00014009;nanoSIM
SIM00014010;standard
SIM00014011;nanoSIM
SIM00014012;nanoSIM
SIM00014013;microSIM
SIM00014014;eSIM
SIM00014015;nanoSIM
SIM00014016;microSIM
SIM00014017;microSIM
SIM00014018;standard
SIM00014019;standard
SIM00014020;eSIM
SIM00014021;eSIM
SIM00014022;microSIM
SIM00014023;standard
SIM00014024;microSIM
SIM00014025;standard
SIM00014026;standard
SIM00014027;standard
SIM00014028;eSIM
SIM00014029;eSIM
SIM00014030;standard
SIM00014031;microSIM
SIM00014032;microSIM
SIM00014033;eSIM
SIM00014034;eSIM
SIM00014035;standard
SIM00014036;nanoSIM
SIM00014037;eSIM
SIM00014038;eSIM
SIM00014039;eSIM
SIM00014040;standard
SIM00014041;eSIM
SIM00014042;standard
SIM00014043;microSIM
SIM00014044;standard
SIM00014045;standard
SIM00014046;nanoSIM
SIM00014047;eSIM
SIM00014048;nanoSIM
SIM00014049;microSIM
SIM00014050;nanoSIM
SIM00014051;standard
SIM00014052;standard
SIM00014053;nanoSIM
SIM00014054;standard
SIM00014055;nanoSIM
SIM00014056;standard
SIM00014057;eSIM
SIM00014058;eSIM
SIM00014059;eSIM
SIM00014060;microSIM
SIM00014061;microSIM
SIM00014062;standard
SIM00014063;microSIM
SIM00014064;microSIM
SIM00014065;eSIM
SIM00014066;standard
SIM00014067;nanoSIM
SIM00014068;nanoSIM
SIM00014069;eSIM
SIM00014070;microSIM
SIM00014071;eSIM
SIM00014072;eSIM
SIM00014073;eSIM
SIM00014074;standard
SIM00014075;nanoSIM
SIM00014076;microSIM
SIM00014077;nanoSIM
SIM00014078;nanoSIM
SIM00014079;standard
SIM00014080;microSIM
SIM00014081;nanoSIM
SIM00014082;standard
SIM00014083;nanoSIM
SIM00014084;nanoSIM
SIM00014085;standard
SIM00014086;microSIM
SIM00014087;eSIM
SIM00014088;microSIM
SIM00014089;microSIM
SIM00014090;standard
SIM00014091;standard
SIM00014092;standard
SIM00014093;standard
SIM00014094;eSIM
SIM00014095;microSIM
SIM00014096;microSIM
SIM00014097;microSIM
SIM00014098;nanoSIM
SIM00014099;standard
SIM00014100;eSIM
SIM00014101;nanoSIM
SIM00014102;eSIM
SIM00014103;eSIM
SIM00014104;nanoSIM
SIM00014105;eSIM
SIM00014106;microSIM
SIM00014107;eSIM
SIM00014108;standard
SIM00014109;eSIM
SIM00014110;nanoSIM
SIM00014111;nanoSIM
SIM00014112;nanoSIM
SIM00014113;microSIM
SIM00014114;eSIM
SIM00014115;standard
SIM00014116;standard
SIM00014117;nanoSIM
SIM00014118;nanoSIM
SIM00014119;standard
SIM00014120;nanoSIM
SIM00014121;standard
SIM00014122;microSIM
SIM00014123;eSIM
SIM00014124;standard
SIM00014125;microSIM
SIM00014126;nanoSIM
SIM00014127;nanoSIM
SIM00014128;standard
SIM00014129;microSIM
SIM00014130;standard
SIM00014131;nanoSIM
SIM00014132;standard
SIM00014133;microSIM
SIM00014134;nanoSIM
SIM00014135;eSIM
SIM00014136;nanoSIM
SIM00014137;microSIM
SIM00014138;microSIM
SIM00014139;standard
SIM00014140;nanoSIM
SIM00014141;standard
SIM00014142;microSIM
SIM00014143;eSIM
SIM00014144;nanoSIM
SIM00014145;eSIM
SIM00014146;eSIM
SIM00014147;standard
SIM00014148;eSIM
SIM00014149;eSIM
SIM00014150;nanoSIM
SIM00014151;nanoSIM
SIM00014152;standard
SIM00014153;eSIM
SIM00014154;microSIM
SIM00014155;eSIM
SIM00014156;nanoSIM
SIM00014157;nanoSIM
SIM00014158;nanoSIM
SIM00014159;standard
SIM00014160;eSIM
SIM00014161;eSIM
SIM00014162;nanoSIM
SIM00014163;eSIM
SIM00014164;microSIM
SIM00014165;eSIM
SIM00014166;standard
SIM00014167;nanoSIM
SIM00014168;eSIM
SIM00014169;nanoSIM
SIM00014170;microSIM
SIM00014171;standard
SIM00014172;standard
SIM00014173;nanoSIM
SIM00014174;nanoSIM
SIM00014175;eSIM
SIM00014176;microSIM
SIM00014177;microSIM
SIM00014178;standard
SIM00014179;microSIM
SIM00014180;microSIM
SIM00014181;microSIM
SIM00014182;nanoSIM
SIM00014183;microSIM
SIM00014184;microSIM
SIM00014185;nanoSIM
SIM00014186;nanoSIM
SIM00014187;standard
SIM00014188;eSIM
SIM00014189;nanoSIM
SIM00014190;nanoSIM
SIM00014191;standard
SIM00014192;eSIM
SIM00014193;microSIM
SIM00014194;microSIM
SIM00014195;standard
SIM00014196;microSIM
SIM00014197;eSIM
SIM00014198;microSIM
SIM00014199;microSIM
SIM00014200;microSIM
SIM00014201;standard
SIM00014202;standard
SIM00014203;nanoSIM
SIM00014204;microSIM
SIM00014205;eSIM
SIM00014206;standard
SIM00014207;standard
SIM00014208;microSIM
SIM00014209;eSIM
SIM00014210;eSIM
SIM00014211;microSIM
SIM00014212;eSIM
SIM00014213;standard
SIM00014214;microSIM
SIM00014215;microSIM
SIM00014216;microSIM
SIM00014217;standard
SIM00014218;eSIM
SIM00014219;standard
SIM00014220;microSIM
SIM00014221;microSIM
SIM00014222;microSIM
SIM00014223;microSIM
SIM00014224;eSIM
SIM00014225;microSIM
SIM00014226;microSIM
SIM00014227;standard
SIM00014228;nanoSIM
SIM00014229;microSIM
SIM00014230;microSIM
SIM00014231;microSIM
SIM00014232;microSIM
SIM00014233;standard
SIM00014234;eSIM
SIM00014235;standard
SIM00014236;nanoSIM
SIM00014237;standard
SIM00014238;eSIM
SIM00014239;microSIM
SIM00014240;eSIM
SIM00014241;eSIM
SIM00014242;nanoSIM
SIM00014243;standard
SIM00014244;microSIM
SIM00014245;nanoSIM
SIM00014246;nanoSIM
SIM00014247;nanoSIM
SIM00014248;microSIM
SIM00014249;eSIM
SIM00014250;microSIM
SIM00014251;eSIM
SIM00014252;nanoSIM
SIM00014253;microSIM
SIM00014254;standard
SIM00014255;microSIM
SIM00014256;eSIM
SIM00014257;standard
SIM00014258;eSIM
SIM00014259;microSIM
SIM00014260;microSIM
SIM00014261;microSIM
SIM00014262;microSIM
SIM00014263;nanoSIM
SIM00014264;microSIM
SIM00014265;standard
SIM00014266;eSIM
SIM00014267;nanoSIM
SIM00014268;nanoSIM
SIM00014269;microSIM
SIM00014270;microSIM
SIM00014271;standard
SIM00014272;standard
SIM00014273;standard
SIM00014274;eSIM
SIM00014275;nanoSIM
SIM00014276;eSIM
SIM00014277;eSIM
SIM00014278;eSIM
SIM00014279;eSIM
SIM00014280;eSIM
SIM00014281;eSIM
SIM00014282;eSIM
SIM00014283;eSIM
SIM00014284;microSIM
SIM00014285;standard
SIM00014286;microSIM
SIM00014287;standard
SIM00014288;microSIM
SIM00014289;standard
SIM00014290;microSIM
SIM00014291;microSIM
SIM00014292;microSIM
SIM00014293;microSIM
SIM00014294;eSIM
SIM00014295;microSIM
SIM00014296;microSIM
SIM00014297;standard
SIM00014298;eSIM
SIM00014299;eSIM
SIM00014300;standard
SIM00014301;microSIM
SIM00014302;standard
SIM00014303;eSIM
SIM00014304;nanoSIM
SIM00014305;microSIM
SIM00014306;microSIM
SIM00014307;nanoSIM
SIM00014308;nanoSIM
SIM00014309;standard
SIM00014310;eSIM
SIM00014311;microSIM
SIM00014312;nanoSIM
SIM00014313;microSIM
SIM00014314;standard
SIM00014315;eSIM
SIM00014316;eSIM
SIM00014317;standard
SIM00014318;standard
SIM00014319;standard
SIM00014320;eSIM
SIM00014321;standard
SIM00014322;nanoSIM
SIM00014323;eSIM
SIM00014324;standard
SIM00014325;nanoSIM
SIM00014326;standard
SIM00014327;nanoSIM
SIM00014328;eSIM
SIM00014329;nanoSIM
SIM00014330;microSIM
SIM00014331;microSIM
SIM00014332;microSIM
SIM00014333;microSIM
SIM00014334;eSIM
SIM00014335;standard
SIM00014336;microSIM
SIM00014337;eSIM
SIM00014338;eSIM
SIM00014339;nanoSIM
SIM00014340;nanoSIM
SIM00014341;microSIM
SIM00014342;eSIM
SIM00014343;eSIM
SIM00014344;nanoSIM
SIM00014345;nanoSIM
SIM00014346;microSIM
SIM00014347;eSIM
SIM00014348;nanoSIM
SIM00014349;nanoSIM
SIM00014350;microSIM
SIM00014351;standard
SIM00014352;microSIM
SIM00014353;microSIM
SIM00014354;nanoSIM
SIM00014355;microSIM
SIM00014356;microSIM
SIM00014357;nanoSIM
SIM00014358;nanoSIM
SIM00014359;standard
SIM00014360;microSIM
SIM00014361;microSIM
SIM00014362;microSIM
SIM00014363;standard
SIM00014364;nanoSIM
SIM00014365;standard
SIM00014366;standard
SIM00014367;standard
SIM00014368;standard
SIM00014369;microSIM
SIM00014370;nanoSIM
SIM00014371;standard
SIM00014372;nanoSIM
SIM00014373;standard
SIM00014374;eSIM
SIM00014375;standard
SIM00014376;microSIM
SIM00014377;standard
SIM00014378;eSIM
SIM00014379;standard
SIM00014380;nanoSIM
SIM00014381;microSIM
SIM00014382;eSIM
SIM00014383;nanoSIM
SIM00014384;nanoSIM
SIM00014385;nanoSIM
SIM00014386;microSIM
SIM00014387;eSIM
SIM00014388;microSIM
SIM00014389;microSIM
SIM00014390;eSIM
SIM00014391;nanoSIM
SIM00014392;microSIM
SIM00014393;microSIM
SIM00014394;standard
SIM00014395;eSIM
SIM00014396;microSIM
SIM00014397;microSIM
SIM00014398;standard
SIM00014399;eSIM
SIM00014400;standard
SIM00014401;microSIM
SIM00014402;microSIM
SIM00014403;nanoSIM
SIM00014404;nanoSIM
SIM00014405;microSIM
SIM00014406;nanoSIM
SIM00014407;standard
SIM00014408;eSIM
SIM00014409;microSIM
SIM00014410;microSIM
SIM00014411;microSIM
SIM00014412;microSIM
SIM00014413;standard
SIM00014414;nanoSIM
SIM00014415;nanoSIM
SIM00014416;standard
SIM00014417;standard
SIM00014418;eSIM
SIM00014419;nanoSIM
SIM00014420;nanoSIM
SIM00014421;eSIM
SIM00014422;nanoSIM
SIM00014423;standard
SIM00014424;eSIM
SIM00014425;eSIM
SIM00014426;standard
SIM00014427;eSIM
SIM00014428;microSIM
SIM00014429;microSIM
SIM00014430;standard
SIM00014431;eSIM
SIM00014432;standard
SIM00014433;microSIM
SIM00014434;standard
SIM00014435;nanoSIM
SIM00014436;nanoSIM
SIM00014437;nanoSIM
SIM00014438;nanoSIM
SIM00014439;eSIM
SIM00014440;standard
SIM00014441;nanoSIM
SIM00014442;microSIM
SIM00014443;microSIM
SIM00014444;microSIM
SIM00014445;standard
SIM00014446;nanoSIM
SIM00014447;nanoSIM
SIM00014448;eSIM
SIM00014449;microSIM
SIM00014450;nanoSIM
SIM00014451;microSIM
SIM00014452;eSIM
SIM00014453;standard
SIM00014454;microSIM
SIM00014455;nanoSIM
SIM00014456;nanoSIM
SIM00014457;eSIM
SIM00014458;microSIM
SIM00014459;microSIM
SIM00014460;nanoSIM
SIM00014461;microSIM
SIM00014462;nanoSIM
SIM00014463;eSIM
SIM00014464;eSIM
SIM00014465;microSIM
SIM00014466;microSIM
SIM00014467;microSIM
SIM00014468;standard
SIM00014469;nanoSIM
SIM00014470;standard
SIM00014471;nanoSIM
SIM00014472;nanoSIM
SIM00014473;nanoSIM
SIM00014474;standard
SIM00014475;microSIM
SIM00014476;microSIM
SIM00014477;microSIM
SIM00014478;nanoSIM
SIM00014479;microSIM
SIM00014480;nanoSIM
SIM00014481;nanoSIM
SIM00014482;nanoSIM
SIM00014483;eSIM
SIM00014484;nanoSIM
SIM00014485;nanoSIM
SIM00014486;standard
SIM00014487;nanoSIM
SIM00014488;standard
SIM00014489;eSIM
SIM00014490;standard
SIM00014491;nanoSIM
SIM00014492;eSIM
SIM00014493;microSIM
SIM00014494;nanoSIM
SIM00014495;standard
SIM00014496;standard
SIM00014497;standard
SIM00014498;standard
SIM00014499;microSIM
SIM00014500;nanoSIM
SIM00014501;nanoSIM
SIM00014502;nanoSIM
SIM00014503;eSIM
SIM00014504;eSIM
SIM00014505;microSIM
SIM00014506;nanoSIM
SIM00014507;eSIM
SIM00014508;microSIM
SIM00014509;microSIM
SIM00014510;microSIM
SIM00014511;standard
SIM00014512;eSIM
SIM00014513;microSIM
SIM00014514;microSIM
SIM00014515;standard
SIM00014516;nanoSIM
SIM00014517;eSIM
SIM00014518;standard
SIM00014519;microSIM
SIM00014520;eSIM
SIM00014521;nanoSIM
SIM00014522;standard
SIM00014523;standard
SIM00014524;microSIM
SIM00014525;microSIM
SIM00014526;microSIM
SIM00014527;microSIM
SIM00014528;standard
SIM00014529;eSIM
SIM00014530;nanoSIM
SIM00014531;eSIM
SIM00014532;eSIM
SIM00014533;eSIM
SIM00014534;microSIM
SIM00014535;nanoSIM
SIM00014536;standard
SIM00014537;eSIM
SIM00014538;microSIM
SIM00014539;standard
SIM00014540;nanoSIM
SIM00014541;nanoSIM
SIM00014542;standard
SIM00014543;nanoSIM
SIM00014544;standard
SIM00014545;standard
SIM00014546;standard
SIM00014547;microSIM
SIM00014548;nanoSIM
SIM00014549;standard
SIM00014550;microSIM
SIM00014551;standard
SIM00014552;microSIM
SIM00014553;microSIM
SIM00014554;eSIM
SIM00014555;standard
SIM00014556;eSIM
SIM00014557;eSIM
SIM00014558;microSIM
SIM00014559;standard
SIM00014560;microSIM
SIM00014561;nanoSIM
SIM00014562;standard
SIM00014563;nanoSIM
SIM00014564;nanoSIM
SIM00014565;microSIM
SIM00014566;nanoSIM
SIM00014567;nanoSIM
SIM00014568;microSIM
SIM00014569;eSIM
SIM00014570;standard
SIM00014571;microSIM
SIM00014572;microSIM
SIM00014573;microSIM
SIM00014574;microSIM
SIM00014575;eSIM
SIM00014576;standard
SIM00014577;microSIM
SIM00014578;microSIM
SIM00014579;eSIM
SIM00014580;microSIM
SIM00014581;microSIM
SIM00014582;microSIM
SIM00014583;eSIM
SIM00014584;microSIM
SIM00014585;microSIM
SIM00014586;standard
SIM00014587;eSIM
SIM00014588;nanoSIM
SIM00014589;nanoSIM
SIM00014590;nanoSIM
SIM00014591;eSIM
SIM00014592;eSIM
SIM00014593;microSIM
SIM00014594;microSIM
SIM00014595;nanoSIM
SIM00014596;eSIM
SIM00014597;standard
SIM00014598;standard
SIM00014599;eSIM
SIM00014600;standard
SIM00014601;standard
SIM00014602;standard
SIM00014603;nanoSIM
SIM00014604;standard
SIM00014605;nanoSIM
SIM00014606;microSIM
SIM00014607;eSIM
SIM00014608;nanoSIM
SIM00014609;standard
SIM00014610;eSIM
SIM00014611;microSIM
SIM00014612;eSIM
SIM00014613;microSIM
SIM00014614;nanoSIM
SIM00014615;nanoSIM
SIM00014616;eSIM
SIM00014617;microSIM
SIM00014618;microSIM
SIM00014619;nanoSIM
SIM00014620;microSIM
SIM00014621;nanoSIM
SIM00014622;standard
SIM00014623;standard
SIM00014624;eSIM
SIM00014625;standard
SIM00014626;standard
SIM00014627;nanoSIM
SIM00014628;microSIM
SIM00014629;standard
SIM00014630;standard
SIM00014631;eSIM
SIM00014632;eSIM
SIM00014633;nanoSIM
SIM00014634;nanoSIM
SIM00014635;standard
SIM00014636;standard
SIM00014637;standard
SIM00014638;nanoSIM
SIM00014639;microSIM
SIM00014640;eSIM
SIM00014641;standard
SIM00014642;standard
SIM00014643;eSIM
SIM00014644;standard
SIM00014645;standard
SIM00014646;standard
SIM00014647;eSIM
SIM00014648;standard
SIM00014649;microSIM
SIM00014650;standard
SIM00014651;eSIM
SIM00014652;nanoSIM
SIM00014653;microSIM
SIM00014654;microSIM
SIM00014655;standard
SIM00014656;standard
SIM00014657;eSIM
SIM00014658;standard
SIM00014659;eSIM
SIM00014660;microSIM
SIM00014661;eSIM
SIM00014662;eSIM
SIM00014663;eSIM
SIM00014664;standard
SIM00014665;standard
SIM00014666;microSIM
SIM00014667;eSIM
SIM00014668;eSIM
SIM00014669;standard
SIM00014670;microSIM
SIM00014671;nanoSIM
SIM00014672;nanoSIM
SIM00014673;nanoSIM
SIM00014674;microSIM
SIM00014675;standard
SIM00014676;standard
SIM00014677;microSIM
SIM00014678;eSIM
SIM00014679;microSIM
SIM00014680;nanoSIM
SIM00014681;microSIM
SIM00014682;standard
SIM00014683;microSIM
SIM00014684;eSIM
SIM00014685;microSIM
SIM00014686;nanoSIM
SIM00014687;eSIM
SIM00014688;standard
SIM00014689;eSIM
SIM00014690;microSIM
SIM00014691;eSIM
SIM00014692;microSIM
SIM00014693;nanoSIM
SIM00014694;standard
SIM00014695;nanoSIM
SIM00014696;eSIM
SIM00014697;standard
SIM00014698;microSIM
SIM00014699;standard
SIM00014700;standard
SIM00014701;standard
SIM00014702;microSIM
SIM00014703;nanoSIM
SIM00014704;nanoSIM
SIM00014705;microSIM
SIM00014706;nanoSIM
SIM00014707;microSIM
SIM00014708;nanoSIM
SIM00014709;eSIM
SIM00014710;microSIM
SIM00014711;microSIM
SIM00014712;nanoSIM
SIM00014713;standard
SIM00014714;standard
SIM00014715;nanoSIM
SIM00014716;nanoSIM
SIM00014717;nanoSIM
SIM00014718;microSIM
SIM00014719;nanoSIM
SIM00014720;eSIM
SIM00014721;microSIM
SIM00014722;microSIM
SIM00014723;microSIM
SIM00014724;eSIM
SIM00014725;nanoSIM
SIM00014726;eSIM
SIM00014727;eSIM
SIM00014728;eSIM
SIM00014729;nanoSIM
SIM00014730;standard
SIM00014731;microSIM
SIM00014732;standard
SIM00014733;nanoSIM
SIM00014734;nanoSIM
SIM00014735;nanoSIM
SIM00014736;standard
SIM00014737;microSIM
SIM00014738;nanoSIM
SIM00014739;eSIM
SIM00014740;eSIM
SIM00014741;eSIM
SIM00014742;nanoSIM
SIM00014743;standard
SIM00014744;standard
SIM00014745;standard
SIM00014746;standard
SIM00014747;eSIM
SIM00014748;standard
SIM00014749;microSIM
SIM00014750;nanoSIM
SIM00014751;standard
SIM00014752;eSIM
SIM00014753;nanoSIM
SIM00014754;standard
SIM00014755;eSIM
SIM00014756;nanoSIM
SIM00014757;microSIM
SIM00014758;standard
SIM00014759;eSIM
SIM00014760;eSIM
SIM00014761;standard
SIM00014762;microSIM
SIM00014763;standard
SIM00014764;nanoSIM
SIM00014765;eSIM
SIM00014766;microSIM
SIM00014767;nanoSIM
SIM00014768;eSIM
SIM00014769;nanoSIM
SIM00014770;eSIM
SIM00014771;microSIM
SIM00014772;microSIM
SIM00014773;standard
SIM00014774;standard
SIM00014775;standard
SIM00014776;nanoSIM
SIM00014777;nanoSIM
SIM00014778;nanoSIM
SIM00014779;eSIM
SIM00014780;eSIM
SIM00014781;eSIM
SIM00014782;nanoSIM
SIM00014783;standard
SIM00014784;microSIM
SIM00014785;eSIM
SIM00014786;standard
SIM00014787;standard
SIM00014788;microSIM
SIM00014789;microSIM
SIM00014790;nanoSIM
SIM00014791;microSIM
SIM00014792;microSIM
SIM00014793;eSIM
SIM00014794;eSIM
SIM00014795;microSIM
SIM00014796;microSIM
SIM00014797;standard
SIM00014798;nanoSIM
SIM00014799;standard
SIM00014800;microSIM
SIM00014801;nanoSIM
SIM00014802;microSIM
SIM00014803;standard
SIM00014804;standard
SIM00014805;nanoSIM
SIM00014806;microSIM
SIM00014807;nanoSIM
SIM00014808;standard
SIM00014809;nanoSIM
SIM00014810;standard
SIM00014811;microSIM
SIM00014812;standard
SIM00014813;microSIM
SIM00014814;standard
SIM00014815;standard
SIM00014816;nanoSIM
SIM00014817;microSIM
SIM00014818;nanoSIM
SIM00014819;standard
SIM00014820;standard
SIM00014821;standard
SIM00014822;nanoSIM
SIM00014823;standard
SIM00014824;nanoSIM
SIM00014825;eSIM
SIM00014826;standard
SIM00014827;standard
SIM00014828;nanoSIM
SIM00014829;nanoSIM
SIM00014830;eSIM
SIM00014831;eSIM
SIM00014832;microSIM
SIM00014833;nanoSIM
SIM00014834;eSIM
SIM00014835;microSIM
SIM00014836;eSIM
SIM00014837;eSIM
SIM00014838;nanoSIM
SIM00014839;standard
SIM00014840;nanoSIM
SIM00014841;eSIM
SIM00014842;nanoSIM
SIM00014843;microSIM
SIM00014844;standard
SIM00014845;microSIM
SIM00014846;standard
SIM00014847;microSIM
SIM00014848;microSIM
SIM00014849;eSIM
SIM00014850;eSIM
SIM00014851;eSIM
SIM00014852;standard
SIM00014853;eSIM
SIM00014854;nanoSIM
SIM00014855;eSIM
SIM00014856;eSIM
SIM00014857;nanoSIM
SIM00014858;nanoSIM
SIM00014859;standard
SIM00014860;standard
SIM00014861;nanoSIM
SIM00014862;microSIM
SIM00014863;standard
SIM00014864;microSIM
SIM00014865;eSIM
SIM00014866;nanoSIM
SIM00014867;nanoSIM
SIM00014868;standard
SIM00014869;nanoSIM
SIM00014870;standard
SIM00014871;microSIM
SIM00014872;nanoSIM
SIM00014873;microSIM
SIM00014874;microSIM
SIM00014875;microSIM
SIM00014876;standard
SIM00014877;microSIM
SIM00014878;eSIM
SIM00014879;eSIM
SIM00014880;microSIM
SIM00014881;nanoSIM
SIM00014882;eSIM
SIM00014883;microSIM
SIM00014884;microSIM
SIM00014885;microSIM
SIM00014886;standard
SIM00014887;eSIM
SIM00014888;eSIM
SIM00014889;eSIM
SIM00014890;eSIM
SIM00014891;nanoSIM
SIM00014892;standard
SIM00014893;eSIM
SIM00014894;eSIM
SIM00014895;standard
SIM00014896;nanoSIM
SIM00014897;eSIM
SIM00014898;microSIM
SIM00014899;standard
SIM00014900;nanoSIM
SIM00014901;eSIM
SIM00014902;nanoSIM
SIM00014903;eSIM
SIM00014904;standard
SIM00014905;standard
SIM00014906;eSIM
SIM00014907;nanoSIM
SIM00014908;standard
SIM00014909;eSIM
SIM00014910;nanoSIM
SIM00014911;standard
SIM00014912;nanoSIM
SIM00014913;standard
SIM00014914;nanoSIM
SIM00014915;nanoSIM
SIM00014916;microSIM
SIM00014917;eSIM
SIM00014918;standard
SIM00014919;nanoSIM
SIM00014920;standard
SIM00014921;nanoSIM
SIM00014922;microSIM
SIM00014923;microSIM
SIM00014924;microSIM
SIM00014925;eSIM
SIM00014926;standard
SIM00014927;nanoSIM
SIM00014928;eSIM
SIM00014929;standard
SIM00014930;nanoSIM
SIM00014931;standard
SIM00014932;standard
SIM00014933;eSIM
SIM00014934;standard
SIM00014935;eSIM
SIM00014936;nanoSIM
SIM00014937;nanoSIM
SIM00014938;nanoSIM
SIM00014939;microSIM
SIM00014940;nanoSIM
SIM00014941;standard
SIM00014942;standard
SIM00014943;standard
SIM00014944;eSIM
SIM00014945;standard
SIM00014946;nanoSIM
SIM00014947;eSIM
SIM00014948;standard
SIM00014949;nanoSIM
SIM00014950;nanoSIM
SIM00014951;standard
SIM00014952;eSIM
SIM00014953;standard
SIM00014954;nanoSIM
SIM00014955;microSIM
SIM00014956;eSIM
SIM00014957;standard
SIM00014958;standard
SIM00014959;microSIM
SIM00014960;eSIM
SIM00014961;standard
SIM00014962;eSIM
SIM00014963;nanoSIM
SIM00014964;microSIM
SIM00014965;eSIM
SIM00014966;nanoSIM
SIM00014967;standard
SIM00014968;microSIM
SIM00014969;nanoSIM
SIM00014970;microSIM
SIM00014971;standard
SIM00014972;nanoSIM
SIM00014973;eSIM
SIM00014974;microSIM
SIM00014975;microSIM
SIM00014976;eSIM
SIM00014977;standard
SIM00014978;eSIM
SIM00014979;standard
SIM00014980;standard
SIM00014981;eSIM
SIM00014982;nanoSIM
SIM00014983;microSIM
SIM00014984;standard
SIM00014985;nanoSIM
SIM00014986;eSIM
SIM00014987;nanoSIM
SIM00014988;eSIM
SIM00014989;eSIM
SIM00014990;standard
SIM00014991;microSIM
SIM00014992;eSIM
SIM00014993;nanoSIM
SIM00014994;nanoSIM
SIM00014995;microSIM
SIM00014996;standard
SIM00014997;microSIM
SIM00014998;nanoSIM
SIM00014999;standard
SIM00015000;nanoSIM
SIM00015001;eSIM
SIM00015002;nanoSIM
SIM00015003;nanoSIM
SIM00015004;microSIM
SIM00015005;nanoSIM
SIM00015006;microSIM
SIM00015007;nanoSIM
SIM00015008;eSIM
SIM00015009;eSIM
SIM00015010;nanoSIM
SIM00015011;microSIM
SIM00015012;standard
SIM00015013;microSIM
SIM00015014;standard
SIM00015015;microSIM
SIM00015016;nanoSIM
SIM00015017;microSIM
SIM00015018;eSIM
SIM00015019;eSIM
SIM00015020;standard
SIM00015021;nanoSIM
SIM00015022;standard
SIM00015023;nanoSIM
SIM00015024;microSIM
SIM00015025;eSIM
SIM00015026;microSIM
SIM00015027;nanoSIM
SIM00015028;microSIM
SIM00015029;eSIM
SIM00015030;microSIM
SIM00015031;microSIM
SIM00015032;microSIM
SIM00015033;microSIM
SIM00015034;nanoSIM
SIM00015035;nanoSIM
SIM00015036;eSIM
SIM00015037;microSIM
SIM00015038;microSIM
SIM00015039;nanoSIM
SIM00015040;nanoSIM
SIM00015041;eSIM
SIM00015042;eSIM
SIM00015043;standard
SIM00015044;standard
SIM00015045;nanoSIM
SIM00015046;eSIM
SIM00015047;microSIM
SIM00015048;nanoSIM
SIM00015049;microSIM
SIM00015050;nanoSIM
SIM00015051;standard
SIM00015052;nanoSIM
SIM00015053;eSIM
SIM00015054;microSIM
SIM00015055;eSIM
SIM00015056;eSIM
SIM00015057;microSIM
SIM00015058;microSIM
SIM00015059;eSIM
SIM00015060;eSIM
SIM00015061;nanoSIM
SIM00015062;microSIM
SIM00015063;microSIM
SIM00015064;standard
SIM00015065;eSIM
SIM00015066;microSIM
SIM00015067;nanoSIM
SIM00015068;nanoSIM
SIM00015069;standard
SIM00015070;eSIM
SIM00015071;nanoSIM
SIM00015072;eSIM
SIM00015073;standard
SIM00015074;standard
SIM00015075;eSIM
SIM00015076;microSIM
SIM00015077;standard
SIM00015078;microSIM
SIM00015079;nanoSIM
SIM00015080;nanoSIM
SIM00015081;microSIM
SIM00015082;nanoSIM
SIM00015083;nanoSIM
SIM00015084;standard
SIM00015085;nanoSIM
SIM00015086;standard
SIM00015087;microSIM
SIM00015088;microSIM
SIM00015089;microSIM
SIM00015090;eSIM
SIM00015091;nanoSIM
SIM00015092;nanoSIM
SIM00015093;nanoSIM
SIM00015094;standard
SIM00015095;microSIM
SIM00015096;nanoSIM
SIM00015097;nanoSIM
SIM00015098;standard
SIM00015099;nanoSIM
SIM00015100;standard
SIM00015101;microSIM
SIM00015102;microSIM
SIM00015103;nanoSIM
SIM00015104;standard
SIM00015105;eSIM
SIM00015106;nanoSIM
SIM00015107;standard
SIM00015108;standard
SIM00015109;microSIM
SIM00015110;nanoSIM
SIM00015111;nanoSIM
SIM00015112;standard
SIM00015113;standard
SIM00015114;eSIM
SIM00015115;nanoSIM
SIM00015116;eSIM
SIM00015117;standard
SIM00015118;eSIM
SIM00015119;eSIM
SIM00015120;microSIM
SIM00015121;eSIM
SIM00015122;nanoSIM
SIM00015123;nanoSIM
SIM00015124;microSIM
SIM00015125;standard
SIM00015126;standard
SIM00015127;nanoSIM
SIM00015128;standard
SIM00015129;nanoSIM
SIM00015130;standard
SIM00015131;microSIM
SIM00015132;standard
SIM00015133;standard
SIM00015134;eSIM
SIM00015135;microSIM
SIM00015136;eSIM
SIM00015137;eSIM
SIM00015138;microSIM
SIM00015139;nanoSIM
SIM00015140;standard
SIM00015141;nanoSIM
SIM00015142;nanoSIM
SIM00015143;standard
SIM00015144;nanoSIM
SIM00015145;eSIM
SIM00015146;microSIM
SIM00015147;nanoSIM
SIM00015148;eSIM
SIM00015149;microSIM
SIM00015150;microSIM
SIM00015151;nanoSIM
SIM00015152;nanoSIM
SIM00015153;eSIM
SIM00015154;eSIM
SIM00015155;microSIM
SIM00015156;microSIM
SIM00015157;eSIM
SIM00015158;standard
SIM00015159;standard
SIM00015160;standard
SIM00015161;nanoSIM
SIM00015162;standard
SIM00015163;standard
SIM00015164;nanoSIM
SIM00015165;nanoSIM
SIM00015166;eSIM
SIM00015167;standard
SIM00015168;nanoSIM
SIM00015169;nanoSIM
SIM00015170;nanoSIM
SIM00015171;nanoSIM
SIM00015172;microSIM
SIM00015173;nanoSIM
SIM00015174;standard
SIM00015175;microSIM
SIM00015176;standard
SIM00015177;standard
SIM00015178;standard
SIM00015179;eSIM
SIM00015180;eSIM
SIM00015181;standard
SIM00015182;nanoSIM
SIM00015183;eSIM
SIM00015184;eSIM
SIM00015185;standard
SIM00015186;microSIM
SIM00015187;nanoSIM
SIM00015188;microSIM
SIM00015189;eSIM
SIM00015190;nanoSIM
SIM00015191;microSIM
SIM00015192;standard
SIM00015193;eSIM
SIM00015194;nanoSIM
SIM00015195;standard
SIM00015196;standard
SIM00015197;standard
SIM00015198;microSIM
SIM00015199;standard
SIM00015200;microSIM
SIM00015201;standard
SIM00015202;microSIM
SIM00015203;eSIM
SIM00015204;nanoSIM
SIM00015205;standard
SIM00015206;microSIM
SIM00015207;eSIM
SIM00015208;microSIM
SIM00015209;nanoSIM
SIM00015210;microSIM
SIM00015211;nanoSIM
SIM00015212;eSIM
SIM00015213;nanoSIM
SIM00015214;nanoSIM
SIM00015215;nanoSIM
SIM00015216;nanoSIM
SIM00015217;microSIM
SIM00015218;microSIM
SIM00015219;eSIM
SIM00015220;standard
SIM00015221;nanoSIM
SIM00015222;microSIM
SIM00015223;nanoSIM
SIM00015224;nanoSIM
SIM00015225;nanoSIM
SIM00015226;microSIM
SIM00015227;eSIM
SIM00015228;nanoSIM
SIM00015229;standard
SIM00015230;standard
SIM00015231;nanoSIM
SIM00015232;nanoSIM
SIM00015233;nanoSIM
SIM00015234;microSIM
SIM00015235;nanoSIM
SIM00015236;eSIM
SIM00015237;eSIM
SIM00015238;microSIM
SIM00015239;standard
SIM00015240;eSIM
SIM00015241;standard
SIM00015242;microSIM
SIM00015243;eSIM
SIM00015244;eSIM
SIM00015245;microSIM
SIM00015246;eSIM
SIM00015247;eSIM
SIM00015248;standard
SIM00015249;nanoSIM
SIM00015250;standard
SIM00015251;standard
SIM00015252;microSIM
SIM00015253;microSIM
SIM00015254;nanoSIM
SIM00015255;nanoSIM
SIM00015256;microSIM
SIM00015257;standard
SIM00015258;microSIM
SIM00015259;standard
SIM00015260;microSIM
SIM00015261;standard
SIM00015262;eSIM
SIM00015263;standard
SIM00015264;nanoSIM
SIM00015265;nanoSIM
SIM00015266;eSIM
SIM00015267;nanoSIM
SIM00015268;nanoSIM
SIM00015269;standard
SIM00015270;standard
SIM00015271;microSIM
SIM00015272;microSIM
SIM00015273;standard
SIM00015274;microSIM
SIM00015275;standard
SIM00015276;nanoSIM
SIM00015277;eSIM
SIM00015278;eSIM
SIM00015279;standard
SIM00015280;eSIM
SIM00015281;eSIM
SIM00015282;eSIM
SIM00015283;standard
SIM00015284;eSIM
SIM00015285;microSIM
SIM00015286;nanoSIM
SIM00015287;nanoSIM
SIM00015288;nanoSIM
SIM00015289;microSIM
SIM00015290;standard
SIM00015291;standard
SIM00015292;standard
SIM00015293;eSIM
SIM00015294;microSIM
SIM00015295;standard
SIM00015296;eSIM
SIM00015297;standard
SIM00015298;nanoSIM
SIM00015299;eSIM
SIM00015300;nanoSIM
SIM00015301;microSIM
SIM00015302;eSIM
SIM00015303;eSIM
SIM00015304;microSIM
SIM00015305;nanoSIM
SIM00015306;standard
SIM00015307;eSIM
SIM00015308;microSIM
SIM00015309;standard
SIM00015310;eSIM
SIM00015311;eSIM
SIM00015312;standard
SIM00015313;eSIM
SIM00015314;nanoSIM
SIM00015315;nanoSIM
SIM00015316;eSIM
SIM00015317;standard
SIM00015318;standard
SIM00015319;eSIM
SIM00015320;microSIM
SIM00015321;standard
SIM00015322;microSIM
SIM00015323;eSIM
SIM00015324;eSIM
SIM00015325;eSIM
SIM00015326;microSIM
SIM00015327;microSIM
SIM00015328;microSIM
SIM00015329;eSIM
SIM00015330;nanoSIM
SIM00015331;microSIM
SIM00015332;microSIM
SIM00015333;nanoSIM
SIM00015334;nanoSIM
SIM00015335;microSIM
SIM00015336;microSIM
SIM00015337;eSIM
SIM00015338;microSIM
SIM00015339;standard
SIM00015340;nanoSIM
SIM00015341;eSIM
SIM00015342;nanoSIM
SIM00015343;nanoSIM
SIM00015344;nanoSIM
SIM00015345;microSIM
SIM00015346;microSIM
SIM00015347;eSIM
SIM00015348;nanoSIM
SIM00015349;eSIM
SIM00015350;microSIM
SIM00015351;nanoSIM
SIM00015352;nanoSIM
SIM00015353;eSIM
SIM00015354;nanoSIM
SIM00015355;nanoSIM
SIM00015356;standard
SIM00015357;standard
SIM00015358;eSIM
SIM00015359;nanoSIM
SIM00015360;microSIM
SIM00015361;microSIM
SIM00015362;microSIM
SIM00015363;eSIM
SIM00015364;eSIM
SIM00015365;nanoSIM
SIM00015366;nanoSIM
SIM00015367;nanoSIM
SIM00015368;standard
SIM00015369;standard
SIM00015370;nanoSIM
SIM00015371;microSIM
SIM00015372;eSIM
SIM00015373;nanoSIM
SIM00015374;nanoSIM
SIM00015375;standard
SIM00015376;microSIM
SIM00015377;eSIM
SIM00015378;standard
SIM00015379;standard
SIM00015380;standard
SIM00015381;standard
SIM00015382;microSIM
SIM00015383;standard
SIM00015384;eSIM
SIM00015385;standard
SIM00015386;standard
SIM00015387;microSIM
SIM00015388;nanoSIM
SIM00015389;standard
SIM00015390;microSIM
SIM00015391;nanoSIM
SIM00015392;standard
SIM00015393;microSIM
SIM00015394;nanoSIM
SIM00015395;microSIM
SIM00015396;standard
SIM00015397;nanoSIM
SIM00015398;nanoSIM
SIM00015399;standard
SIM00015400;eSIM
SIM00015401;standard
SIM00015402;eSIM
SIM00015403;microSIM
SIM00015404;standard
SIM00015405;microSIM
SIM00015406;eSIM
SIM00015407;eSIM
SIM00015408;standard
SIM00015409;standard
SIM00015410;microSIM
SIM00015411;eSIM
SIM00015412;standard
SIM00015413;microSIM
SIM00015414;nanoSIM
SIM00015415;nanoSIM
SIM00015416;nanoSIM
SIM00015417;microSIM
SIM00015418;eSIM
SIM00015419;eSIM
SIM00015420;microSIM
SIM00015421;eSIM
SIM00015422;standard
SIM00015423;standard
SIM00015424;eSIM
SIM00015425;eSIM
SIM00015426;standard
SIM00015427;eSIM
SIM00015428;eSIM
SIM00015429;microSIM
SIM00015430;nanoSIM
SIM00015431;microSIM
SIM00015432;microSIM
SIM00015433;nanoSIM
SIM00015434;eSIM
SIM00015435;standard
SIM00015436;nanoSIM
SIM00015437;microSIM
SIM00015438;standard
SIM00015439;microSIM
SIM00015440;microSIM
SIM00015441;microSIM
SIM00015442;microSIM
SIM00015443;nanoSIM
SIM00015444;eSIM
SIM00015445;standard
SIM00015446;nanoSIM
SIM00015447;eSIM
SIM00015448;standard
SIM00015449;standard
SIM00015450;eSIM
SIM00015451;nanoSIM
SIM00015452;standard
SIM00015453;microSIM
SIM00015454;eSIM
SIM00015455;nanoSIM
SIM00015456;nanoSIM
SIM00015457;standard
SIM00015458;standard
SIM00015459;nanoSIM
SIM00015460;standard
SIM00015461;nanoSIM
SIM00015462;eSIM
SIM00015463;nanoSIM
SIM00015464;eSIM
SIM00015465;microSIM
SIM00015466;standard
SIM00015467;standard
SIM00015468;nanoSIM
SIM00015469;nanoSIM
SIM00015470;eSIM
SIM00015471;microSIM
SIM00015472;standard
SIM00015473;eSIM
SIM00015474;nanoSIM
SIM00015475;standard
SIM00015476;microSIM
SIM00015477;standard
SIM00015478;nanoSIM
SIM00015479;microSIM
SIM00015480;microSIM
SIM00015481;nanoSIM
SIM00015482;eSIM
SIM00015483;nanoSIM
SIM00015484;standard
SIM00015485;microSIM
SIM00015486;microSIM
SIM00015487;microSIM
SIM00015488;microSIM
SIM00015489;standard
SIM00015490;microSIM
SIM00015491;nanoSIM
SIM00015492;standard
SIM00015493;nanoSIM
SIM00015494;nanoSIM
SIM00015495;nanoSIM
SIM00015496;microSIM
SIM00015497;nanoSIM
SIM00015498;standard
SIM00015499;microSIM
SIM00015500;standard
SIM00015501;standard
SIM00015502;nanoSIM
SIM00015503;standard
SIM00015504;standard
SIM00015505;nanoSIM
SIM00015506;standard
SIM00015507;standard
SIM00015508;standard
SIM00015509;nanoSIM
SIM00015510;standard
SIM00015511;microSIM
SIM00015512;standard
SIM00015513;standard
SIM00015514;standard
SIM00015515;nanoSIM
SIM00015516;eSIM
SIM00015517;nanoSIM
SIM00015518;standard
SIM00015519;microSIM
SIM00015520;standard
SIM00015521;eSIM
SIM00015522;standard
SIM00015523;nanoSIM
SIM00015524;nanoSIM
SIM00015525;standard
SIM00015526;microSIM
SIM00015527;microSIM
SIM00015528;nanoSIM
SIM00015529;microSIM
SIM00015530;standard
SIM00015531;nanoSIM
SIM00015532;microSIM
SIM00015533;nanoSIM
SIM00015534;eSIM
SIM00015535;nanoSIM
SIM00015536;standard
SIM00015537;nanoSIM
SIM00015538;standard
SIM00015539;microSIM
SIM00015540;standard
SIM00015541;microSIM
SIM00015542;nanoSIM
SIM00015543;standard
SIM00015544;standard
SIM00015545;microSIM
SIM00015546;eSIM
SIM00015547;microSIM
SIM00015548;eSIM
SIM00015549;microSIM
SIM00015550;standard
SIM00015551;standard
SIM00015552;standard
SIM00015553;nanoSIM
SIM00015554;standard
SIM00015555;eSIM
SIM00015556;nanoSIM
SIM00015557;eSIM
SIM00015558;eSIM
SIM00015559;eSIM
SIM00015560;nanoSIM
SIM00015561;microSIM
SIM00015562;nanoSIM
SIM00015563;standard
SIM00015564;nanoSIM
SIM00015565;microSIM
SIM00015566;standard
SIM00015567;standard
SIM00015568;microSIM
SIM00015569;standard
SIM00015570;nanoSIM
SIM00015571;nanoSIM
SIM00015572;eSIM
SIM00015573;eSIM
SIM00015574;standard
SIM00015575;standard
SIM00015576;nanoSIM
SIM00015577;eSIM
SIM00015578;microSIM
SIM00015579;standard
SIM00015580;nanoSIM
SIM00015581;microSIM
SIM00015582;eSIM
SIM00015583;microSIM
SIM00015584;microSIM
SIM00015585;nanoSIM
SIM00015586;standard
SIM00015587;microSIM
SIM00015588;standard
SIM00015589;standard
SIM00015590;eSIM
SIM00015591;microSIM
SIM00015592;nanoSIM
SIM00015593;eSIM
SIM00015594;nanoSIM
SIM00015595;nanoSIM
SIM00015596;microSIM
SIM00015597;standard
SIM00015598;nanoSIM
SIM00015599;nanoSIM
SIM00015600;nanoSIM
SIM00015601;microSIM
SIM00015602;microSIM
SIM00015603;standard
SIM00015604;standard
SIM00015605;eSIM
SIM00015606;standard
SIM00015607;eSIM
SIM00015608;microSIM
SIM00015609;microSIM
SIM00015610;standard
SIM00015611;standard
SIM00015612;standard
SIM00015613;microSIM
SIM00015614;microSIM
SIM00015615;standard
SIM00015616;eSIM
SIM00015617;microSIM
SIM00015618;standard
SIM00015619;standard
SIM00015620;standard
SIM00015621;standard
SIM00015622;microSIM
SIM00015623;nanoSIM
SIM00015624;nanoSIM
SIM00015625;eSIM
SIM00015626;microSIM
SIM00015627;microSIM
SIM00015628;eSIM
SIM00015629;microSIM
SIM00015630;standard
SIM00015631;eSIM
SIM00015632;microSIM
SIM00015633;eSIM
SIM00015634;nanoSIM
SIM00015635;standard
SIM00015636;nanoSIM
SIM00015637;standard
SIM00015638;microSIM
SIM00015639;standard
SIM00015640;standard
SIM00015641;standard
SIM00015642;eSIM
SIM00015643;standard
SIM00015644;eSIM
SIM00015645;standard
SIM00015646;nanoSIM
SIM00015647;eSIM
SIM00015648;standard
SIM00015649;eSIM
SIM00015650;nanoSIM
SIM00015651;microSIM
SIM00015652;nanoSIM
SIM00015653;nanoSIM
SIM00015654;standard
SIM00015655;standard
SIM00015656;standard
SIM00015657;nanoSIM
SIM00015658;microSIM
SIM00015659;standard
SIM00015660;microSIM
SIM00015661;eSIM
SIM00015662;eSIM
SIM00015663;nanoSIM
SIM00015664;microSIM
SIM00015665;eSIM
SIM00015666;standard
SIM00015667;nanoSIM
SIM00015668;nanoSIM
SIM00015669;nanoSIM
SIM00015670;eSIM
SIM00015671;nanoSIM
SIM00015672;standard
SIM00015673;nanoSIM
SIM00015674;nanoSIM
SIM00015675;standard
SIM00015676;eSIM
SIM00015677;eSIM
SIM00015678;nanoSIM
SIM00015679;microSIM
SIM00015680;standard
SIM00015681;microSIM
SIM00015682;microSIM
SIM00015683;standard
SIM00015684;microSIM
SIM00015685;microSIM
SIM00015686;standard
SIM00015687;eSIM
SIM00015688;nanoSIM
SIM00015689;eSIM
SIM00015690;eSIM
SIM00015691;microSIM
SIM00015692;microSIM
SIM00015693;microSIM
SIM00015694;standard
SIM00015695;nanoSIM
SIM00015696;microSIM
SIM00015697;standard
SIM00015698;eSIM
SIM00015699;standard
SIM00015700;microSIM
SIM00015701;eSIM
SIM00015702;nanoSIM
SIM00015703;standard
SIM00015704;microSIM
SIM00015705;standard
SIM00015706;eSIM
SIM00015707;eSIM
SIM00015708;eSIM
SIM00015709;standard
SIM00015710;nanoSIM
SIM00015711;microSIM
SIM00015712;microSIM
SIM00015713;nanoSIM
SIM00015714;standard
SIM00015715;nanoSIM
SIM00015716;nanoSIM
SIM00015717;eSIM
SIM00015718;standard
SIM00015719;eSIM
SIM00015720;nanoSIM
SIM00015721;nanoSIM
SIM00015722;standard
SIM00015723;standard
SIM00015724;eSIM
SIM00015725;nanoSIM
SIM00015726;eSIM
SIM00015727;standard
SIM00015728;standard
SIM00015729;eSIM
SIM00015730;microSIM
SIM00015731;eSIM
SIM00015732;nanoSIM
SIM00015733;standard
SIM00015734;eSIM
SIM00015735;nanoSIM
SIM00015736;eSIM
SIM00015737;eSIM
SIM00015738;nanoSIM
SIM00015739;standard
SIM00015740;eSIM
SIM00015741;standard
SIM00015742;standard
SIM00015743;eSIM
SIM00015744;eSIM
SIM00015745;standard
SIM00015746;microSIM
SIM00015747;microSIM
SIM00015748;nanoSIM
SIM00015749;eSIM
SIM00015750;nanoSIM
SIM00015751;standard
SIM00015752;eSIM
SIM00015753;microSIM
SIM00015754;eSIM
SIM00015755;nanoSIM
SIM00015756;eSIM
SIM00015757;microSIM
SIM00015758;standard
SIM00015759;eSIM
SIM00015760;eSIM
SIM00015761;eSIM
SIM00015762;nanoSIM
SIM00015763;nanoSIM
SIM00015764;standard
SIM00015765;nanoSIM
SIM00015766;nanoSIM
SIM00015767;microSIM
SIM00015768;microSIM
SIM00015769;microSIM
SIM00015770;standard
SIM00015771;eSIM
SIM00015772;standard
SIM00015773;standard
SIM00015774;microSIM
SIM00015775;standard
SIM00015776;standard
SIM00015777;microSIM
SIM00015778;eSIM
SIM00015779;microSIM
SIM00015780;eSIM
SIM00015781;nanoSIM
SIM00015782;standard
SIM00015783;nanoSIM
SIM00015784;eSIM
SIM00015785;nanoSIM
SIM00015786;standard
SIM00015787;eSIM
SIM00015788;standard
SIM00015789;nanoSIM
SIM00015790;eSIM
SIM00015791;standard
SIM00015792;microSIM
SIM00015793;nanoSIM
SIM00015794;nanoSIM
SIM00015795;microSIM
SIM00015796;standard
SIM00015797;standard
SIM00015798;eSIM
SIM00015799;standard
SIM00015800;eSIM
SIM00015801;nanoSIM
SIM00015802;microSIM
SIM00015803;microSIM
SIM00015804;standard
SIM00015805;standard
SIM00015806;standard
SIM00015807;nanoSIM
SIM00015808;eSIM
SIM00015809;eSIM
SIM00015810;eSIM
SIM00015811;standard
SIM00015812;nanoSIM
SIM00015813;standard
SIM00015814;eSIM
SIM00015815;nanoSIM
SIM00015816;microSIM
SIM00015817;nanoSIM
SIM00015818;eSIM
SIM00015819;nanoSIM
SIM00015820;nanoSIM
SIM00015821;standard
SIM00015822;microSIM
SIM00015823;microSIM
SIM00015824;eSIM
SIM00015825;eSIM
SIM00015826;standard
SIM00015827;nanoSIM
SIM00015828;eSIM
SIM00015829;microSIM
SIM00015830;standard
SIM00015831;nanoSIM
SIM00015832;microSIM
SIM00015833;nanoSIM
SIM00015834;nanoSIM
SIM00015835;microSIM
SIM00015836;nanoSIM
SIM00015837;microSIM
SIM00015838;eSIM
SIM00015839;eSIM
SIM00015840;microSIM
SIM00015841;eSIM
SIM00015842;microSIM
SIM00015843;microSIM
SIM00015844;eSIM
SIM00015845;nanoSIM
SIM00015846;microSIM
SIM00015847;standard
SIM00015848;standard
SIM00015849;standard
SIM00015850;microSIM
SIM00015851;nanoSIM
SIM00015852;standard
SIM00015853;eSIM
SIM00015854;standard
SIM00015855;standard
SIM00015856;nanoSIM
SIM00015857;nanoSIM
SIM00015858;microSIM
SIM00015859;eSIM
SIM00015860;eSIM
SIM00015861;nanoSIM
SIM00015862;nanoSIM
SIM00015863;nanoSIM
SIM00015864;nanoSIM
SIM00015865;microSIM
SIM00015866;nanoSIM
SIM00015867;nanoSIM
SIM00015868;eSIM
SIM00015869;nanoSIM
SIM00015870;microSIM
SIM00015871;standard
SIM00015872;nanoSIM
SIM00015873;eSIM
SIM00015874;eSIM
SIM00015875;eSIM
SIM00015876;microSIM
SIM00015877;standard
SIM00015878;standard
SIM00015879;nanoSIM
SIM00015880;eSIM
SIM00015881;nanoSIM
SIM00015882;nanoSIM
SIM00015883;eSIM
SIM00015884;eSIM
SIM00015885;microSIM
SIM00015886;standard
SIM00015887;standard
SIM00015888;eSIM
SIM00015889;standard
SIM00015890;nanoSIM
SIM00015891;nanoSIM
SIM00015892;eSIM
SIM00015893;eSIM
SIM00015894;microSIM
SIM00015895;standard
SIM00015896;nanoSIM
SIM00015897;eSIM
SIM00015898;nanoSIM
SIM00015899;eSIM
SIM00015900;eSIM
SIM00015901;standard
SIM00015902;eSIM
SIM00015903;nanoSIM
SIM00015904;microSIM
SIM00015905;standard
SIM00015906;microSIM
SIM00015907;nanoSIM
SIM00015908;nanoSIM
SIM00015909;microSIM
SIM00015910;microSIM
SIM00015911;microSIM
SIM00015912;nanoSIM
SIM00015913;eSIM
SIM00015914;eSIM
SIM00015915;standard
SIM00015916;microSIM
SIM00015917;standard
SIM00015918;standard
SIM00015919;nanoSIM
SIM00015920;microSIM
SIM00015921;eSIM
SIM00015922;eSIM
SIM00015923;eSIM
SIM00015924;eSIM
SIM00015925;standard
SIM00015926;eSIM
SIM00015927;microSIM
SIM00015928;standard
SIM00015929;eSIM
SIM00015930;standard
SIM00015931;nanoSIM
SIM00015932;nanoSIM
SIM00015933;eSIM
SIM00015934;standard
SIM00015935;microSIM
SIM00015936;eSIM
SIM00015937;eSIM
SIM00015938;microSIM
SIM00015939;microSIM
SIM00015940;nanoSIM
SIM00015941;nanoSIM
SIM00015942;nanoSIM
SIM00015943;standard
SIM00015944;nanoSIM
SIM00015945;standard
SIM00015946;microSIM
SIM00015947;microSIM
SIM00015948;eSIM
SIM00015949;standard
SIM00015950;nanoSIM
SIM00015951;microSIM
SIM00015952;standard
SIM00015953;nanoSIM
SIM00015954;eSIM
SIM00015955;nanoSIM
SIM00015956;nanoSIM
SIM00015957;nanoSIM
SIM00015958;microSIM
SIM00015959;standard
SIM00015960;eSIM
SIM00015961;microSIM
SIM00015962;nanoSIM
SIM00015963;microSIM
SIM00015964;nanoSIM
SIM00015965;standard
SIM00015966;standard
SIM00015967;nanoSIM
SIM00015968;nanoSIM
SIM00015969;standard
SIM00015970;standard
SIM00015971;eSIM
SIM00015972;standard
SIM00015973;nanoSIM
SIM00015974;eSIM
SIM00015975;eSIM
SIM00015976;eSIM
SIM00015977;standard
SIM00015978;microSIM
SIM00015979;microSIM
SIM00015980;eSIM
SIM00015981;standard
SIM00015982;standard
SIM00015983;eSIM
SIM00015984;standard
SIM00015985;nanoSIM
SIM00015986;eSIM
SIM00015987;eSIM
SIM00015988;standard
SIM00015989;eSIM
SIM00015990;nanoSIM
SIM00015991;eSIM
SIM00015992;nanoSIM
SIM00015993;nanoSIM
SIM00015994;eSIM
SIM00015995;nanoSIM
SIM00015996;eSIM
SIM00015997;standard
SIM00015998;nanoSIM
SIM00015999;microSIM
SIM00016000;microSIM
SIM00016001;standard
SIM00016002;standard
SIM00016003;microSIM
SIM00016004;eSIM
SIM00016005;nanoSIM
SIM00016006;nanoSIM
SIM00016007;microSIM
SIM00016008;nanoSIM
SIM00016009;eSIM
SIM00016010;microSIM
SIM00016011;nanoSIM
SIM00016012;standard
SIM00016013;nanoSIM
SIM00016014;microSIM
SIM00016015;microSIM
SIM00016016;nanoSIM
SIM00016017;microSIM
SIM00016018;eSIM
SIM00016019;standard
SIM00016020;standard
SIM00016021;standard
SIM00016022;standard
SIM00016023;standard
SIM00016024;standard
SIM00016025;nanoSIM
SIM00016026;standard
SIM00016027;eSIM
SIM00016028;nanoSIM
SIM00016029;nanoSIM
SIM00016030;nanoSIM
SIM00016031;nanoSIM
SIM00016032;nanoSIM
SIM00016033;standard
SIM00016034;microSIM
SIM00016035;standard
SIM00016036;standard
SIM00016037;microSIM
SIM00016038;microSIM
SIM00016039;eSIM
SIM00016040;eSIM
SIM00016041;eSIM
SIM00016042;nanoSIM
SIM00016043;eSIM
SIM00016044;standard
SIM00016045;nanoSIM
SIM00016046;microSIM
SIM00016047;eSIM
SIM00016048;microSIM
SIM00016049;eSIM
SIM00016050;nanoSIM
SIM00016051;standard
SIM00016052;nanoSIM
SIM00016053;nanoSIM
SIM00016054;nanoSIM
SIM00016055;microSIM
SIM00016056;eSIM
SIM00016057;standard
SIM00016058;nanoSIM
SIM00016059;eSIM
SIM00016060;microSIM
SIM00016061;microSIM
SIM00016062;eSIM
SIM00016063;eSIM
SIM00016064;microSIM
SIM00016065;standard
SIM00016066;eSIM
SIM00016067;standard
SIM00016068;eSIM
SIM00016069;nanoSIM
SIM00016070;standard
SIM00016071;microSIM
SIM00016072;standard
SIM00016073;eSIM
SIM00016074;microSIM
SIM00016075;microSIM
SIM00016076;standard
SIM00016077;microSIM
SIM00016078;standard
SIM00016079;microSIM
SIM00016080;eSIM
SIM00016081;nanoSIM
SIM00016082;nanoSIM
SIM00016083;eSIM
SIM00016084;microSIM
SIM00016085;eSIM
SIM00016086;standard
SIM00016087;eSIM
SIM00016088;nanoSIM
SIM00016089;standard
SIM00016090;eSIM
SIM00016091;nanoSIM
SIM00016092;standard
SIM00016093;eSIM
SIM00016094;microSIM
SIM00016095;microSIM
SIM00016096;nanoSIM
SIM00016097;eSIM
SIM00016098;eSIM
SIM00016099;nanoSIM
SIM00016100;standard
SIM00016101;standard
SIM00016102;eSIM
SIM00016103;nanoSIM
SIM00016104;eSIM
SIM00016105;microSIM
SIM00016106;standard
SIM00016107;microSIM
SIM00016108;standard
SIM00016109;microSIM
SIM00016110;eSIM
SIM00016111;standard
SIM00016112;microSIM
SIM00016113;microSIM
SIM00016114;nanoSIM
SIM00016115;nanoSIM
SIM00016116;microSIM
SIM00016117;microSIM
SIM00016118;eSIM
SIM00016119;nanoSIM
SIM00016120;nanoSIM
SIM00016121;standard
SIM00016122;standard
SIM00016123;nanoSIM
SIM00016124;eSIM
SIM00016125;eSIM
SIM00016126;microSIM
SIM00016127;standard
SIM00016128;standard
SIM00016129;microSIM
SIM00016130;nanoSIM
SIM00016131;standard
SIM00016132;eSIM
SIM00016133;microSIM
SIM00016134;nanoSIM
SIM00016135;nanoSIM
SIM00016136;eSIM
SIM00016137;microSIM
SIM00016138;nanoSIM
SIM00016139;microSIM
SIM00016140;standard
SIM00016141;microSIM
SIM00016142;standard
SIM00016143;nanoSIM
SIM00016144;standard
SIM00016145;nanoSIM
SIM00016146;standard
SIM00016147;microSIM
SIM00016148;eSIM
SIM00016149;eSIM
SIM00016150;nanoSIM
SIM00016151;microSIM
SIM00016152;nanoSIM
SIM00016153;nanoSIM
SIM00016154;microSIM
SIM00016155;standard
SIM00016156;standard
SIM00016157;microSIM
SIM00016158;eSIM
SIM00016159;eSIM
SIM00016160;nanoSIM
SIM00016161;microSIM
SIM00016162;microSIM
SIM00016163;nanoSIM
SIM00016164;standard
SIM00016165;eSIM
SIM00016166;standard
SIM00016167;standard
SIM00016168;eSIM
SIM00016169;eSIM
SIM00016170;microSIM
SIM00016171;standard
SIM00016172;standard
SIM00016173;nanoSIM
SIM00016174;standard
SIM00016175;eSIM
SIM00016176;microSIM
SIM00016177;microSIM
SIM00016178;eSIM
SIM00016179;standard
SIM00016180;microSIM
SIM00016181;eSIM
SIM00016182;nanoSIM
SIM00016183;standard
SIM00016184;nanoSIM
SIM00016185;microSIM
SIM00016186;nanoSIM
SIM00016187;microSIM
SIM00016188;nanoSIM
SIM00016189;nanoSIM
SIM00016190;eSIM
SIM00016191;eSIM
SIM00016192;microSIM
SIM00016193;microSIM
SIM00016194;nanoSIM
SIM00016195;eSIM
SIM00016196;eSIM
SIM00016197;eSIM
SIM00016198;nanoSIM
SIM00016199;microSIM
SIM00016200;microSIM
SIM00016201;standard
SIM00016202;eSIM
SIM00016203;nanoSIM
SIM00016204;eSIM
SIM00016205;eSIM
SIM00016206;standard
SIM00016207;eSIM
SIM00016208;microSIM
SIM00016209;microSIM
SIM00016210;eSIM
SIM00016211;eSIM
SIM00016212;microSIM
SIM00016213;microSIM
SIM00016214;standard
SIM00016215;nanoSIM
SIM00016216;microSIM
SIM00016217;nanoSIM
SIM00016218;standard
SIM00016219;eSIM
SIM00016220;eSIM
SIM00016221;nanoSIM
SIM00016222;nanoSIM
SIM00016223;eSIM
SIM00016224;standard
SIM00016225;microSIM
SIM00016226;standard
SIM00016227;microSIM
SIM00016228;microSIM
SIM00016229;eSIM
SIM00016230;eSIM
SIM00016231;microSIM
SIM00016232;nanoSIM
SIM00016233;microSIM
SIM00016234;nanoSIM
SIM00016235;standard
SIM00016236;standard
SIM00016237;nanoSIM
SIM00016238;eSIM
SIM00016239;nanoSIM
SIM00016240;nanoSIM
SIM00016241;microSIM
SIM00016242;standard
SIM00016243;standard
SIM00016244;nanoSIM
SIM00016245;nanoSIM
SIM00016246;standard
SIM00016247;microSIM
SIM00016248;nanoSIM
SIM00016249;eSIM
SIM00016250;nanoSIM
SIM00016251;eSIM
SIM00016252;standard
SIM00016253;eSIM
SIM00016254;eSIM
SIM00016255;nanoSIM
SIM00016256;nanoSIM
SIM00016257;nanoSIM
SIM00016258;eSIM
SIM00016259;eSIM
SIM00016260;microSIM
SIM00016261;nanoSIM
SIM00016262;microSIM
SIM00016263;microSIM
SIM00016264;microSIM
SIM00016265;standard
SIM00016266;eSIM
SIM00016267;microSIM
SIM00016268;microSIM
SIM00016269;microSIM
SIM00016270;standard
SIM00016271;microSIM
SIM00016272;eSIM
SIM00016273;eSIM
SIM00016274;eSIM
SIM00016275;nanoSIM
SIM00016276;microSIM
SIM00016277;microSIM
SIM00016278;eSIM
SIM00016279;standard
SIM00016280;standard
SIM00016281;eSIM
SIM00016282;eSIM
SIM00016283;microSIM
SIM00016284;microSIM
SIM00016285;microSIM
SIM00016286;eSIM
SIM00016287;microSIM
SIM00016288;standard
SIM00016289;standard
SIM00016290;eSIM
SIM00016291;microSIM
SIM00016292;microSIM
SIM00016293;standard
SIM00016294;standard
SIM00016295;nanoSIM
SIM00016296;standard
SIM00016297;eSIM
SIM00016298;eSIM
SIM00016299;microSIM
SIM00016300;eSIM
SIM00016301;nanoSIM
SIM00016302;eSIM
SIM00016303;eSIM
SIM00016304;eSIM
SIM00016305;standard
SIM00016306;microSIM
SIM00016307;standard
SIM00016308;nanoSIM
SIM00016309;eSIM
SIM00016310;eSIM
SIM00016311;microSIM
SIM00016312;eSIM
SIM00016313;eSIM
SIM00016314;eSIM
SIM00016315;eSIM
SIM00016316;nanoSIM
SIM00016317;nanoSIM
SIM00016318;microSIM
SIM00016319;eSIM
SIM00016320;standard
SIM00016321;standard
SIM00016322;eSIM
SIM00016323;eSIM
SIM00016324;eSIM
SIM00016325;eSIM
SIM00016326;microSIM
SIM00016327;nanoSIM
SIM00016328;nanoSIM
SIM00016329;nanoSIM
SIM00016330;microSIM
SIM00016331;nanoSIM
SIM00016332;microSIM
SIM00016333;microSIM
SIM00016334;nanoSIM
SIM00016335;microSIM
SIM00016336;nanoSIM
SIM00016337;standard
SIM00016338;nanoSIM
SIM00016339;standard
SIM00016340;standard
SIM00016341;microSIM
SIM00016342;eSIM
SIM00016343;nanoSIM
SIM00016344;standard
SIM00016345;microSIM
SIM00016346;nanoSIM
SIM00016347;nanoSIM
SIM00016348;microSIM
SIM00016349;microSIM
SIM00016350;microSIM
SIM00016351;nanoSIM
SIM00016352;microSIM
SIM00016353;standard
SIM00016354;eSIM
SIM00016355;microSIM
SIM00016356;nanoSIM
SIM00016357;nanoSIM
SIM00016358;nanoSIM
SIM00016359;standard
SIM00016360;eSIM
SIM00016361;standard
SIM00016362;nanoSIM
SIM00016363;nanoSIM
SIM00016364;eSIM
SIM00016365;eSIM
SIM00016366;eSIM
SIM00016367;nanoSIM
SIM00016368;eSIM
SIM00016369;microSIM
SIM00016370;nanoSIM
SIM00016371;nanoSIM
SIM00016372;standard
SIM00016373;standard
SIM00016374;standard
SIM00016375;eSIM
SIM00016376;nanoSIM
SIM00016377;eSIM
SIM00016378;microSIM
SIM00016379;microSIM
SIM00016380;standard
SIM00016381;microSIM
SIM00016382;microSIM
SIM00016383;microSIM
SIM00016384;microSIM
SIM00016385;microSIM
SIM00016386;standard
SIM00016387;eSIM
SIM00016388;standard
SIM00016389;eSIM
SIM00016390;eSIM
SIM00016391;eSIM
SIM00016392;standard
SIM00016393;eSIM
SIM00016394;microSIM
SIM00016395;nanoSIM
SIM00016396;eSIM
SIM00016397;eSIM
SIM00016398;eSIM
SIM00016399;nanoSIM
SIM00016400;standard
SIM00016401;microSIM
SIM00016402;microSIM
SIM00016403;eSIM
SIM00016404;standard
SIM00016405;nanoSIM
SIM00016406;standard
SIM00016407;microSIM
SIM00016408;nanoSIM
SIM00016409;standard
SIM00016410;standard
SIM00016411;microSIM
SIM00016412;standard
SIM00016413;microSIM
SIM00016414;eSIM
SIM00016415;microSIM
SIM00016416;microSIM
SIM00016417;microSIM
SIM00016418;nanoSIM
SIM00016419;standard
SIM00016420;standard
SIM00016421;microSIM
SIM00016422;standard
SIM00016423;microSIM
SIM00016424;eSIM
SIM00016425;nanoSIM
SIM00016426;standard
SIM00016427;nanoSIM
SIM00016428;nanoSIM
SIM00016429;microSIM
SIM00016430;nanoSIM
SIM00016431;nanoSIM
SIM00016432;eSIM
SIM00016433;nanoSIM
SIM00016434;standard
SIM00016435;eSIM
SIM00016436;microSIM
SIM00016437;microSIM
SIM00016438;microSIM
SIM00016439;standard
SIM00016440;microSIM
SIM00016441;eSIM
SIM00016442;eSIM
SIM00016443;microSIM
SIM00016444;nanoSIM
SIM00016445;standard
SIM00016446;eSIM
SIM00016447;standard
SIM00016448;standard
SIM00016449;microSIM
SIM00016450;eSIM
SIM00016451;nanoSIM
SIM00016452;eSIM
SIM00016453;microSIM
SIM00016454;standard
SIM00016455;standard
SIM00016456;standard
SIM00016457;standard
SIM00016458;standard
SIM00016459;nanoSIM
SIM00016460;microSIM
SIM00016461;standard
SIM00016462;microSIM
SIM00016463;standard
SIM00016464;standard
SIM00016465;standard
SIM00016466;microSIM
SIM00016467;nanoSIM
SIM00016468;microSIM
SIM00016469;standard
SIM00016470;standard
SIM00016471;nanoSIM
SIM00016472;eSIM
SIM00016473;standard
SIM00016474;eSIM
SIM00016475;nanoSIM
SIM00016476;nanoSIM
SIM00016477;microSIM
SIM00016478;microSIM
SIM00016479;eSIM
SIM00016480;standard
SIM00016481;microSIM
SIM00016482;microSIM
SIM00016483;microSIM
SIM00016484;eSIM
SIM00016485;standard
SIM00016486;nanoSIM
SIM00016487;microSIM
SIM00016488;eSIM
SIM00016489;nanoSIM
SIM00016490;standard
SIM00016491;microSIM
SIM00016492;standard
SIM00016493;microSIM
SIM00016494;eSIM
SIM00016495;microSIM
SIM00016496;standard
SIM00016497;eSIM
SIM00016498;eSIM
SIM00016499;nanoSIM
SIM00016500;eSIM
SIM00016501;standard
SIM00016502;standard
SIM00016503;standard
SIM00016504;eSIM
SIM00016505;eSIM
SIM00016506;eSIM
SIM00016507;nanoSIM
SIM00016508;microSIM
SIM00016509;standard
SIM00016510;nanoSIM
SIM00016511;nanoSIM
SIM00016512;microSIM
SIM00016513;microSIM
SIM00016514;nanoSIM
SIM00016515;standard
SIM00016516;standard
SIM00016517;eSIM
SIM00016518;eSIM
SIM00016519;nanoSIM
SIM00016520;standard
SIM00016521;eSIM
SIM00016522;eSIM
SIM00016523;microSIM
SIM00016524;eSIM
SIM00016525;microSIM
SIM00016526;nanoSIM
SIM00016527;microSIM
SIM00016528;eSIM
SIM00016529;eSIM
SIM00016530;microSIM
SIM00016531;eSIM
SIM00016532;nanoSIM
SIM00016533;nanoSIM
SIM00016534;microSIM
SIM00016535;nanoSIM
SIM00016536;standard
SIM00016537;microSIM
SIM00016538;standard
SIM00016539;standard
SIM00016540;nanoSIM
SIM00016541;microSIM
SIM00016542;standard
SIM00016543;standard
SIM00016544;nanoSIM
SIM00016545;microSIM
SIM00016546;microSIM
SIM00016547;microSIM
SIM00016548;nanoSIM
SIM00016549;eSIM
SIM00016550;microSIM
SIM00016551;standard
SIM00016552;microSIM
SIM00016553;nanoSIM
SIM00016554;microSIM
SIM00016555;microSIM
SIM00016556;eSIM
SIM00016557;standard
SIM00016558;standard
SIM00016559;eSIM
SIM00016560;microSIM
SIM00016561;standard
SIM00016562;nanoSIM
SIM00016563;eSIM
SIM00016564;microSIM
SIM00016565;microSIM
SIM00016566;standard
SIM00016567;microSIM
SIM00016568;nanoSIM
SIM00016569;standard
SIM00016570;eSIM
SIM00016571;nanoSIM
SIM00016572;standard
SIM00016573;nanoSIM
SIM00016574;eSIM
SIM00016575;standard
SIM00016576;nanoSIM
SIM00016577;nanoSIM
SIM00016578;standard
SIM00016579;eSIM
SIM00016580;nanoSIM
SIM00016581;microSIM
SIM00016582;nanoSIM
SIM00016583;nanoSIM
SIM00016584;eSIM
SIM00016585;microSIM
SIM00016586;standard
SIM00016587;standard
SIM00016588;microSIM
SIM00016589;nanoSIM
SIM00016590;standard
SIM00016591;eSIM
SIM00016592;standard
SIM00016593;standard
SIM00016594;microSIM
SIM00016595;standard
SIM00016596;eSIM
SIM00016597;standard
SIM00016598;nanoSIM
SIM00016599;nanoSIM
SIM00016600;standard
SIM00016601;nanoSIM
SIM00016602;microSIM
SIM00016603;standard
SIM00016604;standard
SIM00016605;eSIM
SIM00016606;nanoSIM
SIM00016607;standard
SIM00016608;standard
SIM00016609;eSIM
SIM00016610;eSIM
SIM00016611;microSIM
SIM00016612;microSIM
SIM00016613;nanoSIM
SIM00016614;standard
SIM00016615;microSIM
SIM00016616;standard
SIM00016617;nanoSIM
SIM00016618;eSIM
SIM00016619;nanoSIM
SIM00016620;eSIM
SIM00016621;nanoSIM
SIM00016622;eSIM
SIM00016623;standard
SIM00016624;microSIM
SIM00016625;microSIM
SIM00016626;microSIM
SIM00016627;microSIM
SIM00016628;microSIM
SIM00016629;nanoSIM
SIM00016630;standard
SIM00016631;standard
SIM00016632;microSIM
SIM00016633;nanoSIM
SIM00016634;nanoSIM
SIM00016635;microSIM
SIM00016636;standard
SIM00016637;microSIM
SIM00016638;eSIM
SIM00016639;standard
SIM00016640;nanoSIM
SIM00016641;eSIM
SIM00016642;nanoSIM
SIM00016643;eSIM
SIM00016644;nanoSIM
SIM00016645;microSIM
SIM00016646;nanoSIM
SIM00016647;standard
SIM00016648;eSIM
SIM00016649;eSIM
SIM00016650;eSIM
SIM00016651;microSIM
SIM00016652;nanoSIM
SIM00016653;nanoSIM
SIM00016654;microSIM
SIM00016655;eSIM
SIM00016656;microSIM
SIM00016657;nanoSIM
SIM00016658;eSIM
SIM00016659;standard
SIM00016660;nanoSIM
SIM00016661;microSIM
SIM00016662;microSIM
SIM00016663;microSIM
SIM00016664;standard
SIM00016665;microSIM
SIM00016666;nanoSIM
SIM00016667;microSIM
SIM00016668;nanoSIM
SIM00016669;standard
SIM00016670;microSIM
SIM00016671;standard
SIM00016672;nanoSIM
SIM00016673;standard
SIM00016674;eSIM
SIM00016675;microSIM
SIM00016676;eSIM
SIM00016677;standard
SIM00016678;nanoSIM
SIM00016679;microSIM
SIM00016680;eSIM
SIM00016681;standard
SIM00016682;nanoSIM
SIM00016683;microSIM
SIM00016684;microSIM
SIM00016685;microSIM
SIM00016686;nanoSIM
SIM00016687;standard
SIM00016688;nanoSIM
SIM00016689;microSIM
SIM00016690;nanoSIM
SIM00016691;microSIM
SIM00016692;eSIM
SIM00016693;standard
SIM00016694;microSIM
SIM00016695;nanoSIM
SIM00016696;nanoSIM
SIM00016697;eSIM
SIM00016698;nanoSIM
SIM00016699;microSIM
SIM00016700;nanoSIM
SIM00016701;eSIM
SIM00016702;microSIM
SIM00016703;nanoSIM
SIM00016704;nanoSIM
SIM00016705;eSIM
SIM00016706;nanoSIM
SIM00016707;microSIM
SIM00016708;standard
SIM00016709;standard
SIM00016710;nanoSIM
SIM00016711;standard
SIM00016712;standard
SIM00016713;nanoSIM
SIM00016714;microSIM
SIM00016715;microSIM
SIM00016716;microSIM
SIM00016717;microSIM
SIM00016718;microSIM
SIM00016719;eSIM
SIM00016720;eSIM
SIM00016721;eSIM
SIM00016722;microSIM
SIM00016723;microSIM
SIM00016724;microSIM
SIM00016725;nanoSIM
SIM00016726;standard
SIM00016727;standard
SIM00016728;nanoSIM
SIM00016729;standard
SIM00016730;microSIM
SIM00016731;nanoSIM
SIM00016732;eSIM
SIM00016733;microSIM
SIM00016734;standard
SIM00016735;standard
SIM00016736;eSIM
SIM00016737;standard
SIM00016738;eSIM
SIM00016739;standard
SIM00016740;nanoSIM
SIM00016741;standard
SIM00016742;standard
SIM00016743;microSIM
SIM00016744;nanoSIM
SIM00016745;eSIM
SIM00016746;nanoSIM
SIM00016747;standard
SIM00016748;microSIM
SIM00016749;eSIM
SIM00016750;nanoSIM
SIM00016751;microSIM
SIM00016752;nanoSIM
SIM00016753;eSIM
SIM00016754;microSIM
SIM00016755;nanoSIM
SIM00016756;nanoSIM
SIM00016757;standard
SIM00016758;nanoSIM
SIM00016759;nanoSIM
SIM00016760;eSIM
SIM00016761;nanoSIM
SIM00016762;nanoSIM
SIM00016763;standard
SIM00016764;eSIM
SIM00016765;eSIM
SIM00016766;eSIM
SIM00016767;microSIM
SIM00016768;nanoSIM
SIM00016769;nanoSIM
SIM00016770;eSIM
SIM00016771;nanoSIM
SIM00016772;microSIM
SIM00016773;eSIM
SIM00016774;eSIM
SIM00016775;eSIM
SIM00016776;nanoSIM
SIM00016777;standard
SIM00016778;nanoSIM
SIM00016779;eSIM
SIM00016780;standard
SIM00016781;eSIM
SIM00016782;microSIM
SIM00016783;standard
SIM00016784;nanoSIM
SIM00016785;microSIM
SIM00016786;microSIM
SIM00016787;standard
SIM00016788;microSIM
SIM00016789;microSIM
SIM00016790;microSIM
SIM00016791;microSIM
SIM00016792;microSIM
SIM00016793;standard
SIM00016794;standard
SIM00016795;standard
SIM00016796;nanoSIM
SIM00016797;eSIM
SIM00016798;microSIM
SIM00016799;eSIM
SIM00016800;microSIM
SIM00016801;eSIM
SIM00016802;nanoSIM
SIM00016803;standard
SIM00016804;nanoSIM
SIM00016805;nanoSIM
SIM00016806;microSIM
SIM00016807;eSIM
SIM00016808;nanoSIM
SIM00016809;microSIM
SIM00016810;nanoSIM
SIM00016811;eSIM
SIM00016812;eSIM
SIM00016813;eSIM
SIM00016814;microSIM
SIM00016815;eSIM
SIM00016816;microSIM
SIM00016817;nanoSIM
SIM00016818;standard
SIM00016819;nanoSIM
SIM00016820;microSIM
SIM00016821;nanoSIM
SIM00016822;nanoSIM
SIM00016823;standard
SIM00016824;nanoSIM
SIM00016825;nanoSIM
SIM00016826;eSIM
SIM00016827;nanoSIM
SIM00016828;nanoSIM
SIM00016829;microSIM
SIM00016830;nanoSIM
SIM00016831;microSIM
SIM00016832;standard
SIM00016833;nanoSIM
SIM00016834;nanoSIM
SIM00016835;nanoSIM
SIM00016836;standard
SIM00016837;nanoSIM
SIM00016838;nanoSIM
SIM00016839;microSIM
SIM00016840;standard
SIM00016841;standard
SIM00016842;eSIM
SIM00016843;standard
SIM00016844;standard
SIM00016845;standard
SIM00016846;nanoSIM
SIM00016847;microSIM
SIM00016848;eSIM
SIM00016849;microSIM
SIM00016850;nanoSIM
SIM00016851;standard
SIM00016852;microSIM
SIM00016853;microSIM
SIM00016854;eSIM
SIM00016855;microSIM
SIM00016856;eSIM
SIM00016857;eSIM
SIM00016858;standard
SIM00016859;eSIM
SIM00016860;nanoSIM
SIM00016861;eSIM
SIM00016862;standard
SIM00016863;eSIM
SIM00016864;standard
SIM00016865;nanoSIM
SIM00016866;standard
SIM00016867;standard
SIM00016868;nanoSIM
SIM00016869;eSIM
SIM00016870;eSIM
SIM00016871;standard
SIM00016872;eSIM
SIM00016873;standard
SIM00016874;eSIM
SIM00016875;microSIM
SIM00016876;microSIM
SIM00016877;microSIM
SIM00016878;eSIM
SIM00016879;standard
SIM00016880;standard
SIM00016881;microSIM
SIM00016882;nanoSIM
SIM00016883;nanoSIM
SIM00016884;eSIM
SIM00016885;standard
SIM00016886;nanoSIM
SIM00016887;microSIM
SIM00016888;microSIM
SIM00016889;standard
SIM00016890;microSIM
SIM00016891;eSIM
SIM00016892;microSIM
SIM00016893;nanoSIM
SIM00016894;microSIM
SIM00016895;standard
SIM00016896;microSIM
SIM00016897;nanoSIM
SIM00016898;eSIM
SIM00016899;microSIM
SIM00016900;eSIM
SIM00016901;nanoSIM
SIM00016902;nanoSIM
SIM00016903;eSIM
SIM00016904;microSIM
SIM00016905;nanoSIM
SIM00016906;standard
SIM00016907;microSIM
SIM00016908;nanoSIM
SIM00016909;nanoSIM
SIM00016910;nanoSIM
SIM00016911;standard
SIM00016912;microSIM
SIM00016913;microSIM
SIM00016914;microSIM
SIM00016915;eSIM
SIM00016916;standard
SIM00016917;nanoSIM
SIM00016918;eSIM
SIM00016919;microSIM
SIM00016920;eSIM
SIM00016921;standard
SIM00016922;standard
SIM00016923;microSIM
SIM00016924;nanoSIM
SIM00016925;microSIM
SIM00016926;nanoSIM
SIM00016927;standard
SIM00016928;standard
SIM00016929;microSIM
SIM00016930;nanoSIM
SIM00016931;eSIM
SIM00016932;eSIM
SIM00016933;nanoSIM
SIM00016934;standard
SIM00016935;microSIM
SIM00016936;eSIM
SIM00016937;microSIM
SIM00016938;nanoSIM
SIM00016939;nanoSIM
SIM00016940;eSIM
SIM00016941;standard
SIM00016942;microSIM
SIM00016943;eSIM
SIM00016944;standard
SIM00016945;standard
SIM00016946;standard
SIM00016947;eSIM
SIM00016948;standard
SIM00016949;nanoSIM
SIM00016950;nanoSIM
SIM00016951;eSIM
SIM00016952;eSIM
SIM00016953;microSIM
SIM00016954;microSIM
SIM00016955;standard
SIM00016956;nanoSIM
SIM00016957;eSIM
SIM00016958;eSIM
SIM00016959;standard
SIM00016960;standard
SIM00016961;microSIM
SIM00016962;nanoSIM
SIM00016963;nanoSIM
SIM00016964;eSIM
SIM00016965;microSIM
SIM00016966;standard
SIM00016967;nanoSIM
SIM00016968;standard
SIM00016969;eSIM
SIM00016970;microSIM
SIM00016971;eSIM
SIM00016972;microSIM
SIM00016973;microSIM
SIM00016974;nanoSIM
SIM00016975;nanoSIM
SIM00016976;standard
SIM00016977;standard
SIM00016978;standard
SIM00016979;standard
SIM00016980;nanoSIM
SIM00016981;microSIM
SIM00016982;eSIM
SIM00016983;eSIM
SIM00016984;nanoSIM
SIM00016985;nanoSIM
SIM00016986;eSIM
SIM00016987;microSIM
SIM00016988;nanoSIM
SIM00016989;nanoSIM
SIM00016990;microSIM
SIM00016991;standard
SIM00016992;nanoSIM
SIM00016993;standard
SIM00016994;microSIM
SIM00016995;standard
SIM00016996;standard
SIM00016997;microSIM
SIM00016998;nanoSIM
SIM00016999;standard
SIM00017000;microSIM
SIM00017001;standard
SIM00017002;microSIM
SIM00017003;eSIM
SIM00017004;eSIM
SIM00017005;standard
SIM00017006;nanoSIM
SIM00017007;standard
SIM00017008;standard
SIM00017009;eSIM
SIM00017010;eSIM
SIM00017011;nanoSIM
SIM00017012;standard
SIM00017013;nanoSIM
SIM00017014;standard
SIM00017015;microSIM
SIM00017016;microSIM
SIM00017017;microSIM
SIM00017018;eSIM
SIM00017019;microSIM
SIM00017020;standard
SIM00017021;eSIM
SIM00017022;eSIM
SIM00017023;eSIM
SIM00017024;standard
SIM00017025;eSIM
SIM00017026;standard
SIM00017027;standard
SIM00017028;nanoSIM
SIM00017029;nanoSIM
SIM00017030;microSIM
SIM00017031;nanoSIM
SIM00017032;nanoSIM
SIM00017033;eSIM
SIM00017034;standard
SIM00017035;eSIM
SIM00017036;eSIM
SIM00017037;eSIM
SIM00017038;microSIM
SIM00017039;nanoSIM
SIM00017040;eSIM
SIM00017041;nanoSIM
SIM00017042;standard
SIM00017043;eSIM
SIM00017044;microSIM
SIM00017045;microSIM
SIM00017046;standard
SIM00017047;microSIM
SIM00017048;standard
SIM00017049;nanoSIM
SIM00017050;standard
SIM00017051;eSIM
SIM00017052;microSIM
SIM00017053;microSIM
SIM00017054;eSIM
SIM00017055;microSIM
SIM00017056;eSIM
SIM00017057;microSIM
SIM00017058;microSIM
SIM00017059;eSIM
SIM00017060;eSIM
SIM00017061;microSIM
SIM00017062;microSIM
SIM00017063;microSIM
SIM00017064;nanoSIM
SIM00017065;nanoSIM
SIM00017066;standard
SIM00017067;nanoSIM
SIM00017068;nanoSIM
SIM00017069;standard
SIM00017070;microSIM
SIM00017071;standard
SIM00017072;nanoSIM
SIM00017073;nanoSIM
SIM00017074;standard
SIM00017075;microSIM
SIM00017076;microSIM
SIM00017077;eSIM
SIM00017078;eSIM
SIM00017079;microSIM
SIM00017080;eSIM
SIM00017081;eSIM
SIM00017082;standard
SIM00017083;nanoSIM
SIM00017084;microSIM
SIM00017085;eSIM
SIM00017086;nanoSIM
SIM00017087;microSIM
SIM00017088;eSIM
SIM00017089;nanoSIM
SIM00017090;eSIM
SIM00017091;standard
SIM00017092;nanoSIM
SIM00017093;eSIM
SIM00017094;nanoSIM
SIM00017095;microSIM
SIM00017096;nanoSIM
SIM00017097;standard
SIM00017098;microSIM
SIM00017099;microSIM
SIM00017100;microSIM
SIM00017101;microSIM
SIM00017102;eSIM
SIM00017103;nanoSIM
SIM00017104;eSIM
SIM00017105;nanoSIM
SIM00017106;standard
SIM00017107;microSIM
SIM00017108;microSIM
SIM00017109;microSIM
SIM00017110;eSIM
SIM00017111;eSIM
SIM00017112;nanoSIM
SIM00017113;eSIM
SIM00017114;microSIM
SIM00017115;microSIM
SIM00017116;microSIM
SIM00017117;microSIM
SIM00017118;microSIM
SIM00017119;standard
SIM00017120;standard
SIM00017121;microSIM
SIM00017122;microSIM
SIM00017123;eSIM
SIM00017124;nanoSIM
SIM00017125;eSIM
SIM00017126;microSIM
SIM00017127;eSIM
SIM00017128;nanoSIM
SIM00017129;eSIM
SIM00017130;nanoSIM
SIM00017131;eSIM
SIM00017132;eSIM
SIM00017133;nanoSIM
SIM00017134;eSIM
SIM00017135;eSIM
SIM00017136;standard
SIM00017137;standard
SIM00017138;eSIM
SIM00017139;standard
SIM00017140;eSIM
SIM00017141;microSIM
SIM00017142;microSIM
SIM00017143;standard
SIM00017144;microSIM
SIM00017145;nanoSIM
SIM00017146;nanoSIM
SIM00017147;standard
SIM00017148;microSIM
SIM00017149;standard
SIM00017150;eSIM
SIM00017151;standard
SIM00017152;nanoSIM
SIM00017153;eSIM
SIM00017154;standard
SIM00017155;nanoSIM
SIM00017156;eSIM
SIM00017157;microSIM
SIM00017158;nanoSIM
SIM00017159;eSIM
SIM00017160;nanoSIM
SIM00017161;microSIM
SIM00017162;eSIM
SIM00017163;eSIM
SIM00017164;standard
SIM00017165;standard
SIM00017166;microSIM
SIM00017167;microSIM
SIM00017168;standard
SIM00017169;standard
SIM00017170;microSIM
SIM00017171;nanoSIM
SIM00017172;eSIM
SIM00017173;standard
SIM00017174;nanoSIM
SIM00017175;nanoSIM
SIM00017176;microSIM
SIM00017177;nanoSIM
SIM00017178;microSIM
SIM00017179;standard
SIM00017180;standard
SIM00017181;nanoSIM
SIM00017182;eSIM
SIM00017183;nanoSIM
SIM00017184;nanoSIM
SIM00017185;standard
SIM00017186;standard
SIM00017187;nanoSIM
SIM00017188;eSIM
SIM00017189;standard
SIM00017190;standard
SIM00017191;microSIM
SIM00017192;nanoSIM
SIM00017193;nanoSIM
SIM00017194;nanoSIM
SIM00017195;microSIM
SIM00017196;standard
SIM00017197;nanoSIM
SIM00017198;microSIM
SIM00017199;standard
SIM00017200;microSIM
SIM00017201;microSIM
SIM00017202;eSIM
SIM00017203;eSIM
SIM00017204;standard
SIM00017205;eSIM
SIM00017206;nanoSIM
SIM00017207;nanoSIM
SIM00017208;microSIM
SIM00017209;microSIM
SIM00017210;microSIM
SIM00017211;microSIM
SIM00017212;nanoSIM
SIM00017213;nanoSIM
SIM00017214;microSIM
SIM00017215;standard
SIM00017216;nanoSIM
SIM00017217;standard
SIM00017218;standard
SIM00017219;nanoSIM
SIM00017220;standard
SIM00017221;nanoSIM
SIM00017222;eSIM
SIM00017223;nanoSIM
SIM00017224;eSIM
SIM00017225;standard
SIM00017226;microSIM
SIM00017227;eSIM
SIM00017228;nanoSIM
SIM00017229;standard
SIM00017230;eSIM
SIM00017231;eSIM
SIM00017232;eSIM
SIM00017233;microSIM
SIM00017234;standard
SIM00017235;nanoSIM
SIM00017236;nanoSIM
SIM00017237;eSIM
SIM00017238;microSIM
SIM00017239;eSIM
SIM00017240;nanoSIM
SIM00017241;eSIM
SIM00017242;microSIM
SIM00017243;eSIM
SIM00017244;standard
SIM00017245;eSIM
SIM00017246;microSIM
SIM00017247;microSIM
SIM00017248;nanoSIM
SIM00017249;nanoSIM
SIM00017250;nanoSIM
SIM00017251;standard
SIM00017252;microSIM
SIM00017253;eSIM
SIM00017254;eSIM
SIM00017255;standard
SIM00017256;eSIM
SIM00017257;nanoSIM
SIM00017258;microSIM
SIM00017259;nanoSIM
SIM00017260;standard
SIM00017261;microSIM
SIM00017262;standard
SIM00017263;standard
SIM00017264;eSIM
SIM00017265;eSIM
SIM00017266;microSIM
SIM00017267;microSIM
SIM00017268;standard
SIM00017269;microSIM
SIM00017270;eSIM
SIM00017271;nanoSIM
SIM00017272;standard
SIM00017273;nanoSIM
SIM00017274;microSIM
SIM00017275;standard
SIM00017276;nanoSIM
SIM00017277;eSIM
SIM00017278;microSIM
SIM00017279;microSIM
SIM00017280;standard
SIM00017281;microSIM
SIM00017282;standard
SIM00017283;microSIM
SIM00017284;microSIM
SIM00017285;standard
SIM00017286;microSIM
SIM00017287;standard
SIM00017288;nanoSIM
SIM00017289;standard
SIM00017290;nanoSIM
SIM00017291;standard
SIM00017292;nanoSIM
SIM00017293;microSIM
SIM00017294;microSIM
SIM00017295;eSIM
SIM00017296;nanoSIM
SIM00017297;standard
SIM00017298;nanoSIM
SIM00017299;nanoSIM
SIM00017300;eSIM
SIM00017301;microSIM
SIM00017302;eSIM
SIM00017303;eSIM
SIM00017304;nanoSIM
SIM00017305;microSIM
SIM00017306;eSIM
SIM00017307;standard
SIM00017308;microSIM
SIM00017309;eSIM
SIM00017310;eSIM
SIM00017311;microSIM
SIM00017312;nanoSIM
SIM00017313;nanoSIM
SIM00017314;microSIM
SIM00017315;eSIM
SIM00017316;standard
SIM00017317;standard
SIM00017318;nanoSIM
SIM00017319;eSIM
SIM00017320;eSIM
SIM00017321;eSIM
SIM00017322;nanoSIM
SIM00017323;nanoSIM
SIM00017324;eSIM
SIM00017325;standard
SIM00017326;standard
SIM00017327;eSIM
SIM00017328;microSIM
SIM00017329;nanoSIM
SIM00017330;eSIM
SIM00017331;microSIM
SIM00017332;microSIM
SIM00017333;standard
SIM00017334;nanoSIM
SIM00017335;nanoSIM
SIM00017336;nanoSIM
SIM00017337;standard
SIM00017338;eSIM
SIM00017339;standard
SIM00017340;eSIM
SIM00017341;eSIM
SIM00017342;nanoSIM
SIM00017343;standard
SIM00017344;eSIM
SIM00017345;microSIM
SIM00017346;nanoSIM
SIM00017347;microSIM
SIM00017348;nanoSIM
SIM00017349;nanoSIM
SIM00017350;standard
SIM00017351;standard
SIM00017352;eSIM
SIM00017353;microSIM
SIM00017354;microSIM
SIM00017355;microSIM
SIM00017356;nanoSIM
SIM00017357;eSIM
SIM00017358;microSIM
SIM00017359;nanoSIM
SIM00017360;eSIM
SIM00017361;microSIM
SIM00017362;microSIM
SIM00017363;eSIM
SIM00017364;standard
SIM00017365;nanoSIM
SIM00017366;eSIM
SIM00017367;microSIM
SIM00017368;eSIM
SIM00017369;eSIM
SIM00017370;nanoSIM
SIM00017371;nanoSIM
SIM00017372;microSIM
SIM00017373;standard
SIM00017374;standard
SIM00017375;microSIM
SIM00017376;eSIM
SIM00017377;eSIM
SIM00017378;nanoSIM
SIM00017379;microSIM
SIM00017380;microSIM
SIM00017381;nanoSIM
SIM00017382;nanoSIM
SIM00017383;eSIM
SIM00017384;standard
SIM00017385;eSIM
SIM00017386;microSIM
SIM00017387;nanoSIM
SIM00017388;microSIM
SIM00017389;microSIM
SIM00017390;standard
SIM00017391;eSIM
SIM00017392;eSIM
SIM00017393;standard
SIM00017394;eSIM
SIM00017395;microSIM
SIM00017396;nanoSIM
SIM00017397;nanoSIM
SIM00017398;microSIM
SIM00017399;nanoSIM
SIM00017400;microSIM
SIM00017401;nanoSIM
SIM00017402;standard
SIM00017403;standard
SIM00017404;eSIM
SIM00017405;microSIM
SIM00017406;eSIM
SIM00017407;standard
SIM00017408;nanoSIM
SIM00017409;standard
SIM00017410;standard
SIM00017411;microSIM
SIM00017412;nanoSIM
SIM00017413;microSIM
SIM00017414;standard
SIM00017415;standard
SIM00017416;microSIM
SIM00017417;eSIM
SIM00017418;microSIM
SIM00017419;microSIM
SIM00017420;eSIM
SIM00017421;nanoSIM
SIM00017422;standard
SIM00017423;eSIM
SIM00017424;microSIM
SIM00017425;standard
SIM00017426;nanoSIM
SIM00017427;nanoSIM
SIM00017428;standard
SIM00017429;eSIM
SIM00017430;nanoSIM
SIM00017431;nanoSIM
SIM00017432;standard
SIM00017433;standard
SIM00017434;eSIM
SIM00017435;eSIM
SIM00017436;standard
SIM00017437;eSIM
SIM00017438;nanoSIM
SIM00017439;microSIM
SIM00017440;nanoSIM
SIM00017441;standard
SIM00017442;nanoSIM
SIM00017443;eSIM
SIM00017444;standard
SIM00017445;microSIM
SIM00017446;standard
SIM00017447;standard
SIM00017448;eSIM
SIM00017449;nanoSIM
SIM00017450;standard
SIM00017451;nanoSIM
SIM00017452;nanoSIM
SIM00017453;microSIM
SIM00017454;nanoSIM
SIM00017455;nanoSIM
SIM00017456;microSIM
SIM00017457;nanoSIM
SIM00017458;nanoSIM
SIM00017459;standard
SIM00017460;nanoSIM
SIM00017461;eSIM
SIM00017462;standard
SIM00017463;standard
SIM00017464;eSIM
SIM00017465;eSIM
SIM00017466;eSIM
SIM00017467;eSIM
SIM00017468;nanoSIM
SIM00017469;eSIM
SIM00017470;nanoSIM
SIM00017471;microSIM
SIM00017472;standard
SIM00017473;microSIM
SIM00017474;nanoSIM
SIM00017475;microSIM
SIM00017476;nanoSIM
SIM00017477;eSIM
SIM00017478;nanoSIM
SIM00017479;nanoSIM
SIM00017480;eSIM
SIM00017481;microSIM
SIM00017482;standard
SIM00017483;nanoSIM
SIM00017484;eSIM
SIM00017485;standard
SIM00017486;microSIM
SIM00017487;nanoSIM
SIM00017488;standard
SIM00017489;microSIM
SIM00017490;eSIM
SIM00017491;microSIM
SIM00017492;microSIM
SIM00017493;microSIM
SIM00017494;nanoSIM
SIM00017495;eSIM
SIM00017496;standard
SIM00017497;microSIM
SIM00017498;eSIM
SIM00017499;microSIM
SIM00017500;standard
SIM00017501;standard
SIM00017502;microSIM
SIM00017503;eSIM
SIM00017504;microSIM
SIM00017505;microSIM
SIM00017506;nanoSIM
SIM00017507;eSIM
SIM00017508;eSIM
SIM00017509;standard
SIM00017510;eSIM
SIM00017511;microSIM
SIM00017512;microSIM
SIM00017513;eSIM
SIM00017514;eSIM
SIM00017515;standard
SIM00017516;eSIM
SIM00017517;eSIM
SIM00017518;microSIM
SIM00017519;microSIM
SIM00017520;eSIM
SIM00017521;nanoSIM
SIM00017522;standard
SIM00017523;eSIM
SIM00017524;eSIM
SIM00017525;nanoSIM
SIM00017526;microSIM
SIM00017527;nanoSIM
SIM00017528;standard
SIM00017529;eSIM
SIM00017530;eSIM
SIM00017531;microSIM
SIM00017532;microSIM
SIM00017533;standard
SIM00017534;microSIM
SIM00017535;nanoSIM
SIM00017536;microSIM
SIM00017537;microSIM
SIM00017538;microSIM
SIM00017539;nanoSIM
SIM00017540;microSIM
SIM00017541;microSIM
SIM00017542;standard
SIM00017543;nanoSIM
SIM00017544;microSIM
SIM00017545;microSIM
SIM00017546;microSIM
SIM00017547;standard
SIM00017548;nanoSIM
SIM00017549;microSIM
SIM00017550;standard
SIM00017551;nanoSIM
SIM00017552;nanoSIM
SIM00017553;eSIM
SIM00017554;microSIM
SIM00017555;nanoSIM
SIM00017556;standard
SIM00017557;nanoSIM
SIM00017558;nanoSIM
SIM00017559;eSIM
SIM00017560;nanoSIM
SIM00017561;nanoSIM
SIM00017562;standard
SIM00017563;standard
SIM00017564;standard
SIM00017565;standard
SIM00017566;eSIM
SIM00017567;microSIM
SIM00017568;microSIM
SIM00017569;microSIM
SIM00017570;standard
SIM00017571;microSIM
SIM00017572;standard
SIM00017573;standard
SIM00017574;microSIM
SIM00017575;standard
SIM00017576;eSIM
SIM00017577;microSIM
SIM00017578;nanoSIM
SIM00017579;standard
SIM00017580;eSIM
SIM00017581;standard
SIM00017582;microSIM
SIM00017583;microSIM
SIM00017584;nanoSIM
SIM00017585;eSIM
SIM00017586;microSIM
SIM00017587;standard
SIM00017588;nanoSIM
SIM00017589;standard
SIM00017590;eSIM
SIM00017591;microSIM
SIM00017592;microSIM
SIM00017593;nanoSIM
SIM00017594;standard
SIM00017595;nanoSIM
SIM00017596;nanoSIM
SIM00017597;nanoSIM
SIM00017598;nanoSIM
SIM00017599;standard
SIM00017600;eSIM
SIM00017601;eSIM
SIM00017602;eSIM
SIM00017603;microSIM
SIM00017604;standard
SIM00017605;eSIM
SIM00017606;microSIM
SIM00017607;standard
SIM00017608;nanoSIM
SIM00017609;nanoSIM
SIM00017610;eSIM
SIM00017611;nanoSIM
SIM00017612;nanoSIM
SIM00017613;microSIM
SIM00017614;microSIM
SIM00017615;microSIM
SIM00017616;standard
SIM00017617;microSIM
SIM00017618;standard
SIM00017619;eSIM
SIM00017620;nanoSIM
SIM00017621;nanoSIM
SIM00017622;standard
SIM00017623;microSIM
SIM00017624;standard
SIM00017625;standard
SIM00017626;nanoSIM
SIM00017627;microSIM
SIM00017628;microSIM
SIM00017629;nanoSIM
SIM00017630;microSIM
SIM00017631;standard
SIM00017632;eSIM
SIM00017633;nanoSIM
SIM00017634;microSIM
SIM00017635;standard
SIM00017636;eSIM
SIM00017637;standard
SIM00017638;nanoSIM
SIM00017639;standard
SIM00017640;standard
SIM00017641;microSIM
SIM00017642;microSIM
SIM00017643;nanoSIM
SIM00017644;nanoSIM
SIM00017645;nanoSIM
SIM00017646;nanoSIM
SIM00017647;nanoSIM
SIM00017648;eSIM
SIM00017649;eSIM
SIM00017650;eSIM
SIM00017651;nanoSIM
SIM00017652;eSIM
SIM00017653;standard
SIM00017654;eSIM
SIM00017655;eSIM
SIM00017656;standard
SIM00017657;nanoSIM
SIM00017658;microSIM
SIM00017659;nanoSIM
SIM00017660;standard
SIM00017661;nanoSIM
SIM00017662;standard
SIM00017663;eSIM
SIM00017664;standard
SIM00017665;eSIM
SIM00017666;nanoSIM
SIM00017667;standard
SIM00017668;microSIM
SIM00017669;microSIM
SIM00017670;microSIM
SIM00017671;eSIM
SIM00017672;microSIM
SIM00017673;microSIM
SIM00017674;standard
SIM00017675;microSIM
SIM00017676;standard
SIM00017677;microSIM
SIM00017678;microSIM
SIM00017679;nanoSIM
SIM00017680;eSIM
SIM00017681;standard
SIM00017682;standard
SIM00017683;microSIM
SIM00017684;nanoSIM
SIM00017685;standard
SIM00017686;microSIM
SIM00017687;standard
SIM00017688;standard
SIM00017689;microSIM
SIM00017690;nanoSIM
SIM00017691;eSIM
SIM00017692;eSIM
SIM00017693;microSIM
SIM00017694;nanoSIM
SIM00017695;standard
SIM00017696;microSIM
SIM00017697;eSIM
SIM00017698;microSIM
SIM00017699;eSIM
SIM00017700;standard
SIM00017701;microSIM
SIM00017702;eSIM
SIM00017703;standard
SIM00017704;eSIM
SIM00017705;microSIM
SIM00017706;microSIM
SIM00017707;eSIM
SIM00017708;microSIM
SIM00017709;eSIM
SIM00017710;nanoSIM
SIM00017711;microSIM
SIM00017712;eSIM
SIM00017713;microSIM
SIM00017714;standard
SIM00017715;microSIM
SIM00017716;standard
SIM00017717;microSIM
SIM00017718;eSIM
SIM00017719;eSIM
SIM00017720;eSIM
SIM00017721;microSIM
SIM00017722;nanoSIM
SIM00017723;eSIM
SIM00017724;nanoSIM
SIM00017725;nanoSIM
SIM00017726;eSIM
SIM00017727;eSIM
SIM00017728;eSIM
SIM00017729;standard
SIM00017730;nanoSIM
SIM00017731;nanoSIM
SIM00017732;microSIM
SIM00017733;standard
SIM00017734;standard
SIM00017735;microSIM
SIM00017736;standard
SIM00017737;standard
SIM00017738;eSIM
SIM00017739;standard
SIM00017740;standard
SIM00017741;nanoSIM
SIM00017742;standard
SIM00017743;microSIM
SIM00017744;eSIM
SIM00017745;eSIM
SIM00017746;standard
SIM00017747;nanoSIM
SIM00017748;nanoSIM
SIM00017749;standard
SIM00017750;nanoSIM
SIM00017751;standard
SIM00017752;nanoSIM
SIM00017753;standard
SIM00017754;eSIM
SIM00017755;eSIM
SIM00017756;nanoSIM
SIM00017757;microSIM
SIM00017758;standard
SIM00017759;eSIM
SIM00017760;standard
SIM00017761;microSIM
SIM00017762;microSIM
SIM00017763;microSIM
SIM00017764;nanoSIM
SIM00017765;eSIM
SIM00017766;standard
SIM00017767;eSIM
SIM00017768;microSIM
SIM00017769;nanoSIM
SIM00017770;microSIM
SIM00017771;nanoSIM
SIM00017772;standard
SIM00017773;standard
SIM00017774;eSIM
SIM00017775;standard
SIM00017776;standard
SIM00017777;standard
SIM00017778;standard
SIM00017779;eSIM
SIM00017780;nanoSIM
SIM00017781;microSIM
SIM00017782;eSIM
SIM00017783;microSIM
SIM00017784;eSIM
SIM00017785;eSIM
SIM00017786;standard
SIM00017787;standard
SIM00017788;standard
SIM00017789;microSIM
SIM00017790;microSIM
SIM00017791;standard
SIM00017792;standard
SIM00017793;standard
SIM00017794;microSIM
SIM00017795;standard
SIM00017796;standard
SIM00017797;nanoSIM
SIM00017798;microSIM
SIM00017799;nanoSIM
SIM00017800;eSIM
SIM00017801;eSIM
SIM00017802;standard
SIM00017803;standard
SIM00017804;standard
SIM00017805;standard
SIM00017806;eSIM
SIM00017807;nanoSIM
SIM00017808;eSIM
SIM00017809;eSIM
SIM00017810;nanoSIM
SIM00017811;standard
SIM00017812;microSIM
SIM00017813;eSIM
SIM00017814;nanoSIM
SIM00017815;nanoSIM
SIM00017816;nanoSIM
SIM00017817;eSIM
SIM00017818;eSIM
SIM00017819;standard
SIM00017820;eSIM
SIM00017821;microSIM
SIM00017822;microSIM
SIM00017823;standard
SIM00017824;nanoSIM
SIM00017825;microSIM
SIM00017826;standard
SIM00017827;microSIM
SIM00017828;eSIM
SIM00017829;nanoSIM
SIM00017830;eSIM
SIM00017831;standard
SIM00017832;standard
SIM00017833;standard
SIM00017834;microSIM
SIM00017835;microSIM
SIM00017836;microSIM
SIM00017837;eSIM
SIM00017838;nanoSIM
SIM00017839;microSIM
SIM00017840;standard
SIM00017841;standard
SIM00017842;microSIM
SIM00017843;standard
SIM00017844;microSIM
SIM00017845;nanoSIM
SIM00017846;eSIM
SIM00017847;nanoSIM
SIM00017848;microSIM
SIM00017849;eSIM
SIM00017850;nanoSIM
SIM00017851;microSIM
SIM00017852;standard
SIM00017853;eSIM
SIM00017854;nanoSIM
SIM00017855;eSIM
SIM00017856;nanoSIM
SIM00017857;microSIM
SIM00017858;nanoSIM
SIM00017859;nanoSIM
SIM00017860;nanoSIM
SIM00017861;nanoSIM
SIM00017862;standard
SIM00017863;standard
SIM00017864;standard
SIM00017865;microSIM
SIM00017866;standard
SIM00017867;eSIM
SIM00017868;microSIM
SIM00017869;microSIM
SIM00017870;standard
SIM00017871;eSIM
SIM00017872;standard
SIM00017873;standard
SIM00017874;nanoSIM
SIM00017875;nanoSIM
SIM00017876;eSIM
SIM00017877;eSIM
SIM00017878;eSIM
SIM00017879;standard
SIM00017880;microSIM
SIM00017881;eSIM
SIM00017882;nanoSIM
SIM00017883;nanoSIM
SIM00017884;nanoSIM
SIM00017885;nanoSIM
SIM00017886;nanoSIM
SIM00017887;eSIM
SIM00017888;microSIM
SIM00017889;nanoSIM
SIM00017890;microSIM
SIM00017891;eSIM
SIM00017892;nanoSIM
SIM00017893;standard
SIM00017894;standard
SIM00017895;standard
SIM00017896;standard
SIM00017897;standard
SIM00017898;nanoSIM
SIM00017899;standard
SIM00017900;standard
SIM00017901;eSIM
SIM00017902;eSIM
SIM00017903;microSIM
SIM00017904;microSIM
SIM00017905;microSIM
SIM00017906;standard
SIM00017907;microSIM
SIM00017908;microSIM
SIM00017909;nanoSIM
SIM00017910;nanoSIM
SIM00017911;standard
SIM00017912;eSIM
SIM00017913;standard
SIM00017914;standard
SIM00017915;nanoSIM
SIM00017916;microSIM
SIM00017917;nanoSIM
SIM00017918;nanoSIM
SIM00017919;standard
SIM00017920;standard
SIM00017921;standard
SIM00017922;microSIM
SIM00017923;eSIM
SIM00017924;microSIM
SIM00017925;microSIM
SIM00017926;standard
SIM00017927;eSIM
SIM00017928;nanoSIM
SIM00017929;eSIM
SIM00017930;eSIM
SIM00017931;nanoSIM
SIM00017932;microSIM
SIM00017933;standard
SIM00017934;eSIM
SIM00017935;standard
SIM00017936;nanoSIM
SIM00017937;microSIM
SIM00017938;standard
SIM00017939;microSIM
SIM00017940;nanoSIM
SIM00017941;microSIM
SIM00017942;eSIM
SIM00017943;microSIM
SIM00017944;eSIM
SIM00017945;nanoSIM
SIM00017946;microSIM
SIM00017947;nanoSIM
SIM00017948;standard
SIM00017949;eSIM
SIM00017950;eSIM
SIM00017951;eSIM
SIM00017952;standard
SIM00017953;standard
SIM00017954;nanoSIM
SIM00017955;nanoSIM
SIM00017956;eSIM
SIM00017957;standard
SIM00017958;eSIM
SIM00017959;standard
SIM00017960;nanoSIM
SIM00017961;nanoSIM
SIM00017962;microSIM
SIM00017963;nanoSIM
SIM00017964;standard
SIM00017965;nanoSIM
SIM00017966;microSIM
SIM00017967;eSIM
SIM00017968;nanoSIM
SIM00017969;nanoSIM
SIM00017970;standard
SIM00017971;microSIM
SIM00017972;standard
SIM00017973;nanoSIM
SIM00017974;nanoSIM
SIM00017975;nanoSIM
SIM00017976;nanoSIM
SIM00017977;microSIM
SIM00017978;nanoSIM
SIM00017979;nanoSIM
SIM00017980;eSIM
SIM00017981;microSIM
SIM00017982;eSIM
SIM00017983;microSIM
SIM00017984;standard
SIM00017985;nanoSIM
SIM00017986;nanoSIM
SIM00017987;eSIM
SIM00017988;standard
SIM00017989;nanoSIM
SIM00017990;standard
SIM00017991;microSIM
SIM00017992;eSIM
SIM00017993;nanoSIM
SIM00017994;standard
SIM00017995;microSIM
SIM00017996;eSIM
SIM00017997;nanoSIM
SIM00017998;eSIM
SIM00017999;eSIM
SIM00018000;standard
SIM00018001;eSIM
SIM00018002;standard
SIM00018003;nanoSIM
SIM00018004;eSIM
SIM00018005;standard
SIM00018006;microSIM
SIM00018007;microSIM
SIM00018008;microSIM
SIM00018009;nanoSIM
SIM00018010;microSIM
SIM00018011;eSIM
SIM00018012;standard
SIM00018013;standard
SIM00018014;eSIM
SIM00018015;microSIM
SIM00018016;microSIM
SIM00018017;microSIM
SIM00018018;eSIM
SIM00018019;standard
SIM00018020;microSIM
SIM00018021;eSIM
SIM00018022;nanoSIM
SIM00018023;eSIM
SIM00018024;nanoSIM
SIM00018025;standard
SIM00018026;standard
SIM00018027;microSIM
SIM00018028;nanoSIM
SIM00018029;microSIM
SIM00018030;standard
SIM00018031;standard
SIM00018032;eSIM
SIM00018033;standard
SIM00018034;standard
SIM00018035;standard
SIM00018036;standard
SIM00018037;microSIM
SIM00018038;standard
SIM00018039;eSIM
SIM00018040;standard
SIM00018041;nanoSIM
SIM00018042;eSIM
SIM00018043;standard
SIM00018044;standard
SIM00018045;eSIM
SIM00018046;microSIM
SIM00018047;nanoSIM
SIM00018048;standard
SIM00018049;microSIM
SIM00018050;eSIM
SIM00018051;standard
SIM00018052;standard
SIM00018053;eSIM
SIM00018054;nanoSIM
SIM00018055;nanoSIM
SIM00018056;nanoSIM
SIM00018057;eSIM
SIM00018058;nanoSIM
SIM00018059;nanoSIM
SIM00018060;eSIM
SIM00018061;microSIM
SIM00018062;standard
SIM00018063;eSIM
SIM00018064;nanoSIM
SIM00018065;nanoSIM
SIM00018066;microSIM
SIM00018067;microSIM
SIM00018068;nanoSIM
SIM00018069;eSIM
SIM00018070;microSIM
SIM00018071;eSIM
SIM00018072;eSIM
SIM00018073;standard
SIM00018074;nanoSIM
SIM00018075;microSIM
SIM00018076;eSIM
SIM00018077;microSIM
SIM00018078;standard
SIM00018079;microSIM
SIM00018080;standard
SIM00018081;microSIM
SIM00018082;microSIM
SIM00018083;standard
SIM00018084;standard
SIM00018085;nanoSIM
SIM00018086;standard
SIM00018087;standard
SIM00018088;nanoSIM
SIM00018089;standard
SIM00018090;microSIM
SIM00018091;eSIM
SIM00018092;nanoSIM
SIM00018093;nanoSIM
SIM00018094;standard
SIM00018095;microSIM
SIM00018096;standard
SIM00018097;nanoSIM
SIM00018098;nanoSIM
SIM00018099;nanoSIM
SIM00018100;eSIM
SIM00018101;standard
SIM00018102;nanoSIM
SIM00018103;standard
SIM00018104;microSIM
SIM00018105;microSIM
SIM00018106;microSIM
SIM00018107;microSIM
SIM00018108;microSIM
SIM00018109;standard
SIM00018110;standard
SIM00018111;microSIM
SIM00018112;standard
SIM00018113;eSIM
SIM00018114;eSIM
SIM00018115;nanoSIM
SIM00018116;nanoSIM
SIM00018117;standard
SIM00018118;microSIM
SIM00018119;nanoSIM
SIM00018120;nanoSIM
SIM00018121;nanoSIM
SIM00018122;microSIM
SIM00018123;nanoSIM
SIM00018124;microSIM
SIM00018125;standard
SIM00018126;microSIM
SIM00018127;microSIM
SIM00018128;nanoSIM
SIM00018129;standard
SIM00018130;microSIM
SIM00018131;nanoSIM
SIM00018132;standard
SIM00018133;eSIM
SIM00018134;nanoSIM
SIM00018135;microSIM
SIM00018136;microSIM
SIM00018137;standard
SIM00018138;microSIM
SIM00018139;microSIM
SIM00018140;eSIM
SIM00018141;nanoSIM
SIM00018142;eSIM
SIM00018143;standard
SIM00018144;microSIM
SIM00018145;eSIM
SIM00018146;eSIM
SIM00018147;standard
SIM00018148;microSIM
SIM00018149;microSIM
SIM00018150;microSIM
SIM00018151;standard
SIM00018152;standard
SIM00018153;microSIM
SIM00018154;eSIM
SIM00018155;microSIM
SIM00018156;standard
SIM00018157;standard
SIM00018158;microSIM
SIM00018159;nanoSIM
SIM00018160;standard
SIM00018161;eSIM
SIM00018162;microSIM
SIM00018163;standard
SIM00018164;standard
SIM00018165;microSIM
SIM00018166;microSIM
SIM00018167;nanoSIM
SIM00018168;microSIM
SIM00018169;microSIM
SIM00018170;nanoSIM
SIM00018171;nanoSIM
SIM00018172;microSIM
SIM00018173;microSIM
SIM00018174;standard
SIM00018175;nanoSIM
SIM00018176;standard
SIM00018177;nanoSIM
SIM00018178;microSIM
SIM00018179;nanoSIM
SIM00018180;eSIM
SIM00018181;nanoSIM
SIM00018182;standard
SIM00018183;microSIM
SIM00018184;microSIM
SIM00018185;standard
SIM00018186;nanoSIM
SIM00018187;microSIM
SIM00018188;microSIM
SIM00018189;microSIM
SIM00018190;microSIM
SIM00018191;nanoSIM
SIM00018192;eSIM
SIM00018193;eSIM
SIM00018194;eSIM
SIM00018195;standard
SIM00018196;eSIM
SIM00018197;nanoSIM
SIM00018198;eSIM
SIM00018199;microSIM
SIM00018200;microSIM
SIM00018201;eSIM
SIM00018202;standard
SIM00018203;microSIM
SIM00018204;eSIM
SIM00018205;nanoSIM
SIM00018206;standard
SIM00018207;standard
SIM00018208;nanoSIM
SIM00018209;microSIM
SIM00018210;microSIM
SIM00018211;microSIM
SIM00018212;microSIM
SIM00018213;standard
SIM00018214;nanoSIM
SIM00018215;nanoSIM
SIM00018216;microSIM
SIM00018217;nanoSIM
SIM00018218;microSIM
SIM00018219;eSIM
SIM00018220;standard
SIM00018221;eSIM
SIM00018222;eSIM
SIM00018223;microSIM
SIM00018224;nanoSIM
SIM00018225;nanoSIM
SIM00018226;eSIM
SIM00018227;microSIM
SIM00018228;microSIM
SIM00018229;eSIM
SIM00018230;microSIM
SIM00018231;microSIM
SIM00018232;microSIM
SIM00018233;standard
SIM00018234;eSIM
SIM00018235;nanoSIM
SIM00018236;nanoSIM
SIM00018237;nanoSIM
SIM00018238;microSIM
SIM00018239;nanoSIM
SIM00018240;eSIM
SIM00018241;microSIM
SIM00018242;standard
SIM00018243;eSIM
SIM00018244;eSIM
SIM00018245;nanoSIM
SIM00018246;microSIM
SIM00018247;nanoSIM
SIM00018248;nanoSIM
SIM00018249;standard
SIM00018250;standard
SIM00018251;nanoSIM
SIM00018252;microSIM
SIM00018253;eSIM
SIM00018254;standard
SIM00018255;nanoSIM
SIM00018256;standard
SIM00018257;nanoSIM
SIM00018258;standard
SIM00018259;eSIM
SIM00018260;standard
SIM00018261;nanoSIM
SIM00018262;microSIM
SIM00018263;nanoSIM
SIM00018264;standard
SIM00018265;eSIM
SIM00018266;standard
SIM00018267;microSIM
SIM00018268;standard
SIM00018269;standard
SIM00018270;microSIM
SIM00018271;microSIM
SIM00018272;eSIM
SIM00018273;nanoSIM
SIM00018274;standard
SIM00018275;standard
SIM00018276;standard
SIM00018277;microSIM
SIM00018278;standard
SIM00018279;eSIM
SIM00018280;microSIM
SIM00018281;standard
SIM00018282;standard
SIM00018283;standard
SIM00018284;nanoSIM
SIM00018285;standard
SIM00018286;microSIM
SIM00018287;eSIM
SIM00018288;microSIM
SIM00018289;nanoSIM
SIM00018290;nanoSIM
SIM00018291;microSIM
SIM00018292;nanoSIM
SIM00018293;standard
SIM00018294;microSIM
SIM00018295;microSIM
SIM00018296;standard
SIM00018297;eSIM
SIM00018298;microSIM
SIM00018299;eSIM
SIM00018300;microSIM
SIM00018301;nanoSIM
SIM00018302;eSIM
SIM00018303;standard
SIM00018304;standard
SIM00018305;nanoSIM
SIM00018306;standard
SIM00018307;microSIM
SIM00018308;eSIM
SIM00018309;microSIM
SIM00018310;standard
SIM00018311;standard
SIM00018312;eSIM
SIM00018313;standard
SIM00018314;eSIM
SIM00018315;microSIM
SIM00018316;nanoSIM
SIM00018317;eSIM
SIM00018318;microSIM
SIM00018319;nanoSIM
SIM00018320;microSIM
SIM00018321;standard
SIM00018322;nanoSIM
SIM00018323;nanoSIM
SIM00018324;nanoSIM
SIM00018325;eSIM
SIM00018326;standard
SIM00018327;nanoSIM
SIM00018328;eSIM
SIM00018329;nanoSIM
SIM00018330;nanoSIM
SIM00018331;nanoSIM
SIM00018332;nanoSIM
SIM00018333;eSIM
SIM00018334;nanoSIM
SIM00018335;nanoSIM
SIM00018336;standard
SIM00018337;microSIM
SIM00018338;standard
SIM00018339;eSIM
SIM00018340;standard
SIM00018341;microSIM
SIM00018342;standard
SIM00018343;nanoSIM
SIM00018344;standard
SIM00018345;standard
SIM00018346;eSIM
SIM00018347;microSIM
SIM00018348;nanoSIM
SIM00018349;eSIM
SIM00018350;microSIM
SIM00018351;eSIM
SIM00018352;eSIM
SIM00018353;nanoSIM
SIM00018354;eSIM
SIM00018355;standard
SIM00018356;microSIM
SIM00018357;microSIM
SIM00018358;standard
SIM00018359;eSIM
SIM00018360;microSIM
SIM00018361;eSIM
SIM00018362;standard
SIM00018363;eSIM
SIM00018364;microSIM
SIM00018365;eSIM
SIM00018366;nanoSIM
SIM00018367;eSIM
SIM00018368;standard
SIM00018369;eSIM
SIM00018370;standard
SIM00018371;eSIM
SIM00018372;nanoSIM
SIM00018373;eSIM
SIM00018374;standard
SIM00018375;eSIM
SIM00018376;standard
SIM00018377;microSIM
SIM00018378;nanoSIM
SIM00018379;standard
SIM00018380;nanoSIM
SIM00018381;microSIM
SIM00018382;microSIM
SIM00018383;eSIM
SIM00018384;standard
SIM00018385;eSIM
SIM00018386;nanoSIM
SIM00018387;standard
SIM00018388;microSIM
SIM00018389;standard
SIM00018390;microSIM
SIM00018391;eSIM
SIM00018392;microSIM
SIM00018393;microSIM
SIM00018394;nanoSIM
SIM00018395;microSIM
SIM00018396;microSIM
SIM00018397;nanoSIM
SIM00018398;eSIM
SIM00018399;microSIM
SIM00018400;nanoSIM
SIM00018401;microSIM
SIM00018402;eSIM
SIM00018403;microSIM
SIM00018404;nanoSIM
SIM00018405;nanoSIM
SIM00018406;microSIM
SIM00018407;nanoSIM
SIM00018408;eSIM
SIM00018409;microSIM
SIM00018410;standard
SIM00018411;nanoSIM
SIM00018412;standard
SIM00018413;microSIM
SIM00018414;eSIM
SIM00018415;microSIM
SIM00018416;eSIM
SIM00018417;standard
SIM00018418;standard
SIM00018419;nanoSIM
SIM00018420;standard
SIM00018421;eSIM
SIM00018422;nanoSIM
SIM00018423;standard
SIM00018424;nanoSIM
SIM00018425;standard
SIM00018426;nanoSIM
SIM00018427;microSIM
SIM00018428;nanoSIM
SIM00018429;microSIM
SIM00018430;nanoSIM
SIM00018431;standard
SIM00018432;nanoSIM
SIM00018433;standard
SIM00018434;microSIM
SIM00018435;standard
SIM00018436;standard
SIM00018437;standard
SIM00018438;standard
SIM00018439;eSIM
SIM00018440;microSIM
SIM00018441;microSIM
SIM00018442;microSIM
SIM00018443;microSIM
SIM00018444;eSIM
SIM00018445;eSIM
SIM00018446;eSIM
SIM00018447;standard
SIM00018448;nanoSIM
SIM00018449;nanoSIM
SIM00018450;standard
SIM00018451;eSIM
SIM00018452;eSIM
SIM00018453;eSIM
SIM00018454;standard
SIM00018455;nanoSIM
SIM00018456;nanoSIM
SIM00018457;standard
SIM00018458;nanoSIM
SIM00018459;eSIM
SIM00018460;eSIM
SIM00018461;eSIM
SIM00018462;nanoSIM
SIM00018463;eSIM
SIM00018464;microSIM
SIM00018465;standard
SIM00018466;nanoSIM
SIM00018467;eSIM
SIM00018468;eSIM
SIM00018469;nanoSIM
SIM00018470;microSIM
SIM00018471;nanoSIM
SIM00018472;microSIM
SIM00018473;microSIM
SIM00018474;nanoSIM
SIM00018475;nanoSIM
SIM00018476;standard
SIM00018477;standard
SIM00018478;nanoSIM
SIM00018479;eSIM
SIM00018480;nanoSIM
SIM00018481;eSIM
SIM00018482;standard
SIM00018483;nanoSIM
SIM00018484;nanoSIM
SIM00018485;nanoSIM
SIM00018486;standard
SIM00018487;microSIM
SIM00018488;standard
SIM00018489;nanoSIM
SIM00018490;standard
SIM00018491;standard
SIM00018492;eSIM
SIM00018493;nanoSIM
SIM00018494;standard
SIM00018495;eSIM
SIM00018496;nanoSIM
SIM00018497;standard
SIM00018498;eSIM
SIM00018499;nanoSIM
SIM00018500;nanoSIM
SIM00018501;eSIM
SIM00018502;eSIM
SIM00018503;eSIM
SIM00018504;eSIM
SIM00018505;nanoSIM
SIM00018506;microSIM
SIM00018507;microSIM
SIM00018508;standard
SIM00018509;microSIM
SIM00018510;eSIM
SIM00018511;microSIM
SIM00018512;nanoSIM
SIM00018513;nanoSIM
SIM00018514;standard
SIM00018515;standard
SIM00018516;eSIM
SIM00018517;standard
SIM00018518;microSIM
SIM00018519;eSIM
SIM00018520;microSIM
SIM00018521;microSIM
SIM00018522;eSIM
SIM00018523;eSIM
SIM00018524;standard
SIM00018525;eSIM
SIM00018526;eSIM
SIM00018527;nanoSIM
SIM00018528;microSIM
SIM00018529;microSIM
SIM00018530;standard
SIM00018531;eSIM
SIM00018532;microSIM
SIM00018533;microSIM
SIM00018534;eSIM
SIM00018535;eSIM
SIM00018536;microSIM
SIM00018537;microSIM
SIM00018538;nanoSIM
SIM00018539;standard
SIM00018540;nanoSIM
SIM00018541;standard
SIM00018542;eSIM
SIM00018543;standard
SIM00018544;standard
SIM00018545;eSIM
SIM00018546;standard
SIM00018547;microSIM
SIM00018548;microSIM
SIM00018549;eSIM
SIM00018550;standard
SIM00018551;standard
SIM00018552;nanoSIM
SIM00018553;standard
SIM00018554;microSIM
SIM00018555;eSIM
SIM00018556;standard
SIM00018557;standard
SIM00018558;eSIM
SIM00018559;nanoSIM
SIM00018560;microSIM
SIM00018561;nanoSIM
SIM00018562;eSIM
SIM00018563;eSIM
SIM00018564;standard
SIM00018565;microSIM
SIM00018566;standard
SIM00018567;standard
SIM00018568;standard
SIM00018569;microSIM
SIM00018570;nanoSIM
SIM00018571;microSIM
SIM00018572;standard
SIM00018573;nanoSIM
SIM00018574;standard
SIM00018575;microSIM
SIM00018576;eSIM
SIM00018577;eSIM
SIM00018578;eSIM
SIM00018579;standard
SIM00018580;microSIM
SIM00018581;standard
SIM00018582;microSIM
SIM00018583;eSIM
SIM00018584;eSIM
SIM00018585;eSIM
SIM00018586;standard
SIM00018587;standard
SIM00018588;standard
SIM00018589;eSIM
SIM00018590;nanoSIM
SIM00018591;nanoSIM
SIM00018592;eSIM
SIM00018593;microSIM
SIM00018594;microSIM
SIM00018595;microSIM
SIM00018596;standard
SIM00018597;microSIM
SIM00018598;standard
SIM00018599;nanoSIM
SIM00018600;nanoSIM
SIM00018601;eSIM
SIM00018602;eSIM
SIM00018603;standard
SIM00018604;nanoSIM
SIM00018605;eSIM
SIM00018606;standard
SIM00018607;standard
SIM00018608;nanoSIM
SIM00018609;eSIM
SIM00018610;eSIM
SIM00018611;eSIM
SIM00018612;eSIM
SIM00018613;standard
SIM00018614;nanoSIM
SIM00018615;eSIM
SIM00018616;nanoSIM
SIM00018617;standard
SIM00018618;standard
SIM00018619;eSIM
SIM00018620;nanoSIM
SIM00018621;eSIM
SIM00018622;nanoSIM
SIM00018623;microSIM
SIM00018624;standard
SIM00018625;eSIM
SIM00018626;nanoSIM
SIM00018627;eSIM
SIM00018628;microSIM
SIM00018629;eSIM
SIM00018630;microSIM
SIM00018631;microSIM
SIM00018632;microSIM
SIM00018633;microSIM
SIM00018634;standard
SIM00018635;standard
SIM00018636;standard
SIM00018637;microSIM
SIM00018638;nanoSIM
SIM00018639;eSIM
SIM00018640;standard
SIM00018641;microSIM
SIM00018642;nanoSIM
SIM00018643;standard
SIM00018644;eSIM
SIM00018645;eSIM
SIM00018646;microSIM
SIM00018647;microSIM
SIM00018648;standard
SIM00018649;nanoSIM
SIM00018650;standard
SIM00018651;nanoSIM
SIM00018652;standard
SIM00018653;eSIM
SIM00018654;microSIM
SIM00018655;eSIM
SIM00018656;eSIM
SIM00018657;microSIM
SIM00018658;microSIM
SIM00018659;standard
SIM00018660;nanoSIM
SIM00018661;nanoSIM
SIM00018662;eSIM
SIM00018663;eSIM
SIM00018664;eSIM
SIM00018665;standard
SIM00018666;nanoSIM
SIM00018667;nanoSIM
SIM00018668;standard
SIM00018669;standard
SIM00018670;microSIM
SIM00018671;nanoSIM
SIM00018672;microSIM
SIM00018673;standard
SIM00018674;microSIM
SIM00018675;nanoSIM
SIM00018676;eSIM
SIM00018677;standard
SIM00018678;microSIM
SIM00018679;microSIM
SIM00018680;standard
SIM00018681;eSIM
SIM00018682;nanoSIM
SIM00018683;standard
SIM00018684;standard
SIM00018685;microSIM
SIM00018686;microSIM
SIM00018687;standard
SIM00018688;nanoSIM
SIM00018689;microSIM
SIM00018690;microSIM
SIM00018691;standard
SIM00018692;microSIM
SIM00018693;nanoSIM
SIM00018694;nanoSIM
SIM00018695;standard
SIM00018696;standard
SIM00018697;microSIM
SIM00018698;eSIM
SIM00018699;eSIM
SIM00018700;nanoSIM
SIM00018701;standard
SIM00018702;standard
SIM00018703;eSIM
SIM00018704;nanoSIM
SIM00018705;standard
SIM00018706;microSIM
SIM00018707;nanoSIM
SIM00018708;eSIM
SIM00018709;microSIM
SIM00018710;microSIM
SIM00018711;nanoSIM
SIM00018712;microSIM
SIM00018713;standard
SIM00018714;standard
SIM00018715;microSIM
SIM00018716;nanoSIM
SIM00018717;standard
SIM00018718;standard
SIM00018719;eSIM
SIM00018720;microSIM
SIM00018721;standard
SIM00018722;eSIM
SIM00018723;microSIM
SIM00018724;standard
SIM00018725;standard
SIM00018726;microSIM
SIM00018727;eSIM
SIM00018728;microSIM
SIM00018729;standard
SIM00018730;eSIM
SIM00018731;nanoSIM
SIM00018732;eSIM
SIM00018733;nanoSIM
SIM00018734;standard
SIM00018735;eSIM
SIM00018736;nanoSIM
SIM00018737;eSIM
SIM00018738;nanoSIM
SIM00018739;eSIM
SIM00018740;microSIM
SIM00018741;nanoSIM
SIM00018742;standard
SIM00018743;eSIM
SIM00018744;standard
SIM00018745;nanoSIM
SIM00018746;eSIM
SIM00018747;eSIM
SIM00018748;standard
SIM00018749;eSIM
SIM00018750;microSIM
SIM00018751;eSIM
SIM00018752;nanoSIM
SIM00018753;standard
SIM00018754;microSIM
SIM00018755;microSIM
SIM00018756;eSIM
SIM00018757;eSIM
SIM00018758;standard
SIM00018759;microSIM
SIM00018760;microSIM
SIM00018761;microSIM
SIM00018762;nanoSIM
SIM00018763;standard
SIM00018764;nanoSIM
SIM00018765;nanoSIM
SIM00018766;microSIM
SIM00018767;microSIM
SIM00018768;nanoSIM
SIM00018769;eSIM
SIM00018770;nanoSIM
SIM00018771;microSIM
SIM00018772;microSIM
SIM00018773;eSIM
SIM00018774;standard
SIM00018775;standard
SIM00018776;eSIM
SIM00018777;microSIM
SIM00018778;microSIM
SIM00018779;standard
SIM00018780;standard
SIM00018781;microSIM
SIM00018782;eSIM
SIM00018783;eSIM
SIM00018784;eSIM
SIM00018785;eSIM
SIM00018786;nanoSIM
SIM00018787;standard
SIM00018788;standard
SIM00018789;nanoSIM
SIM00018790;microSIM
SIM00018791;microSIM
SIM00018792;microSIM
SIM00018793;nanoSIM
SIM00018794;nanoSIM
SIM00018795;standard
SIM00018796;standard
SIM00018797;standard
SIM00018798;eSIM
SIM00018799;standard
SIM00018800;eSIM
SIM00018801;microSIM
SIM00018802;microSIM
SIM00018803;eSIM
SIM00018804;standard
SIM00018805;standard
SIM00018806;microSIM
SIM00018807;microSIM
SIM00018808;microSIM
SIM00018809;microSIM
SIM00018810;standard
SIM00018811;nanoSIM
SIM00018812;standard
SIM00018813;standard
SIM00018814;standard
SIM00018815;standard
SIM00018816;standard
SIM00018817;microSIM
SIM00018818;nanoSIM
SIM00018819;eSIM
SIM00018820;microSIM
SIM00018821;eSIM
SIM00018822;nanoSIM
SIM00018823;standard
SIM00018824;standard
SIM00018825;nanoSIM
SIM00018826;microSIM
SIM00018827;microSIM
SIM00018828;standard
SIM00018829;nanoSIM
SIM00018830;nanoSIM
SIM00018831;eSIM
SIM00018832;standard
SIM00018833;microSIM
SIM00018834;standard
SIM00018835;microSIM
SIM00018836;microSIM
SIM00018837;nanoSIM
SIM00018838;nanoSIM
SIM00018839;eSIM
SIM00018840;eSIM
SIM00018841;standard
SIM00018842;nanoSIM
SIM00018843;microSIM
SIM00018844;nanoSIM
SIM00018845;eSIM
SIM00018846;nanoSIM
SIM00018847;microSIM
SIM00018848;microSIM
SIM00018849;standard
SIM00018850;standard
SIM00018851;microSIM
SIM00018852;nanoSIM
SIM00018853;eSIM
SIM00018854;nanoSIM
SIM00018855;eSIM
SIM00018856;microSIM
SIM00018857;standard
SIM00018858;eSIM
SIM00018859;nanoSIM
SIM00018860;nanoSIM
SIM00018861;eSIM
SIM00018862;nanoSIM
SIM00018863;microSIM
SIM00018864;nanoSIM
SIM00018865;microSIM
SIM00018866;microSIM
SIM00018867;nanoSIM
SIM00018868;eSIM
SIM00018869;microSIM
SIM00018870;nanoSIM
SIM00018871;nanoSIM
SIM00018872;standard
SIM00018873;nanoSIM
SIM00018874;microSIM
SIM00018875;eSIM
SIM00018876;microSIM
SIM00018877;nanoSIM
SIM00018878;nanoSIM
SIM00018879;eSIM
SIM00018880;microSIM
SIM00018881;eSIM
SIM00018882;standard
SIM00018883;microSIM
SIM00018884;nanoSIM
SIM00018885;nanoSIM
SIM00018886;standard
SIM00018887;eSIM
SIM00018888;standard
SIM00018889;microSIM
SIM00018890;standard
SIM00018891;microSIM
SIM00018892;nanoSIM
SIM00018893;nanoSIM
SIM00018894;standard
SIM00018895;eSIM
SIM00018896;eSIM
SIM00018897;eSIM
SIM00018898;standard
SIM00018899;microSIM
SIM00018900;microSIM
SIM00018901;eSIM
SIM00018902;eSIM
SIM00018903;eSIM
SIM00018904;nanoSIM
SIM00018905;eSIM
SIM00018906;microSIM
SIM00018907;standard
SIM00018908;nanoSIM
SIM00018909;standard
SIM00018910;eSIM
SIM00018911;standard
SIM00018912;nanoSIM
SIM00018913;eSIM
SIM00018914;eSIM
SIM00018915;nanoSIM
SIM00018916;eSIM
SIM00018917;microSIM
SIM00018918;nanoSIM
SIM00018919;standard
SIM00018920;standard
SIM00018921;microSIM
SIM00018922;standard
SIM00018923;microSIM
SIM00018924;microSIM
SIM00018925;microSIM
SIM00018926;microSIM
SIM00018927;eSIM
SIM00018928;standard
SIM00018929;standard
SIM00018930;nanoSIM
SIM00018931;eSIM
SIM00018932;eSIM
SIM00018933;standard
SIM00018934;nanoSIM
SIM00018935;standard
SIM00018936;microSIM
SIM00018937;microSIM
SIM00018938;standard
SIM00018939;eSIM
SIM00018940;microSIM
SIM00018941;nanoSIM
SIM00018942;standard
SIM00018943;standard
SIM00018944;standard
SIM00018945;standard
SIM00018946;eSIM
SIM00018947;nanoSIM
SIM00018948;nanoSIM
SIM00018949;nanoSIM
SIM00018950;eSIM
SIM00018951;standard
SIM00018952;standard
SIM00018953;standard
SIM00018954;eSIM
SIM00018955;microSIM
SIM00018956;eSIM
SIM00018957;standard
SIM00018958;nanoSIM
SIM00018959;standard
SIM00018960;nanoSIM
SIM00018961;microSIM
SIM00018962;eSIM
SIM00018963;nanoSIM
SIM00018964;eSIM
SIM00018965;standard
SIM00018966;standard
SIM00018967;eSIM
SIM00018968;microSIM
SIM00018969;nanoSIM
SIM00018970;eSIM
SIM00018971;standard
SIM00018972;microSIM
SIM00018973;microSIM
SIM00018974;eSIM
SIM00018975;standard
SIM00018976;nanoSIM
SIM00018977;nanoSIM
SIM00018978;microSIM
SIM00018979;nanoSIM
SIM00018980;eSIM
SIM00018981;microSIM
SIM00018982;standard
SIM00018983;nanoSIM
SIM00018984;nanoSIM
SIM00018985;eSIM
SIM00018986;eSIM
SIM00018987;microSIM
SIM00018988;standard
SIM00018989;nanoSIM
SIM00018990;standard
SIM00018991;nanoSIM
SIM00018992;nanoSIM
SIM00018993;standard
SIM00018994;eSIM
SIM00018995;nanoSIM
SIM00018996;standard
SIM00018997;standard
SIM00018998;eSIM
SIM00018999;microSIM
SIM00019000;microSIM
SIM00019001;nanoSIM
SIM00019002;standard
SIM00019003;nanoSIM
SIM00019004;standard
SIM00019005;standard
SIM00019006;standard
SIM00019007;standard
SIM00019008;eSIM
SIM00019009;nanoSIM
SIM00019010;microSIM
SIM00019011;nanoSIM
SIM00019012;nanoSIM
SIM00019013;standard
SIM00019014;microSIM
SIM00019015;standard
SIM00019016;eSIM
SIM00019017;microSIM
SIM00019018;standard
SIM00019019;microSIM
SIM00019020;microSIM
SIM00019021;standard
SIM00019022;nanoSIM
SIM00019023;nanoSIM
SIM00019024;microSIM
SIM00019025;eSIM
SIM00019026;eSIM
SIM00019027;standard
SIM00019028;eSIM
SIM00019029;standard
SIM00019030;microSIM
SIM00019031;standard
SIM00019032;microSIM
SIM00019033;standard
SIM00019034;nanoSIM
SIM00019035;eSIM
SIM00019036;nanoSIM
SIM00019037;eSIM
SIM00019038;standard
SIM00019039;standard
SIM00019040;microSIM
SIM00019041;microSIM
SIM00019042;nanoSIM
SIM00019043;microSIM
SIM00019044;standard
SIM00019045;standard
SIM00019046;nanoSIM
SIM00019047;eSIM
SIM00019048;standard
SIM00019049;nanoSIM
SIM00019050;standard
SIM00019051;standard
SIM00019052;standard
SIM00019053;nanoSIM
SIM00019054;standard
SIM00019055;eSIM
SIM00019056;nanoSIM
SIM00019057;nanoSIM
SIM00019058;eSIM
SIM00019059;standard
SIM00019060;nanoSIM
SIM00019061;eSIM
SIM00019062;nanoSIM
SIM00019063;microSIM
SIM00019064;microSIM
SIM00019065;standard
SIM00019066;microSIM
SIM00019067;microSIM
SIM00019068;microSIM
SIM00019069;nanoSIM
SIM00019070;microSIM
SIM00019071;standard
SIM00019072;nanoSIM
SIM00019073;nanoSIM
SIM00019074;microSIM
SIM00019075;eSIM
SIM00019076;standard
SIM00019077;microSIM
SIM00019078;nanoSIM
SIM00019079;standard
SIM00019080;standard
SIM00019081;microSIM
SIM00019082;standard
SIM00019083;standard
SIM00019084;standard
SIM00019085;eSIM
SIM00019086;nanoSIM
SIM00019087;standard
SIM00019088;eSIM
SIM00019089;microSIM
SIM00019090;standard
SIM00019091;standard
SIM00019092;standard
SIM00019093;nanoSIM
SIM00019094;microSIM
SIM00019095;microSIM
SIM00019096;standard
SIM00019097;eSIM
SIM00019098;nanoSIM
SIM00019099;eSIM
SIM00019100;microSIM
SIM00019101;microSIM
SIM00019102;standard
SIM00019103;eSIM
SIM00019104;nanoSIM
SIM00019105;eSIM
SIM00019106;microSIM
SIM00019107;nanoSIM
SIM00019108;microSIM
SIM00019109;microSIM
SIM00019110;standard
SIM00019111;nanoSIM
SIM00019112;nanoSIM
SIM00019113;eSIM
SIM00019114;standard
SIM00019115;standard
SIM00019116;nanoSIM
SIM00019117;eSIM
SIM00019118;nanoSIM
SIM00019119;nanoSIM
SIM00019120;microSIM
SIM00019121;standard
SIM00019122;nanoSIM
SIM00019123;microSIM
SIM00019124;microSIM
SIM00019125;microSIM
SIM00019126;eSIM
SIM00019127;nanoSIM
SIM00019128;microSIM
SIM00019129;standard
SIM00019130;nanoSIM
SIM00019131;eSIM
SIM00019132;microSIM
SIM00019133;standard
SIM00019134;eSIM
SIM00019135;eSIM
SIM00019136;eSIM
SIM00019137;standard
SIM00019138;standard
SIM00019139;standard
SIM00019140;microSIM
SIM00019141;eSIM
SIM00019142;nanoSIM
SIM00019143;nanoSIM
SIM00019144;microSIM
SIM00019145;standard
SIM00019146;eSIM
SIM00019147;eSIM
SIM00019148;microSIM
SIM00019149;standard
SIM00019150;standard
SIM00019151;eSIM
SIM00019152;eSIM
SIM00019153;standard
SIM00019154;microSIM
SIM00019155;microSIM
SIM00019156;standard
SIM00019157;nanoSIM
SIM00019158;nanoSIM
SIM00019159;microSIM
SIM00019160;eSIM
SIM00019161;standard
SIM00019162;standard
SIM00019163;eSIM
SIM00019164;eSIM
SIM00019165;standard
SIM00019166;standard
SIM00019167;microSIM
SIM00019168;microSIM
SIM00019169;standard
SIM00019170;nanoSIM
SIM00019171;nanoSIM
SIM00019172;microSIM
SIM00019173;eSIM
SIM00019174;nanoSIM
SIM00019175;standard
SIM00019176;nanoSIM
SIM00019177;standard
SIM00019178;nanoSIM
SIM00019179;standard
SIM00019180;eSIM
SIM00019181;nanoSIM
SIM00019182;nanoSIM
SIM00019183;standard
SIM00019184;nanoSIM
SIM00019185;microSIM
SIM00019186;standard
SIM00019187;standard
SIM00019188;nanoSIM
SIM00019189;microSIM
SIM00019190;eSIM
SIM00019191;microSIM
SIM00019192;eSIM
SIM00019193;microSIM
SIM00019194;nanoSIM
SIM00019195;standard
SIM00019196;eSIM
SIM00019197;eSIM
SIM00019198;microSIM
SIM00019199;eSIM
SIM00019200;eSIM
SIM00019201;eSIM
SIM00019202;eSIM
SIM00019203;microSIM
SIM00019204;standard
SIM00019205;microSIM
SIM00019206;eSIM
SIM00019207;eSIM
SIM00019208;standard
SIM00019209;eSIM
SIM00019210;microSIM
SIM00019211;standard
SIM00019212;microSIM
SIM00019213;nanoSIM
SIM00019214;nanoSIM
SIM00019215;eSIM
SIM00019216;microSIM
SIM00019217;microSIM
SIM00019218;microSIM
SIM00019219;standard
SIM00019220;microSIM
SIM00019221;eSIM
SIM00019222;standard
SIM00019223;standard
SIM00019224;eSIM
SIM00019225;nanoSIM
SIM00019226;standard
SIM00019227;standard
SIM00019228;nanoSIM
SIM00019229;nanoSIM
SIM00019230;nanoSIM
SIM00019231;standard
SIM00019232;eSIM
SIM00019233;eSIM
SIM00019234;standard
SIM00019235;eSIM
SIM00019236;nanoSIM
SIM00019237;nanoSIM
SIM00019238;eSIM
SIM00019239;nanoSIM
SIM00019240;microSIM
SIM00019241;eSIM
SIM00019242;eSIM
SIM00019243;eSIM
SIM00019244;nanoSIM
SIM00019245;nanoSIM
SIM00019246;nanoSIM
SIM00019247;standard
SIM00019248;standard
SIM00019249;nanoSIM
SIM00019250;eSIM
SIM00019251;standard
SIM00019252;standard
SIM00019253;standard
SIM00019254;microSIM
SIM00019255;nanoSIM
SIM00019256;microSIM
SIM00019257;standard
SIM00019258;nanoSIM
SIM00019259;nanoSIM
SIM00019260;eSIM
SIM00019261;microSIM
SIM00019262;nanoSIM
SIM00019263;nanoSIM
SIM00019264;standard
SIM00019265;microSIM
SIM00019266;microSIM
SIM00019267;standard
SIM00019268;microSIM
SIM00019269;microSIM
SIM00019270;standard
SIM00019271;nanoSIM
SIM00019272;nanoSIM
SIM00019273;standard
SIM00019274;standard
SIM00019275;microSIM
SIM00019276;nanoSIM
SIM00019277;nanoSIM
SIM00019278;standard
SIM00019279;microSIM
SIM00019280;nanoSIM
SIM00019281;nanoSIM
SIM00019282;standard
SIM00019283;eSIM
SIM00019284;nanoSIM
SIM00019285;standard
SIM00019286;nanoSIM
SIM00019287;nanoSIM
SIM00019288;eSIM
SIM00019289;standard
SIM00019290;microSIM
SIM00019291;nanoSIM
SIM00019292;eSIM
SIM00019293;microSIM
SIM00019294;eSIM
SIM00019295;standard
SIM00019296;nanoSIM
SIM00019297;nanoSIM
SIM00019298;microSIM
SIM00019299;eSIM
SIM00019300;standard
SIM00019301;nanoSIM
SIM00019302;standard
SIM00019303;nanoSIM
SIM00019304;microSIM
SIM00019305;nanoSIM
SIM00019306;nanoSIM
SIM00019307;eSIM
SIM00019308;eSIM
SIM00019309;eSIM
SIM00019310;nanoSIM
SIM00019311;nanoSIM
SIM00019312;standard
SIM00019313;nanoSIM
SIM00019314;nanoSIM
SIM00019315;eSIM
SIM00019316;microSIM
SIM00019317;eSIM
SIM00019318;microSIM
SIM00019319;microSIM
SIM00019320;microSIM
SIM00019321;eSIM
SIM00019322;eSIM
SIM00019323;eSIM
SIM00019324;microSIM
SIM00019325;microSIM
SIM00019326;eSIM
SIM00019327;microSIM
SIM00019328;microSIM
SIM00019329;microSIM
SIM00019330;nanoSIM
SIM00019331;microSIM
SIM00019332;eSIM
SIM00019333;microSIM
SIM00019334;nanoSIM
SIM00019335;microSIM
SIM00019336;eSIM
SIM00019337;microSIM
SIM00019338;microSIM
SIM00019339;nanoSIM
SIM00019340;microSIM
SIM00019341;standard
SIM00019342;nanoSIM
SIM00019343;microSIM
SIM00019344;microSIM
SIM00019345;microSIM
SIM00019346;standard
SIM00019347;standard
SIM00019348;nanoSIM
SIM00019349;eSIM
SIM00019350;standard
SIM00019351;eSIM
SIM00019352;eSIM
SIM00019353;standard
SIM00019354;microSIM
SIM00019355;nanoSIM
SIM00019356;nanoSIM
SIM00019357;nanoSIM
SIM00019358;nanoSIM
SIM00019359;standard
SIM00019360;nanoSIM
SIM00019361;standard
SIM00019362;standard
SIM00019363;standard
SIM00019364;standard
SIM00019365;eSIM
SIM00019366;eSIM
SIM00019367;microSIM
SIM00019368;microSIM
SIM00019369;eSIM
SIM00019370;microSIM
SIM00019371;microSIM
SIM00019372;eSIM
SIM00019373;standard
SIM00019374;eSIM
SIM00019375;microSIM
SIM00019376;standard
SIM00019377;nanoSIM
SIM00019378;nanoSIM
SIM00019379;nanoSIM
SIM00019380;nanoSIM
SIM00019381;microSIM
SIM00019382;microSIM
SIM00019383;standard
SIM00019384;nanoSIM
SIM00019385;microSIM
SIM00019386;standard
SIM00019387;microSIM
SIM00019388;standard
SIM00019389;eSIM
SIM00019390;nanoSIM
SIM00019391;standard
SIM00019392;nanoSIM
SIM00019393;eSIM
SIM00019394;nanoSIM
SIM00019395;microSIM
SIM00019396;microSIM
SIM00019397;eSIM
SIM00019398;nanoSIM
SIM00019399;nanoSIM
SIM00019400;standard
SIM00019401;microSIM
SIM00019402;standard
SIM00019403;eSIM
SIM00019404;eSIM
SIM00019405;standard
SIM00019406;microSIM
SIM00019407;standard
SIM00019408;microSIM
SIM00019409;eSIM
SIM00019410;microSIM
SIM00019411;nanoSIM
SIM00019412;microSIM
SIM00019413;eSIM
SIM00019414;microSIM
SIM00019415;standard
SIM00019416;nanoSIM
SIM00019417;microSIM
SIM00019418;standard
SIM00019419;microSIM
SIM00019420;microSIM
SIM00019421;microSIM
SIM00019422;standard
SIM00019423;microSIM
SIM00019424;standard
SIM00019425;microSIM
SIM00019426;standard
SIM00019427;nanoSIM
SIM00019428;microSIM
SIM00019429;microSIM
SIM00019430;eSIM
SIM00019431;nanoSIM
SIM00019432;nanoSIM
SIM00019433;standard
SIM00019434;eSIM
SIM00019435;nanoSIM
SIM00019436;nanoSIM
SIM00019437;nanoSIM
SIM00019438;microSIM
SIM00019439;microSIM
SIM00019440;eSIM
SIM00019441;nanoSIM
SIM00019442;standard
SIM00019443;eSIM
SIM00019444;standard
SIM00019445;standard
SIM00019446;eSIM
SIM00019447;standard
SIM00019448;eSIM
SIM00019449;eSIM
SIM00019450;nanoSIM
SIM00019451;standard
SIM00019452;nanoSIM
SIM00019453;microSIM
SIM00019454;nanoSIM
SIM00019455;microSIM
SIM00019456;microSIM
SIM00019457;microSIM
SIM00019458;eSIM
SIM00019459;eSIM
SIM00019460;microSIM
SIM00019461;microSIM
SIM00019462;nanoSIM
SIM00019463;microSIM
SIM00019464;eSIM
SIM00019465;microSIM
SIM00019466;microSIM
SIM00019467;microSIM
SIM00019468;nanoSIM
SIM00019469;microSIM
SIM00019470;microSIM
SIM00019471;nanoSIM
SIM00019472;nanoSIM
SIM00019473;nanoSIM
SIM00019474;eSIM
SIM00019475;microSIM
SIM00019476;eSIM
SIM00019477;standard
SIM00019478;nanoSIM
SIM00019479;microSIM
SIM00019480;nanoSIM
SIM00019481;microSIM
SIM00019482;microSIM
SIM00019483;nanoSIM
SIM00019484;eSIM
SIM00019485;standard
SIM00019486;microSIM
SIM00019487;nanoSIM
SIM00019488;microSIM
SIM00019489;nanoSIM
SIM00019490;standard
SIM00019491;eSIM
SIM00019492;microSIM
SIM00019493;nanoSIM
SIM00019494;nanoSIM
SIM00019495;microSIM
SIM00019496;eSIM
SIM00019497;eSIM
SIM00019498;standard
SIM00019499;microSIM
SIM00019500;nanoSIM
SIM00019501;standard
SIM00019502;nanoSIM
SIM00019503;standard
SIM00019504;microSIM
SIM00019505;microSIM
SIM00019506;nanoSIM
SIM00019507;eSIM
SIM00019508;microSIM
SIM00019509;standard
SIM00019510;eSIM
SIM00019511;eSIM
SIM00019512;microSIM
SIM00019513;standard
SIM00019514;microSIM
SIM00019515;nanoSIM
SIM00019516;eSIM
SIM00019517;microSIM
SIM00019518;eSIM
SIM00019519;standard
SIM00019520;microSIM
SIM00019521;standard
SIM00019522;standard
SIM00019523;microSIM
SIM00019524;nanoSIM
SIM00019525;nanoSIM
SIM00019526;standard
SIM00019527;standard
SIM00019528;microSIM
SIM00019529;microSIM
SIM00019530;eSIM
SIM00019531;microSIM
SIM00019532;standard
SIM00019533;microSIM
SIM00019534;standard
SIM00019535;standard
SIM00019536;standard
SIM00019537;eSIM
SIM00019538;nanoSIM
SIM00019539;microSIM
SIM00019540;nanoSIM
SIM00019541;eSIM
SIM00019542;microSIM
SIM00019543;nanoSIM
SIM00019544;microSIM
SIM00019545;standard
SIM00019546;eSIM
SIM00019547;standard
SIM00019548;eSIM
SIM00019549;nanoSIM
SIM00019550;eSIM
SIM00019551;microSIM
SIM00019552;nanoSIM
SIM00019553;eSIM
SIM00019554;nanoSIM
SIM00019555;nanoSIM
SIM00019556;microSIM
SIM00019557;standard
SIM00019558;eSIM
SIM00019559;microSIM
SIM00019560;eSIM
SIM00019561;microSIM
SIM00019562;microSIM
SIM00019563;standard
SIM00019564;nanoSIM
SIM00019565;eSIM
SIM00019566;microSIM
SIM00019567;eSIM
SIM00019568;nanoSIM
SIM00019569;eSIM
SIM00019570;standard
SIM00019571;microSIM
SIM00019572;nanoSIM
SIM00019573;microSIM
SIM00019574;eSIM
SIM00019575;microSIM
SIM00019576;nanoSIM
SIM00019577;microSIM
SIM00019578;nanoSIM
SIM00019579;nanoSIM
SIM00019580;eSIM
SIM00019581;nanoSIM
SIM00019582;standard
SIM00019583;eSIM
SIM00019584;eSIM
SIM00019585;nanoSIM
SIM00019586;eSIM
SIM00019587;eSIM
SIM00019588;standard
SIM00019589;eSIM
SIM00019590;standard
SIM00019591;nanoSIM
SIM00019592;microSIM
SIM00019593;microSIM
SIM00019594;nanoSIM
SIM00019595;standard
SIM00019596;nanoSIM
SIM00019597;microSIM
SIM00019598;eSIM
SIM00019599;nanoSIM
SIM00019600;eSIM
SIM00019601;microSIM
SIM00019602;microSIM
SIM00019603;eSIM
SIM00019604;eSIM
SIM00019605;nanoSIM
SIM00019606;microSIM
SIM00019607;nanoSIM
SIM00019608;standard
SIM00019609;nanoSIM
SIM00019610;standard
SIM00019611;nanoSIM
SIM00019612;microSIM
SIM00019613;eSIM
SIM00019614;standard
SIM00019615;microSIM
SIM00019616;standard
SIM00019617;microSIM
SIM00019618;microSIM
SIM00019619;eSIM
SIM00019620;eSIM
SIM00019621;standard
SIM00019622;microSIM
SIM00019623;standard
SIM00019624;eSIM
SIM00019625;eSIM
SIM00019626;standard
SIM00019627;nanoSIM
SIM00019628;eSIM
SIM00019629;standard
SIM00019630;standard
SIM00019631;microSIM
SIM00019632;microSIM
SIM00019633;eSIM
SIM00019634;eSIM
SIM00019635;nanoSIM
SIM00019636;standard
SIM00019637;microSIM
SIM00019638;standard
SIM00019639;eSIM
SIM00019640;eSIM
SIM00019641;standard
SIM00019642;microSIM
SIM00019643;standard
SIM00019644;nanoSIM
SIM00019645;eSIM
SIM00019646;eSIM
SIM00019647;eSIM
SIM00019648;standard
SIM00019649;nanoSIM
SIM00019650;standard
SIM00019651;microSIM
SIM00019652;eSIM
SIM00019653;microSIM
SIM00019654;standard
SIM00019655;nanoSIM
SIM00019656;standard
SIM00019657;eSIM
SIM00019658;eSIM
SIM00019659;standard
SIM00019660;nanoSIM
SIM00019661;standard
SIM00019662;standard
SIM00019663;eSIM
SIM00019664;nanoSIM
SIM00019665;nanoSIM
SIM00019666;microSIM
SIM00019667;standard
SIM00019668;nanoSIM
SIM00019669;microSIM
SIM00019670;standard
SIM00019671;nanoSIM
SIM00019672;nanoSIM
SIM00019673;standard
SIM00019674;nanoSIM
SIM00019675;nanoSIM
SIM00019676;nanoSIM
SIM00019677;standard
SIM00019678;eSIM
SIM00019679;nanoSIM
SIM00019680;microSIM
SIM00019681;microSIM
SIM00019682;microSIM
SIM00019683;eSIM
SIM00019684;standard
SIM00019685;nanoSIM
SIM00019686;nanoSIM
SIM00019687;nanoSIM
SIM00019688;eSIM
SIM00019689;eSIM
SIM00019690;eSIM
SIM00019691;standard
SIM00019692;eSIM
SIM00019693;eSIM
SIM00019694;nanoSIM
SIM00019695;nanoSIM
SIM00019696;microSIM
SIM00019697;eSIM
SIM00019698;microSIM
SIM00019699;microSIM
SIM00019700;standard
SIM00019701;nanoSIM
SIM00019702;standard
SIM00019703;nanoSIM
SIM00019704;microSIM
SIM00019705;microSIM
SIM00019706;nanoSIM
SIM00019707;standard
SIM00019708;microSIM
SIM00019709;eSIM
SIM00019710;microSIM
SIM00019711;nanoSIM
SIM00019712;standard
SIM00019713;standard
SIM00019714;standard
SIM00019715;microSIM
SIM00019716;microSIM
SIM00019717;standard
SIM00019718;standard
SIM00019719;eSIM
SIM00019720;standard
SIM00019721;standard
SIM00019722;standard
SIM00019723;eSIM
SIM00019724;eSIM
SIM00019725;standard
SIM00019726;microSIM
SIM00019727;standard
SIM00019728;standard
SIM00019729;eSIM
SIM00019730;eSIM
SIM00019731;standard
SIM00019732;nanoSIM
SIM00019733;nanoSIM
SIM00019734;standard
SIM00019735;microSIM
SIM00019736;eSIM
SIM00019737;nanoSIM
SIM00019738;standard
SIM00019739;nanoSIM
SIM00019740;standard
SIM00019741;microSIM
SIM00019742;microSIM
SIM00019743;standard
SIM00019744;standard
SIM00019745;eSIM
SIM00019746;standard
SIM00019747;microSIM
SIM00019748;standard
SIM00019749;standard
SIM00019750;microSIM
SIM00019751;microSIM
SIM00019752;standard
SIM00019753;nanoSIM
SIM00019754;microSIM
SIM00019755;standard
SIM00019756;nanoSIM
SIM00019757;eSIM
SIM00019758;microSIM
SIM00019759;standard
SIM00019760;eSIM
SIM00019761;nanoSIM
SIM00019762;standard
SIM00019763;standard
SIM00019764;microSIM
SIM00019765;nanoSIM
SIM00019766;microSIM
SIM00019767;microSIM
SIM00019768;nanoSIM
SIM00019769;standard
SIM00019770;eSIM
SIM00019771;eSIM
SIM00019772;standard
SIM00019773;microSIM
SIM00019774;eSIM
SIM00019775;nanoSIM
SIM00019776;microSIM
SIM00019777;microSIM
SIM00019778;eSIM
SIM00019779;eSIM
SIM00019780;nanoSIM
SIM00019781;microSIM
SIM00019782;microSIM
SIM00019783;nanoSIM
SIM00019784;eSIM
SIM00019785;nanoSIM
SIM00019786;eSIM
SIM00019787;microSIM
SIM00019788;nanoSIM
SIM00019789;eSIM
SIM00019790;microSIM
SIM00019791;eSIM
SIM00019792;eSIM
SIM00019793;eSIM
SIM00019794;nanoSIM
SIM00019795;eSIM
SIM00019796;microSIM
SIM00019797;eSIM
SIM00019798;microSIM
SIM00019799;microSIM
SIM00019800;eSIM
SIM00019801;nanoSIM
SIM00019802;nanoSIM
SIM00019803;standard
SIM00019804;microSIM
SIM00019805;nanoSIM
SIM00019806;eSIM
SIM00019807;nanoSIM
SIM00019808;nanoSIM
SIM00019809;microSIM
SIM00019810;eSIM
SIM00019811;nanoSIM
SIM00019812;eSIM
SIM00019813;eSIM
SIM00019814;microSIM
SIM00019815;microSIM
SIM00019816;eSIM
SIM00019817;eSIM
SIM00019818;microSIM
SIM00019819;microSIM
SIM00019820;eSIM
SIM00019821;microSIM
SIM00019822;standard
SIM00019823;nanoSIM
SIM00019824;standard
SIM00019825;nanoSIM
SIM00019826;standard
SIM00019827;standard
SIM00019828;nanoSIM
SIM00019829;eSIM
SIM00019830;standard
SIM00019831;standard
SIM00019832;eSIM
SIM00019833;microSIM
SIM00019834;microSIM
SIM00019835;standard
SIM00019836;nanoSIM
SIM00019837;standard
SIM00019838;nanoSIM
SIM00019839;microSIM
SIM00019840;microSIM
SIM00019841;eSIM
SIM00019842;microSIM
SIM00019843;microSIM
SIM00019844;microSIM
SIM00019845;eSIM
SIM00019846;nanoSIM
SIM00019847;standard
SIM00019848;standard
SIM00019849;microSIM
SIM00019850;nanoSIM
SIM00019851;nanoSIM
SIM00019852;standard
SIM00019853;nanoSIM
SIM00019854;nanoSIM
SIM00019855;eSIM
SIM00019856;microSIM
SIM00019857;eSIM
SIM00019858;eSIM
SIM00019859;standard
SIM00019860;nanoSIM
SIM00019861;nanoSIM
SIM00019862;nanoSIM
SIM00019863;microSIM
SIM00019864;standard
SIM00019865;nanoSIM
SIM00019866;standard
SIM00019867;microSIM
SIM00019868;nanoSIM
SIM00019869;eSIM
SIM00019870;nanoSIM
SIM00019871;microSIM
SIM00019872;standard
SIM00019873;nanoSIM
SIM00019874;eSIM
SIM00019875;microSIM
SIM00019876;nanoSIM
SIM00019877;eSIM
SIM00019878;microSIM
SIM00019879;nanoSIM
SIM00019880;nanoSIM
SIM00019881;standard
SIM00019882;nanoSIM
SIM00019883;standard
SIM00019884;standard
SIM00019885;microSIM
SIM00019886;eSIM
SIM00019887;standard
SIM00019888;nanoSIM
SIM00019889;eSIM
SIM00019890;standard
SIM00019891;microSIM
SIM00019892;standard
SIM00019893;standard
SIM00019894;eSIM
SIM00019895;standard
SIM00019896;eSIM
SIM00019897;nanoSIM
SIM00019898;eSIM
SIM00019899;eSIM
SIM00019900;standard
SIM00019901;standard
SIM00019902;nanoSIM
SIM00019903;standard
SIM00019904;microSIM
SIM00019905;eSIM
SIM00019906;microSIM
SIM00019907;standard
SIM00019908;standard
SIM00019909;eSIM
SIM00019910;microSIM
SIM00019911;nanoSIM
SIM00019912;standard
SIM00019913;nanoSIM
SIM00019914;nanoSIM
SIM00019915;microSIM
SIM00019916;standard
SIM00019917;microSIM
SIM00019918;eSIM
SIM00019919;eSIM
SIM00019920;microSIM
SIM00019921;nanoSIM
SIM00019922;microSIM
SIM00019923;microSIM
SIM00019924;nanoSIM
SIM00019925;nanoSIM
SIM00019926;microSIM
SIM00019927;standard
SIM00019928;nanoSIM
SIM00019929;standard
SIM00019930;eSIM
SIM00019931;eSIM
SIM00019932;eSIM
SIM00019933;standard
SIM00019934;microSIM
SIM00019935;nanoSIM
SIM00019936;eSIM
SIM00019937;standard
SIM00019938;nanoSIM
SIM00019939;nanoSIM
SIM00019940;microSIM
SIM00019941;nanoSIM
SIM00019942;microSIM
SIM00019943;microSIM
SIM00019944;standard
SIM00019945;nanoSIM
SIM00019946;standard
SIM00019947;nanoSIM
SIM00019948;eSIM
SIM00019949;nanoSIM
SIM00019950;microSIM
SIM00019951;standard
SIM00019952;standard
SIM00019953;standard
SIM00019954;nanoSIM
SIM00019955;standard
SIM00019956;eSIM
SIM00019957;eSIM
SIM00019958;nanoSIM
SIM00019959;microSIM
SIM00019960;nanoSIM
SIM00019961;eSIM
SIM00019962;standard
SIM00019963;standard
SIM00019964;standard
SIM00019965;nanoSIM
SIM00019966;eSIM
SIM00019967;nanoSIM
SIM00019968;standard
SIM00019969;microSIM
SIM00019970;standard
SIM00019971;nanoSIM
SIM00019972;nanoSIM
SIM00019973;eSIM
SIM00019974;eSIM
SIM00019975;microSIM
SIM00019976;standard
SIM00019977;microSIM
SIM00019978;eSIM
SIM00019979;standard
SIM00019980;eSIM
SIM00019981;nanoSIM
SIM00019982;eSIM
SIM00019983;nanoSIM
SIM00019984;standard
SIM00019985;eSIM
SIM00019986;eSIM
SIM00019987;eSIM
SIM00019988;eSIM
SIM00019989;nanoSIM
SIM00019990;microSIM
SIM00019991;microSIM
SIM00019992;eSIM
SIM00019993;microSIM
SIM00019994;microSIM
SIM00019995;eSIM
SIM00019996;eSIM
SIM00019997;microSIM
SIM00019998;standard
SIM00019999;microSIM
SIM00020000;standard
SIM00020001;microSIM
SIM00020002;microSIM
SIM00020003;nanoSIM
SIM00020004;standard
SIM00020005;nanoSIM
SIM00020006;standard
SIM00020007;standard
SIM00020008;nanoSIM
SIM00020009;eSIM
SIM00020010;microSIM
SIM00020011;nanoSIM
SIM00020012;nanoSIM
SIM00020013;nanoSIM
SIM00020014;standard
SIM00020015;microSIM
SIM00020016;nanoSIM
SIM00020017;nanoSIM
SIM00020018;eSIM
SIM00020019;eSIM
SIM00020020;nanoSIM
SIM00020021;standard
SIM00020022;standard
SIM00020023;nanoSIM
SIM00020024;eSIM
SIM00020025;nanoSIM
SIM00020026;eSIM
SIM00020027;standard
SIM00020028;standard
SIM00020029;nanoSIM
SIM00020030;standard
SIM00020031;nanoSIM
SIM00020032;standard
SIM00020033;microSIM
SIM00020034;microSIM
SIM00020035;microSIM
SIM00020036;nanoSIM
SIM00020037;nanoSIM
SIM00020038;microSIM
SIM00020039;nanoSIM
SIM00020040;nanoSIM
SIM00020041;nanoSIM
SIM00020042;nanoSIM
SIM00020043;eSIM
SIM00020044;microSIM
SIM00020045;nanoSIM
SIM00020046;standard
SIM00020047;eSIM
SIM00020048;nanoSIM
SIM00020049;eSIM
SIM00020050;standard
SIM00020051;microSIM
SIM00020052;microSIM
SIM00020053;standard
SIM00020054;eSIM
SIM00020055;standard
SIM00020056;nanoSIM
SIM00020057;standard
SIM00020058;nanoSIM
SIM00020059;nanoSIM
SIM00020060;standard
SIM00020061;nanoSIM
SIM00020062;microSIM
SIM00020063;microSIM
SIM00020064;microSIM
SIM00020065;microSIM
SIM00020066;microSIM
SIM00020067;microSIM
SIM00020068;microSIM
SIM00020069;microSIM
SIM00020070;eSIM
SIM00020071;microSIM
SIM00020072;standard
SIM00020073;eSIM
SIM00020074;eSIM
SIM00020075;standard
SIM00020076;microSIM
SIM00020077;standard
SIM00020078;nanoSIM
SIM00020079;eSIM
SIM00020080;microSIM
SIM00020081;eSIM
SIM00020082;nanoSIM
SIM00020083;nanoSIM
SIM00020084;standard
SIM00020085;microSIM
SIM00020086;nanoSIM
SIM00020087;standard
SIM00020088;standard
SIM00020089;eSIM
SIM00020090;standard
SIM00020091;standard
SIM00020092;standard
SIM00020093;standard
SIM00020094;standard
SIM00020095;standard
SIM00020096;nanoSIM
SIM00020097;microSIM
SIM00020098;nanoSIM
SIM00020099;eSIM
SIM00020100;microSIM
SIM00020101;standard
SIM00020102;microSIM
SIM00020103;nanoSIM
SIM00020104;nanoSIM
SIM00020105;standard
SIM00020106;standard
SIM00020107;microSIM
SIM00020108;microSIM
SIM00020109;eSIM
SIM00020110;standard
SIM00020111;standard
SIM00020112;eSIM
SIM00020113;standard
SIM00020114;eSIM
SIM00020115;microSIM
SIM00020116;standard
SIM00020117;standard
SIM00020118;nanoSIM
SIM00020119;standard
SIM00020120;nanoSIM
SIM00020121;standard
SIM00020122;eSIM
SIM00020123;nanoSIM
SIM00020124;nanoSIM
SIM00020125;microSIM
SIM00020126;nanoSIM
SIM00020127;eSIM
SIM00020128;nanoSIM
SIM00020129;eSIM
SIM00020130;microSIM
SIM00020131;nanoSIM
SIM00020132;nanoSIM
SIM00020133;eSIM
SIM00020134;microSIM
SIM00020135;nanoSIM
SIM00020136;eSIM
SIM00020137;nanoSIM
SIM00020138;nanoSIM
SIM00020139;eSIM
SIM00020140;microSIM
SIM00020141;eSIM
SIM00020142;microSIM
SIM00020143;eSIM
SIM00020144;eSIM
SIM00020145;eSIM
SIM00020146;microSIM
SIM00020147;eSIM
SIM00020148;eSIM
SIM00020149;standard
SIM00020150;nanoSIM
SIM00020151;eSIM
SIM00020152;nanoSIM
SIM00020153;standard
SIM00020154;eSIM
SIM00020155;microSIM
SIM00020156;standard
SIM00020157;standard
SIM00020158;nanoSIM
SIM00020159;nanoSIM
SIM00020160;microSIM
SIM00020161;microSIM
SIM00020162;eSIM
SIM00020163;standard
SIM00020164;nanoSIM
SIM00020165;standard
SIM00020166;eSIM
SIM00020167;microSIM
SIM00020168;eSIM
SIM00020169;microSIM
SIM00020170;eSIM
SIM00020171;standard
SIM00020172;microSIM
SIM00020173;standard
SIM00020174;nanoSIM
SIM00020175;eSIM
SIM00020176;microSIM
SIM00020177;eSIM
SIM00020178;nanoSIM
SIM00020179;eSIM
SIM00020180;nanoSIM
SIM00020181;nanoSIM
SIM00020182;microSIM
SIM00020183;eSIM
SIM00020184;nanoSIM
SIM00020185;eSIM
SIM00020186;microSIM
SIM00020187;microSIM
SIM00020188;eSIM
SIM00020189;eSIM
SIM00020190;eSIM
SIM00020191;standard
SIM00020192;eSIM
SIM00020193;microSIM
SIM00020194;eSIM
SIM00020195;microSIM
SIM00020196;eSIM
SIM00020197;eSIM
SIM00020198;nanoSIM
SIM00020199;microSIM
SIM00020200;microSIM
SIM00020201;standard
SIM00020202;eSIM
SIM00020203;microSIM
SIM00020204;microSIM
SIM00020205;microSIM
SIM00020206;nanoSIM
SIM00020207;nanoSIM
SIM00020208;standard
SIM00020209;microSIM
SIM00020210;standard
SIM00020211;eSIM
SIM00020212;microSIM
SIM00020213;nanoSIM
SIM00020214;nanoSIM
SIM00020215;nanoSIM
SIM00020216;standard
SIM00020217;microSIM
SIM00020218;eSIM
SIM00020219;nanoSIM
SIM00020220;nanoSIM
SIM00020221;microSIM
SIM00020222;microSIM
SIM00020223;eSIM
SIM00020224;standard
SIM00020225;nanoSIM
SIM00020226;eSIM
SIM00020227;eSIM
SIM00020228;nanoSIM
SIM00020229;eSIM
SIM00020230;microSIM
SIM00020231;microSIM
SIM00020232;eSIM
SIM00020233;microSIM
SIM00020234;nanoSIM
SIM00020235;microSIM
SIM00020236;eSIM
SIM00020237;eSIM
SIM00020238;eSIM
SIM00020239;eSIM
SIM00020240;standard
SIM00020241;microSIM
SIM00020242;microSIM
SIM00020243;standard
SIM00020244;eSIM
SIM00020245;microSIM
SIM00020246;standard
SIM00020247;nanoSIM
SIM00020248;eSIM
SIM00020249;eSIM
SIM00020250;nanoSIM
SIM00020251;microSIM
SIM00020252;standard
SIM00020253;microSIM
SIM00020254;eSIM
SIM00020255;nanoSIM
SIM00020256;eSIM
SIM00020257;microSIM
SIM00020258;eSIM
SIM00020259;microSIM
SIM00020260;eSIM
SIM00020261;eSIM
SIM00020262;standard
SIM00020263;nanoSIM
SIM00020264;standard
SIM00020265;microSIM
SIM00020266;nanoSIM
SIM00020267;standard
SIM00020268;nanoSIM
SIM00020269;microSIM
SIM00020270;standard
SIM00020271;standard
SIM00020272;microSIM
SIM00020273;standard
SIM00020274;microSIM
SIM00020275;standard
SIM00020276;microSIM
SIM00020277;nanoSIM
SIM00020278;nanoSIM
SIM00020279;eSIM
SIM00020280;microSIM
SIM00020281;standard
SIM00020282;standard
SIM00020283;microSIM
SIM00020284;standard
SIM00020285;eSIM
SIM00020286;nanoSIM
SIM00020287;nanoSIM
SIM00020288;eSIM
SIM00020289;eSIM
SIM00020290;standard
SIM00020291;nanoSIM
SIM00020292;eSIM
SIM00020293;microSIM
SIM00020294;nanoSIM
SIM00020295;eSIM
SIM00020296;eSIM
SIM00020297;nanoSIM
SIM00020298;nanoSIM
SIM00020299;nanoSIM
SIM00020300;microSIM
SIM00020301;eSIM
SIM00020302;eSIM
SIM00020303;standard
SIM00020304;microSIM
SIM00020305;eSIM
SIM00020306;standard
SIM00020307;microSIM
SIM00020308;nanoSIM
SIM00020309;microSIM
SIM00020310;nanoSIM
SIM00020311;microSIM
SIM00020312;microSIM
SIM00020313;nanoSIM
SIM00020314;microSIM
SIM00020315;standard
SIM00020316;microSIM
SIM00020317;eSIM
SIM00020318;eSIM
SIM00020319;nanoSIM
SIM00020320;eSIM
SIM00020321;microSIM
SIM00020322;microSIM
SIM00020323;eSIM
SIM00020324;nanoSIM
SIM00020325;nanoSIM
SIM00020326;standard
SIM00020327;eSIM
SIM00020328;standard
SIM00020329;eSIM
SIM00020330;nanoSIM
SIM00020331;standard
SIM00020332;nanoSIM
SIM00020333;microSIM
SIM00020334;microSIM
SIM00020335;standard
SIM00020336;nanoSIM
SIM00020337;standard
SIM00020338;eSIM
SIM00020339;eSIM
SIM00020340;nanoSIM
SIM00020341;nanoSIM
SIM00020342;microSIM
SIM00020343;nanoSIM
SIM00020344;eSIM
SIM00020345;standard
SIM00020346;eSIM
SIM00020347;eSIM
SIM00020348;nanoSIM
SIM00020349;microSIM
SIM00020350;microSIM
SIM00020351;microSIM
SIM00020352;nanoSIM
SIM00020353;standard
SIM00020354;nanoSIM
SIM00020355;eSIM
SIM00020356;microSIM
SIM00020357;eSIM
SIM00020358;nanoSIM
SIM00020359;nanoSIM
SIM00020360;nanoSIM
SIM00020361;standard
SIM00020362;standard
SIM00020363;standard
SIM00020364;eSIM
SIM00020365;nanoSIM
SIM00020366;eSIM
SIM00020367;standard
SIM00020368;nanoSIM
SIM00020369;nanoSIM
SIM00020370;standard
SIM00020371;microSIM
SIM00020372;microSIM
SIM00020373;eSIM
SIM00020374;nanoSIM
SIM00020375;nanoSIM
SIM00020376;standard
SIM00020377;standard
SIM00020378;eSIM
SIM00020379;nanoSIM
SIM00020380;standard
SIM00020381;eSIM
SIM00020382;nanoSIM
SIM00020383;microSIM
SIM00020384;microSIM
SIM00020385;microSIM
SIM00020386;standard
SIM00020387;nanoSIM
SIM00020388;eSIM
SIM00020389;eSIM
SIM00020390;standard
SIM00020391;nanoSIM
SIM00020392;standard
SIM00020393;nanoSIM
SIM00020394;standard
SIM00020395;standard
SIM00020396;nanoSIM
SIM00020397;eSIM
SIM00020398;standard
SIM00020399;standard
SIM00020400;eSIM
SIM00020401;microSIM
SIM00020402;standard
SIM00020403;microSIM
SIM00020404;microSIM
SIM00020405;nanoSIM
SIM00020406;nanoSIM
SIM00020407;microSIM
SIM00020408;eSIM
SIM00020409;microSIM
SIM00020410;microSIM
SIM00020411;nanoSIM
SIM00020412;standard
SIM00020413;nanoSIM
SIM00020414;nanoSIM
SIM00020415;standard
SIM00020416;microSIM
SIM00020417;eSIM
SIM00020418;eSIM
SIM00020419;eSIM
SIM00020420;eSIM
SIM00020421;nanoSIM
SIM00020422;standard
SIM00020423;standard
SIM00020424;nanoSIM
SIM00020425;microSIM
SIM00020426;standard
SIM00020427;nanoSIM
SIM00020428;microSIM
SIM00020429;eSIM
SIM00020430;nanoSIM
SIM00020431;eSIM
SIM00020432;standard
SIM00020433;eSIM
SIM00020434;microSIM
SIM00020435;nanoSIM
SIM00020436;eSIM
SIM00020437;nanoSIM
SIM00020438;microSIM
SIM00020439;standard
SIM00020440;eSIM
SIM00020441;microSIM
SIM00020442;microSIM
SIM00020443;nanoSIM
SIM00020444;nanoSIM
SIM00020445;standard
SIM00020446;eSIM
SIM00020447;eSIM
SIM00020448;eSIM
SIM00020449;eSIM
SIM00020450;nanoSIM
SIM00020451;standard
SIM00020452;microSIM
SIM00020453;nanoSIM
SIM00020454;eSIM
SIM00020455;microSIM
SIM00020456;standard
SIM00020457;eSIM
SIM00020458;standard
SIM00020459;nanoSIM
SIM00020460;standard
SIM00020461;microSIM
SIM00020462;eSIM
SIM00020463;nanoSIM
SIM00020464;microSIM
SIM00020465;microSIM
SIM00020466;microSIM
SIM00020467;nanoSIM
SIM00020468;microSIM
SIM00020469;nanoSIM
SIM00020470;standard
SIM00020471;microSIM
SIM00020472;microSIM
SIM00020473;nanoSIM
SIM00020474;eSIM
SIM00020475;microSIM
SIM00020476;eSIM
SIM00020477;eSIM
SIM00020478;microSIM
SIM00020479;nanoSIM
SIM00020480;microSIM
SIM00020481;eSIM
SIM00020482;standard
SIM00020483;eSIM
SIM00020484;standard
SIM00020485;eSIM
SIM00020486;microSIM
SIM00020487;microSIM
SIM00020488;microSIM
SIM00020489;standard
SIM00020490;standard
SIM00020491;nanoSIM
SIM00020492;nanoSIM
SIM00020493;microSIM
SIM00020494;microSIM
SIM00020495;nanoSIM
SIM00020496;nanoSIM
SIM00020497;standard
SIM00020498;microSIM
SIM00020499;nanoSIM
SIM00020500;eSIM
SIM00020501;nanoSIM
SIM00020502;microSIM
SIM00020503;eSIM
SIM00020504;eSIM
SIM00020505;nanoSIM
SIM00020506;microSIM
SIM00020507;nanoSIM
SIM00020508;standard
SIM00020509;microSIM
SIM00020510;eSIM
SIM00020511;microSIM
SIM00020512;standard
SIM00020513;eSIM
SIM00020514;standard
SIM00020515;standard
SIM00020516;nanoSIM
SIM00020517;standard
SIM00020518;nanoSIM
SIM00020519;microSIM
SIM00020520;eSIM
SIM00020521;eSIM
SIM00020522;standard
SIM00020523;microSIM
SIM00020524;nanoSIM
SIM00020525;eSIM
SIM00020526;eSIM
SIM00020527;eSIM
SIM00020528;microSIM
SIM00020529;standard
SIM00020530;eSIM
SIM00020531;microSIM
SIM00020532;nanoSIM
SIM00020533;standard
SIM00020534;nanoSIM
SIM00020535;eSIM
SIM00020536;standard
SIM00020537;eSIM
SIM00020538;eSIM
SIM00020539;nanoSIM
SIM00020540;nanoSIM
SIM00020541;eSIM
SIM00020542;eSIM
SIM00020543;eSIM
SIM00020544;nanoSIM
SIM00020545;standard
SIM00020546;eSIM
SIM00020547;eSIM
SIM00020548;standard
SIM00020549;microSIM
SIM00020550;microSIM
SIM00020551;eSIM
SIM00020552;nanoSIM
SIM00020553;standard
SIM00020554;standard
SIM00020555;standard
SIM00020556;nanoSIM
SIM00020557;nanoSIM
SIM00020558;standard
SIM00020559;nanoSIM
SIM00020560;nanoSIM
SIM00020561;standard
SIM00020562;eSIM
SIM00020563;nanoSIM
SIM00020564;nanoSIM
SIM00020565;standard
SIM00020566;nanoSIM
SIM00020567;nanoSIM
SIM00020568;microSIM
SIM00020569;nanoSIM
SIM00020570;microSIM
SIM00020571;nanoSIM
SIM00020572;eSIM
SIM00020573;eSIM
SIM00020574;standard
SIM00020575;standard
SIM00020576;standard
SIM00020577;eSIM
SIM00020578;microSIM
SIM00020579;nanoSIM
SIM00020580;standard
SIM00020581;microSIM
SIM00020582;eSIM
SIM00020583;microSIM
SIM00020584;eSIM
SIM00020585;eSIM
SIM00020586;eSIM
SIM00020587;eSIM
SIM00020588;nanoSIM
SIM00020589;standard
SIM00020590;standard
SIM00020591;eSIM
SIM00020592;eSIM
SIM00020593;standard
SIM00020594;nanoSIM
SIM00020595;eSIM
SIM00020596;eSIM
SIM00020597;microSIM
SIM00020598;standard
SIM00020599;standard
SIM00020600;eSIM
SIM00020601;nanoSIM
SIM00020602;eSIM
SIM00020603;microSIM
SIM00020604;eSIM
SIM00020605;nanoSIM
SIM00020606;standard
SIM00020607;eSIM
SIM00020608;microSIM
SIM00020609;microSIM
SIM00020610;nanoSIM
SIM00020611;microSIM
SIM00020612;nanoSIM
SIM00020613;microSIM
SIM00020614;standard
SIM00020615;microSIM
SIM00020616;standard
SIM00020617;nanoSIM
SIM00020618;nanoSIM
SIM00020619;nanoSIM
SIM00020620;eSIM
SIM00020621;eSIM
SIM00020622;microSIM
SIM00020623;microSIM
SIM00020624;microSIM
SIM00020625;microSIM
SIM00020626;microSIM
SIM00020627;nanoSIM
SIM00020628;eSIM
SIM00020629;microSIM
SIM00020630;nanoSIM
SIM00020631;eSIM
SIM00020632;nanoSIM
SIM00020633;standard
SIM00020634;microSIM
SIM00020635;eSIM
SIM00020636;microSIM
SIM00020637;eSIM
SIM00020638;microSIM
SIM00020639;nanoSIM
SIM00020640;standard
SIM00020641;nanoSIM
SIM00020642;eSIM
SIM00020643;standard
SIM00020644;standard
SIM00020645;nanoSIM
SIM00020646;nanoSIM
SIM00020647;microSIM
SIM00020648;eSIM
SIM00020649;nanoSIM
SIM00020650;eSIM
SIM00020651;nanoSIM
SIM00020652;microSIM
SIM00020653;microSIM
SIM00020654;microSIM
SIM00020655;nanoSIM
SIM00020656;microSIM
SIM00020657;microSIM
SIM00020658;standard
SIM00020659;nanoSIM
SIM00020660;eSIM
SIM00020661;standard
SIM00020662;microSIM
SIM00020663;nanoSIM
SIM00020664;standard
SIM00020665;microSIM
SIM00020666;nanoSIM
SIM00020667;nanoSIM
SIM00020668;eSIM
SIM00020669;standard
SIM00020670;standard
SIM00020671;standard
SIM00020672;microSIM
SIM00020673;microSIM
SIM00020674;standard
SIM00020675;eSIM
SIM00020676;microSIM
SIM00020677;standard
SIM00020678;microSIM
SIM00020679;nanoSIM
SIM00020680;nanoSIM
SIM00020681;standard
SIM00020682;nanoSIM
SIM00020683;nanoSIM
SIM00020684;microSIM
SIM00020685;nanoSIM
SIM00020686;microSIM
SIM00020687;standard
SIM00020688;eSIM
SIM00020689;microSIM
SIM00020690;standard
SIM00020691;microSIM
SIM00020692;eSIM
SIM00020693;nanoSIM
SIM00020694;eSIM
SIM00020695;eSIM
SIM00020696;standard
SIM00020697;eSIM
SIM00020698;eSIM
SIM00020699;nanoSIM
SIM00020700;eSIM
SIM00020701;standard
SIM00020702;microSIM
SIM00020703;microSIM
SIM00020704;microSIM
SIM00020705;nanoSIM
SIM00020706;nanoSIM
SIM00020707;microSIM
SIM00020708;nanoSIM
SIM00020709;nanoSIM
SIM00020710;nanoSIM
SIM00020711;standard
SIM00020712;standard
SIM00020713;nanoSIM
SIM00020714;nanoSIM
SIM00020715;microSIM
SIM00020716;standard
SIM00020717;standard
SIM00020718;nanoSIM
SIM00020719;standard
SIM00020720;eSIM
SIM00020721;standard
SIM00020722;standard
SIM00020723;eSIM
SIM00020724;standard
SIM00020725;standard
SIM00020726;standard
SIM00020727;nanoSIM
SIM00020728;microSIM
SIM00020729;nanoSIM
SIM00020730;standard
SIM00020731;standard
SIM00020732;eSIM
SIM00020733;eSIM
SIM00020734;eSIM
SIM00020735;nanoSIM
SIM00020736;eSIM
SIM00020737;standard
SIM00020738;eSIM
SIM00020739;standard
SIM00020740;eSIM
SIM00020741;microSIM
SIM00020742;standard
SIM00020743;eSIM
SIM00020744;microSIM
SIM00020745;eSIM
SIM00020746;nanoSIM
SIM00020747;microSIM
SIM00020748;microSIM
SIM00020749;nanoSIM
SIM00020750;nanoSIM
SIM00020751;nanoSIM
SIM00020752;microSIM
SIM00020753;eSIM
SIM00020754;eSIM
SIM00020755;eSIM
SIM00020756;eSIM
SIM00020757;eSIM
SIM00020758;standard
SIM00020759;microSIM
SIM00020760;eSIM
SIM00020761;microSIM
SIM00020762;standard
SIM00020763;eSIM
SIM00020764;nanoSIM
SIM00020765;standard
SIM00020766;nanoSIM
SIM00020767;eSIM
SIM00020768;nanoSIM
SIM00020769;microSIM
SIM00020770;nanoSIM
SIM00020771;nanoSIM
SIM00020772;eSIM
SIM00020773;standard
SIM00020774;eSIM
SIM00020775;microSIM
SIM00020776;standard
SIM00020777;eSIM
SIM00020778;nanoSIM
SIM00020779;eSIM
SIM00020780;eSIM
SIM00020781;standard
SIM00020782;eSIM
SIM00020783;eSIM
SIM00020784;eSIM
SIM00020785;microSIM
SIM00020786;nanoSIM
SIM00020787;microSIM
SIM00020788;nanoSIM
SIM00020789;microSIM
SIM00020790;microSIM
SIM00020791;standard
SIM00020792;eSIM
SIM00020793;nanoSIM
SIM00020794;microSIM
SIM00020795;eSIM
SIM00020796;standard
SIM00020797;microSIM
SIM00020798;microSIM
SIM00020799;standard
SIM00020800;microSIM
SIM00020801;microSIM
SIM00020802;standard
SIM00020803;nanoSIM
SIM00020804;nanoSIM
SIM00020805;eSIM
SIM00020806;nanoSIM
SIM00020807;nanoSIM
SIM00020808;microSIM
SIM00020809;nanoSIM
SIM00020810;microSIM
SIM00020811;microSIM
SIM00020812;microSIM
SIM00020813;standard
SIM00020814;standard
SIM00020815;nanoSIM
SIM00020816;eSIM
SIM00020817;eSIM
SIM00020818;microSIM
SIM00020819;eSIM
SIM00020820;nanoSIM
SIM00020821;nanoSIM
SIM00020822;standard
SIM00020823;eSIM
SIM00020824;microSIM
SIM00020825;microSIM
SIM00020826;microSIM
SIM00020827;nanoSIM
SIM00020828;eSIM
SIM00020829;microSIM
SIM00020830;nanoSIM
SIM00020831;microSIM
SIM00020832;microSIM
SIM00020833;standard
SIM00020834;eSIM
SIM00020835;standard
SIM00020836;nanoSIM
SIM00020837;microSIM
SIM00020838;eSIM
SIM00020839;nanoSIM
SIM00020840;standard
SIM00020841;nanoSIM
SIM00020842;nanoSIM
SIM00020843;eSIM
SIM00020844;eSIM
SIM00020845;eSIM
SIM00020846;microSIM
SIM00020847;standard
SIM00020848;microSIM
SIM00020849;standard
SIM00020850;eSIM
SIM00020851;nanoSIM
SIM00020852;standard
SIM00020853;microSIM
SIM00020854;nanoSIM
SIM00020855;standard
SIM00020856;eSIM
SIM00020857;microSIM
SIM00020858;standard
SIM00020859;standard
SIM00020860;eSIM
SIM00020861;microSIM
SIM00020862;eSIM
SIM00020863;standard
SIM00020864;eSIM
SIM00020865;nanoSIM
SIM00020866;microSIM
SIM00020867;standard
SIM00020868;nanoSIM
SIM00020869;standard
SIM00020870;eSIM
SIM00020871;standard
SIM00020872;microSIM
SIM00020873;standard
SIM00020874;eSIM
SIM00020875;microSIM
SIM00020876;nanoSIM
SIM00020877;nanoSIM
SIM00020878;microSIM
SIM00020879;nanoSIM
SIM00020880;standard
SIM00020881;nanoSIM
SIM00020882;nanoSIM
SIM00020883;microSIM
SIM00020884;nanoSIM
SIM00020885;nanoSIM
SIM00020886;nanoSIM
SIM00020887;nanoSIM
SIM00020888;standard
SIM00020889;nanoSIM
SIM00020890;eSIM
SIM00020891;nanoSIM
SIM00020892;eSIM
SIM00020893;standard
SIM00020894;standard
SIM00020895;microSIM
SIM00020896;standard
SIM00020897;eSIM
SIM00020898;nanoSIM
SIM00020899;eSIM
SIM00020900;microSIM
SIM00020901;nanoSIM
SIM00020902;standard
SIM00020903;nanoSIM
SIM00020904;microSIM
SIM00020905;nanoSIM
SIM00020906;standard
SIM00020907;microSIM
SIM00020908;standard
SIM00020909;nanoSIM
SIM00020910;nanoSIM
SIM00020911;standard
SIM00020912;microSIM
SIM00020913;nanoSIM
SIM00020914;standard
SIM00020915;microSIM
SIM00020916;eSIM
SIM00020917;nanoSIM
SIM00020918;nanoSIM
SIM00020919;standard
SIM00020920;standard
SIM00020921;nanoSIM
SIM00020922;standard
SIM00020923;standard
SIM00020924;standard
SIM00020925;standard
SIM00020926;eSIM
SIM00020927;nanoSIM
SIM00020928;standard
SIM00020929;standard
SIM00020930;nanoSIM
SIM00020931;standard
SIM00020932;eSIM
SIM00020933;eSIM
SIM00020934;eSIM
SIM00020935;eSIM
SIM00020936;eSIM
SIM00020937;microSIM
SIM00020938;eSIM
SIM00020939;eSIM
SIM00020940;nanoSIM
SIM00020941;eSIM
SIM00020942;standard
SIM00020943;eSIM
SIM00020944;eSIM
SIM00020945;microSIM
SIM00020946;standard
SIM00020947;eSIM
SIM00020948;eSIM
SIM00020949;nanoSIM
SIM00020950;microSIM
SIM00020951;standard
SIM00020952;eSIM
SIM00020953;microSIM
SIM00020954;standard
SIM00020955;standard
SIM00020956;standard
SIM00020957;standard
SIM00020958;microSIM
SIM00020959;nanoSIM
SIM00020960;eSIM
SIM00020961;eSIM
SIM00020962;microSIM
SIM00020963;eSIM
SIM00020964;eSIM
SIM00020965;nanoSIM
SIM00020966;standard
SIM00020967;microSIM
SIM00020968;microSIM
SIM00020969;nanoSIM
SIM00020970;nanoSIM
SIM00020971;microSIM
SIM00020972;standard
SIM00020973;nanoSIM
SIM00020974;standard
SIM00020975;eSIM
SIM00020976;nanoSIM
SIM00020977;standard
SIM00020978;microSIM
SIM00020979;eSIM
SIM00020980;eSIM
SIM00020981;eSIM
SIM00020982;standard
SIM00020983;standard
SIM00020984;standard
SIM00020985;nanoSIM
SIM00020986;nanoSIM
SIM00020987;eSIM
SIM00020988;eSIM
SIM00020989;standard
SIM00020990;microSIM
SIM00020991;standard
SIM00020992;microSIM
SIM00020993;eSIM
SIM00020994;microSIM
SIM00020995;eSIM
SIM00020996;microSIM
SIM00020997;microSIM
SIM00020998;eSIM
SIM00020999;microSIM
SIM00021000;standard
SIM00021001;nanoSIM
SIM00021002;nanoSIM
SIM00021003;eSIM
SIM00021004;microSIM
SIM00021005;eSIM
SIM00021006;nanoSIM
SIM00021007;microSIM
SIM00021008;standard
SIM00021009;microSIM
SIM00021010;standard
SIM00021011;microSIM
SIM00021012;eSIM
SIM00021013;standard
SIM00021014;nanoSIM
SIM00021015;microSIM
SIM00021016;nanoSIM
SIM00021017;nanoSIM
SIM00021018;eSIM
SIM00021019;nanoSIM
SIM00021020;eSIM
SIM00021021;standard
SIM00021022;eSIM
SIM00021023;microSIM
SIM00021024;standard
SIM00021025;nanoSIM
SIM00021026;eSIM
SIM00021027;eSIM
SIM00021028;standard
SIM00021029;nanoSIM
SIM00021030;microSIM
SIM00021031;nanoSIM
SIM00021032;standard
SIM00021033;microSIM
SIM00021034;standard
SIM00021035;eSIM
SIM00021036;standard
SIM00021037;microSIM
SIM00021038;microSIM
SIM00021039;microSIM
SIM00021040;nanoSIM
SIM00021041;nanoSIM
SIM00021042;standard
SIM00021043;nanoSIM
SIM00021044;nanoSIM
SIM00021045;microSIM
SIM00021046;standard
SIM00021047;eSIM
SIM00021048;microSIM
SIM00021049;standard
SIM00021050;eSIM
SIM00021051;nanoSIM
SIM00021052;microSIM
SIM00021053;microSIM
SIM00021054;microSIM
SIM00021055;eSIM
SIM00021056;microSIM
SIM00021057;microSIM
SIM00021058;eSIM
SIM00021059;eSIM
SIM00021060;eSIM
SIM00021061;standard
SIM00021062;microSIM
SIM00021063;microSIM
SIM00021064;eSIM
SIM00021065;standard
SIM00021066;nanoSIM
SIM00021067;standard
SIM00021068;eSIM
SIM00021069;nanoSIM
SIM00021070;standard
SIM00021071;nanoSIM
SIM00021072;eSIM
SIM00021073;eSIM
SIM00021074;eSIM
SIM00021075;standard
SIM00021076;nanoSIM
SIM00021077;microSIM
SIM00021078;standard
SIM00021079;nanoSIM
SIM00021080;eSIM
SIM00021081;standard
SIM00021082;eSIM
SIM00021083;nanoSIM
SIM00021084;nanoSIM
SIM00021085;eSIM
SIM00021086;microSIM
SIM00021087;eSIM
SIM00021088;microSIM
SIM00021089;eSIM
SIM00021090;eSIM
SIM00021091;standard
SIM00021092;eSIM
SIM00021093;microSIM
SIM00021094;microSIM
SIM00021095;microSIM
SIM00021096;eSIM
SIM00021097;standard
SIM00021098;nanoSIM
SIM00021099;standard
SIM00021100;standard
SIM00021101;eSIM
SIM00021102;microSIM
SIM00021103;eSIM
SIM00021104;eSIM
SIM00021105;nanoSIM
SIM00021106;eSIM
SIM00021107;standard
SIM00021108;standard
SIM00021109;microSIM
SIM00021110;standard
SIM00021111;standard
SIM00021112;microSIM
SIM00021113;nanoSIM
SIM00021114;microSIM
SIM00021115;standard
SIM00021116;standard
SIM00021117;nanoSIM
SIM00021118;eSIM
SIM00021119;nanoSIM
SIM00021120;nanoSIM
SIM00021121;eSIM
SIM00021122;standard
SIM00021123;eSIM
SIM00021124;nanoSIM
SIM00021125;standard
SIM00021126;nanoSIM
SIM00021127;standard
SIM00021128;microSIM
SIM00021129;standard
SIM00021130;nanoSIM
SIM00021131;eSIM
SIM00021132;standard
SIM00021133;eSIM
SIM00021134;microSIM
SIM00021135;eSIM
SIM00021136;eSIM
SIM00021137;microSIM
SIM00021138;nanoSIM
SIM00021139;standard
SIM00021140;eSIM
SIM00021141;microSIM
SIM00021142;nanoSIM
SIM00021143;nanoSIM
SIM00021144;nanoSIM
SIM00021145;nanoSIM
SIM00021146;microSIM
SIM00021147;eSIM
SIM00021148;eSIM
SIM00021149;eSIM
SIM00021150;microSIM
SIM00021151;nanoSIM
SIM00021152;nanoSIM
SIM00021153;microSIM
SIM00021154;nanoSIM
SIM00021155;eSIM
SIM00021156;eSIM
SIM00021157;standard
SIM00021158;microSIM
SIM00021159;microSIM
SIM00021160;microSIM
SIM00021161;nanoSIM
SIM00021162;standard
SIM00021163;eSIM
SIM00021164;microSIM
SIM00021165;standard
SIM00021166;standard
SIM00021167;nanoSIM
SIM00021168;nanoSIM
SIM00021169;standard
SIM00021170;standard
SIM00021171;nanoSIM
SIM00021172;standard
SIM00021173;nanoSIM
SIM00021174;eSIM
SIM00021175;microSIM
SIM00021176;microSIM
SIM00021177;standard
SIM00021178;nanoSIM
SIM00021179;nanoSIM
SIM00021180;microSIM
SIM00021181;standard
SIM00021182;microSIM
SIM00021183;standard
SIM00021184;eSIM
SIM00021185;nanoSIM
SIM00021186;eSIM
SIM00021187;microSIM
SIM00021188;standard
SIM00021189;eSIM
SIM00021190;standard
SIM00021191;microSIM
SIM00021192;standard
SIM00021193;nanoSIM
SIM00021194;eSIM
SIM00021195;eSIM
SIM00021196;eSIM
SIM00021197;microSIM
SIM00021198;nanoSIM
SIM00021199;nanoSIM
SIM00021200;microSIM
SIM00021201;standard
SIM00021202;standard
SIM00021203;nanoSIM
SIM00021204;microSIM
SIM00021205;eSIM
SIM00021206;eSIM
SIM00021207;nanoSIM
SIM00021208;eSIM
SIM00021209;standard
SIM00021210;standard
SIM00021211;nanoSIM
SIM00021212;microSIM
SIM00021213;nanoSIM
SIM00021214;standard
SIM00021215;microSIM
SIM00021216;eSIM
SIM00021217;eSIM
SIM00021218;standard
SIM00021219;nanoSIM
SIM00021220;nanoSIM
SIM00021221;standard
SIM00021222;standard
SIM00021223;eSIM
SIM00021224;nanoSIM
SIM00021225;standard
SIM00021226;standard
SIM00021227;eSIM
SIM00021228;standard
SIM00021229;eSIM
SIM00021230;eSIM
SIM00021231;microSIM
SIM00021232;eSIM
SIM00021233;eSIM
SIM00021234;microSIM
SIM00021235;microSIM
SIM00021236;eSIM
SIM00021237;standard
SIM00021238;eSIM
SIM00021239;eSIM
SIM00021240;standard
SIM00021241;nanoSIM
SIM00021242;nanoSIM
SIM00021243;microSIM
SIM00021244;microSIM
SIM00021245;nanoSIM
SIM00021246;standard
SIM00021247;standard
SIM00021248;eSIM
SIM00021249;standard
SIM00021250;eSIM
SIM00021251;microSIM
SIM00021252;nanoSIM
SIM00021253;standard
SIM00021254;eSIM
SIM00021255;eSIM
SIM00021256;standard
SIM00021257;microSIM
SIM00021258;standard
SIM00021259;eSIM
SIM00021260;microSIM
SIM00021261;microSIM
SIM00021262;microSIM
SIM00021263;eSIM
SIM00021264;nanoSIM
SIM00021265;microSIM
SIM00021266;microSIM
SIM00021267;eSIM
SIM00021268;microSIM
SIM00021269;standard
SIM00021270;nanoSIM
SIM00021271;microSIM
SIM00021272;standard
SIM00021273;eSIM
SIM00021274;microSIM
SIM00021275;standard
SIM00021276;standard
SIM00021277;eSIM
SIM00021278;standard
SIM00021279;eSIM
SIM00021280;microSIM
SIM00021281;nanoSIM
SIM00021282;standard
SIM00021283;nanoSIM
SIM00021284;microSIM
SIM00021285;eSIM
SIM00021286;standard
SIM00021287;microSIM
SIM00021288;microSIM
SIM00021289;microSIM
SIM00021290;standard
SIM00021291;standard
SIM00021292;standard
SIM00021293;nanoSIM
SIM00021294;standard
SIM00021295;microSIM
SIM00021296;eSIM
SIM00021297;nanoSIM
SIM00021298;nanoSIM
SIM00021299;standard
SIM00021300;microSIM
SIM00021301;microSIM
SIM00021302;eSIM
SIM00021303;nanoSIM
SIM00021304;microSIM
SIM00021305;eSIM
SIM00021306;standard
SIM00021307;eSIM
SIM00021308;nanoSIM
SIM00021309;eSIM
SIM00021310;microSIM
SIM00021311;microSIM
SIM00021312;eSIM
SIM00021313;standard
SIM00021314;nanoSIM
SIM00021315;standard
SIM00021316;microSIM
SIM00021317;nanoSIM
SIM00021318;nanoSIM
SIM00021319;eSIM
SIM00021320;eSIM
SIM00021321;eSIM
SIM00021322;microSIM
SIM00021323;nanoSIM
SIM00021324;standard
SIM00021325;nanoSIM
SIM00021326;microSIM
SIM00021327;standard
SIM00021328;nanoSIM
SIM00021329;nanoSIM
SIM00021330;standard
SIM00021331;eSIM
SIM00021332;microSIM
SIM00021333;eSIM
SIM00021334;nanoSIM
SIM00021335;standard
SIM00021336;nanoSIM
SIM00021337;standard
SIM00021338;standard
SIM00021339;microSIM
SIM00021340;microSIM
SIM00021341;microSIM
SIM00021342;nanoSIM
SIM00021343;standard
SIM00021344;eSIM
SIM00021345;nanoSIM
SIM00021346;nanoSIM
SIM00021347;microSIM
SIM00021348;eSIM
SIM00021349;standard
SIM00021350;eSIM
SIM00021351;standard
SIM00021352;standard
SIM00021353;nanoSIM
SIM00021354;nanoSIM
SIM00021355;microSIM
SIM00021356;microSIM
SIM00021357;nanoSIM
SIM00021358;microSIM
SIM00021359;microSIM
SIM00021360;eSIM
SIM00021361;nanoSIM
SIM00021362;nanoSIM
SIM00021363;standard
SIM00021364;microSIM
SIM00021365;microSIM
SIM00021366;nanoSIM
SIM00021367;eSIM
SIM00021368;eSIM
SIM00021369;eSIM
SIM00021370;microSIM
SIM00021371;nanoSIM
SIM00021372;microSIM
SIM00021373;eSIM
SIM00021374;standard
SIM00021375;standard
SIM00021376;eSIM
SIM00021377;nanoSIM
SIM00021378;nanoSIM
SIM00021379;eSIM
SIM00021380;nanoSIM
SIM00021381;eSIM
SIM00021382;microSIM
SIM00021383;standard
SIM00021384;nanoSIM
SIM00021385;eSIM
SIM00021386;nanoSIM
SIM00021387;nanoSIM
SIM00021388;eSIM
SIM00021389;standard
SIM00021390;microSIM
SIM00021391;standard
SIM00021392;nanoSIM
SIM00021393;standard
SIM00021394;microSIM
SIM00021395;eSIM
SIM00021396;nanoSIM
SIM00021397;eSIM
SIM00021398;nanoSIM
SIM00021399;microSIM
SIM00021400;nanoSIM
SIM00021401;nanoSIM
SIM00021402;eSIM
SIM00021403;standard
SIM00021404;microSIM
SIM00021405;microSIM
SIM00021406;eSIM
SIM00021407;microSIM
SIM00021408;microSIM
SIM00021409;standard
SIM00021410;nanoSIM
SIM00021411;microSIM
SIM00021412;microSIM
SIM00021413;microSIM
SIM00021414;nanoSIM
SIM00021415;standard
SIM00021416;standard
SIM00021417;nanoSIM
SIM00021418;standard
SIM00021419;microSIM
SIM00021420;standard
SIM00021421;nanoSIM
SIM00021422;standard
SIM00021423;eSIM
SIM00021424;eSIM
SIM00021425;nanoSIM
SIM00021426;eSIM
SIM00021427;eSIM
SIM00021428;microSIM
SIM00021429;microSIM
SIM00021430;microSIM
SIM00021431;eSIM
SIM00021432;microSIM
SIM00021433;nanoSIM
SIM00021434;eSIM
SIM00021435;standard
SIM00021436;nanoSIM
SIM00021437;microSIM
SIM00021438;microSIM
SIM00021439;microSIM
SIM00021440;eSIM
SIM00021441;standard
SIM00021442;eSIM
SIM00021443;standard
SIM00021444;standard
SIM00021445;microSIM
SIM00021446;standard
SIM00021447;nanoSIM
SIM00021448;eSIM
SIM00021449;eSIM
SIM00021450;nanoSIM
SIM00021451;microSIM
SIM00021452;standard
SIM00021453;nanoSIM
SIM00021454;microSIM
SIM00021455;eSIM
SIM00021456;standard
SIM00021457;standard
SIM00021458;nanoSIM
SIM00021459;standard
SIM00021460;eSIM
SIM00021461;nanoSIM
SIM00021462;standard
SIM00021463;standard
SIM00021464;standard
SIM00021465;microSIM
SIM00021466;microSIM
SIM00021467;standard
SIM00021468;microSIM
SIM00021469;eSIM
SIM00021470;eSIM
SIM00021471;standard
SIM00021472;microSIM
SIM00021473;nanoSIM
SIM00021474;microSIM
SIM00021475;nanoSIM
SIM00021476;microSIM
SIM00021477;eSIM
SIM00021478;microSIM
SIM00021479;nanoSIM
SIM00021480;nanoSIM
SIM00021481;eSIM
SIM00021482;nanoSIM
SIM00021483;nanoSIM
SIM00021484;eSIM
SIM00021485;standard
SIM00021486;nanoSIM
SIM00021487;microSIM
SIM00021488;microSIM
SIM00021489;microSIM
SIM00021490;nanoSIM
SIM00021491;microSIM
SIM00021492;standard
SIM00021493;microSIM
SIM00021494;eSIM
SIM00021495;microSIM
SIM00021496;microSIM
SIM00021497;eSIM
SIM00021498;microSIM
SIM00021499;eSIM
SIM00021500;microSIM
SIM00021501;standard
SIM00021502;nanoSIM
SIM00021503;nanoSIM
SIM00021504;eSIM
SIM00021505;nanoSIM
SIM00021506;standard
SIM00021507;standard
SIM00021508;microSIM
SIM00021509;eSIM
SIM00021510;nanoSIM
SIM00021511;nanoSIM
SIM00021512;microSIM
SIM00021513;nanoSIM
SIM00021514;nanoSIM
SIM00021515;standard
SIM00021516;eSIM
SIM00021517;nanoSIM
SIM00021518;eSIM
SIM00021519;nanoSIM
SIM00021520;microSIM
SIM00021521;standard
SIM00021522;standard
SIM00021523;microSIM
SIM00021524;nanoSIM
SIM00021525;nanoSIM
SIM00021526;nanoSIM
SIM00021527;standard
SIM00021528;nanoSIM
SIM00021529;eSIM
SIM00021530;microSIM
SIM00021531;nanoSIM
SIM00021532;nanoSIM
SIM00021533;eSIM
SIM00021534;microSIM
SIM00021535;nanoSIM
SIM00021536;nanoSIM
SIM00021537;microSIM
SIM00021538;nanoSIM
SIM00021539;standard
SIM00021540;microSIM
SIM00021541;eSIM
SIM00021542;eSIM
SIM00021543;nanoSIM
SIM00021544;eSIM
SIM00021545;nanoSIM
SIM00021546;nanoSIM
SIM00021547;standard
SIM00021548;standard
SIM00021549;eSIM
SIM00021550;nanoSIM
SIM00021551;eSIM
SIM00021552;nanoSIM
SIM00021553;eSIM
SIM00021554;standard
SIM00021555;eSIM
SIM00021556;standard
SIM00021557;nanoSIM
SIM00021558;nanoSIM
SIM00021559;microSIM
SIM00021560;eSIM
SIM00021561;microSIM
SIM00021562;nanoSIM
SIM00021563;eSIM
SIM00021564;microSIM
SIM00021565;microSIM
SIM00021566;microSIM
SIM00021567;nanoSIM
SIM00021568;eSIM
SIM00021569;microSIM
SIM00021570;microSIM
SIM00021571;microSIM
SIM00021572;microSIM
SIM00021573;microSIM
SIM00021574;eSIM
SIM00021575;standard
SIM00021576;microSIM
SIM00021577;eSIM
SIM00021578;standard
SIM00021579;microSIM
SIM00021580;standard
SIM00021581;microSIM
SIM00021582;eSIM
SIM00021583;standard
SIM00021584;nanoSIM
SIM00021585;microSIM
SIM00021586;nanoSIM
SIM00021587;standard
SIM00021588;eSIM
SIM00021589;microSIM
SIM00021590;standard
SIM00021591;standard
SIM00021592;microSIM
SIM00021593;nanoSIM
SIM00021594;standard
SIM00021595;microSIM
SIM00021596;eSIM
SIM00021597;nanoSIM
SIM00021598;microSIM
SIM00021599;standard
SIM00021600;eSIM
SIM00021601;nanoSIM
SIM00021602;nanoSIM
SIM00021603;microSIM
SIM00021604;eSIM
SIM00021605;eSIM
SIM00021606;nanoSIM
SIM00021607;standard
SIM00021608;eSIM
SIM00021609;standard
SIM00021610;standard
SIM00021611;standard
SIM00021612;eSIM
SIM00021613;nanoSIM
SIM00021614;standard
SIM00021615;microSIM
SIM00021616;standard
SIM00021617;standard
SIM00021618;eSIM
SIM00021619;microSIM
SIM00021620;microSIM
SIM00021621;nanoSIM
SIM00021622;microSIM
SIM00021623;microSIM
SIM00021624;standard
SIM00021625;eSIM
SIM00021626;eSIM
SIM00021627;standard
SIM00021628;eSIM
SIM00021629;eSIM
SIM00021630;nanoSIM
SIM00021631;eSIM
SIM00021632;microSIM
SIM00021633;nanoSIM
SIM00021634;nanoSIM
SIM00021635;nanoSIM
SIM00021636;eSIM
SIM00021637;nanoSIM
SIM00021638;microSIM
SIM00021639;microSIM
SIM00021640;eSIM
SIM00021641;nanoSIM
SIM00021642;microSIM
SIM00021643;nanoSIM
SIM00021644;microSIM
SIM00021645;microSIM
SIM00021646;microSIM
SIM00021647;eSIM
SIM00021648;microSIM
SIM00021649;standard
SIM00021650;eSIM
SIM00021651;eSIM
SIM00021652;eSIM
SIM00021653;standard
SIM00021654;standard
SIM00021655;microSIM
SIM00021656;nanoSIM
SIM00021657;nanoSIM
SIM00021658;standard
SIM00021659;standard
SIM00021660;eSIM
SIM00021661;nanoSIM
SIM00021662;eSIM
SIM00021663;eSIM
SIM00021664;nanoSIM
SIM00021665;standard
SIM00021666;standard
SIM00021667;eSIM
SIM00021668;eSIM
SIM00021669;standard
SIM00021670;eSIM
SIM00021671;nanoSIM
SIM00021672;eSIM
SIM00021673;standard
SIM00021674;nanoSIM
SIM00021675;standard
SIM00021676;microSIM
SIM00021677;microSIM
SIM00021678;nanoSIM
SIM00021679;nanoSIM
SIM00021680;microSIM
SIM00021681;microSIM
SIM00021682;eSIM
SIM00021683;microSIM
SIM00021684;eSIM
SIM00021685;eSIM
SIM00021686;eSIM
SIM00021687;eSIM
SIM00021688;nanoSIM
SIM00021689;standard
SIM00021690;eSIM
SIM00021691;microSIM
SIM00021692;microSIM
SIM00021693;nanoSIM
SIM00021694;microSIM
SIM00021695;standard
SIM00021696;eSIM
SIM00021697;eSIM
SIM00021698;nanoSIM
SIM00021699;nanoSIM
SIM00021700;nanoSIM
SIM00021701;nanoSIM
SIM00021702;nanoSIM
SIM00021703;eSIM
SIM00021704;standard
SIM00021705;standard
SIM00021706;standard
SIM00021707;nanoSIM
SIM00021708;microSIM
SIM00021709;standard
SIM00021710;eSIM
SIM00021711;standard
SIM00021712;eSIM
SIM00021713;eSIM
SIM00021714;microSIM
SIM00021715;microSIM
SIM00021716;nanoSIM
SIM00021717;standard
SIM00021718;standard
SIM00021719;microSIM
SIM00021720;standard
SIM00021721;standard
SIM00021722;standard
SIM00021723;microSIM
SIM00021724;eSIM
SIM00021725;eSIM
SIM00021726;standard
SIM00021727;microSIM
SIM00021728;eSIM
SIM00021729;standard
SIM00021730;microSIM
SIM00021731;microSIM
SIM00021732;microSIM
SIM00021733;nanoSIM
SIM00021734;eSIM
SIM00021735;microSIM
SIM00021736;standard
SIM00021737;nanoSIM
SIM00021738;eSIM
SIM00021739;standard
SIM00021740;eSIM
SIM00021741;nanoSIM
SIM00021742;eSIM
SIM00021743;standard
SIM00021744;eSIM
SIM00021745;nanoSIM
SIM00021746;nanoSIM
SIM00021747;nanoSIM
SIM00021748;nanoSIM
SIM00021749;eSIM
SIM00021750;eSIM
SIM00021751;eSIM
SIM00021752;standard
SIM00021753;eSIM
SIM00021754;nanoSIM
SIM00021755;microSIM
SIM00021756;eSIM
SIM00021757;eSIM
SIM00021758;standard
SIM00021759;microSIM
SIM00021760;standard
SIM00021761;eSIM
SIM00021762;nanoSIM
SIM00021763;nanoSIM
SIM00021764;microSIM
SIM00021765;nanoSIM
SIM00021766;microSIM
SIM00021767;microSIM
SIM00021768;standard
SIM00021769;nanoSIM
SIM00021770;standard
SIM00021771;standard
SIM00021772;nanoSIM
SIM00021773;standard
SIM00021774;microSIM
SIM00021775;microSIM
SIM00021776;microSIM
SIM00021777;eSIM
SIM00021778;nanoSIM
SIM00021779;nanoSIM
SIM00021780;eSIM
SIM00021781;eSIM
SIM00021782;standard
SIM00021783;microSIM
SIM00021784;microSIM
SIM00021785;microSIM
SIM00021786;microSIM
SIM00021787;microSIM
SIM00021788;microSIM
SIM00021789;microSIM
SIM00021790;standard
SIM00021791;nanoSIM
SIM00021792;nanoSIM
SIM00021793;standard
SIM00021794;eSIM
SIM00021795;eSIM
SIM00021796;microSIM
SIM00021797;standard
SIM00021798;microSIM
SIM00021799;microSIM
SIM00021800;nanoSIM
SIM00021801;nanoSIM
SIM00021802;microSIM
SIM00021803;eSIM
SIM00021804;microSIM
SIM00021805;microSIM
SIM00021806;eSIM
SIM00021807;microSIM
SIM00021808;nanoSIM
SIM00021809;standard
SIM00021810;nanoSIM
SIM00021811;eSIM
SIM00021812;eSIM
SIM00021813;standard
SIM00021814;standard
SIM00021815;microSIM
SIM00021816;standard
SIM00021817;eSIM
SIM00021818;standard
SIM00021819;microSIM
SIM00021820;nanoSIM
SIM00021821;microSIM
SIM00021822;microSIM
SIM00021823;eSIM
SIM00021824;eSIM
SIM00021825;standard
SIM00021826;standard
SIM00021827;nanoSIM
SIM00021828;eSIM
SIM00021829;standard
SIM00021830;standard
SIM00021831;microSIM
SIM00021832;microSIM
SIM00021833;nanoSIM
SIM00021834;microSIM
SIM00021835;nanoSIM
SIM00021836;microSIM
SIM00021837;standard
SIM00021838;nanoSIM
SIM00021839;nanoSIM
SIM00021840;microSIM
SIM00021841;microSIM
SIM00021842;standard
SIM00021843;eSIM
SIM00021844;nanoSIM
SIM00021845;microSIM
SIM00021846;nanoSIM
SIM00021847;standard
SIM00021848;eSIM
SIM00021849;standard
SIM00021850;eSIM
SIM00021851;microSIM
SIM00021852;eSIM
SIM00021853;nanoSIM
SIM00021854;nanoSIM
SIM00021855;eSIM
SIM00021856;standard
SIM00021857;standard
SIM00021858;eSIM
SIM00021859;nanoSIM
SIM00021860;eSIM
SIM00021861;nanoSIM
SIM00021862;microSIM
SIM00021863;nanoSIM
SIM00021864;standard
SIM00021865;eSIM
SIM00021866;eSIM
SIM00021867;microSIM
SIM00021868;nanoSIM
SIM00021869;eSIM
SIM00021870;nanoSIM
SIM00021871;eSIM
SIM00021872;nanoSIM
SIM00021873;standard
SIM00021874;standard
SIM00021875;microSIM
SIM00021876;standard
SIM00021877;nanoSIM
SIM00021878;nanoSIM
SIM00021879;eSIM
SIM00021880;eSIM
SIM00021881;nanoSIM
SIM00021882;microSIM
SIM00021883;nanoSIM
SIM00021884;microSIM
SIM00021885;microSIM
SIM00021886;eSIM
SIM00021887;microSIM
SIM00021888;eSIM
SIM00021889;eSIM
SIM00021890;eSIM
SIM00021891;eSIM
SIM00021892;microSIM
SIM00021893;standard
SIM00021894;microSIM
SIM00021895;nanoSIM
SIM00021896;eSIM
SIM00021897;standard
SIM00021898;nanoSIM
SIM00021899;nanoSIM
SIM00021900;standard
SIM00021901;eSIM
SIM00021902;microSIM
SIM00021903;nanoSIM
SIM00021904;microSIM
SIM00021905;microSIM
SIM00021906;eSIM
SIM00021907;standard
SIM00021908;microSIM
SIM00021909;standard
SIM00021910;standard
SIM00021911;nanoSIM
SIM00021912;standard
SIM00021913;nanoSIM
SIM00021914;nanoSIM
SIM00021915;standard
SIM00021916;nanoSIM
SIM00021917;nanoSIM
SIM00021918;nanoSIM
SIM00021919;microSIM
SIM00021920;nanoSIM
SIM00021921;microSIM
SIM00021922;microSIM
SIM00021923;microSIM
SIM00021924;microSIM
SIM00021925;microSIM
SIM00021926;microSIM
SIM00021927;eSIM
SIM00021928;eSIM
SIM00021929;microSIM
SIM00021930;microSIM
SIM00021931;standard
SIM00021932;eSIM
SIM00021933;eSIM
SIM00021934;microSIM
SIM00021935;standard
SIM00021936;eSIM
SIM00021937;standard
SIM00021938;nanoSIM
SIM00021939;microSIM
SIM00021940;standard
SIM00021941;standard
SIM00021942;eSIM
SIM00021943;nanoSIM
SIM00021944;microSIM
SIM00021945;nanoSIM
SIM00021946;standard
SIM00021947;microSIM
SIM00021948;microSIM
SIM00021949;eSIM
SIM00021950;eSIM
SIM00021951;standard
SIM00021952;microSIM
SIM00021953;microSIM
SIM00021954;microSIM
SIM00021955;standard
SIM00021956;microSIM
SIM00021957;eSIM
SIM00021958;eSIM
SIM00021959;microSIM
SIM00021960;standard
SIM00021961;nanoSIM
SIM00021962;standard
SIM00021963;nanoSIM
SIM00021964;standard
SIM00021965;microSIM
SIM00021966;nanoSIM
SIM00021967;nanoSIM
SIM00021968;eSIM
SIM00021969;nanoSIM
SIM00021970;eSIM
SIM00021971;nanoSIM
SIM00021972;standard
SIM00021973;nanoSIM
SIM00021974;nanoSIM
SIM00021975;nanoSIM
SIM00021976;standard
SIM00021977;eSIM
SIM00021978;microSIM
SIM00021979;eSIM
SIM00021980;eSIM
SIM00021981;nanoSIM
SIM00021982;eSIM
SIM00021983;microSIM
SIM00021984;microSIM
SIM00021985;nanoSIM
SIM00021986;microSIM
SIM00021987;microSIM
SIM00021988;eSIM
SIM00021989;microSIM
SIM00021990;eSIM
SIM00021991;microSIM
SIM00021992;eSIM
SIM00021993;eSIM
SIM00021994;nanoSIM
SIM00021995;nanoSIM
SIM00021996;eSIM
SIM00021997;microSIM
SIM00021998;nanoSIM
SIM00021999;nanoSIM
SIM00022000;standard
SIM00022001;eSIM
SIM00022002;standard
SIM00022003;nanoSIM
SIM00022004;eSIM
SIM00022005;standard
SIM00022006;standard
SIM00022007;microSIM
SIM00022008;microSIM
SIM00022009;eSIM
SIM00022010;standard
SIM00022011;standard
SIM00022012;eSIM
SIM00022013;microSIM
SIM00022014;standard
SIM00022015;microSIM
SIM00022016;standard
SIM00022017;nanoSIM
SIM00022018;nanoSIM
SIM00022019;microSIM
SIM00022020;standard
SIM00022021;standard
SIM00022022;microSIM
SIM00022023;nanoSIM
SIM00022024;nanoSIM
SIM00022025;eSIM
SIM00022026;eSIM
SIM00022027;standard
SIM00022028;standard
SIM00022029;eSIM
SIM00022030;microSIM
SIM00022031;eSIM
SIM00022032;eSIM
SIM00022033;eSIM
SIM00022034;microSIM
SIM00022035;microSIM
SIM00022036;nanoSIM
SIM00022037;microSIM
SIM00022038;microSIM
SIM00022039;eSIM
SIM00022040;eSIM
SIM00022041;nanoSIM
SIM00022042;microSIM
SIM00022043;standard
SIM00022044;standard
SIM00022045;nanoSIM
SIM00022046;standard
SIM00022047;microSIM
SIM00022048;standard
SIM00022049;microSIM
SIM00022050;standard
SIM00022051;microSIM
SIM00022052;nanoSIM
SIM00022053;microSIM
SIM00022054;standard
SIM00022055;nanoSIM
SIM00022056;standard
SIM00022057;standard
SIM00022058;nanoSIM
SIM00022059;microSIM
SIM00022060;microSIM
SIM00022061;standard
SIM00022062;microSIM
SIM00022063;nanoSIM
SIM00022064;standard
SIM00022065;eSIM
SIM00022066;nanoSIM
SIM00022067;nanoSIM
SIM00022068;microSIM
SIM00022069;eSIM
SIM00022070;nanoSIM
SIM00022071;eSIM
SIM00022072;nanoSIM
SIM00022073;microSIM
SIM00022074;eSIM
SIM00022075;nanoSIM
SIM00022076;standard
SIM00022077;standard
SIM00022078;nanoSIM
SIM00022079;standard
SIM00022080;nanoSIM
SIM00022081;microSIM
SIM00022082;standard
SIM00022083;standard
SIM00022084;standard
SIM00022085;microSIM
SIM00022086;standard
SIM00022087;eSIM
SIM00022088;nanoSIM
SIM00022089;eSIM
SIM00022090;standard
SIM00022091;nanoSIM
SIM00022092;eSIM
SIM00022093;microSIM
SIM00022094;nanoSIM
SIM00022095;standard
SIM00022096;standard
SIM00022097;eSIM
SIM00022098;standard
SIM00022099;standard
SIM00022100;microSIM
SIM00022101;eSIM
SIM00022102;eSIM
SIM00022103;microSIM
SIM00022104;nanoSIM
SIM00022105;nanoSIM
SIM00022106;microSIM
SIM00022107;microSIM
SIM00022108;standard
SIM00022109;eSIM
SIM00022110;nanoSIM
SIM00022111;eSIM
SIM00022112;microSIM
SIM00022113;eSIM
SIM00022114;eSIM
SIM00022115;microSIM
SIM00022116;nanoSIM
SIM00022117;standard
SIM00022118;nanoSIM
SIM00022119;eSIM
SIM00022120;nanoSIM
SIM00022121;microSIM
SIM00022122;microSIM
SIM00022123;nanoSIM
SIM00022124;standard
SIM00022125;microSIM
SIM00022126;eSIM
SIM00022127;microSIM
SIM00022128;microSIM
SIM00022129;microSIM
SIM00022130;eSIM
SIM00022131;nanoSIM
SIM00022132;eSIM
SIM00022133;nanoSIM
SIM00022134;standard
SIM00022135;eSIM
SIM00022136;microSIM
SIM00022137;microSIM
SIM00022138;eSIM
SIM00022139;nanoSIM
SIM00022140;standard
SIM00022141;microSIM
SIM00022142;microSIM
SIM00022143;microSIM
SIM00022144;eSIM
SIM00022145;microSIM
SIM00022146;standard
SIM00022147;eSIM
SIM00022148;eSIM
SIM00022149;nanoSIM
SIM00022150;microSIM
SIM00022151;nanoSIM
SIM00022152;microSIM
SIM00022153;microSIM
SIM00022154;microSIM
SIM00022155;microSIM
SIM00022156;standard
SIM00022157;standard
SIM00022158;nanoSIM
SIM00022159;microSIM
SIM00022160;microSIM
SIM00022161;nanoSIM
SIM00022162;nanoSIM
SIM00022163;standard
SIM00022164;eSIM
SIM00022165;nanoSIM
SIM00022166;standard
SIM00022167;eSIM
SIM00022168;microSIM
SIM00022169;eSIM
SIM00022170;eSIM
SIM00022171;nanoSIM
SIM00022172;microSIM
SIM00022173;standard
SIM00022174;standard
SIM00022175;microSIM
SIM00022176;nanoSIM
SIM00022177;nanoSIM
SIM00022178;eSIM
SIM00022179;microSIM
SIM00022180;nanoSIM
SIM00022181;standard
SIM00022182;standard
SIM00022183;nanoSIM
SIM00022184;eSIM
SIM00022185;standard
SIM00022186;microSIM
SIM00022187;eSIM
SIM00022188;nanoSIM
SIM00022189;standard
SIM00022190;standard
SIM00022191;microSIM
SIM00022192;nanoSIM
SIM00022193;eSIM
SIM00022194;microSIM
SIM00022195;standard
SIM00022196;standard
SIM00022197;eSIM
SIM00022198;microSIM
SIM00022199;microSIM
SIM00022200;eSIM
SIM00022201;eSIM
SIM00022202;nanoSIM
SIM00022203;eSIM
SIM00022204;microSIM
SIM00022205;microSIM
SIM00022206;microSIM
SIM00022207;eSIM
SIM00022208;microSIM
SIM00022209;microSIM
SIM00022210;eSIM
SIM00022211;nanoSIM
SIM00022212;standard
SIM00022213;eSIM
SIM00022214;eSIM
SIM00022215;microSIM
SIM00022216;microSIM
SIM00022217;nanoSIM
SIM00022218;microSIM
SIM00022219;eSIM
SIM00022220;eSIM
SIM00022221;standard
SIM00022222;nanoSIM
SIM00022223;microSIM
SIM00022224;standard
SIM00022225;nanoSIM
SIM00022226;standard
SIM00022227;standard
SIM00022228;eSIM
SIM00022229;eSIM
SIM00022230;eSIM
SIM00022231;standard
SIM00022232;standard
SIM00022233;standard
SIM00022234;microSIM
SIM00022235;standard
SIM00022236;eSIM
SIM00022237;eSIM
SIM00022238;nanoSIM
SIM00022239;microSIM
SIM00022240;standard
SIM00022241;nanoSIM
SIM00022242;nanoSIM
SIM00022243;nanoSIM
SIM00022244;microSIM
SIM00022245;standard
SIM00022246;nanoSIM
SIM00022247;standard
SIM00022248;microSIM
SIM00022249;standard
SIM00022250;nanoSIM
SIM00022251;eSIM
SIM00022252;eSIM
SIM00022253;eSIM
SIM00022254;eSIM
SIM00022255;standard
SIM00022256;eSIM
SIM00022257;nanoSIM
SIM00022258;eSIM
SIM00022259;eSIM
SIM00022260;nanoSIM
SIM00022261;eSIM
SIM00022262;microSIM
SIM00022263;microSIM
SIM00022264;standard
SIM00022265;nanoSIM
SIM00022266;eSIM
SIM00022267;eSIM
SIM00022268;nanoSIM
SIM00022269;eSIM
SIM00022270;nanoSIM
SIM00022271;microSIM
SIM00022272;microSIM
SIM00022273;microSIM
SIM00022274;eSIM
SIM00022275;nanoSIM
SIM00022276;eSIM
SIM00022277;nanoSIM
SIM00022278;nanoSIM
SIM00022279;nanoSIM
SIM00022280;nanoSIM
SIM00022281;nanoSIM
SIM00022282;nanoSIM
SIM00022283;eSIM
SIM00022284;nanoSIM
SIM00022285;eSIM
SIM00022286;eSIM
SIM00022287;microSIM
SIM00022288;nanoSIM
SIM00022289;standard
SIM00022290;eSIM
SIM00022291;eSIM
SIM00022292;nanoSIM
SIM00022293;nanoSIM
SIM00022294;nanoSIM
SIM00022295;standard
SIM00022296;microSIM
SIM00022297;eSIM
SIM00022298;eSIM
SIM00022299;nanoSIM
SIM00022300;standard
SIM00022301;microSIM
SIM00022302;standard
SIM00022303;microSIM
SIM00022304;eSIM
SIM00022305;eSIM
SIM00022306;eSIM
SIM00022307;eSIM
SIM00022308;standard
SIM00022309;eSIM
SIM00022310;microSIM
SIM00022311;eSIM
SIM00022312;standard
SIM00022313;standard
SIM00022314;microSIM
SIM00022315;eSIM
SIM00022316;eSIM
SIM00022317;eSIM
SIM00022318;standard
SIM00022319;microSIM
SIM00022320;microSIM
SIM00022321;nanoSIM
SIM00022322;eSIM
SIM00022323;nanoSIM
SIM00022324;nanoSIM
SIM00022325;nanoSIM
SIM00022326;standard
SIM00022327;nanoSIM
SIM00022328;nanoSIM
SIM00022329;microSIM
SIM00022330;standard
SIM00022331;eSIM
SIM00022332;standard
SIM00022333;standard
SIM00022334;standard
SIM00022335;standard
SIM00022336;standard
SIM00022337;nanoSIM
SIM00022338;microSIM
SIM00022339;nanoSIM
SIM00022340;microSIM
SIM00022341;standard
SIM00022342;standard
SIM00022343;microSIM
SIM00022344;standard
SIM00022345;standard
SIM00022346;eSIM
SIM00022347;eSIM
SIM00022348;eSIM
SIM00022349;standard
SIM00022350;eSIM
SIM00022351;microSIM
SIM00022352;nanoSIM
SIM00022353;microSIM
SIM00022354;standard
SIM00022355;standard
SIM00022356;standard
SIM00022357;nanoSIM
SIM00022358;nanoSIM
SIM00022359;standard
SIM00022360;microSIM
SIM00022361;eSIM
SIM00022362;microSIM
SIM00022363;eSIM
SIM00022364;microSIM
SIM00022365;microSIM
SIM00022366;microSIM
SIM00022367;standard
SIM00022368;microSIM
SIM00022369;nanoSIM
SIM00022370;standard
SIM00022371;microSIM
SIM00022372;standard
SIM00022373;eSIM
SIM00022374;microSIM
SIM00022375;standard
SIM00022376;microSIM
SIM00022377;standard
SIM00022378;eSIM
SIM00022379;nanoSIM
SIM00022380;microSIM
SIM00022381;nanoSIM
SIM00022382;eSIM
SIM00022383;standard
SIM00022384;microSIM
SIM00022385;nanoSIM
SIM00022386;standard
SIM00022387;nanoSIM
SIM00022388;microSIM
SIM00022389;eSIM
SIM00022390;standard
SIM00022391;standard
SIM00022392;eSIM
SIM00022393;eSIM
SIM00022394;nanoSIM
SIM00022395;standard
SIM00022396;eSIM
SIM00022397;eSIM
SIM00022398;microSIM
SIM00022399;microSIM
SIM00022400;eSIM
SIM00022401;nanoSIM
SIM00022402;nanoSIM
SIM00022403;microSIM
SIM00022404;microSIM
SIM00022405;standard
SIM00022406;eSIM
SIM00022407;standard
SIM00022408;microSIM
SIM00022409;eSIM
SIM00022410;nanoSIM
SIM00022411;standard
SIM00022412;standard
SIM00022413;standard
SIM00022414;microSIM
SIM00022415;nanoSIM
SIM00022416;standard
SIM00022417;eSIM
SIM00022418;standard
SIM00022419;eSIM
SIM00022420;nanoSIM
SIM00022421;eSIM
SIM00022422;eSIM
SIM00022423;nanoSIM
SIM00022424;microSIM
SIM00022425;standard
SIM00022426;eSIM
SIM00022427;nanoSIM
SIM00022428;nanoSIM
SIM00022429;standard
SIM00022430;nanoSIM
SIM00022431;eSIM
SIM00022432;eSIM
SIM00022433;standard
SIM00022434;nanoSIM
SIM00022435;eSIM
SIM00022436;standard
SIM00022437;standard
SIM00022438;nanoSIM
SIM00022439;microSIM
SIM00022440;microSIM
SIM00022441;standard
SIM00022442;microSIM
SIM00022443;standard
SIM00022444;microSIM
SIM00022445;eSIM
SIM00022446;standard
SIM00022447;standard
SIM00022448;eSIM
SIM00022449;standard
SIM00022450;eSIM
SIM00022451;microSIM
SIM00022452;standard
SIM00022453;eSIM
SIM00022454;microSIM
SIM00022455;nanoSIM
SIM00022456;eSIM
SIM00022457;eSIM
SIM00022458;standard
SIM00022459;nanoSIM
SIM00022460;standard
SIM00022461;standard
SIM00022462;eSIM
SIM00022463;nanoSIM
SIM00022464;standard
SIM00022465;standard
SIM00022466;standard
SIM00022467;eSIM
SIM00022468;eSIM
SIM00022469;standard
SIM00022470;nanoSIM
SIM00022471;eSIM
SIM00022472;nanoSIM
SIM00022473;standard
SIM00022474;nanoSIM
SIM00022475;nanoSIM
SIM00022476;nanoSIM
SIM00022477;eSIM
SIM00022478;eSIM
SIM00022479;microSIM
SIM00022480;eSIM
SIM00022481;microSIM
SIM00022482;eSIM
SIM00022483;nanoSIM
SIM00022484;nanoSIM
SIM00022485;nanoSIM
SIM00022486;standard
SIM00022487;standard
SIM00022488;nanoSIM
SIM00022489;standard
SIM00022490;standard
SIM00022491;nanoSIM
SIM00022492;microSIM
SIM00022493;eSIM
SIM00022494;eSIM
SIM00022495;microSIM
SIM00022496;nanoSIM
SIM00022497;nanoSIM
SIM00022498;standard
SIM00022499;microSIM
SIM00022500;eSIM
SIM00022501;nanoSIM
SIM00022502;eSIM
SIM00022503;microSIM
SIM00022504;standard
SIM00022505;eSIM
SIM00022506;microSIM
SIM00022507;nanoSIM
SIM00022508;microSIM
SIM00022509;nanoSIM
SIM00022510;microSIM
SIM00022511;microSIM
SIM00022512;nanoSIM
SIM00022513;eSIM
SIM00022514;microSIM
SIM00022515;nanoSIM
SIM00022516;nanoSIM
SIM00022517;nanoSIM
SIM00022518;standard
SIM00022519;eSIM
SIM00022520;microSIM
SIM00022521;standard
SIM00022522;eSIM
SIM00022523;nanoSIM
SIM00022524;microSIM
SIM00022525;standard
SIM00022526;nanoSIM
SIM00022527;nanoSIM
SIM00022528;microSIM
SIM00022529;standard
SIM00022530;standard
SIM00022531;eSIM
SIM00022532;eSIM
SIM00022533;standard
SIM00022534;nanoSIM
SIM00022535;eSIM
SIM00022536;microSIM
SIM00022537;nanoSIM
SIM00022538;standard
SIM00022539;microSIM
SIM00022540;eSIM
SIM00022541;standard
SIM00022542;microSIM
SIM00022543;nanoSIM
SIM00022544;microSIM
SIM00022545;microSIM
SIM00022546;eSIM
SIM00022547;microSIM
SIM00022548;standard
SIM00022549;eSIM
SIM00022550;eSIM
SIM00022551;microSIM
SIM00022552;microSIM
SIM00022553;nanoSIM
SIM00022554;eSIM
SIM00022555;microSIM
SIM00022556;eSIM
SIM00022557;nanoSIM
SIM00022558;microSIM
SIM00022559;nanoSIM
SIM00022560;microSIM
SIM00022561;eSIM
SIM00022562;nanoSIM
SIM00022563;eSIM
SIM00022564;standard
SIM00022565;nanoSIM
SIM00022566;standard
SIM00022567;nanoSIM
SIM00022568;eSIM
SIM00022569;eSIM
SIM00022570;standard
SIM00022571;standard
SIM00022572;microSIM
SIM00022573;microSIM
SIM00022574;nanoSIM
SIM00022575;eSIM
SIM00022576;eSIM
SIM00022577;nanoSIM
SIM00022578;eSIM
SIM00022579;nanoSIM
SIM00022580;standard
SIM00022581;nanoSIM
SIM00022582;nanoSIM
SIM00022583;microSIM
SIM00022584;microSIM
SIM00022585;eSIM
SIM00022586;nanoSIM
SIM00022587;eSIM
SIM00022588;standard
SIM00022589;microSIM
SIM00022590;eSIM
SIM00022591;eSIM
SIM00022592;standard
SIM00022593;standard
SIM00022594;eSIM
SIM00022595;eSIM
SIM00022596;eSIM
SIM00022597;eSIM
SIM00022598;standard
SIM00022599;standard
SIM00022600;microSIM
SIM00022601;nanoSIM
SIM00022602;standard
SIM00022603;microSIM
SIM00022604;eSIM
SIM00022605;standard
SIM00022606;standard
SIM00022607;microSIM
SIM00022608;standard
SIM00022609;nanoSIM
SIM00022610;microSIM
SIM00022611;nanoSIM
SIM00022612;standard
SIM00022613;standard
SIM00022614;nanoSIM
SIM00022615;standard
SIM00022616;eSIM
SIM00022617;microSIM
SIM00022618;microSIM
SIM00022619;standard
SIM00022620;eSIM
SIM00022621;nanoSIM
SIM00022622;standard
SIM00022623;microSIM
SIM00022624;microSIM
SIM00022625;eSIM
SIM00022626;eSIM
SIM00022627;nanoSIM
SIM00022628;eSIM
SIM00022629;eSIM
SIM00022630;eSIM
SIM00022631;nanoSIM
SIM00022632;nanoSIM
SIM00022633;microSIM
SIM00022634;nanoSIM
SIM00022635;nanoSIM
SIM00022636;nanoSIM
SIM00022637;nanoSIM
SIM00022638;nanoSIM
SIM00022639;microSIM
SIM00022640;standard
SIM00022641;microSIM
SIM00022642;nanoSIM
SIM00022643;nanoSIM
SIM00022644;nanoSIM
SIM00022645;nanoSIM
SIM00022646;standard
SIM00022647;microSIM
SIM00022648;eSIM
SIM00022649;microSIM
SIM00022650;eSIM
SIM00022651;nanoSIM
SIM00022652;microSIM
SIM00022653;nanoSIM
SIM00022654;standard
SIM00022655;nanoSIM
SIM00022656;standard
SIM00022657;standard
SIM00022658;nanoSIM
SIM00022659;standard
SIM00022660;microSIM
SIM00022661;standard
SIM00022662;nanoSIM
SIM00022663;microSIM
SIM00022664;eSIM
SIM00022665;eSIM
SIM00022666;nanoSIM
SIM00022667;eSIM
SIM00022668;microSIM
SIM00022669;nanoSIM
SIM00022670;microSIM
SIM00022671;eSIM
SIM00022672;eSIM
SIM00022673;standard
SIM00022674;eSIM
SIM00022675;microSIM
SIM00022676;standard
SIM00022677;eSIM
SIM00022678;microSIM
SIM00022679;microSIM
SIM00022680;eSIM
SIM00022681;standard
SIM00022682;standard
SIM00022683;microSIM
SIM00022684;nanoSIM
SIM00022685;eSIM
SIM00022686;microSIM
SIM00022687;nanoSIM
SIM00022688;eSIM
SIM00022689;eSIM
SIM00022690;microSIM
SIM00022691;microSIM
SIM00022692;microSIM
SIM00022693;microSIM
SIM00022694;microSIM
SIM00022695;nanoSIM
SIM00022696;microSIM
SIM00022697;nanoSIM
SIM00022698;nanoSIM
SIM00022699;microSIM
SIM00022700;standard
SIM00022701;microSIM
SIM00022702;microSIM
SIM00022703;standard
SIM00022704;standard
SIM00022705;microSIM
SIM00022706;microSIM
SIM00022707;eSIM
SIM00022708;standard
SIM00022709;nanoSIM
SIM00022710;nanoSIM
SIM00022711;eSIM
SIM00022712;microSIM
SIM00022713;standard
SIM00022714;nanoSIM
SIM00022715;eSIM
SIM00022716;standard
SIM00022717;eSIM
SIM00022718;standard
SIM00022719;microSIM
SIM00022720;standard
SIM00022721;microSIM
SIM00022722;microSIM
SIM00022723;eSIM
SIM00022724;eSIM
SIM00022725;microSIM
SIM00022726;nanoSIM
SIM00022727;eSIM
SIM00022728;eSIM
SIM00022729;eSIM
SIM00022730;standard
SIM00022731;nanoSIM
SIM00022732;eSIM
SIM00022733;microSIM
SIM00022734;eSIM
SIM00022735;standard
SIM00022736;microSIM
SIM00022737;eSIM
SIM00022738;standard
SIM00022739;nanoSIM
SIM00022740;standard
SIM00022741;nanoSIM
SIM00022742;nanoSIM
SIM00022743;standard
SIM00022744;standard
SIM00022745;nanoSIM
SIM00022746;nanoSIM
SIM00022747;standard
SIM00022748;standard
SIM00022749;eSIM
SIM00022750;eSIM
SIM00022751;nanoSIM
SIM00022752;standard
SIM00022753;eSIM
SIM00022754;nanoSIM
SIM00022755;nanoSIM
SIM00022756;microSIM
SIM00022757;microSIM
SIM00022758;eSIM
SIM00022759;standard
SIM00022760;eSIM
SIM00022761;nanoSIM
SIM00022762;eSIM
SIM00022763;nanoSIM
SIM00022764;standard
SIM00022765;standard
SIM00022766;nanoSIM
SIM00022767;eSIM
SIM00022768;microSIM
SIM00022769;nanoSIM
SIM00022770;nanoSIM
SIM00022771;eSIM
SIM00022772;eSIM
SIM00022773;microSIM
SIM00022774;eSIM
SIM00022775;nanoSIM
SIM00022776;microSIM
SIM00022777;standard
SIM00022778;nanoSIM
SIM00022779;microSIM
SIM00022780;eSIM
SIM00022781;standard
SIM00022782;microSIM
SIM00022783;microSIM
SIM00022784;nanoSIM
SIM00022785;nanoSIM
SIM00022786;nanoSIM
SIM00022787;standard
SIM00022788;standard
SIM00022789;eSIM
SIM00022790;eSIM
SIM00022791;nanoSIM
SIM00022792;microSIM
SIM00022793;microSIM
SIM00022794;nanoSIM
SIM00022795;standard
SIM00022796;standard
SIM00022797;standard
SIM00022798;nanoSIM
SIM00022799;microSIM
SIM00022800;microSIM
SIM00022801;eSIM
SIM00022802;standard
SIM00022803;standard
SIM00022804;microSIM
SIM00022805;standard
SIM00022806;eSIM
SIM00022807;standard
SIM00022808;nanoSIM
SIM00022809;standard
SIM00022810;nanoSIM
SIM00022811;eSIM
SIM00022812;nanoSIM
SIM00022813;nanoSIM
SIM00022814;standard
SIM00022815;nanoSIM
SIM00022816;eSIM
SIM00022817;nanoSIM
SIM00022818;microSIM
SIM00022819;eSIM
SIM00022820;nanoSIM
SIM00022821;nanoSIM
SIM00022822;standard
SIM00022823;standard
SIM00022824;nanoSIM
SIM00022825;nanoSIM
SIM00022826;eSIM
SIM00022827;nanoSIM
SIM00022828;standard
SIM00022829;standard
SIM00022830;standard
SIM00022831;nanoSIM
SIM00022832;microSIM
SIM00022833;eSIM
SIM00022834;standard
SIM00022835;nanoSIM
SIM00022836;nanoSIM
SIM00022837;microSIM
SIM00022838;standard
SIM00022839;microSIM
SIM00022840;standard
SIM00022841;eSIM
SIM00022842;standard
SIM00022843;eSIM
SIM00022844;standard
SIM00022845;microSIM
SIM00022846;microSIM
SIM00022847;eSIM
SIM00022848;nanoSIM
SIM00022849;standard
SIM00022850;eSIM
SIM00022851;standard
SIM00022852;standard
SIM00022853;microSIM
SIM00022854;nanoSIM
SIM00022855;microSIM
SIM00022856;microSIM
SIM00022857;eSIM
SIM00022858;microSIM
SIM00022859;nanoSIM
SIM00022860;nanoSIM
SIM00022861;standard
SIM00022862;eSIM
SIM00022863;standard
SIM00022864;nanoSIM
SIM00022865;standard
SIM00022866;nanoSIM
SIM00022867;microSIM
SIM00022868;eSIM
SIM00022869;standard
SIM00022870;eSIM
SIM00022871;nanoSIM
SIM00022872;nanoSIM
SIM00022873;standard
SIM00022874;nanoSIM
SIM00022875;eSIM
SIM00022876;eSIM
SIM00022877;nanoSIM
SIM00022878;microSIM
SIM00022879;eSIM
SIM00022880;microSIM
SIM00022881;standard
SIM00022882;eSIM
SIM00022883;standard
SIM00022884;standard
SIM00022885;microSIM
SIM00022886;nanoSIM
SIM00022887;nanoSIM
SIM00022888;nanoSIM
SIM00022889;nanoSIM
SIM00022890;standard
SIM00022891;standard
SIM00022892;standard
SIM00022893;nanoSIM
SIM00022894;microSIM
SIM00022895;standard
SIM00022896;nanoSIM
SIM00022897;microSIM
SIM00022898;standard
SIM00022899;nanoSIM
SIM00022900;eSIM
SIM00022901;eSIM
SIM00022902;nanoSIM
SIM00022903;eSIM
SIM00022904;standard
SIM00022905;nanoSIM
SIM00022906;nanoSIM
SIM00022907;microSIM
SIM00022908;microSIM
SIM00022909;eSIM
SIM00022910;nanoSIM
SIM00022911;nanoSIM
SIM00022912;nanoSIM
SIM00022913;microSIM
SIM00022914;microSIM
SIM00022915;eSIM
SIM00022916;eSIM
SIM00022917;microSIM
SIM00022918;microSIM
SIM00022919;nanoSIM
SIM00022920;standard
SIM00022921;eSIM
SIM00022922;microSIM
SIM00022923;microSIM
SIM00022924;nanoSIM
SIM00022925;standard
SIM00022926;eSIM
SIM00022927;nanoSIM
SIM00022928;nanoSIM
SIM00022929;eSIM
SIM00022930;standard
SIM00022931;nanoSIM
SIM00022932;microSIM
SIM00022933;standard
SIM00022934;standard
SIM00022935;eSIM
SIM00022936;microSIM
SIM00022937;standard
SIM00022938;microSIM
SIM00022939;nanoSIM
SIM00022940;standard
SIM00022941;microSIM
SIM00022942;standard
SIM00022943;microSIM
SIM00022944;eSIM
SIM00022945;nanoSIM
SIM00022946;standard
SIM00022947;microSIM
SIM00022948;standard
SIM00022949;nanoSIM
SIM00022950;microSIM
SIM00022951;nanoSIM
SIM00022952;nanoSIM
SIM00022953;eSIM
SIM00022954;microSIM
SIM00022955;eSIM
SIM00022956;nanoSIM
SIM00022957;eSIM
SIM00022958;microSIM
SIM00022959;eSIM
SIM00022960;microSIM
SIM00022961;nanoSIM
SIM00022962;nanoSIM
SIM00022963;microSIM
SIM00022964;nanoSIM
SIM00022965;microSIM
SIM00022966;microSIM
SIM00022967;nanoSIM
SIM00022968;eSIM
SIM00022969;eSIM
SIM00022970;eSIM
SIM00022971;standard
SIM00022972;nanoSIM
SIM00022973;eSIM
SIM00022974;eSIM
SIM00022975;microSIM
SIM00022976;microSIM
SIM00022977;microSIM
SIM00022978;nanoSIM
SIM00022979;microSIM
SIM00022980;eSIM
SIM00022981;eSIM
SIM00022982;eSIM
SIM00022983;microSIM
SIM00022984;microSIM
SIM00022985;eSIM
SIM00022986;eSIM
SIM00022987;microSIM
SIM00022988;microSIM
SIM00022989;microSIM
SIM00022990;nanoSIM
SIM00022991;standard
SIM00022992;nanoSIM
SIM00022993;nanoSIM
SIM00022994;eSIM
SIM00022995;nanoSIM
SIM00022996;eSIM
SIM00022997;nanoSIM
SIM00022998;nanoSIM
SIM00022999;standard
SIM00023000;standard
SIM00023001;microSIM
SIM00023002;microSIM
SIM00023003;microSIM
SIM00023004;standard
SIM00023005;microSIM
SIM00023006;eSIM
SIM00023007;nanoSIM
SIM00023008;nanoSIM
SIM00023009;standard
SIM00023010;microSIM
SIM00023011;eSIM
SIM00023012;nanoSIM
SIM00023013;eSIM
SIM00023014;microSIM
SIM00023015;eSIM
SIM00023016;microSIM
SIM00023017;eSIM
SIM00023018;standard
SIM00023019;standard
SIM00023020;eSIM
SIM00023021;nanoSIM
SIM00023022;eSIM
SIM00023023;eSIM
SIM00023024;nanoSIM
SIM00023025;eSIM
SIM00023026;standard
SIM00023027;nanoSIM
SIM00023028;standard
SIM00023029;eSIM
SIM00023030;eSIM
SIM00023031;eSIM
SIM00023032;standard
SIM00023033;microSIM
SIM00023034;standard
SIM00023035;nanoSIM
SIM00023036;nanoSIM
SIM00023037;standard
SIM00023038;nanoSIM
SIM00023039;eSIM
SIM00023040;nanoSIM
SIM00023041;microSIM
SIM00023042;nanoSIM
SIM00023043;nanoSIM
SIM00023044;standard
SIM00023045;microSIM
SIM00023046;eSIM
SIM00023047;nanoSIM
SIM00023048;standard
SIM00023049;nanoSIM
SIM00023050;microSIM
SIM00023051;microSIM
SIM00023052;standard
SIM00023053;microSIM
SIM00023054;microSIM
SIM00023055;standard
SIM00023056;nanoSIM
SIM00023057;nanoSIM
SIM00023058;eSIM
SIM00023059;standard
SIM00023060;standard
SIM00023061;standard
SIM00023062;standard
SIM00023063;eSIM
SIM00023064;microSIM
SIM00023065;microSIM
SIM00023066;standard
SIM00023067;eSIM
SIM00023068;nanoSIM
SIM00023069;standard
SIM00023070;nanoSIM
SIM00023071;eSIM
SIM00023072;standard
SIM00023073;eSIM
SIM00023074;eSIM
SIM00023075;microSIM
SIM00023076;microSIM
SIM00023077;nanoSIM
SIM00023078;microSIM
SIM00023079;microSIM
SIM00023080;eSIM
SIM00023081;nanoSIM
SIM00023082;nanoSIM
SIM00023083;microSIM
SIM00023084;microSIM
SIM00023085;microSIM
SIM00023086;nanoSIM
SIM00023087;nanoSIM
SIM00023088;nanoSIM
SIM00023089;nanoSIM
SIM00023090;microSIM
SIM00023091;eSIM
SIM00023092;microSIM
SIM00023093;eSIM
SIM00023094;nanoSIM
SIM00023095;eSIM
SIM00023096;microSIM
SIM00023097;microSIM
SIM00023098;nanoSIM
SIM00023099;microSIM
SIM00023100;nanoSIM
SIM00023101;eSIM
SIM00023102;nanoSIM
SIM00023103;nanoSIM
SIM00023104;nanoSIM
SIM00023105;nanoSIM
SIM00023106;eSIM
SIM00023107;nanoSIM
SIM00023108;standard
SIM00023109;standard
SIM00023110;eSIM
SIM00023111;microSIM
SIM00023112;eSIM
SIM00023113;standard
SIM00023114;nanoSIM
SIM00023115;eSIM
SIM00023116;nanoSIM
SIM00023117;nanoSIM
SIM00023118;nanoSIM
SIM00023119;eSIM
SIM00023120;eSIM
SIM00023121;microSIM
SIM00023122;standard
SIM00023123;nanoSIM
SIM00023124;standard
SIM00023125;microSIM
SIM00023126;nanoSIM
SIM00023127;standard
SIM00023128;eSIM
SIM00023129;eSIM
SIM00023130;standard
SIM00023131;nanoSIM
SIM00023132;standard
SIM00023133;eSIM
SIM00023134;eSIM
SIM00023135;microSIM
SIM00023136;microSIM
SIM00023137;eSIM
SIM00023138;eSIM
SIM00023139;standard
SIM00023140;standard
SIM00023141;microSIM
SIM00023142;nanoSIM
SIM00023143;standard
SIM00023144;nanoSIM
SIM00023145;nanoSIM
SIM00023146;standard
SIM00023147;standard
SIM00023148;eSIM
SIM00023149;nanoSIM
SIM00023150;standard
SIM00023151;eSIM
SIM00023152;standard
SIM00023153;nanoSIM
SIM00023154;nanoSIM
SIM00023155;eSIM
SIM00023156;microSIM
SIM00023157;eSIM
SIM00023158;nanoSIM
SIM00023159;standard
SIM00023160;microSIM
SIM00023161;eSIM
SIM00023162;eSIM
SIM00023163;nanoSIM
SIM00023164;standard
SIM00023165;standard
SIM00023166;eSIM
SIM00023167;microSIM
SIM00023168;nanoSIM
SIM00023169;eSIM
SIM00023170;eSIM
SIM00023171;eSIM
SIM00023172;standard
SIM00023173;standard
SIM00023174;eSIM
SIM00023175;nanoSIM
SIM00023176;standard
SIM00023177;microSIM
SIM00023178;microSIM
SIM00023179;eSIM
SIM00023180;microSIM
SIM00023181;microSIM
SIM00023182;eSIM
SIM00023183;nanoSIM
SIM00023184;eSIM
SIM00023185;nanoSIM
SIM00023186;nanoSIM
SIM00023187;microSIM
SIM00023188;standard
SIM00023189;eSIM
SIM00023190;nanoSIM
SIM00023191;standard
SIM00023192;microSIM
SIM00023193;standard
SIM00023194;eSIM
SIM00023195;microSIM
SIM00023196;nanoSIM
SIM00023197;eSIM
SIM00023198;standard
SIM00023199;standard
SIM00023200;nanoSIM
SIM00023201;eSIM
SIM00023202;microSIM
SIM00023203;microSIM
SIM00023204;nanoSIM
SIM00023205;standard
SIM00023206;eSIM
SIM00023207;standard
SIM00023208;eSIM
SIM00023209;standard
SIM00023210;microSIM
SIM00023211;microSIM
SIM00023212;eSIM
SIM00023213;standard
SIM00023214;nanoSIM
SIM00023215;microSIM
SIM00023216;standard
SIM00023217;standard
SIM00023218;nanoSIM
SIM00023219;standard
SIM00023220;standard
SIM00023221;nanoSIM
SIM00023222;microSIM
SIM00023223;nanoSIM
SIM00023224;nanoSIM
SIM00023225;microSIM
SIM00023226;nanoSIM
SIM00023227;standard
SIM00023228;eSIM
SIM00023229;nanoSIM
SIM00023230;microSIM
SIM00023231;microSIM
SIM00023232;standard
SIM00023233;eSIM
SIM00023234;nanoSIM
SIM00023235;nanoSIM
SIM00023236;microSIM
SIM00023237;nanoSIM
SIM00023238;nanoSIM
SIM00023239;eSIM
SIM00023240;standard
SIM00023241;microSIM
SIM00023242;eSIM
SIM00023243;eSIM
SIM00023244;microSIM
SIM00023245;microSIM
SIM00023246;nanoSIM
SIM00023247;standard
SIM00023248;eSIM
SIM00023249;microSIM
SIM00023250;nanoSIM
SIM00023251;standard
SIM00023252;standard
SIM00023253;eSIM
SIM00023254;standard
SIM00023255;nanoSIM
SIM00023256;microSIM
SIM00023257;eSIM
SIM00023258;standard
SIM00023259;microSIM
SIM00023260;standard
SIM00023261;nanoSIM
SIM00023262;nanoSIM
SIM00023263;standard
SIM00023264;nanoSIM
SIM00023265;standard
SIM00023266;microSIM
SIM00023267;standard
SIM00023268;microSIM
SIM00023269;microSIM
SIM00023270;eSIM
SIM00023271;eSIM
SIM00023272;standard
SIM00023273;standard
SIM00023274;standard
SIM00023275;eSIM
SIM00023276;eSIM
SIM00023277;nanoSIM
SIM00023278;eSIM
SIM00023279;microSIM
SIM00023280;microSIM
SIM00023281;standard
SIM00023282;nanoSIM
SIM00023283;microSIM
SIM00023284;standard
SIM00023285;microSIM
SIM00023286;standard
SIM00023287;nanoSIM
SIM00023288;standard
SIM00023289;eSIM
SIM00023290;standard
SIM00023291;standard
SIM00023292;microSIM
SIM00023293;standard
SIM00023294;standard
SIM00023295;microSIM
SIM00023296;microSIM
SIM00023297;eSIM
SIM00023298;nanoSIM
SIM00023299;standard
SIM00023300;standard
SIM00023301;nanoSIM
SIM00023302;eSIM
SIM00023303;microSIM
SIM00023304;standard
SIM00023305;microSIM
SIM00023306;eSIM
SIM00023307;standard
SIM00023308;standard
SIM00023309;microSIM
SIM00023310;eSIM
SIM00023311;nanoSIM
SIM00023312;eSIM
SIM00023313;eSIM
SIM00023314;nanoSIM
SIM00023315;eSIM
SIM00023316;standard
SIM00023317;nanoSIM
SIM00023318;standard
SIM00023319;standard
SIM00023320;microSIM
SIM00023321;standard
SIM00023322;standard
SIM00023323;standard
SIM00023324;microSIM
SIM00023325;microSIM
SIM00023326;eSIM
SIM00023327;standard
SIM00023328;standard
SIM00023329;eSIM
SIM00023330;eSIM
SIM00023331;eSIM
SIM00023332;nanoSIM
SIM00023333;eSIM
SIM00023334;standard
SIM00023335;eSIM
SIM00023336;microSIM
SIM00023337;nanoSIM
SIM00023338;eSIM
SIM00023339;microSIM
SIM00023340;nanoSIM
SIM00023341;eSIM
SIM00023342;microSIM
SIM00023343;microSIM
SIM00023344;nanoSIM
SIM00023345;microSIM
SIM00023346;nanoSIM
SIM00023347;eSIM
SIM00023348;microSIM
SIM00023349;nanoSIM
SIM00023350;eSIM
SIM00023351;standard
SIM00023352;eSIM
SIM00023353;eSIM
SIM00023354;microSIM
SIM00023355;microSIM
SIM00023356;nanoSIM
SIM00023357;standard
SIM00023358;standard
SIM00023359;nanoSIM
SIM00023360;nanoSIM
SIM00023361;standard
SIM00023362;eSIM
SIM00023363;microSIM
SIM00023364;eSIM
SIM00023365;nanoSIM
SIM00023366;standard
SIM00023367;standard
SIM00023368;eSIM
SIM00023369;standard
SIM00023370;standard
SIM00023371;standard
SIM00023372;nanoSIM
SIM00023373;standard
SIM00023374;eSIM
SIM00023375;microSIM
SIM00023376;eSIM
SIM00023377;nanoSIM
SIM00023378;standard
SIM00023379;eSIM
SIM00023380;standard
SIM00023381;nanoSIM
SIM00023382;microSIM
SIM00023383;microSIM
SIM00023384;eSIM
SIM00023385;standard
SIM00023386;eSIM
SIM00023387;eSIM
SIM00023388;nanoSIM
SIM00023389;nanoSIM
SIM00023390;eSIM
SIM00023391;eSIM
SIM00023392;nanoSIM
SIM00023393;eSIM
SIM00023394;nanoSIM
SIM00023395;nanoSIM
SIM00023396;standard
SIM00023397;nanoSIM
SIM00023398;microSIM
SIM00023399;nanoSIM
SIM00023400;standard
SIM00023401;eSIM
SIM00023402;microSIM
SIM00023403;standard
SIM00023404;microSIM
SIM00023405;eSIM
SIM00023406;standard
SIM00023407;nanoSIM
SIM00023408;eSIM
SIM00023409;standard
SIM00023410;eSIM
SIM00023411;standard
SIM00023412;microSIM
SIM00023413;eSIM
SIM00023414;nanoSIM
SIM00023415;eSIM
SIM00023416;standard
SIM00023417;microSIM
SIM00023418;eSIM
SIM00023419;nanoSIM
SIM00023420;microSIM
SIM00023421;standard
SIM00023422;nanoSIM
SIM00023423;standard
SIM00023424;standard
SIM00023425;nanoSIM
SIM00023426;microSIM
SIM00023427;microSIM
SIM00023428;nanoSIM
SIM00023429;nanoSIM
SIM00023430;eSIM
SIM00023431;nanoSIM
SIM00023432;nanoSIM
SIM00023433;microSIM
SIM00023434;standard
SIM00023435;nanoSIM
SIM00023436;standard
SIM00023437;nanoSIM
SIM00023438;standard
SIM00023439;microSIM
SIM00023440;nanoSIM
SIM00023441;standard
SIM00023442;standard
SIM00023443;standard
SIM00023444;eSIM
SIM00023445;standard
SIM00023446;standard
SIM00023447;nanoSIM
SIM00023448;eSIM
SIM00023449;standard
SIM00023450;eSIM
SIM00023451;microSIM
SIM00023452;nanoSIM
SIM00023453;eSIM
SIM00023454;nanoSIM
SIM00023455;nanoSIM
SIM00023456;nanoSIM
SIM00023457;nanoSIM
SIM00023458;nanoSIM
SIM00023459;nanoSIM
SIM00023460;microSIM
SIM00023461;standard
SIM00023462;nanoSIM
SIM00023463;standard
SIM00023464;microSIM
SIM00023465;nanoSIM
SIM00023466;nanoSIM
SIM00023467;nanoSIM
SIM00023468;nanoSIM
SIM00023469;standard
SIM00023470;standard
SIM00023471;nanoSIM
SIM00023472;nanoSIM
SIM00023473;nanoSIM
SIM00023474;eSIM
SIM00023475;microSIM
SIM00023476;microSIM
SIM00023477;microSIM
SIM00023478;standard
SIM00023479;standard
SIM00023480;microSIM
SIM00023481;eSIM
SIM00023482;eSIM
SIM00023483;standard
SIM00023484;eSIM
SIM00023485;eSIM
SIM00023486;nanoSIM
SIM00023487;eSIM
SIM00023488;nanoSIM
SIM00023489;standard
SIM00023490;eSIM
SIM00023491;microSIM
SIM00023492;eSIM
SIM00023493;microSIM
SIM00023494;microSIM
SIM00023495;nanoSIM
SIM00023496;microSIM
SIM00023497;nanoSIM
SIM00023498;microSIM
SIM00023499;eSIM
SIM00023500;microSIM
SIM00023501;nanoSIM
SIM00023502;standard
SIM00023503;standard
SIM00023504;eSIM
SIM00023505;microSIM
SIM00023506;eSIM
SIM00023507;microSIM
SIM00023508;microSIM
SIM00023509;eSIM
SIM00023510;standard
SIM00023511;nanoSIM
SIM00023512;microSIM
SIM00023513;standard
SIM00023514;nanoSIM
SIM00023515;nanoSIM
SIM00023516;eSIM
SIM00023517;standard
SIM00023518;standard
SIM00023519;eSIM
SIM00023520;eSIM
SIM00023521;nanoSIM
SIM00023522;standard
SIM00023523;standard
SIM00023524;microSIM
SIM00023525;nanoSIM
SIM00023526;eSIM
SIM00023527;eSIM
SIM00023528;eSIM
SIM00023529;eSIM
SIM00023530;standard
SIM00023531;nanoSIM
SIM00023532;standard
SIM00023533;microSIM
SIM00023534;standard
SIM00023535;nanoSIM
SIM00023536;standard
SIM00023537;eSIM
SIM00023538;standard
SIM00023539;microSIM
SIM00023540;standard
SIM00023541;nanoSIM
SIM00023542;eSIM
SIM00023543;nanoSIM
SIM00023544;eSIM
SIM00023545;eSIM
SIM00023546;nanoSIM
SIM00023547;nanoSIM
SIM00023548;eSIM
SIM00023549;eSIM
SIM00023550;standard
SIM00023551;nanoSIM
SIM00023552;nanoSIM
SIM00023553;eSIM
SIM00023554;nanoSIM
SIM00023555;nanoSIM
SIM00023556;standard
SIM00023557;microSIM
SIM00023558;microSIM
SIM00023559;standard
SIM00023560;eSIM
SIM00023561;nanoSIM
SIM00023562;nanoSIM
SIM00023563;microSIM
SIM00023564;standard
SIM00023565;nanoSIM
SIM00023566;microSIM
SIM00023567;nanoSIM
SIM00023568;microSIM
SIM00023569;eSIM
SIM00023570;eSIM
SIM00023571;standard
SIM00023572;nanoSIM
SIM00023573;nanoSIM
SIM00023574;standard
SIM00023575;nanoSIM
SIM00023576;nanoSIM
SIM00023577;standard
SIM00023578;nanoSIM
SIM00023579;eSIM
SIM00023580;eSIM
SIM00023581;microSIM
SIM00023582;eSIM
SIM00023583;microSIM
SIM00023584;eSIM
SIM00023585;microSIM
SIM00023586;eSIM
SIM00023587;microSIM
SIM00023588;standard
SIM00023589;nanoSIM
SIM00023590;eSIM
SIM00023591;microSIM
SIM00023592;nanoSIM
SIM00023593;standard
SIM00023594;eSIM
SIM00023595;eSIM
SIM00023596;eSIM
SIM00023597;eSIM
SIM00023598;nanoSIM
SIM00023599;nanoSIM
SIM00023600;eSIM
SIM00023601;microSIM
SIM00023602;microSIM
SIM00023603;nanoSIM
SIM00023604;eSIM
SIM00023605;eSIM
SIM00023606;standard
SIM00023607;microSIM
SIM00023608;nanoSIM
SIM00023609;microSIM
SIM00023610;standard
SIM00023611;standard
SIM00023612;microSIM
SIM00023613;eSIM
SIM00023614;nanoSIM
SIM00023615;microSIM
SIM00023616;microSIM
SIM00023617;eSIM
SIM00023618;microSIM
SIM00023619;eSIM
SIM00023620;nanoSIM
SIM00023621;nanoSIM
SIM00023622;microSIM
SIM00023623;standard
SIM00023624;microSIM
SIM00023625;standard
SIM00023626;eSIM
SIM00023627;microSIM
SIM00023628;eSIM
SIM00023629;eSIM
SIM00023630;eSIM
SIM00023631;standard
SIM00023632;nanoSIM
SIM00023633;standard
SIM00023634;eSIM
SIM00023635;eSIM
SIM00023636;eSIM
SIM00023637;eSIM
SIM00023638;microSIM
SIM00023639;microSIM
SIM00023640;microSIM
SIM00023641;microSIM
SIM00023642;eSIM
SIM00023643;nanoSIM
SIM00023644;nanoSIM
SIM00023645;standard
SIM00023646;nanoSIM
SIM00023647;eSIM
SIM00023648;standard
SIM00023649;eSIM
SIM00023650;microSIM
SIM00023651;microSIM
SIM00023652;standard
SIM00023653;standard
SIM00023654;microSIM
SIM00023655;microSIM
SIM00023656;standard
SIM00023657;eSIM
SIM00023658;standard
SIM00023659;standard
SIM00023660;nanoSIM
SIM00023661;standard
SIM00023662;nanoSIM
SIM00023663;nanoSIM
SIM00023664;eSIM
SIM00023665;nanoSIM
SIM00023666;microSIM
SIM00023667;nanoSIM
SIM00023668;eSIM
SIM00023669;standard
SIM00023670;microSIM
SIM00023671;microSIM
SIM00023672;microSIM
SIM00023673;standard
SIM00023674;microSIM
SIM00023675;eSIM
SIM00023676;eSIM
SIM00023677;standard
SIM00023678;microSIM
SIM00023679;microSIM
SIM00023680;standard
SIM00023681;microSIM
SIM00023682;standard
SIM00023683;microSIM
SIM00023684;eSIM
SIM00023685;eSIM
SIM00023686;nanoSIM
SIM00023687;nanoSIM
SIM00023688;eSIM
SIM00023689;eSIM
SIM00023690;standard
SIM00023691;eSIM
SIM00023692;standard
SIM00023693;microSIM
SIM00023694;standard
SIM00023695;nanoSIM
SIM00023696;eSIM
SIM00023697;nanoSIM
SIM00023698;standard
SIM00023699;eSIM
SIM00023700;eSIM
SIM00023701;nanoSIM
SIM00023702;nanoSIM
SIM00023703;eSIM
SIM00023704;microSIM
SIM00023705;eSIM
SIM00023706;standard
SIM00023707;nanoSIM
SIM00023708;standard
SIM00023709;nanoSIM
SIM00023710;nanoSIM
SIM00023711;nanoSIM
SIM00023712;nanoSIM
SIM00023713;microSIM
SIM00023714;nanoSIM
SIM00023715;nanoSIM
SIM00023716;microSIM
SIM00023717;eSIM
SIM00023718;microSIM
SIM00023719;standard
SIM00023720;eSIM
SIM00023721;nanoSIM
SIM00023722;standard
SIM00023723;microSIM
SIM00023724;standard
SIM00023725;microSIM
SIM00023726;microSIM
SIM00023727;eSIM
SIM00023728;eSIM
SIM00023729;standard
SIM00023730;microSIM
SIM00023731;standard
SIM00023732;nanoSIM
SIM00023733;nanoSIM
SIM00023734;microSIM
SIM00023735;eSIM
SIM00023736;eSIM
SIM00023737;eSIM
SIM00023738;microSIM
SIM00023739;nanoSIM
SIM00023740;eSIM
SIM00023741;standard
SIM00023742;nanoSIM
SIM00023743;standard
SIM00023744;microSIM
SIM00023745;standard
SIM00023746;nanoSIM
SIM00023747;nanoSIM
SIM00023748;nanoSIM
SIM00023749;microSIM
SIM00023750;standard
SIM00023751;microSIM
SIM00023752;nanoSIM
SIM00023753;standard
SIM00023754;microSIM
SIM00023755;microSIM
SIM00023756;standard
SIM00023757;nanoSIM
SIM00023758;standard
SIM00023759;standard
SIM00023760;standard
SIM00023761;eSIM
SIM00023762;eSIM
SIM00023763;standard
SIM00023764;eSIM
SIM00023765;microSIM
SIM00023766;nanoSIM
SIM00023767;standard
SIM00023768;microSIM
SIM00023769;microSIM
SIM00023770;microSIM
SIM00023771;microSIM
SIM00023772;nanoSIM
SIM00023773;standard
SIM00023774;microSIM
SIM00023775;eSIM
SIM00023776;nanoSIM
SIM00023777;standard
SIM00023778;microSIM
SIM00023779;standard
SIM00023780;eSIM
SIM00023781;microSIM
SIM00023782;eSIM
SIM00023783;eSIM
SIM00023784;standard
SIM00023785;microSIM
SIM00023786;microSIM
SIM00023787;standard
SIM00023788;eSIM
SIM00023789;microSIM
SIM00023790;eSIM
SIM00023791;microSIM
SIM00023792;nanoSIM
SIM00023793;eSIM
SIM00023794;nanoSIM
SIM00023795;microSIM
SIM00023796;eSIM
SIM00023797;nanoSIM
SIM00023798;nanoSIM
SIM00023799;eSIM
SIM00023800;nanoSIM
SIM00023801;microSIM
SIM00023802;eSIM
SIM00023803;eSIM
SIM00023804;nanoSIM
SIM00023805;microSIM
SIM00023806;standard
SIM00023807;microSIM
SIM00023808;eSIM
SIM00023809;nanoSIM
SIM00023810;microSIM
SIM00023811;standard
SIM00023812;microSIM
SIM00023813;eSIM
SIM00023814;microSIM
SIM00023815;standard
SIM00023816;nanoSIM
SIM00023817;standard
SIM00023818;eSIM
SIM00023819;nanoSIM
SIM00023820;eSIM
SIM00023821;eSIM
SIM00023822;nanoSIM
SIM00023823;microSIM
SIM00023824;microSIM
SIM00023825;standard
SIM00023826;nanoSIM
SIM00023827;nanoSIM
SIM00023828;microSIM
SIM00023829;nanoSIM
SIM00023830;microSIM
SIM00023831;standard
SIM00023832;nanoSIM
SIM00023833;microSIM
SIM00023834;microSIM
SIM00023835;microSIM
SIM00023836;microSIM
SIM00023837;microSIM
SIM00023838;standard
SIM00023839;eSIM
SIM00023840;eSIM
SIM00023841;eSIM
SIM00023842;nanoSIM
SIM00023843;microSIM
SIM00023844;microSIM
SIM00023845;standard
SIM00023846;standard
SIM00023847;nanoSIM
SIM00023848;standard
SIM00023849;standard
SIM00023850;standard
SIM00023851;nanoSIM
SIM00023852;standard
SIM00023853;standard
SIM00023854;eSIM
SIM00023855;eSIM
SIM00023856;microSIM
SIM00023857;nanoSIM
SIM00023858;standard
SIM00023859;nanoSIM
SIM00023860;standard
SIM00023861;standard
SIM00023862;nanoSIM
SIM00023863;microSIM
SIM00023864;eSIM
SIM00023865;microSIM
SIM00023866;microSIM
SIM00023867;microSIM
SIM00023868;nanoSIM
SIM00023869;microSIM
SIM00023870;eSIM
SIM00023871;nanoSIM
SIM00023872;nanoSIM
SIM00023873;standard
SIM00023874;nanoSIM
SIM00023875;eSIM
SIM00023876;eSIM
SIM00023877;microSIM
SIM00023878;microSIM
SIM00023879;nanoSIM
SIM00023880;nanoSIM
SIM00023881;microSIM
SIM00023882;standard
SIM00023883;microSIM
SIM00023884;eSIM
SIM00023885;standard
SIM00023886;eSIM
SIM00023887;eSIM
SIM00023888;standard
SIM00023889;standard
SIM00023890;standard
SIM00023891;eSIM
SIM00023892;standard
SIM00023893;eSIM
SIM00023894;eSIM
SIM00023895;nanoSIM
SIM00023896;eSIM
SIM00023897;standard
SIM00023898;eSIM
SIM00023899;nanoSIM
SIM00023900;eSIM
SIM00023901;microSIM
SIM00023902;eSIM
SIM00023903;microSIM
SIM00023904;eSIM
SIM00023905;eSIM
SIM00023906;microSIM
SIM00023907;eSIM
SIM00023908;nanoSIM
SIM00023909;eSIM
SIM00023910;nanoSIM
SIM00023911;nanoSIM
SIM00023912;eSIM
SIM00023913;eSIM
SIM00023914;eSIM
SIM00023915;standard
SIM00023916;eSIM
SIM00023917;nanoSIM
SIM00023918;eSIM
SIM00023919;standard
SIM00023920;eSIM
SIM00023921;microSIM
SIM00023922;eSIM
SIM00023923;microSIM
SIM00023924;eSIM
SIM00023925;eSIM
SIM00023926;microSIM
SIM00023927;microSIM
SIM00023928;nanoSIM
SIM00023929;microSIM
SIM00023930;microSIM
SIM00023931;standard
SIM00023932;nanoSIM
SIM00023933;microSIM
SIM00023934;standard
SIM00023935;eSIM
SIM00023936;nanoSIM
SIM00023937;eSIM
SIM00023938;standard
SIM00023939;standard
SIM00023940;standard
SIM00023941;microSIM
SIM00023942;microSIM
SIM00023943;eSIM
SIM00023944;microSIM
SIM00023945;nanoSIM
SIM00023946;nanoSIM
SIM00023947;standard
SIM00023948;standard
SIM00023949;nanoSIM
SIM00023950;nanoSIM
SIM00023951;nanoSIM
SIM00023952;standard
SIM00023953;standard
SIM00023954;microSIM
SIM00023955;nanoSIM
SIM00023956;microSIM
SIM00023957;standard
SIM00023958;standard
SIM00023959;eSIM
SIM00023960;microSIM
SIM00023961;eSIM
SIM00023962;nanoSIM
SIM00023963;eSIM
SIM00023964;standard
SIM00023965;nanoSIM
SIM00023966;standard
SIM00023967;microSIM
SIM00023968;nanoSIM
SIM00023969;eSIM
SIM00023970;standard
SIM00023971;microSIM
SIM00023972;microSIM
SIM00023973;eSIM
SIM00023974;eSIM
SIM00023975;nanoSIM
SIM00023976;eSIM
SIM00023977;nanoSIM
SIM00023978;nanoSIM
SIM00023979;microSIM
SIM00023980;eSIM
SIM00023981;standard
SIM00023982;standard
SIM00023983;standard
SIM00023984;microSIM
SIM00023985;nanoSIM
SIM00023986;nanoSIM
SIM00023987;eSIM
SIM00023988;nanoSIM
SIM00023989;nanoSIM
SIM00023990;microSIM
SIM00023991;standard
SIM00023992;microSIM
SIM00023993;standard
SIM00023994;eSIM
SIM00023995;standard
SIM00023996;nanoSIM
SIM00023997;nanoSIM
SIM00023998;nanoSIM
SIM00023999;nanoSIM
SIM00024000;nanoSIM
SIM00024001;eSIM
SIM00024002;standard
SIM00024003;standard
SIM00024004;microSIM
SIM00024005;nanoSIM
SIM00024006;nanoSIM
SIM00024007;nanoSIM
SIM00024008;eSIM
SIM00024009;eSIM
SIM00024010;eSIM
SIM00024011;standard
SIM00024012;microSIM
SIM00024013;microSIM
SIM00024014;nanoSIM
SIM00024015;microSIM
SIM00024016;eSIM
SIM00024017;nanoSIM
SIM00024018;nanoSIM
SIM00024019;eSIM
SIM00024020;standard
SIM00024021;standard
SIM00024022;standard
SIM00024023;standard
SIM00024024;eSIM
SIM00024025;eSIM
SIM00024026;standard
SIM00024027;nanoSIM
SIM00024028;eSIM
SIM00024029;nanoSIM
SIM00024030;nanoSIM
SIM00024031;nanoSIM
SIM00024032;eSIM
SIM00024033;eSIM
SIM00024034;microSIM
SIM00024035;standard
SIM00024036;nanoSIM
SIM00024037;standard
SIM00024038;microSIM
SIM00024039;nanoSIM
SIM00024040;eSIM
SIM00024041;microSIM
SIM00024042;nanoSIM
SIM00024043;nanoSIM
SIM00024044;microSIM
SIM00024045;standard
SIM00024046;eSIM
SIM00024047;nanoSIM
SIM00024048;microSIM
SIM00024049;nanoSIM
SIM00024050;nanoSIM
SIM00024051;standard
SIM00024052;nanoSIM
SIM00024053;standard
SIM00024054;microSIM
SIM00024055;eSIM
SIM00024056;eSIM
SIM00024057;standard
SIM00024058;nanoSIM
SIM00024059;standard
SIM00024060;standard
SIM00024061;standard
SIM00024062;microSIM
SIM00024063;nanoSIM
SIM00024064;standard
SIM00024065;standard
SIM00024066;eSIM
SIM00024067;nanoSIM
SIM00024068;nanoSIM
SIM00024069;standard
SIM00024070;microSIM
SIM00024071;eSIM
SIM00024072;eSIM
SIM00024073;microSIM
SIM00024074;eSIM
SIM00024075;eSIM
SIM00024076;eSIM
SIM00024077;standard
SIM00024078;standard
SIM00024079;microSIM
SIM00024080;nanoSIM
SIM00024081;microSIM
SIM00024082;standard
SIM00024083;microSIM
SIM00024084;eSIM
SIM00024085;eSIM
SIM00024086;standard
SIM00024087;nanoSIM
SIM00024088;standard
SIM00024089;microSIM
SIM00024090;standard
SIM00024091;eSIM
SIM00024092;nanoSIM
SIM00024093;nanoSIM
SIM00024094;eSIM
SIM00024095;nanoSIM
SIM00024096;nanoSIM
SIM00024097;microSIM
SIM00024098;standard
SIM00024099;nanoSIM
SIM00024100;microSIM
SIM00024101;standard
SIM00024102;eSIM
SIM00024103;standard
SIM00024104;eSIM
SIM00024105;standard
SIM00024106;standard
SIM00024107;nanoSIM
SIM00024108;nanoSIM
SIM00024109;eSIM
SIM00024110;microSIM
SIM00024111;standard
SIM00024112;microSIM
SIM00024113;microSIM
SIM00024114;standard
SIM00024115;eSIM
SIM00024116;eSIM
SIM00024117;microSIM
SIM00024118;eSIM
SIM00024119;eSIM
SIM00024120;standard
SIM00024121;standard
SIM00024122;nanoSIM
SIM00024123;nanoSIM
SIM00024124;eSIM
SIM00024125;microSIM
SIM00024126;standard
SIM00024127;nanoSIM
SIM00024128;standard
SIM00024129;eSIM
SIM00024130;standard
SIM00024131;microSIM
SIM00024132;eSIM
SIM00024133;microSIM
SIM00024134;standard
SIM00024135;eSIM
SIM00024136;standard
SIM00024137;nanoSIM
SIM00024138;standard
SIM00024139;standard
SIM00024140;eSIM
SIM00024141;nanoSIM
SIM00024142;eSIM
SIM00024143;eSIM
SIM00024144;eSIM
SIM00024145;eSIM
SIM00024146;nanoSIM
SIM00024147;microSIM
SIM00024148;microSIM
SIM00024149;microSIM
SIM00024150;nanoSIM
SIM00024151;microSIM
SIM00024152;eSIM
SIM00024153;nanoSIM
SIM00024154;eSIM
SIM00024155;microSIM
SIM00024156;standard
SIM00024157;eSIM
SIM00024158;microSIM
SIM00024159;eSIM
SIM00024160;nanoSIM
SIM00024161;eSIM
SIM00024162;standard
SIM00024163;eSIM
SIM00024164;eSIM
SIM00024165;eSIM
SIM00024166;microSIM
SIM00024167;standard
SIM00024168;microSIM
SIM00024169;standard
SIM00024170;microSIM
SIM00024171;nanoSIM
SIM00024172;eSIM
SIM00024173;nanoSIM
SIM00024174;standard
SIM00024175;microSIM
SIM00024176;eSIM
SIM00024177;microSIM
SIM00024178;eSIM
SIM00024179;nanoSIM
SIM00024180;eSIM
SIM00024181;nanoSIM
SIM00024182;eSIM
SIM00024183;nanoSIM
SIM00024184;nanoSIM
SIM00024185;standard
SIM00024186;nanoSIM
SIM00024187;standard
SIM00024188;standard
SIM00024189;nanoSIM
SIM00024190;standard
SIM00024191;standard
SIM00024192;microSIM
SIM00024193;eSIM
SIM00024194;nanoSIM
SIM00024195;microSIM
SIM00024196;microSIM
SIM00024197;microSIM
SIM00024198;nanoSIM
SIM00024199;nanoSIM
SIM00024200;microSIM
SIM00024201;standard
SIM00024202;microSIM
SIM00024203;microSIM
SIM00024204;eSIM
SIM00024205;microSIM
SIM00024206;microSIM
SIM00024207;eSIM
SIM00024208;standard
SIM00024209;nanoSIM
SIM00024210;microSIM
SIM00024211;standard
SIM00024212;standard
SIM00024213;microSIM
SIM00024214;nanoSIM
SIM00024215;microSIM
SIM00024216;eSIM
SIM00024217;standard
SIM00024218;nanoSIM
SIM00024219;eSIM
SIM00024220;standard
SIM00024221;standard
SIM00024222;microSIM
SIM00024223;nanoSIM
SIM00024224;standard
SIM00024225;eSIM
SIM00024226;microSIM
SIM00024227;standard
SIM00024228;microSIM
SIM00024229;standard
SIM00024230;standard
SIM00024231;nanoSIM
SIM00024232;microSIM
SIM00024233;standard
SIM00024234;nanoSIM
SIM00024235;eSIM
SIM00024236;microSIM
SIM00024237;standard
SIM00024238;microSIM
SIM00024239;microSIM
SIM00024240;microSIM
SIM00024241;microSIM
SIM00024242;standard
SIM00024243;nanoSIM
SIM00024244;eSIM
SIM00024245;standard
SIM00024246;nanoSIM
SIM00024247;standard
SIM00024248;microSIM
SIM00024249;nanoSIM
SIM00024250;nanoSIM
SIM00024251;microSIM
SIM00024252;nanoSIM
SIM00024253;eSIM
SIM00024254;standard
SIM00024255;eSIM
SIM00024256;eSIM
SIM00024257;nanoSIM
SIM00024258;eSIM
SIM00024259;standard
SIM00024260;standard
SIM00024261;eSIM
SIM00024262;microSIM
SIM00024263;standard
SIM00024264;eSIM
SIM00024265;microSIM
SIM00024266;microSIM
SIM00024267;nanoSIM
SIM00024268;microSIM
SIM00024269;nanoSIM
SIM00024270;microSIM
SIM00024271;nanoSIM
SIM00024272;eSIM
SIM00024273;standard
SIM00024274;microSIM
SIM00024275;microSIM
SIM00024276;nanoSIM
SIM00024277;microSIM
SIM00024278;standard
SIM00024279;nanoSIM
SIM00024280;standard
SIM00024281;microSIM
SIM00024282;microSIM
SIM00024283;standard
SIM00024284;eSIM
SIM00024285;standard
SIM00024286;microSIM
SIM00024287;nanoSIM
SIM00024288;nanoSIM
SIM00024289;nanoSIM
SIM00024290;microSIM
SIM00024291;nanoSIM
SIM00024292;eSIM
SIM00024293;nanoSIM
SIM00024294;standard
SIM00024295;nanoSIM
SIM00024296;nanoSIM
SIM00024297;microSIM
SIM00024298;microSIM
SIM00024299;standard
SIM00024300;microSIM
SIM00024301;eSIM
SIM00024302;standard
SIM00024303;nanoSIM
SIM00024304;nanoSIM
SIM00024305;eSIM
SIM00024306;standard
SIM00024307;standard
SIM00024308;nanoSIM
SIM00024309;standard
SIM00024310;eSIM
SIM00024311;microSIM
SIM00024312;standard
SIM00024313;microSIM
SIM00024314;nanoSIM
SIM00024315;microSIM
SIM00024316;standard
SIM00024317;standard
SIM00024318;nanoSIM
SIM00024319;microSIM
SIM00024320;microSIM
SIM00024321;standard
SIM00024322;microSIM
SIM00024323;standard
SIM00024324;standard
SIM00024325;standard
SIM00024326;microSIM
SIM00024327;nanoSIM
SIM00024328;nanoSIM
SIM00024329;microSIM
SIM00024330;standard
SIM00024331;eSIM
SIM00024332;nanoSIM
SIM00024333;microSIM
SIM00024334;microSIM
SIM00024335;nanoSIM
SIM00024336;standard
SIM00024337;eSIM
SIM00024338;standard
SIM00024339;standard
SIM00024340;microSIM
SIM00024341;eSIM
SIM00024342;nanoSIM
SIM00024343;microSIM
SIM00024344;microSIM
SIM00024345;nanoSIM
SIM00024346;eSIM
SIM00024347;standard
SIM00024348;microSIM
SIM00024349;nanoSIM
SIM00024350;nanoSIM
SIM00024351;microSIM
SIM00024352;eSIM
SIM00024353;nanoSIM
SIM00024354;standard
SIM00024355;eSIM
SIM00024356;microSIM
SIM00024357;eSIM
SIM00024358;nanoSIM
SIM00024359;microSIM
SIM00024360;microSIM
SIM00024361;eSIM
SIM00024362;standard
SIM00024363;standard
SIM00024364;microSIM
SIM00024365;nanoSIM
SIM00024366;standard
SIM00024367;nanoSIM
SIM00024368;nanoSIM
SIM00024369;nanoSIM
SIM00024370;eSIM
SIM00024371;standard
SIM00024372;microSIM
SIM00024373;eSIM
SIM00024374;microSIM
SIM00024375;standard
SIM00024376;microSIM
SIM00024377;microSIM
SIM00024378;nanoSIM
SIM00024379;eSIM
SIM00024380;nanoSIM
SIM00024381;nanoSIM
SIM00024382;nanoSIM
SIM00024383;eSIM
SIM00024384;nanoSIM
SIM00024385;standard
SIM00024386;eSIM
SIM00024387;standard
SIM00024388;microSIM
SIM00024389;microSIM
SIM00024390;nanoSIM
SIM00024391;standard
SIM00024392;standard
SIM00024393;standard
SIM00024394;microSIM
SIM00024395;standard
SIM00024396;eSIM
SIM00024397;microSIM
SIM00024398;eSIM
SIM00024399;nanoSIM
SIM00024400;eSIM
SIM00024401;microSIM
SIM00024402;microSIM
SIM00024403;eSIM
SIM00024404;microSIM
SIM00024405;nanoSIM
SIM00024406;microSIM
SIM00024407;nanoSIM
SIM00024408;nanoSIM
SIM00024409;standard
SIM00024410;standard
SIM00024411;eSIM
SIM00024412;nanoSIM
SIM00024413;eSIM
SIM00024414;nanoSIM
SIM00024415;standard
SIM00024416;eSIM
SIM00024417;standard
SIM00024418;standard
SIM00024419;microSIM
SIM00024420;microSIM
SIM00024421;eSIM
SIM00024422;microSIM
SIM00024423;standard
SIM00024424;standard
SIM00024425;standard
SIM00024426;eSIM
SIM00024427;standard
SIM00024428;eSIM
SIM00024429;standard
SIM00024430;eSIM
SIM00024431;nanoSIM
SIM00024432;microSIM
SIM00024433;microSIM
SIM00024434;eSIM
SIM00024435;nanoSIM
SIM00024436;eSIM
SIM00024437;standard
SIM00024438;nanoSIM
SIM00024439;nanoSIM
SIM00024440;eSIM
SIM00024441;microSIM
SIM00024442;standard
SIM00024443;standard
SIM00024444;eSIM
SIM00024445;nanoSIM
SIM00024446;standard
SIM00024447;nanoSIM
SIM00024448;microSIM
SIM00024449;nanoSIM
SIM00024450;standard
SIM00024451;eSIM
SIM00024452;eSIM
SIM00024453;standard
SIM00024454;microSIM
SIM00024455;standard
SIM00024456;microSIM
SIM00024457;microSIM
SIM00024458;microSIM
SIM00024459;nanoSIM
SIM00024460;eSIM
SIM00024461;eSIM
SIM00024462;standard
SIM00024463;standard
SIM00024464;microSIM
SIM00024465;eSIM
SIM00024466;microSIM
SIM00024467;microSIM
SIM00024468;standard
SIM00024469;nanoSIM
SIM00024470;microSIM
SIM00024471;microSIM
SIM00024472;standard
SIM00024473;microSIM
SIM00024474;nanoSIM
SIM00024475;standard
SIM00024476;nanoSIM
SIM00024477;microSIM
SIM00024478;standard
SIM00024479;standard
SIM00024480;nanoSIM
SIM00024481;standard
SIM00024482;nanoSIM
SIM00024483;standard
SIM00024484;nanoSIM
SIM00024485;nanoSIM
SIM00024486;standard
SIM00024487;nanoSIM
SIM00024488;standard
SIM00024489;standard
SIM00024490;microSIM
SIM00024491;eSIM
SIM00024492;nanoSIM
SIM00024493;nanoSIM
SIM00024494;eSIM
SIM00024495;eSIM
SIM00024496;standard
SIM00024497;standard
SIM00024498;microSIM
SIM00024499;eSIM
SIM00024500;microSIM
SIM00024501;standard
SIM00024502;eSIM
SIM00024503;microSIM
SIM00024504;nanoSIM
SIM00024505;standard
SIM00024506;eSIM
SIM00024507;microSIM
SIM00024508;standard
SIM00024509;nanoSIM
SIM00024510;standard
SIM00024511;nanoSIM
SIM00024512;microSIM
SIM00024513;standard
SIM00024514;eSIM
SIM00024515;standard
SIM00024516;eSIM
SIM00024517;standard
SIM00024518;standard
SIM00024519;nanoSIM
SIM00024520;eSIM
SIM00024521;microSIM
SIM00024522;standard
SIM00024523;eSIM
SIM00024524;microSIM
SIM00024525;standard
SIM00024526;nanoSIM
SIM00024527;standard
SIM00024528;eSIM
SIM00024529;nanoSIM
SIM00024530;standard
SIM00024531;nanoSIM
SIM00024532;nanoSIM
SIM00024533;microSIM
SIM00024534;eSIM
SIM00024535;nanoSIM
SIM00024536;microSIM
SIM00024537;nanoSIM
SIM00024538;standard
SIM00024539;nanoSIM
SIM00024540;microSIM
SIM00024541;eSIM
SIM00024542;microSIM
SIM00024543;microSIM
SIM00024544;eSIM
SIM00024545;eSIM
SIM00024546;nanoSIM
SIM00024547;nanoSIM
SIM00024548;nanoSIM
SIM00024549;microSIM
SIM00024550;microSIM
SIM00024551;nanoSIM
SIM00024552;nanoSIM
SIM00024553;microSIM
SIM00024554;microSIM
SIM00024555;nanoSIM
SIM00024556;standard
SIM00024557;nanoSIM
SIM00024558;microSIM
SIM00024559;microSIM
SIM00024560;microSIM
SIM00024561;standard
SIM00024562;nanoSIM
SIM00024563;standard
SIM00024564;microSIM
SIM00024565;standard
SIM00024566;microSIM
SIM00024567;microSIM
SIM00024568;microSIM
SIM00024569;microSIM
SIM00024570;microSIM
SIM00024571;nanoSIM
SIM00024572;nanoSIM
SIM00024573;microSIM
SIM00024574;microSIM
SIM00024575;microSIM
SIM00024576;eSIM
SIM00024577;microSIM
SIM00024578;nanoSIM
SIM00024579;microSIM
SIM00024580;eSIM
SIM00024581;nanoSIM
SIM00024582;nanoSIM
SIM00024583;standard
SIM00024584;microSIM
SIM00024585;microSIM
SIM00024586;eSIM
SIM00024587;nanoSIM
SIM00024588;standard
SIM00024589;eSIM
SIM00024590;standard
SIM00024591;nanoSIM
SIM00024592;nanoSIM
SIM00024593;standard
SIM00024594;eSIM
SIM00024595;microSIM
SIM00024596;eSIM
SIM00024597;standard
SIM00024598;standard
SIM00024599;nanoSIM
SIM00024600;microSIM
SIM00024601;nanoSIM
SIM00024602;microSIM
SIM00024603;standard
SIM00024604;standard
SIM00024605;nanoSIM
SIM00024606;eSIM
SIM00024607;eSIM
SIM00024608;nanoSIM
SIM00024609;microSIM
SIM00024610;nanoSIM
SIM00024611;microSIM
SIM00024612;standard
SIM00024613;microSIM
SIM00024614;standard
SIM00024615;microSIM
SIM00024616;standard
SIM00024617;microSIM
SIM00024618;eSIM
SIM00024619;microSIM
SIM00024620;microSIM
SIM00024621;standard
SIM00024622;eSIM
SIM00024623;eSIM
SIM00024624;microSIM
SIM00024625;standard
SIM00024626;eSIM
SIM00024627;nanoSIM
SIM00024628;nanoSIM
SIM00024629;microSIM
SIM00024630;standard
SIM00024631;eSIM
SIM00024632;nanoSIM
SIM00024633;eSIM
SIM00024634;standard
SIM00024635;eSIM
SIM00024636;microSIM
SIM00024637;microSIM
SIM00024638;nanoSIM
SIM00024639;standard
SIM00024640;eSIM
SIM00024641;microSIM
SIM00024642;nanoSIM
SIM00024643;microSIM
SIM00024644;eSIM
SIM00024645;microSIM
SIM00024646;microSIM
SIM00024647;standard
SIM00024648;nanoSIM
SIM00024649;standard
SIM00024650;eSIM
SIM00024651;eSIM
SIM00024652;eSIM
SIM00024653;standard
SIM00024654;microSIM
SIM00024655;eSIM
SIM00024656;eSIM
SIM00024657;eSIM
SIM00024658;nanoSIM
SIM00024659;microSIM
SIM00024660;microSIM
SIM00024661;microSIM
SIM00024662;standard
SIM00024663;standard
SIM00024664;nanoSIM
SIM00024665;standard
SIM00024666;microSIM
SIM00024667;eSIM
SIM00024668;microSIM
SIM00024669;microSIM
SIM00024670;nanoSIM
SIM00024671;nanoSIM
SIM00024672;standard
SIM00024673;microSIM
SIM00024674;microSIM
SIM00024675;eSIM
SIM00024676;eSIM
SIM00024677;eSIM
SIM00024678;microSIM
SIM00024679;nanoSIM
SIM00024680;eSIM
SIM00024681;eSIM
SIM00024682;microSIM
SIM00024683;eSIM
SIM00024684;microSIM
SIM00024685;nanoSIM
SIM00024686;eSIM
SIM00024687;microSIM
SIM00024688;standard
SIM00024689;standard
SIM00024690;microSIM
SIM00024691;nanoSIM
SIM00024692;standard
SIM00024693;standard
SIM00024694;nanoSIM
SIM00024695;microSIM
SIM00024696;nanoSIM
SIM00024697;standard
SIM00024698;standard
SIM00024699;microSIM
SIM00024700;eSIM
SIM00024701;eSIM
SIM00024702;nanoSIM
SIM00024703;nanoSIM
SIM00024704;microSIM
SIM00024705;microSIM
SIM00024706;nanoSIM
SIM00024707;microSIM
SIM00024708;standard
SIM00024709;standard
SIM00024710;standard
SIM00024711;eSIM
SIM00024712;nanoSIM
SIM00024713;microSIM
SIM00024714;standard
SIM00024715;nanoSIM
SIM00024716;eSIM
SIM00024717;standard
SIM00024718;nanoSIM
SIM00024719;microSIM
SIM00024720;standard
SIM00024721;microSIM
SIM00024722;nanoSIM
SIM00024723;microSIM
SIM00024724;microSIM
SIM00024725;nanoSIM
SIM00024726;nanoSIM
SIM00024727;nanoSIM
SIM00024728;nanoSIM
SIM00024729;microSIM
SIM00024730;nanoSIM
SIM00024731;nanoSIM
SIM00024732;nanoSIM
SIM00024733;nanoSIM
SIM00024734;nanoSIM
SIM00024735;nanoSIM
SIM00024736;microSIM
SIM00024737;microSIM
SIM00024738;nanoSIM
SIM00024739;nanoSIM
SIM00024740;microSIM
SIM00024741;standard
SIM00024742;nanoSIM
SIM00024743;eSIM
SIM00024744;nanoSIM
SIM00024745;eSIM
SIM00024746;nanoSIM
SIM00024747;standard
SIM00024748;microSIM
SIM00024749;standard
SIM00024750;eSIM
SIM00024751;eSIM
SIM00024752;nanoSIM
SIM00024753;nanoSIM
SIM00024754;standard
SIM00024755;microSIM
SIM00024756;eSIM
SIM00024757;microSIM
SIM00024758;eSIM
SIM00024759;eSIM
SIM00024760;eSIM
SIM00024761;microSIM
SIM00024762;standard
SIM00024763;nanoSIM
SIM00024764;standard
SIM00024765;nanoSIM
SIM00024766;eSIM
SIM00024767;eSIM
SIM00024768;microSIM
SIM00024769;microSIM
SIM00024770;nanoSIM
SIM00024771;eSIM
SIM00024772;microSIM
SIM00024773;microSIM
SIM00024774;microSIM
SIM00024775;standard
SIM00024776;nanoSIM
SIM00024777;eSIM
SIM00024778;standard
SIM00024779;eSIM
SIM00024780;eSIM
SIM00024781;eSIM
SIM00024782;standard
SIM00024783;microSIM
SIM00024784;microSIM
SIM00024785;eSIM
SIM00024786;microSIM
SIM00024787;eSIM
SIM00024788;standard
SIM00024789;standard
SIM00024790;nanoSIM
SIM00024791;eSIM
SIM00024792;standard
SIM00024793;microSIM
SIM00024794;eSIM
SIM00024795;eSIM
SIM00024796;microSIM
SIM00024797;microSIM
SIM00024798;nanoSIM
SIM00024799;nanoSIM
SIM00024800;nanoSIM
SIM00024801;nanoSIM
SIM00024802;eSIM
SIM00024803;microSIM
SIM00024804;nanoSIM
SIM00024805;nanoSIM
SIM00024806;nanoSIM
SIM00024807;standard
SIM00024808;nanoSIM
SIM00024809;standard
SIM00024810;nanoSIM
SIM00024811;standard
SIM00024812;standard
SIM00024813;nanoSIM
SIM00024814;eSIM
SIM00024815;microSIM
SIM00024816;nanoSIM
SIM00024817;microSIM
SIM00024818;eSIM
SIM00024819;nanoSIM
SIM00024820;microSIM
SIM00024821;eSIM
SIM00024822;nanoSIM
SIM00024823;nanoSIM
SIM00024824;eSIM
SIM00024825;eSIM
SIM00024826;microSIM
SIM00024827;microSIM
SIM00024828;microSIM
SIM00024829;eSIM
SIM00024830;standard
SIM00024831;eSIM
SIM00024832;nanoSIM
SIM00024833;eSIM
SIM00024834;nanoSIM
SIM00024835;nanoSIM
SIM00024836;microSIM
SIM00024837;eSIM
SIM00024838;microSIM
SIM00024839;nanoSIM
SIM00024840;eSIM
SIM00024841;nanoSIM
SIM00024842;eSIM
SIM00024843;standard
SIM00024844;microSIM
SIM00024845;nanoSIM
SIM00024846;eSIM
SIM00024847;microSIM
SIM00024848;standard
SIM00024849;nanoSIM
SIM00024850;eSIM
SIM00024851;eSIM
SIM00024852;standard
SIM00024853;microSIM
SIM00024854;standard
SIM00024855;standard
SIM00024856;eSIM
SIM00024857;nanoSIM
SIM00024858;nanoSIM
SIM00024859;standard
SIM00024860;microSIM
SIM00024861;microSIM
SIM00024862;standard
SIM00024863;nanoSIM
SIM00024864;microSIM
SIM00024865;standard
SIM00024866;microSIM
SIM00024867;eSIM
SIM00024868;microSIM
SIM00024869;eSIM
SIM00024870;nanoSIM
SIM00024871;nanoSIM
SIM00024872;standard
SIM00024873;microSIM
SIM00024874;eSIM
SIM00024875;microSIM
SIM00024876;microSIM
SIM00024877;eSIM
SIM00024878;eSIM
SIM00024879;eSIM
SIM00024880;nanoSIM
SIM00024881;eSIM
SIM00024882;eSIM
SIM00024883;eSIM
SIM00024884;standard
SIM00024885;microSIM
SIM00024886;microSIM
SIM00024887;nanoSIM
SIM00024888;microSIM
SIM00024889;standard
SIM00024890;nanoSIM
SIM00024891;nanoSIM
SIM00024892;standard
SIM00024893;microSIM
SIM00024894;standard
SIM00024895;standard
SIM00024896;nanoSIM
SIM00024897;nanoSIM
SIM00024898;eSIM
SIM00024899;eSIM
SIM00024900;standard
SIM00024901;standard
SIM00024902;nanoSIM
SIM00024903;standard
SIM00024904;standard
SIM00024905;standard
SIM00024906;microSIM
SIM00024907;standard
SIM00024908;standard
SIM00024909;eSIM
SIM00024910;microSIM
SIM00024911;microSIM
SIM00024912;microSIM
SIM00024913;eSIM
SIM00024914;microSIM
SIM00024915;eSIM
SIM00024916;nanoSIM
SIM00024917;eSIM
SIM00024918;standard
SIM00024919;microSIM
SIM00024920;eSIM
SIM00024921;microSIM
SIM00024922;eSIM
SIM00024923;eSIM
SIM00024924;nanoSIM
SIM00024925;microSIM
SIM00024926;nanoSIM
SIM00024927;eSIM
SIM00024928;microSIM
SIM00024929;eSIM
SIM00024930;microSIM
SIM00024931;nanoSIM
SIM00024932;microSIM
SIM00024933;nanoSIM
SIM00024934;microSIM
SIM00024935;eSIM
SIM00024936;microSIM
SIM00024937;nanoSIM
SIM00024938;eSIM
SIM00024939;eSIM
SIM00024940;standard
SIM00024941;eSIM
SIM00024942;nanoSIM
SIM00024943;standard
SIM00024944;eSIM
SIM00024945;microSIM
SIM00024946;nanoSIM
SIM00024947;microSIM
SIM00024948;standard
SIM00024949;microSIM
SIM00024950;nanoSIM
SIM00024951;standard
SIM00024952;microSIM
SIM00024953;nanoSIM
SIM00024954;eSIM
SIM00024955;eSIM
SIM00024956;standard
SIM00024957;microSIM
SIM00024958;standard
SIM00024959;eSIM
SIM00024960;eSIM
SIM00024961;microSIM
SIM00024962;eSIM
SIM00024963;standard
SIM00024964;standard
SIM00024965;nanoSIM
SIM00024966;nanoSIM
SIM00024967;eSIM
SIM00024968;standard
SIM00024969;nanoSIM
SIM00024970;nanoSIM
SIM00024971;standard
SIM00024972;nanoSIM
SIM00024973;nanoSIM
SIM00024974;nanoSIM
SIM00024975;standard
SIM00024976;eSIM
SIM00024977;eSIM
SIM00024978;microSIM
SIM00024979;eSIM
SIM00024980;eSIM
SIM00024981;standard
SIM00024982;nanoSIM
SIM00024983;eSIM
SIM00024984;nanoSIM
SIM00024985;eSIM
SIM00024986;eSIM
SIM00024987;nanoSIM
SIM00024988;nanoSIM
SIM00024989;nanoSIM
SIM00024990;nanoSIM
SIM00024991;microSIM
SIM00024992;nanoSIM
SIM00024993;standard
SIM00024994;nanoSIM
SIM00024995;eSIM
SIM00024996;eSIM
SIM00024997;standard
SIM00024998;nanoSIM
SIM00024999;nanoSIM
SIM00025000;eSIM
